============================================================
  Generated by:           Genus(TM) Synthesis Solution 21.17-s066_1
  Generated on:           Jul 30 2025  03:10:20 pm
  Module:                 Top_PipelinedMultiCipher
  Operating conditions:   PVT_0P7V_25C 
  Interconnect mode:      global
  Area mode:              physical library
============================================================


Path 1: VIOLATED (-67042 ps) Setup Check with Pin PIPELINES[2].ROUNDS[6].U_ROUND_U_SUB_ROM[0].ROM_dout_reg_reg[0]/CLK->D
          Group: clk
     Startpoint: (R) PIPELINES[2].ROUNDS[6].U_ROUND_U_SUB_ROM[0].ROM_sram/clk
          Clock: (R) clk
       Endpoint: (F) PIPELINES[2].ROUNDS[6].U_ROUND_U_SUB_ROM[0].ROM_dout_reg_reg[0]/D
          Clock: (R) clk

                     Capture       Launch     
        Clock Edge:+     900            0     
       Src Latency:+       0            0     
       Net Latency:+       0 (I)        0 (I) 
           Arrival:=     900            0     
                                              
             Setup:-       4                  
     Required Time:=     896                  
      Launch Clock:-       0                  
         Data Path:-   67938                  
             Slack:=  -67042                  

#------------------------------------------------------------------------------------------------------------------------------------------------------------------
#                           Timing Point                            Flags        Arc        Edge          Cell            Fanout Load Trans Delay Arrival Instance 
#                                                                                                                                (fF)  (ps)  (ps)   (ps)  Location 
#------------------------------------------------------------------------------------------------------------------------------------------------------------------
  PIPELINES[2].ROUNDS[6].U_ROUND_U_SUB_ROM[0].ROM_sram/clk          -       -               R     (arrival)                60672    -     0     0       0    (-,-) 
  PIPELINES[2].ROUNDS[6].U_ROUND_U_SUB_ROM[0].ROM_sram/dataout[8]   -       clk->dataout[8] R     srambank_64x4x16_6t122       1  2.8  6539 67716   67716    (-,-) 
  drc_bufs18706/Y                                                   -       A->Y            R     BUFx12f_ASAP7_75t_L          1  2.4   161   170   67886    (-,-) 
  g20687/Y                                                          -       A->Y            F     NAND2x2_ASAP7_75t_L          1  0.9    26     3   67889    (-,-) 
  drc31975/Y                                                        -       A->Y            F     BUFx2_ASAP7_75t_L            1  0.9     8    20   67908    (-,-) 
  drc_bufs583673/Y                                                  -       A->Y            F     BUFx2_ASAP7_75t_L            1  1.4     8    16   67924    (-,-) 
  g21048/Y                                                          -       B->Y            F     AND2x4_ASAP7_75t_L           1  1.0     6    14   67938    (-,-) 
  PIPELINES[2].ROUNDS[6].U_ROUND_U_SUB_ROM[0].ROM_dout_reg_reg[0]/D -       -               F     DFFASRHQNx1_ASAP7_75t_L      1    -     -     0   67938    (-,-) 
#------------------------------------------------------------------------------------------------------------------------------------------------------------------



Path 2: VIOLATED (-67042 ps) Setup Check with Pin PIPELINES[2].ROUNDS[6].U_ROUND_U_SUB_ROM[0].ROM_dout_reg_reg[6]/CLK->D
          Group: clk
     Startpoint: (R) PIPELINES[2].ROUNDS[6].U_ROUND_U_SUB_ROM[0].ROM_sram/clk
          Clock: (R) clk
       Endpoint: (F) PIPELINES[2].ROUNDS[6].U_ROUND_U_SUB_ROM[0].ROM_dout_reg_reg[6]/D
          Clock: (R) clk

                     Capture       Launch     
        Clock Edge:+     900            0     
       Src Latency:+       0            0     
       Net Latency:+       0 (I)        0 (I) 
           Arrival:=     900            0     
                                              
             Setup:-       4                  
     Required Time:=     896                  
      Launch Clock:-       0                  
         Data Path:-   67938                  
             Slack:=  -67042                  

#-------------------------------------------------------------------------------------------------------------------------------------------------------------------
#                           Timing Point                            Flags         Arc        Edge          Cell            Fanout Load Trans Delay Arrival Instance 
#                                                                                                                                 (fF)  (ps)  (ps)   (ps)  Location 
#-------------------------------------------------------------------------------------------------------------------------------------------------------------------
  PIPELINES[2].ROUNDS[6].U_ROUND_U_SUB_ROM[0].ROM_sram/clk          -       -                R     (arrival)                60672    -     0     0       0    (-,-) 
  PIPELINES[2].ROUNDS[6].U_ROUND_U_SUB_ROM[0].ROM_sram/dataout[14]  -       clk->dataout[14] R     srambank_64x4x16_6t122       1  2.8  6539 67716   67716    (-,-) 
  drc_bufs18718/Y                                                   -       A->Y             R     BUFx12f_ASAP7_75t_L          1  2.4   161   170   67886    (-,-) 
  g20627/Y                                                          -       A->Y             F     NAND2x2_ASAP7_75t_L          1  0.9    26     3   67889    (-,-) 
  drc31966/Y                                                        -       A->Y             F     BUFx2_ASAP7_75t_L            1  0.9     8    20   67908    (-,-) 
  drc_bufs583671/Y                                                  -       A->Y             F     BUFx2_ASAP7_75t_L            1  1.4     8    16   67924    (-,-) 
  g20961/Y                                                          -       B->Y             F     AND2x4_ASAP7_75t_L           1  1.0     6    14   67938    (-,-) 
  PIPELINES[2].ROUNDS[6].U_ROUND_U_SUB_ROM[0].ROM_dout_reg_reg[6]/D -       -                F     DFFASRHQNx1_ASAP7_75t_L      1    -     -     0   67938    (-,-) 
#-------------------------------------------------------------------------------------------------------------------------------------------------------------------



Path 3: VIOLATED (-67042 ps) Setup Check with Pin PIPELINES[3].ROUNDS[6].U_ROUND_U_SUB_ROM[5].ROM_dout_reg_reg[0]/CLK->D
          Group: clk
     Startpoint: (R) PIPELINES[3].ROUNDS[6].U_ROUND_U_SUB_ROM[5].ROM_sram/clk
          Clock: (R) clk
       Endpoint: (F) PIPELINES[3].ROUNDS[6].U_ROUND_U_SUB_ROM[5].ROM_dout_reg_reg[0]/D
          Clock: (R) clk

                     Capture       Launch     
        Clock Edge:+     900            0     
       Src Latency:+       0            0     
       Net Latency:+       0 (I)        0 (I) 
           Arrival:=     900            0     
                                              
             Setup:-       4                  
     Required Time:=     896                  
      Launch Clock:-       0                  
         Data Path:-   67938                  
             Slack:=  -67042                  

#------------------------------------------------------------------------------------------------------------------------------------------------------------------
#                           Timing Point                            Flags        Arc        Edge          Cell            Fanout Load Trans Delay Arrival Instance 
#                                                                                                                                (fF)  (ps)  (ps)   (ps)  Location 
#------------------------------------------------------------------------------------------------------------------------------------------------------------------
  PIPELINES[3].ROUNDS[6].U_ROUND_U_SUB_ROM[5].ROM_sram/clk          -       -               R     (arrival)                60672    -     0     0       0    (-,-) 
  PIPELINES[3].ROUNDS[6].U_ROUND_U_SUB_ROM[5].ROM_sram/dataout[8]   -       clk->dataout[8] R     srambank_64x4x16_6t122       1  2.8  6539 67716   67716    (-,-) 
  drc_bufs17596/Y                                                   -       A->Y            R     BUFx12f_ASAP7_75t_L          1  2.4   161   170   67886    (-,-) 
  g20600/Y                                                          -       A->Y            F     NAND2x2_ASAP7_75t_L          1  0.9    26     3   67889    (-,-) 
  drc31994/Y                                                        -       A->Y            F     BUFx2_ASAP7_75t_L            1  0.9     8    20   67908    (-,-) 
  drc_bufs583670/Y                                                  -       A->Y            F     BUFx2_ASAP7_75t_L            1  1.4     8    16   67924    (-,-) 
  g21006/Y                                                          -       B->Y            F     AND2x4_ASAP7_75t_L           1  1.0     6    14   67938    (-,-) 
  PIPELINES[3].ROUNDS[6].U_ROUND_U_SUB_ROM[5].ROM_dout_reg_reg[0]/D -       -               F     DFFASRHQNx1_ASAP7_75t_L      1    -     -     0   67938    (-,-) 
#------------------------------------------------------------------------------------------------------------------------------------------------------------------



Path 4: VIOLATED (-67042 ps) Setup Check with Pin PIPELINES[3].ROUNDS[6].U_ROUND_U_SUB_ROM[5].ROM_dout_reg_reg[3]/CLK->D
          Group: clk
     Startpoint: (R) PIPELINES[3].ROUNDS[6].U_ROUND_U_SUB_ROM[5].ROM_sram/clk
          Clock: (R) clk
       Endpoint: (F) PIPELINES[3].ROUNDS[6].U_ROUND_U_SUB_ROM[5].ROM_dout_reg_reg[3]/D
          Clock: (R) clk

                     Capture       Launch     
        Clock Edge:+     900            0     
       Src Latency:+       0            0     
       Net Latency:+       0 (I)        0 (I) 
           Arrival:=     900            0     
                                              
             Setup:-       4                  
     Required Time:=     896                  
      Launch Clock:-       0                  
         Data Path:-   67938                  
             Slack:=  -67042                  

#-------------------------------------------------------------------------------------------------------------------------------------------------------------------
#                           Timing Point                            Flags         Arc        Edge          Cell            Fanout Load Trans Delay Arrival Instance 
#                                                                                                                                 (fF)  (ps)  (ps)   (ps)  Location 
#-------------------------------------------------------------------------------------------------------------------------------------------------------------------
  PIPELINES[3].ROUNDS[6].U_ROUND_U_SUB_ROM[5].ROM_sram/clk          -       -                R     (arrival)                60672    -     0     0       0    (-,-) 
  PIPELINES[3].ROUNDS[6].U_ROUND_U_SUB_ROM[5].ROM_sram/dataout[11]  -       clk->dataout[11] R     srambank_64x4x16_6t122       1  2.8  6539 67716   67716    (-,-) 
  drc_bufs17602/Y                                                   -       A->Y             R     BUFx12f_ASAP7_75t_L          1  2.4   161   170   67886    (-,-) 
  g20531/Y                                                          -       A->Y             F     NAND2x2_ASAP7_75t_L          1  0.9    26     3   67889    (-,-) 
  drc31953/Y                                                        -       A->Y             F     BUFx2_ASAP7_75t_L            1  0.9     8    20   67908    (-,-) 
  drc_bufs583668/Y                                                  -       A->Y             F     BUFx2_ASAP7_75t_L            1  1.4     8    16   67924    (-,-) 
  g21186/Y                                                          -       B->Y             F     AND2x4_ASAP7_75t_L           1  1.0     6    14   67938    (-,-) 
  PIPELINES[3].ROUNDS[6].U_ROUND_U_SUB_ROM[5].ROM_dout_reg_reg[3]/D -       -                F     DFFASRHQNx1_ASAP7_75t_L      1    -     -     0   67938    (-,-) 
#-------------------------------------------------------------------------------------------------------------------------------------------------------------------



Path 5: VIOLATED (-67042 ps) Setup Check with Pin PIPELINES[3].ROUNDS[6].U_ROUND_U_SUB_ROM[5].ROM_dout_reg_reg[6]/CLK->D
          Group: clk
     Startpoint: (R) PIPELINES[3].ROUNDS[6].U_ROUND_U_SUB_ROM[5].ROM_sram/clk
          Clock: (R) clk
       Endpoint: (F) PIPELINES[3].ROUNDS[6].U_ROUND_U_SUB_ROM[5].ROM_dout_reg_reg[6]/D
          Clock: (R) clk

                     Capture       Launch     
        Clock Edge:+     900            0     
       Src Latency:+       0            0     
       Net Latency:+       0 (I)        0 (I) 
           Arrival:=     900            0     
                                              
             Setup:-       4                  
     Required Time:=     896                  
      Launch Clock:-       0                  
         Data Path:-   67938                  
             Slack:=  -67042                  

#-------------------------------------------------------------------------------------------------------------------------------------------------------------------
#                           Timing Point                            Flags         Arc        Edge          Cell            Fanout Load Trans Delay Arrival Instance 
#                                                                                                                                 (fF)  (ps)  (ps)   (ps)  Location 
#-------------------------------------------------------------------------------------------------------------------------------------------------------------------
  PIPELINES[3].ROUNDS[6].U_ROUND_U_SUB_ROM[5].ROM_sram/clk          -       -                R     (arrival)                60672    -     0     0       0    (-,-) 
  PIPELINES[3].ROUNDS[6].U_ROUND_U_SUB_ROM[5].ROM_sram/dataout[14]  -       clk->dataout[14] R     srambank_64x4x16_6t122       1  2.8  6539 67716   67716    (-,-) 
  drc_bufs17611/Y                                                   -       A->Y             R     BUFx12f_ASAP7_75t_L          1  2.4   161   170   67886    (-,-) 
  g20537/Y                                                          -       A->Y             F     NAND2x2_ASAP7_75t_L          1  0.9    26     3   67889    (-,-) 
  drc32210/Y                                                        -       A->Y             F     BUFx2_ASAP7_75t_L            1  0.9     8    20   67908    (-,-) 
  drc_bufs583667/Y                                                  -       A->Y             F     BUFx2_ASAP7_75t_L            1  1.4     8    16   67924    (-,-) 
  g21099/Y                                                          -       B->Y             F     AND2x4_ASAP7_75t_L           1  1.0     6    14   67938    (-,-) 
  PIPELINES[3].ROUNDS[6].U_ROUND_U_SUB_ROM[5].ROM_dout_reg_reg[6]/D -       -                F     DFFASRHQNx1_ASAP7_75t_L      1    -     -     0   67938    (-,-) 
#-------------------------------------------------------------------------------------------------------------------------------------------------------------------



Path 6: VIOLATED (-67042 ps) Setup Check with Pin PIPELINES[0].ROUNDS[6].U_ROUND_U_SUB_ROM[14].ROM_dout_reg_reg[1]/CLK->D
          Group: clk
     Startpoint: (R) PIPELINES[0].ROUNDS[6].U_ROUND_U_SUB_ROM[14].ROM_sram/clk
          Clock: (R) clk
       Endpoint: (F) PIPELINES[0].ROUNDS[6].U_ROUND_U_SUB_ROM[14].ROM_dout_reg_reg[1]/D
          Clock: (R) clk

                     Capture       Launch     
        Clock Edge:+     900            0     
       Src Latency:+       0            0     
       Net Latency:+       0 (I)        0 (I) 
           Arrival:=     900            0     
                                              
             Setup:-       4                  
     Required Time:=     896                  
      Launch Clock:-       0                  
         Data Path:-   67938                  
             Slack:=  -67042                  

#-------------------------------------------------------------------------------------------------------------------------------------------------------------------
#                           Timing Point                             Flags        Arc        Edge          Cell            Fanout Load Trans Delay Arrival Instance 
#                                                                                                                                 (fF)  (ps)  (ps)   (ps)  Location 
#-------------------------------------------------------------------------------------------------------------------------------------------------------------------
  PIPELINES[0].ROUNDS[6].U_ROUND_U_SUB_ROM[14].ROM_sram/clk          -       -               R     (arrival)                60672    -     0     0       0    (-,-) 
  PIPELINES[0].ROUNDS[6].U_ROUND_U_SUB_ROM[14].ROM_sram/dataout[9]   -       clk->dataout[9] R     srambank_64x4x16_6t122       1  2.8  6539 67716   67716    (-,-) 
  drc_bufs16789/Y                                                    -       A->Y            R     BUFx12f_ASAP7_75t_L          1  2.4   161   170   67886    (-,-) 
  g20558/Y                                                           -       A->Y            F     NAND2x2_ASAP7_75t_L          1  0.9    26     3   67889    (-,-) 
  drc32189/Y                                                         -       A->Y            F     BUFx2_ASAP7_75t_L            1  0.9     8    20   67908    (-,-) 
  drc_bufs583665/Y                                                   -       A->Y            F     BUFx2_ASAP7_75t_L            1  1.4     8    16   67924    (-,-) 
  g21093/Y                                                           -       B->Y            F     AND2x4_ASAP7_75t_L           1  1.0     6    14   67938    (-,-) 
  PIPELINES[0].ROUNDS[6].U_ROUND_U_SUB_ROM[14].ROM_dout_reg_reg[1]/D -       -               F     DFFASRHQNx1_ASAP7_75t_L      1    -     -     0   67938    (-,-) 
#-------------------------------------------------------------------------------------------------------------------------------------------------------------------



Path 7: VIOLATED (-67042 ps) Setup Check with Pin PIPELINES[1].ROUNDS[6].U_ROUND_U_SUB_ROM[6].ROM_dout_reg_reg[0]/CLK->D
          Group: clk
     Startpoint: (R) PIPELINES[1].ROUNDS[6].U_ROUND_U_SUB_ROM[6].ROM_sram/clk
          Clock: (R) clk
       Endpoint: (F) PIPELINES[1].ROUNDS[6].U_ROUND_U_SUB_ROM[6].ROM_dout_reg_reg[0]/D
          Clock: (R) clk

                     Capture       Launch     
        Clock Edge:+     900            0     
       Src Latency:+       0            0     
       Net Latency:+       0 (I)        0 (I) 
           Arrival:=     900            0     
                                              
             Setup:-       4                  
     Required Time:=     896                  
      Launch Clock:-       0                  
         Data Path:-   67938                  
             Slack:=  -67042                  

#------------------------------------------------------------------------------------------------------------------------------------------------------------------
#                           Timing Point                            Flags        Arc        Edge          Cell            Fanout Load Trans Delay Arrival Instance 
#                                                                                                                                (fF)  (ps)  (ps)   (ps)  Location 
#------------------------------------------------------------------------------------------------------------------------------------------------------------------
  PIPELINES[1].ROUNDS[6].U_ROUND_U_SUB_ROM[6].ROM_sram/clk          -       -               R     (arrival)                60672    -     0     0       0    (-,-) 
  PIPELINES[1].ROUNDS[6].U_ROUND_U_SUB_ROM[6].ROM_sram/dataout[8]   -       clk->dataout[8] R     srambank_64x4x16_6t122       1  2.8  6539 67716   67716    (-,-) 
  drc_bufs18190/Y                                                   -       A->Y            R     BUFx12f_ASAP7_75t_L          1  2.4   161   170   67886    (-,-) 
  g20567/Y                                                          -       A->Y            F     NAND2x2_ASAP7_75t_L          1  0.9    26     3   67889    (-,-) 
  drc31970/Y                                                        -       A->Y            F     BUFx2_ASAP7_75t_L            1  0.9     8    20   67908    (-,-) 
  drc_bufs583664/Y                                                  -       A->Y            F     BUFx2_ASAP7_75t_L            1  1.4     8    16   67924    (-,-) 
  g21117/Y                                                          -       B->Y            F     AND2x4_ASAP7_75t_L           1  1.0     6    14   67938    (-,-) 
  PIPELINES[1].ROUNDS[6].U_ROUND_U_SUB_ROM[6].ROM_dout_reg_reg[0]/D -       -               F     DFFASRHQNx1_ASAP7_75t_L      1    -     -     0   67938    (-,-) 
#------------------------------------------------------------------------------------------------------------------------------------------------------------------



Path 8: VIOLATED (-67042 ps) Setup Check with Pin PIPELINES[1].ROUNDS[6].U_ROUND_U_SUB_ROM[6].ROM_dout_reg_reg[4]/CLK->D
          Group: clk
     Startpoint: (R) PIPELINES[1].ROUNDS[6].U_ROUND_U_SUB_ROM[6].ROM_sram/clk
          Clock: (R) clk
       Endpoint: (F) PIPELINES[1].ROUNDS[6].U_ROUND_U_SUB_ROM[6].ROM_dout_reg_reg[4]/D
          Clock: (R) clk

                     Capture       Launch     
        Clock Edge:+     900            0     
       Src Latency:+       0            0     
       Net Latency:+       0 (I)        0 (I) 
           Arrival:=     900            0     
                                              
             Setup:-       4                  
     Required Time:=     896                  
      Launch Clock:-       0                  
         Data Path:-   67938                  
             Slack:=  -67042                  

#-------------------------------------------------------------------------------------------------------------------------------------------------------------------
#                           Timing Point                            Flags         Arc        Edge          Cell            Fanout Load Trans Delay Arrival Instance 
#                                                                                                                                 (fF)  (ps)  (ps)   (ps)  Location 
#-------------------------------------------------------------------------------------------------------------------------------------------------------------------
  PIPELINES[1].ROUNDS[6].U_ROUND_U_SUB_ROM[6].ROM_sram/clk          -       -                R     (arrival)                60672    -     0     0       0    (-,-) 
  PIPELINES[1].ROUNDS[6].U_ROUND_U_SUB_ROM[6].ROM_sram/dataout[12]  -       clk->dataout[12] R     srambank_64x4x16_6t122       1  2.8  6539 67716   67716    (-,-) 
  drc_bufs18196/Y                                                   -       A->Y             R     BUFx12f_ASAP7_75t_L          1  2.4   161   170   67886    (-,-) 
  g20594/Y                                                          -       A->Y             F     NAND2x2_ASAP7_75t_L          1  0.9    26     3   67889    (-,-) 
  drc31995/Y                                                        -       A->Y             F     BUFx2_ASAP7_75t_L            1  0.9     8    20   67908    (-,-) 
  drc_bufs583662/Y                                                  -       A->Y             F     BUFx2_ASAP7_75t_L            1  1.4     8    16   67924    (-,-) 
  g21075/Y                                                          -       B->Y             F     AND2x4_ASAP7_75t_L           1  1.0     6    14   67938    (-,-) 
  PIPELINES[1].ROUNDS[6].U_ROUND_U_SUB_ROM[6].ROM_dout_reg_reg[4]/D -       -                F     DFFASRHQNx1_ASAP7_75t_L      1    -     -     0   67938    (-,-) 
#-------------------------------------------------------------------------------------------------------------------------------------------------------------------



Path 9: VIOLATED (-67042 ps) Setup Check with Pin PIPELINES[4].ROUNDS[6].U_ROUND_U_SUB_ROM[10].ROM_dout_reg_reg[5]/CLK->D
          Group: clk
     Startpoint: (R) PIPELINES[4].ROUNDS[6].U_ROUND_U_SUB_ROM[10].ROM_sram/clk
          Clock: (R) clk
       Endpoint: (F) PIPELINES[4].ROUNDS[6].U_ROUND_U_SUB_ROM[10].ROM_dout_reg_reg[5]/D
          Clock: (R) clk

                     Capture       Launch     
        Clock Edge:+     900            0     
       Src Latency:+       0            0     
       Net Latency:+       0 (I)        0 (I) 
           Arrival:=     900            0     
                                              
             Setup:-       4                  
     Required Time:=     896                  
      Launch Clock:-       0                  
         Data Path:-   67938                  
             Slack:=  -67042                  

#--------------------------------------------------------------------------------------------------------------------------------------------------------------------
#                           Timing Point                             Flags         Arc        Edge          Cell            Fanout Load Trans Delay Arrival Instance 
#                                                                                                                                  (fF)  (ps)  (ps)   (ps)  Location 
#--------------------------------------------------------------------------------------------------------------------------------------------------------------------
  PIPELINES[4].ROUNDS[6].U_ROUND_U_SUB_ROM[10].ROM_sram/clk          -       -                R     (arrival)                60672    -     0     0       0    (-,-) 
  PIPELINES[4].ROUNDS[6].U_ROUND_U_SUB_ROM[10].ROM_sram/dataout[13]  -       clk->dataout[13] R     srambank_64x4x16_6t122       1  2.8  6539 67716   67716    (-,-) 
  drc_bufs15361/Y                                                    -       A->Y             R     BUFx12f_ASAP7_75t_L          1  2.4   161   170   67886    (-,-) 
  g20585/Y                                                           -       A->Y             F     NAND2x2_ASAP7_75t_L          1  0.9    26     3   67889    (-,-) 
  drc31958/Y                                                         -       A->Y             F     BUFx2_ASAP7_75t_L            1  0.9     8    20   67908    (-,-) 
  drc_bufs583660/Y                                                   -       A->Y             F     BUFx2_ASAP7_75t_L            1  1.4     8    16   67924    (-,-) 
  g21024/Y                                                           -       B->Y             F     AND2x4_ASAP7_75t_L           1  1.0     6    14   67938    (-,-) 
  PIPELINES[4].ROUNDS[6].U_ROUND_U_SUB_ROM[10].ROM_dout_reg_reg[5]/D -       -                F     DFFASRHQNx1_ASAP7_75t_L      1    -     -     0   67938    (-,-) 
#--------------------------------------------------------------------------------------------------------------------------------------------------------------------



Path 10: VIOLATED (-67042 ps) Setup Check with Pin PIPELINES[4].ROUNDS[6].U_ROUND_U_SUB_ROM[10].ROM_dout_reg_reg[7]/CLK->D
          Group: clk
     Startpoint: (R) PIPELINES[4].ROUNDS[6].U_ROUND_U_SUB_ROM[10].ROM_sram/clk
          Clock: (R) clk
       Endpoint: (F) PIPELINES[4].ROUNDS[6].U_ROUND_U_SUB_ROM[10].ROM_dout_reg_reg[7]/D
          Clock: (R) clk

                     Capture       Launch     
        Clock Edge:+     900            0     
       Src Latency:+       0            0     
       Net Latency:+       0 (I)        0 (I) 
           Arrival:=     900            0     
                                              
             Setup:-       4                  
     Required Time:=     896                  
      Launch Clock:-       0                  
         Data Path:-   67938                  
             Slack:=  -67042                  

#--------------------------------------------------------------------------------------------------------------------------------------------------------------------
#                           Timing Point                             Flags         Arc        Edge          Cell            Fanout Load Trans Delay Arrival Instance 
#                                                                                                                                  (fF)  (ps)  (ps)   (ps)  Location 
#--------------------------------------------------------------------------------------------------------------------------------------------------------------------
  PIPELINES[4].ROUNDS[6].U_ROUND_U_SUB_ROM[10].ROM_sram/clk          -       -                R     (arrival)                60672    -     0     0       0    (-,-) 
  PIPELINES[4].ROUNDS[6].U_ROUND_U_SUB_ROM[10].ROM_sram/dataout[15]  -       clk->dataout[15] R     srambank_64x4x16_6t122       1  2.8  6539 67716   67716    (-,-) 
  drc_bufs15337/Y                                                    -       A->Y             R     BUFx12f_ASAP7_75t_L          1  2.4   161   170   67886    (-,-) 
  g20459/Y                                                           -       A->Y             F     NAND2x2_ASAP7_75t_L          1  0.9    26     3   67889    (-,-) 
  drc32149/Y                                                         -       A->Y             F     BUFx2_ASAP7_75t_L            1  0.9     8    20   67908    (-,-) 
  drc_bufs583658/Y                                                   -       A->Y             F     BUFx2_ASAP7_75t_L            1  1.4     8    16   67924    (-,-) 
  g20970/Y                                                           -       B->Y             F     AND2x4_ASAP7_75t_L           1  1.0     6    14   67938    (-,-) 
  PIPELINES[4].ROUNDS[6].U_ROUND_U_SUB_ROM[10].ROM_dout_reg_reg[7]/D -       -                F     DFFASRHQNx1_ASAP7_75t_L      1    -     -     0   67938    (-,-) 
#--------------------------------------------------------------------------------------------------------------------------------------------------------------------



Path 11: VIOLATED (-67042 ps) Setup Check with Pin PIPELINES[5].ROUNDS[6].U_ROUND_U_SUB_ROM[9].ROM_dout_reg_reg[0]/CLK->D
          Group: clk
     Startpoint: (R) PIPELINES[5].ROUNDS[6].U_ROUND_U_SUB_ROM[9].ROM_sram/clk
          Clock: (R) clk
       Endpoint: (F) PIPELINES[5].ROUNDS[6].U_ROUND_U_SUB_ROM[9].ROM_dout_reg_reg[0]/D
          Clock: (R) clk

                     Capture       Launch     
        Clock Edge:+     900            0     
       Src Latency:+       0            0     
       Net Latency:+       0 (I)        0 (I) 
           Arrival:=     900            0     
                                              
             Setup:-       4                  
     Required Time:=     896                  
      Launch Clock:-       0                  
         Data Path:-   67938                  
             Slack:=  -67042                  

#------------------------------------------------------------------------------------------------------------------------------------------------------------------
#                           Timing Point                            Flags        Arc        Edge          Cell            Fanout Load Trans Delay Arrival Instance 
#                                                                                                                                (fF)  (ps)  (ps)   (ps)  Location 
#------------------------------------------------------------------------------------------------------------------------------------------------------------------
  PIPELINES[5].ROUNDS[6].U_ROUND_U_SUB_ROM[9].ROM_sram/clk          -       -               R     (arrival)                60672    -     0     0       0    (-,-) 
  PIPELINES[5].ROUNDS[6].U_ROUND_U_SUB_ROM[9].ROM_sram/dataout[8]   -       clk->dataout[8] R     srambank_64x4x16_6t122       1  2.8  6539 67716   67716    (-,-) 
  drc_bufs12208/Y                                                   -       A->Y            R     BUFx12f_ASAP7_75t_L          1  2.4   161   170   67886    (-,-) 
  g20645/Y                                                          -       A->Y            F     NAND2x2_ASAP7_75t_L          1  0.9    26     3   67889    (-,-) 
  drc32031/Y                                                        -       A->Y            F     BUFx2_ASAP7_75t_L            1  0.9     8    20   67908    (-,-) 
  drc_bufs583656/Y                                                  -       A->Y            F     BUFx2_ASAP7_75t_L            1  1.4     8    16   67924    (-,-) 
  g21351/Y                                                          -       B->Y            F     AND2x4_ASAP7_75t_L           1  1.0     6    14   67938    (-,-) 
  PIPELINES[5].ROUNDS[6].U_ROUND_U_SUB_ROM[9].ROM_dout_reg_reg[0]/D -       -               F     DFFASRHQNx1_ASAP7_75t_L      1    -     -     0   67938    (-,-) 
#------------------------------------------------------------------------------------------------------------------------------------------------------------------



Path 12: VIOLATED (-67042 ps) Setup Check with Pin PIPELINES[5].ROUNDS[6].U_ROUND_U_SUB_ROM[9].ROM_dout_reg_reg[2]/CLK->D
          Group: clk
     Startpoint: (R) PIPELINES[5].ROUNDS[6].U_ROUND_U_SUB_ROM[9].ROM_sram/clk
          Clock: (R) clk
       Endpoint: (F) PIPELINES[5].ROUNDS[6].U_ROUND_U_SUB_ROM[9].ROM_dout_reg_reg[2]/D
          Clock: (R) clk

                     Capture       Launch     
        Clock Edge:+     900            0     
       Src Latency:+       0            0     
       Net Latency:+       0 (I)        0 (I) 
           Arrival:=     900            0     
                                              
             Setup:-       4                  
     Required Time:=     896                  
      Launch Clock:-       0                  
         Data Path:-   67938                  
             Slack:=  -67042                  

#-------------------------------------------------------------------------------------------------------------------------------------------------------------------
#                           Timing Point                            Flags         Arc        Edge          Cell            Fanout Load Trans Delay Arrival Instance 
#                                                                                                                                 (fF)  (ps)  (ps)   (ps)  Location 
#-------------------------------------------------------------------------------------------------------------------------------------------------------------------
  PIPELINES[5].ROUNDS[6].U_ROUND_U_SUB_ROM[9].ROM_sram/clk          -       -                R     (arrival)                60672    -     0     0       0    (-,-) 
  PIPELINES[5].ROUNDS[6].U_ROUND_U_SUB_ROM[9].ROM_sram/dataout[10]  -       clk->dataout[10] R     srambank_64x4x16_6t122       1  2.8  6539 67716   67716    (-,-) 
  drc_bufs12199/Y                                                   -       A->Y             R     BUFx12f_ASAP7_75t_L          1  2.4   161   170   67886    (-,-) 
  g20510/Y                                                          -       A->Y             F     NAND2x2_ASAP7_75t_L          1  0.9    26     3   67889    (-,-) 
  drc32207/Y                                                        -       A->Y             F     BUFx2_ASAP7_75t_L            1  0.9     8    20   67908    (-,-) 
  drc_bufs583654/Y                                                  -       A->Y             F     BUFx2_ASAP7_75t_L            1  1.4     8    16   67924    (-,-) 
  g20874/Y                                                          -       B->Y             F     AND2x4_ASAP7_75t_L           1  1.0     6    14   67938    (-,-) 
  PIPELINES[5].ROUNDS[6].U_ROUND_U_SUB_ROM[9].ROM_dout_reg_reg[2]/D -       -                F     DFFASRHQNx1_ASAP7_75t_L      1    -     -     0   67938    (-,-) 
#-------------------------------------------------------------------------------------------------------------------------------------------------------------------



Path 13: VIOLATED (-67042 ps) Setup Check with Pin PIPELINES[5].ROUNDS[6].U_ROUND_U_SUB_ROM[4].ROM_dout_reg_reg[1]/CLK->D
          Group: clk
     Startpoint: (R) PIPELINES[5].ROUNDS[6].U_ROUND_U_SUB_ROM[4].ROM_sram/clk
          Clock: (R) clk
       Endpoint: (F) PIPELINES[5].ROUNDS[6].U_ROUND_U_SUB_ROM[4].ROM_dout_reg_reg[1]/D
          Clock: (R) clk

                     Capture       Launch     
        Clock Edge:+     900            0     
       Src Latency:+       0            0     
       Net Latency:+       0 (I)        0 (I) 
           Arrival:=     900            0     
                                              
             Setup:-       4                  
     Required Time:=     896                  
      Launch Clock:-       0                  
         Data Path:-   67938                  
             Slack:=  -67042                  

#------------------------------------------------------------------------------------------------------------------------------------------------------------------
#                           Timing Point                            Flags        Arc        Edge          Cell            Fanout Load Trans Delay Arrival Instance 
#                                                                                                                                (fF)  (ps)  (ps)   (ps)  Location 
#------------------------------------------------------------------------------------------------------------------------------------------------------------------
  PIPELINES[5].ROUNDS[6].U_ROUND_U_SUB_ROM[4].ROM_sram/clk          -       -               R     (arrival)                60672    -     0     0       0    (-,-) 
  PIPELINES[5].ROUNDS[6].U_ROUND_U_SUB_ROM[4].ROM_sram/dataout[9]   -       clk->dataout[9] R     srambank_64x4x16_6t122       1  2.8  6539 67716   67716    (-,-) 
  drc_bufs12727/Y                                                   -       A->Y            R     BUFx12f_ASAP7_75t_L          1  2.4   161   170   67886    (-,-) 
  g20621/Y                                                          -       A->Y            F     NAND2x2_ASAP7_75t_L          1  0.9    26     3   67889    (-,-) 
  drc32041/Y                                                        -       A->Y            F     BUFx2_ASAP7_75t_L            1  0.9     8    20   67908    (-,-) 
  drc_bufs583652/Y                                                  -       A->Y            F     BUFx2_ASAP7_75t_L            1  1.4     8    16   67924    (-,-) 
  g21171/Y                                                          -       B->Y            F     AND2x4_ASAP7_75t_L           1  1.0     6    14   67938    (-,-) 
  PIPELINES[5].ROUNDS[6].U_ROUND_U_SUB_ROM[4].ROM_dout_reg_reg[1]/D -       -               F     DFFASRHQNx1_ASAP7_75t_L      1    -     -     0   67938    (-,-) 
#------------------------------------------------------------------------------------------------------------------------------------------------------------------



Path 14: VIOLATED (-67042 ps) Setup Check with Pin PIPELINES[3].ROUNDS[6].U_ROUND_U_SUB_ROM[1].ROM_dout_reg_reg[1]/CLK->D
          Group: clk
     Startpoint: (R) PIPELINES[3].ROUNDS[6].U_ROUND_U_SUB_ROM[1].ROM_sram/clk
          Clock: (R) clk
       Endpoint: (F) PIPELINES[3].ROUNDS[6].U_ROUND_U_SUB_ROM[1].ROM_dout_reg_reg[1]/D
          Clock: (R) clk

                     Capture       Launch     
        Clock Edge:+     900            0     
       Src Latency:+       0            0     
       Net Latency:+       0 (I)        0 (I) 
           Arrival:=     900            0     
                                              
             Setup:-       4                  
     Required Time:=     896                  
      Launch Clock:-       0                  
         Data Path:-   67938                  
             Slack:=  -67042                  

#------------------------------------------------------------------------------------------------------------------------------------------------------------------
#                           Timing Point                            Flags        Arc        Edge          Cell            Fanout Load Trans Delay Arrival Instance 
#                                                                                                                                (fF)  (ps)  (ps)   (ps)  Location 
#------------------------------------------------------------------------------------------------------------------------------------------------------------------
  PIPELINES[3].ROUNDS[6].U_ROUND_U_SUB_ROM[1].ROM_sram/clk          -       -               R     (arrival)                60672    -     0     0       0    (-,-) 
  PIPELINES[3].ROUNDS[6].U_ROUND_U_SUB_ROM[1].ROM_sram/dataout[9]   -       clk->dataout[9] R     srambank_64x4x16_6t122       1  2.8  6539 67716   67716    (-,-) 
  drc_bufs16969/Y                                                   -       A->Y            R     BUFx12f_ASAP7_75t_L          1  2.4   161   170   67886    (-,-) 
  g20630/Y                                                          -       A->Y            F     NAND2x2_ASAP7_75t_L          1  0.9    26     3   67889    (-,-) 
  drc32216/Y                                                        -       A->Y            F     BUFx2_ASAP7_75t_L            1  0.9     8    20   67908    (-,-) 
  drc_bufs20629/Y                                                   -       A->Y            F     BUFx2_ASAP7_75t_L            1  1.4     8    16   67924    (-,-) 
  g21183/Y                                                          -       B->Y            F     AND2x4_ASAP7_75t_L           1  1.0     6    14   67938    (-,-) 
  PIPELINES[3].ROUNDS[6].U_ROUND_U_SUB_ROM[1].ROM_dout_reg_reg[1]/D -       -               F     DFFASRHQNx1_ASAP7_75t_L      1    -     -     0   67938    (-,-) 
#------------------------------------------------------------------------------------------------------------------------------------------------------------------



Path 15: VIOLATED (-67042 ps) Setup Check with Pin PIPELINES[7].ROUNDS[6].U_ROUND_U_SUB_ROM[0].ROM_dout_reg_reg[1]/CLK->D
          Group: clk
     Startpoint: (R) PIPELINES[7].ROUNDS[6].U_ROUND_U_SUB_ROM[0].ROM_sram/clk
          Clock: (R) clk
       Endpoint: (F) PIPELINES[7].ROUNDS[6].U_ROUND_U_SUB_ROM[0].ROM_dout_reg_reg[1]/D
          Clock: (R) clk

                     Capture       Launch     
        Clock Edge:+     900            0     
       Src Latency:+       0            0     
       Net Latency:+       0 (I)        0 (I) 
           Arrival:=     900            0     
                                              
             Setup:-       4                  
     Required Time:=     896                  
      Launch Clock:-       0                  
         Data Path:-   67938                  
             Slack:=  -67042                  

#------------------------------------------------------------------------------------------------------------------------------------------------------------------
#                           Timing Point                            Flags        Arc        Edge          Cell            Fanout Load Trans Delay Arrival Instance 
#                                                                                                                                (fF)  (ps)  (ps)   (ps)  Location 
#------------------------------------------------------------------------------------------------------------------------------------------------------------------
  PIPELINES[7].ROUNDS[6].U_ROUND_U_SUB_ROM[0].ROM_sram/clk          -       -               R     (arrival)                60672    -     0     0       0    (-,-) 
  PIPELINES[7].ROUNDS[6].U_ROUND_U_SUB_ROM[0].ROM_sram/dataout[9]   -       clk->dataout[9] R     srambank_64x4x16_6t122       1  2.8  6539 67716   67716    (-,-) 
  drc_bufs23248/Y                                                   -       A->Y            R     BUFx12f_ASAP7_75t_L          1  2.4   161   170   67886    (-,-) 
  g20327/Y                                                          -       A->Y            F     NAND2x2_ASAP7_75t_L          1  0.9    26     3   67889    (-,-) 
  drc32037/Y                                                        -       A->Y            F     BUFx2_ASAP7_75t_L            1  0.9     8    20   67908    (-,-) 
  drc_bufs583650/Y                                                  -       A->Y            F     BUFx2_ASAP7_75t_L            1  1.4     8    16   67924    (-,-) 
  g21192/Y                                                          -       B->Y            F     AND2x4_ASAP7_75t_L           1  1.0     6    14   67938    (-,-) 
  PIPELINES[7].ROUNDS[6].U_ROUND_U_SUB_ROM[0].ROM_dout_reg_reg[1]/D -       -               F     DFFASRHQNx1_ASAP7_75t_L      1    -     -     0   67938    (-,-) 
#------------------------------------------------------------------------------------------------------------------------------------------------------------------



Path 16: VIOLATED (-67042 ps) Setup Check with Pin PIPELINES[7].ROUNDS[6].U_ROUND_U_SUB_ROM[2].ROM_dout_reg_reg[0]/CLK->D
          Group: clk
     Startpoint: (R) PIPELINES[7].ROUNDS[6].U_ROUND_U_SUB_ROM[2].ROM_sram/clk
          Clock: (R) clk
       Endpoint: (F) PIPELINES[7].ROUNDS[6].U_ROUND_U_SUB_ROM[2].ROM_dout_reg_reg[0]/D
          Clock: (R) clk

                     Capture       Launch     
        Clock Edge:+     900            0     
       Src Latency:+       0            0     
       Net Latency:+       0 (I)        0 (I) 
           Arrival:=     900            0     
                                              
             Setup:-       4                  
     Required Time:=     896                  
      Launch Clock:-       0                  
         Data Path:-   67938                  
             Slack:=  -67042                  

#------------------------------------------------------------------------------------------------------------------------------------------------------------------
#                           Timing Point                            Flags        Arc        Edge          Cell            Fanout Load Trans Delay Arrival Instance 
#                                                                                                                                (fF)  (ps)  (ps)   (ps)  Location 
#------------------------------------------------------------------------------------------------------------------------------------------------------------------
  PIPELINES[7].ROUNDS[6].U_ROUND_U_SUB_ROM[2].ROM_sram/clk          -       -               R     (arrival)                60672    -     0     0       0    (-,-) 
  PIPELINES[7].ROUNDS[6].U_ROUND_U_SUB_ROM[2].ROM_sram/dataout[8]   -       clk->dataout[8] R     srambank_64x4x16_6t122       1  2.8  6539 67716   67716    (-,-) 
  drc_bufs18604/Y                                                   -       A->Y            R     BUFx12f_ASAP7_75t_L          1  2.4   161   170   67886    (-,-) 
  g20801/Y                                                          -       A->Y            F     NAND2x2_ASAP7_75t_L          1  0.9    26     3   67889    (-,-) 
  drc32000/Y                                                        -       A->Y            F     BUFx2_ASAP7_75t_L            1  0.9     8    20   67908    (-,-) 
  drc_bufs583649/Y                                                  -       A->Y            F     BUFx2_ASAP7_75t_L            1  1.4     8    16   67924    (-,-) 
  g20880/Y                                                          -       B->Y            F     AND2x4_ASAP7_75t_L           1  1.0     6    14   67938    (-,-) 
  PIPELINES[7].ROUNDS[6].U_ROUND_U_SUB_ROM[2].ROM_dout_reg_reg[0]/D -       -               F     DFFASRHQNx1_ASAP7_75t_L      1    -     -     0   67938    (-,-) 
#------------------------------------------------------------------------------------------------------------------------------------------------------------------



Path 17: VIOLATED (-67042 ps) Setup Check with Pin PIPELINES[7].ROUNDS[6].U_ROUND_U_SUB_ROM[15].ROM_dout_reg_reg[1]/CLK->D
          Group: clk
     Startpoint: (R) PIPELINES[7].ROUNDS[6].U_ROUND_U_SUB_ROM[15].ROM_sram/clk
          Clock: (R) clk
       Endpoint: (F) PIPELINES[7].ROUNDS[6].U_ROUND_U_SUB_ROM[15].ROM_dout_reg_reg[1]/D
          Clock: (R) clk

                     Capture       Launch     
        Clock Edge:+     900            0     
       Src Latency:+       0            0     
       Net Latency:+       0 (I)        0 (I) 
           Arrival:=     900            0     
                                              
             Setup:-      12                  
     Required Time:=     888                  
      Launch Clock:-       0                  
         Data Path:-   67930                  
             Slack:=  -67042                  

#-------------------------------------------------------------------------------------------------------------------------------------------------------------------
#                           Timing Point                             Flags        Arc        Edge          Cell            Fanout Load Trans Delay Arrival Instance 
#                                                                                                                                 (fF)  (ps)  (ps)   (ps)  Location 
#-------------------------------------------------------------------------------------------------------------------------------------------------------------------
  PIPELINES[7].ROUNDS[6].U_ROUND_U_SUB_ROM[15].ROM_sram/clk          -       -               R     (arrival)                60672    -     0     0       0    (-,-) 
  PIPELINES[7].ROUNDS[6].U_ROUND_U_SUB_ROM[15].ROM_sram/dataout[9]   -       clk->dataout[9] R     srambank_64x4x16_6t122       1  2.8  6539 67716   67716    (-,-) 
  drc_bufs6661/Y                                                     -       A->Y            R     BUFx12f_ASAP7_75t_L          1 10.3   160   190   67906    (-,-) 
  g568527/Y                                                          -       A->Y            F     CKINVDCx16_ASAP7_75t_L       1  1.6    24     7   67912    (-,-) 
  g568526/Y                                                          -       A->Y            R     INVx2_ASAP7_75t_L            1  1.4    12     9   67921    (-,-) 
  g568523/Y                                                          -       B1->Y           F     AOI22x1_ASAP7_75t_L          1  1.0    32     9   67930    (-,-) 
  PIPELINES[7].ROUNDS[6].U_ROUND_U_SUB_ROM[15].ROM_dout_reg_reg[1]/D -       -               F     DFFASRHQNx1_ASAP7_75t_L      1    -     -     0   67930    (-,-) 
#-------------------------------------------------------------------------------------------------------------------------------------------------------------------



Path 18: VIOLATED (-67042 ps) Setup Check with Pin PIPELINES[7].ROUNDS[6].U_ROUND_U_SUB_ROM[0].ROM_dout_reg_reg[4]/CLK->D
          Group: clk
     Startpoint: (R) PIPELINES[7].ROUNDS[6].U_ROUND_U_SUB_ROM[0].ROM_sram/clk
          Clock: (R) clk
       Endpoint: (F) PIPELINES[7].ROUNDS[6].U_ROUND_U_SUB_ROM[0].ROM_dout_reg_reg[4]/D
          Clock: (R) clk

                     Capture       Launch     
        Clock Edge:+     900            0     
       Src Latency:+       0            0     
       Net Latency:+       0 (I)        0 (I) 
           Arrival:=     900            0     
                                              
             Setup:-       4                  
     Required Time:=     896                  
      Launch Clock:-       0                  
         Data Path:-   67938                  
             Slack:=  -67042                  

#-------------------------------------------------------------------------------------------------------------------------------------------------------------------
#                           Timing Point                            Flags         Arc        Edge          Cell            Fanout Load Trans Delay Arrival Instance 
#                                                                                                                                 (fF)  (ps)  (ps)   (ps)  Location 
#-------------------------------------------------------------------------------------------------------------------------------------------------------------------
  PIPELINES[7].ROUNDS[6].U_ROUND_U_SUB_ROM[0].ROM_sram/clk          -       -                R     (arrival)                60672    -     0     0       0    (-,-) 
  PIPELINES[7].ROUNDS[6].U_ROUND_U_SUB_ROM[0].ROM_sram/dataout[12]  -       clk->dataout[12] R     srambank_64x4x16_6t122       1  2.8  6539 67716   67716    (-,-) 
  drc_bufs17938/Y                                                   -       A->Y             R     BUFx12f_ASAP7_75t_L          1  2.4   161   170   67886    (-,-) 
  g20756/Y                                                          -       A->Y             F     NAND2x2_ASAP7_75t_L          1  0.9    26     3   67889    (-,-) 
  drc32057/Y                                                        -       A->Y             F     BUFx2_ASAP7_75t_L            1  0.9     8    20   67908    (-,-) 
  drc_bufs583648/Y                                                  -       A->Y             F     BUFx2_ASAP7_75t_L            1  1.4     8    16   67924    (-,-) 
  g21225/Y                                                          -       B->Y             F     AND2x4_ASAP7_75t_L           1  1.0     6    14   67938    (-,-) 
  PIPELINES[7].ROUNDS[6].U_ROUND_U_SUB_ROM[0].ROM_dout_reg_reg[4]/D -       -                F     DFFASRHQNx1_ASAP7_75t_L      1    -     -     0   67938    (-,-) 
#-------------------------------------------------------------------------------------------------------------------------------------------------------------------



Path 19: VIOLATED (-67042 ps) Setup Check with Pin PIPELINES[1].ROUNDS[6].U_ROUND_U_SUB_ROM[0].ROM_dout_reg_reg[0]/CLK->D
          Group: clk
     Startpoint: (R) PIPELINES[1].ROUNDS[6].U_ROUND_U_SUB_ROM[0].ROM_sram/clk
          Clock: (R) clk
       Endpoint: (F) PIPELINES[1].ROUNDS[6].U_ROUND_U_SUB_ROM[0].ROM_dout_reg_reg[0]/D
          Clock: (R) clk

                     Capture       Launch     
        Clock Edge:+     900            0     
       Src Latency:+       0            0     
       Net Latency:+       0 (I)        0 (I) 
           Arrival:=     900            0     
                                              
             Setup:-       4                  
     Required Time:=     896                  
      Launch Clock:-       0                  
         Data Path:-   67938                  
             Slack:=  -67042                  

#------------------------------------------------------------------------------------------------------------------------------------------------------------------
#                           Timing Point                            Flags        Arc        Edge          Cell            Fanout Load Trans Delay Arrival Instance 
#                                                                                                                                (fF)  (ps)  (ps)   (ps)  Location 
#------------------------------------------------------------------------------------------------------------------------------------------------------------------
  PIPELINES[1].ROUNDS[6].U_ROUND_U_SUB_ROM[0].ROM_sram/clk          -       -               R     (arrival)                60672    -     0     0       0    (-,-) 
  PIPELINES[1].ROUNDS[6].U_ROUND_U_SUB_ROM[0].ROM_sram/dataout[8]   -       clk->dataout[8] R     srambank_64x4x16_6t122       1  2.8  6539 67716   67716    (-,-) 
  drc_bufs18319/Y                                                   -       A->Y            R     BUFx12f_ASAP7_75t_L          1  2.4   161   170   67886    (-,-) 
  g20657/Y                                                          -       A->Y            F     NAND2x2_ASAP7_75t_L          1  0.9    26     3   67889    (-,-) 
  drc31925/Y                                                        -       A->Y            F     BUFx2_ASAP7_75t_L            1  0.9     8    20   67908    (-,-) 
  drc_bufs583646/Y                                                  -       A->Y            F     BUFx2_ASAP7_75t_L            1  1.4     8    16   67924    (-,-) 
  g21129/Y                                                          -       B->Y            F     AND2x4_ASAP7_75t_L           1  1.0     6    14   67938    (-,-) 
  PIPELINES[1].ROUNDS[6].U_ROUND_U_SUB_ROM[0].ROM_dout_reg_reg[0]/D -       -               F     DFFASRHQNx1_ASAP7_75t_L      1    -     -     0   67938    (-,-) 
#------------------------------------------------------------------------------------------------------------------------------------------------------------------



Path 20: VIOLATED (-67042 ps) Setup Check with Pin PIPELINES[1].ROUNDS[6].U_ROUND_U_SUB_ROM[1].ROM_dout_reg_reg[0]/CLK->D
          Group: clk
     Startpoint: (R) PIPELINES[1].ROUNDS[6].U_ROUND_U_SUB_ROM[1].ROM_sram/clk
          Clock: (R) clk
       Endpoint: (F) PIPELINES[1].ROUNDS[6].U_ROUND_U_SUB_ROM[1].ROM_dout_reg_reg[0]/D
          Clock: (R) clk

                     Capture       Launch     
        Clock Edge:+     900            0     
       Src Latency:+       0            0     
       Net Latency:+       0 (I)        0 (I) 
           Arrival:=     900            0     
                                              
             Setup:-       4                  
     Required Time:=     896                  
      Launch Clock:-       0                  
         Data Path:-   67938                  
             Slack:=  -67042                  

#------------------------------------------------------------------------------------------------------------------------------------------------------------------
#                           Timing Point                            Flags        Arc        Edge          Cell            Fanout Load Trans Delay Arrival Instance 
#                                                                                                                                (fF)  (ps)  (ps)   (ps)  Location 
#------------------------------------------------------------------------------------------------------------------------------------------------------------------
  PIPELINES[1].ROUNDS[6].U_ROUND_U_SUB_ROM[1].ROM_sram/clk          -       -               R     (arrival)                60672    -     0     0       0    (-,-) 
  PIPELINES[1].ROUNDS[6].U_ROUND_U_SUB_ROM[1].ROM_sram/dataout[8]   -       clk->dataout[8] R     srambank_64x4x16_6t122       1  2.8  6539 67716   67716    (-,-) 
  drc_bufs14986/Y                                                   -       A->Y            R     BUFx12f_ASAP7_75t_L          1  2.4   161   170   67886    (-,-) 
  g20669/Y                                                          -       A->Y            F     NAND2x2_ASAP7_75t_L          1  0.9    26     3   67889    (-,-) 
  drc32015/Y                                                        -       A->Y            F     BUFx2_ASAP7_75t_L            1  0.9     8    20   67908    (-,-) 
  drc_bufs20668/Y                                                   -       A->Y            F     BUFx2_ASAP7_75t_L            1  1.4     8    16   67924    (-,-) 
  g21255/Y                                                          -       B->Y            F     AND2x4_ASAP7_75t_L           1  1.0     6    14   67938    (-,-) 
  PIPELINES[1].ROUNDS[6].U_ROUND_U_SUB_ROM[1].ROM_dout_reg_reg[0]/D -       -               F     DFFASRHQNx1_ASAP7_75t_L      1    -     -     0   67938    (-,-) 
#------------------------------------------------------------------------------------------------------------------------------------------------------------------



Path 21: VIOLATED (-67042 ps) Setup Check with Pin PIPELINES[5].ROUNDS[6].U_ROUND_U_SUB_ROM[6].ROM_dout_reg_reg[6]/CLK->D
          Group: clk
     Startpoint: (R) PIPELINES[5].ROUNDS[6].U_ROUND_U_SUB_ROM[6].ROM_sram/clk
          Clock: (R) clk
       Endpoint: (F) PIPELINES[5].ROUNDS[6].U_ROUND_U_SUB_ROM[6].ROM_dout_reg_reg[6]/D
          Clock: (R) clk

                     Capture       Launch     
        Clock Edge:+     900            0     
       Src Latency:+       0            0     
       Net Latency:+       0 (I)        0 (I) 
           Arrival:=     900            0     
                                              
             Setup:-       4                  
     Required Time:=     896                  
      Launch Clock:-       0                  
         Data Path:-   67938                  
             Slack:=  -67042                  

#-------------------------------------------------------------------------------------------------------------------------------------------------------------------
#                           Timing Point                            Flags         Arc        Edge          Cell            Fanout Load Trans Delay Arrival Instance 
#                                                                                                                                 (fF)  (ps)  (ps)   (ps)  Location 
#-------------------------------------------------------------------------------------------------------------------------------------------------------------------
  PIPELINES[5].ROUNDS[6].U_ROUND_U_SUB_ROM[6].ROM_sram/clk          -       -                R     (arrival)                60672    -     0     0       0    (-,-) 
  PIPELINES[5].ROUNDS[6].U_ROUND_U_SUB_ROM[6].ROM_sram/dataout[14]  -       clk->dataout[14] R     srambank_64x4x16_6t122       1  2.8  6539 67716   67716    (-,-) 
  drc_bufs15967/Y                                                   -       A->Y             R     BUFx12f_ASAP7_75t_L          1  2.4   161   170   67886    (-,-) 
  g20666/Y                                                          -       A->Y             F     NAND2x2_ASAP7_75t_L          1  0.9    26     3   67889    (-,-) 
  drc31993/Y                                                        -       A->Y             F     BUFx2_ASAP7_75t_L            1  0.9     8    20   67908    (-,-) 
  drc_bufs583643/Y                                                  -       A->Y             F     BUFx2_ASAP7_75t_L            1  1.4     8    16   67924    (-,-) 
  g21111/Y                                                          -       B->Y             F     AND2x4_ASAP7_75t_L           1  1.0     6    14   67938    (-,-) 
  PIPELINES[5].ROUNDS[6].U_ROUND_U_SUB_ROM[6].ROM_dout_reg_reg[6]/D -       -                F     DFFASRHQNx1_ASAP7_75t_L      1    -     -     0   67938    (-,-) 
#-------------------------------------------------------------------------------------------------------------------------------------------------------------------



Path 22: VIOLATED (-67042 ps) Setup Check with Pin PIPELINES[5].ROUNDS[6].U_ROUND_U_SUB_ROM[6].ROM_dout_reg_reg[5]/CLK->D
          Group: clk
     Startpoint: (R) PIPELINES[5].ROUNDS[6].U_ROUND_U_SUB_ROM[6].ROM_sram/clk
          Clock: (R) clk
       Endpoint: (F) PIPELINES[5].ROUNDS[6].U_ROUND_U_SUB_ROM[6].ROM_dout_reg_reg[5]/D
          Clock: (R) clk

                     Capture       Launch     
        Clock Edge:+     900            0     
       Src Latency:+       0            0     
       Net Latency:+       0 (I)        0 (I) 
           Arrival:=     900            0     
                                              
             Setup:-       4                  
     Required Time:=     896                  
      Launch Clock:-       0                  
         Data Path:-   67938                  
             Slack:=  -67042                  

#-------------------------------------------------------------------------------------------------------------------------------------------------------------------
#                           Timing Point                            Flags         Arc        Edge          Cell            Fanout Load Trans Delay Arrival Instance 
#                                                                                                                                 (fF)  (ps)  (ps)   (ps)  Location 
#-------------------------------------------------------------------------------------------------------------------------------------------------------------------
  PIPELINES[5].ROUNDS[6].U_ROUND_U_SUB_ROM[6].ROM_sram/clk          -       -                R     (arrival)                60672    -     0     0       0    (-,-) 
  PIPELINES[5].ROUNDS[6].U_ROUND_U_SUB_ROM[6].ROM_sram/dataout[13]  -       clk->dataout[13] R     srambank_64x4x16_6t122       1  2.8  6539 67716   67716    (-,-) 
  drc_bufs15985/Y                                                   -       A->Y             R     BUFx12f_ASAP7_75t_L          1  2.4   161   170   67886    (-,-) 
  g20381/Y                                                          -       A->Y             F     NAND2x2_ASAP7_75t_L          1  0.9    26     3   67889    (-,-) 
  drc31921/Y                                                        -       A->Y             F     BUFx2_ASAP7_75t_L            1  0.9     8    20   67908    (-,-) 
  drc_bufs583641/Y                                                  -       A->Y             F     BUFx2_ASAP7_75t_L            1  1.4     8    16   67924    (-,-) 
  g20904/Y                                                          -       B->Y             F     AND2x4_ASAP7_75t_L           1  1.0     6    14   67938    (-,-) 
  PIPELINES[5].ROUNDS[6].U_ROUND_U_SUB_ROM[6].ROM_dout_reg_reg[5]/D -       -                F     DFFASRHQNx1_ASAP7_75t_L      1    -     -     0   67938    (-,-) 
#-------------------------------------------------------------------------------------------------------------------------------------------------------------------



Path 23: VIOLATED (-67042 ps) Setup Check with Pin PIPELINES[5].ROUNDS[6].U_ROUND_U_SUB_ROM[11].ROM_dout_reg_reg[4]/CLK->D
          Group: clk
     Startpoint: (R) PIPELINES[5].ROUNDS[6].U_ROUND_U_SUB_ROM[11].ROM_sram/clk
          Clock: (R) clk
       Endpoint: (F) PIPELINES[5].ROUNDS[6].U_ROUND_U_SUB_ROM[11].ROM_dout_reg_reg[4]/D
          Clock: (R) clk

                     Capture       Launch     
        Clock Edge:+     900            0     
       Src Latency:+       0            0     
       Net Latency:+       0 (I)        0 (I) 
           Arrival:=     900            0     
                                              
             Setup:-       4                  
     Required Time:=     896                  
      Launch Clock:-       0                  
         Data Path:-   67938                  
             Slack:=  -67042                  

#--------------------------------------------------------------------------------------------------------------------------------------------------------------------
#                           Timing Point                             Flags         Arc        Edge          Cell            Fanout Load Trans Delay Arrival Instance 
#                                                                                                                                  (fF)  (ps)  (ps)   (ps)  Location 
#--------------------------------------------------------------------------------------------------------------------------------------------------------------------
  PIPELINES[5].ROUNDS[6].U_ROUND_U_SUB_ROM[11].ROM_sram/clk          -       -                R     (arrival)                60672    -     0     0       0    (-,-) 
  PIPELINES[5].ROUNDS[6].U_ROUND_U_SUB_ROM[11].ROM_sram/dataout[12]  -       clk->dataout[12] R     srambank_64x4x16_6t122       1  2.8  6539 67716   67716    (-,-) 
  drc_bufs9967/Y                                                     -       A->Y             R     BUFx12f_ASAP7_75t_L          1  2.4   161   170   67886    (-,-) 
  g20372/Y                                                           -       A->Y             F     NAND2x2_ASAP7_75t_L          1  0.9    26     3   67889    (-,-) 
  drc31923/Y                                                         -       A->Y             F     BUFx2_ASAP7_75t_L            1  0.9     8    20   67908    (-,-) 
  drc_bufs583639/Y                                                   -       A->Y             F     BUFx2_ASAP7_75t_L            1  1.4     8    16   67924    (-,-) 
  g21273/Y                                                           -       B->Y             F     AND2x4_ASAP7_75t_L           1  1.0     6    14   67938    (-,-) 
  PIPELINES[5].ROUNDS[6].U_ROUND_U_SUB_ROM[11].ROM_dout_reg_reg[4]/D -       -                F     DFFASRHQNx1_ASAP7_75t_L      1    -     -     0   67938    (-,-) 
#--------------------------------------------------------------------------------------------------------------------------------------------------------------------



Path 24: VIOLATED (-67042 ps) Setup Check with Pin PIPELINES[5].ROUNDS[6].U_ROUND_U_SUB_ROM[11].ROM_dout_reg_reg[5]/CLK->D
          Group: clk
     Startpoint: (R) PIPELINES[5].ROUNDS[6].U_ROUND_U_SUB_ROM[11].ROM_sram/clk
          Clock: (R) clk
       Endpoint: (F) PIPELINES[5].ROUNDS[6].U_ROUND_U_SUB_ROM[11].ROM_dout_reg_reg[5]/D
          Clock: (R) clk

                     Capture       Launch     
        Clock Edge:+     900            0     
       Src Latency:+       0            0     
       Net Latency:+       0 (I)        0 (I) 
           Arrival:=     900            0     
                                              
             Setup:-       4                  
     Required Time:=     896                  
      Launch Clock:-       0                  
         Data Path:-   67938                  
             Slack:=  -67042                  

#--------------------------------------------------------------------------------------------------------------------------------------------------------------------
#                           Timing Point                             Flags         Arc        Edge          Cell            Fanout Load Trans Delay Arrival Instance 
#                                                                                                                                  (fF)  (ps)  (ps)   (ps)  Location 
#--------------------------------------------------------------------------------------------------------------------------------------------------------------------
  PIPELINES[5].ROUNDS[6].U_ROUND_U_SUB_ROM[11].ROM_sram/clk          -       -                R     (arrival)                60672    -     0     0       0    (-,-) 
  PIPELINES[5].ROUNDS[6].U_ROUND_U_SUB_ROM[11].ROM_sram/dataout[13]  -       clk->dataout[13] R     srambank_64x4x16_6t122       1  2.8  6539 67716   67716    (-,-) 
  drc_bufs9859/Y                                                     -       A->Y             R     BUFx12f_ASAP7_75t_L          1  2.4   161   170   67886    (-,-) 
  g20375/Y                                                           -       A->Y             F     NAND2x2_ASAP7_75t_L          1  0.9    26     3   67889    (-,-) 
  drc32141/Y                                                         -       A->Y             F     BUFx2_ASAP7_75t_L            1  0.9     8    20   67908    (-,-) 
  drc_bufs20374/Y                                                    -       A->Y             F     BUFx2_ASAP7_75t_L            1  1.4     8    16   67924    (-,-) 
  g20991/Y                                                           -       B->Y             F     AND2x4_ASAP7_75t_L           1  1.0     6    14   67938    (-,-) 
  PIPELINES[5].ROUNDS[6].U_ROUND_U_SUB_ROM[11].ROM_dout_reg_reg[5]/D -       -                F     DFFASRHQNx1_ASAP7_75t_L      1    -     -     0   67938    (-,-) 
#--------------------------------------------------------------------------------------------------------------------------------------------------------------------



Path 25: VIOLATED (-67042 ps) Setup Check with Pin PIPELINES[7].ROUNDS[6].U_ROUND_U_SUB_ROM[2].ROM_dout_reg_reg[2]/CLK->D
          Group: clk
     Startpoint: (R) PIPELINES[7].ROUNDS[6].U_ROUND_U_SUB_ROM[2].ROM_sram/clk
          Clock: (R) clk
       Endpoint: (F) PIPELINES[7].ROUNDS[6].U_ROUND_U_SUB_ROM[2].ROM_dout_reg_reg[2]/D
          Clock: (R) clk

                     Capture       Launch     
        Clock Edge:+     900            0     
       Src Latency:+       0            0     
       Net Latency:+       0 (I)        0 (I) 
           Arrival:=     900            0     
                                              
             Setup:-       4                  
     Required Time:=     896                  
      Launch Clock:-       0                  
         Data Path:-   67938                  
             Slack:=  -67042                  

#-------------------------------------------------------------------------------------------------------------------------------------------------------------------
#                           Timing Point                            Flags         Arc        Edge          Cell            Fanout Load Trans Delay Arrival Instance 
#                                                                                                                                 (fF)  (ps)  (ps)   (ps)  Location 
#-------------------------------------------------------------------------------------------------------------------------------------------------------------------
  PIPELINES[7].ROUNDS[6].U_ROUND_U_SUB_ROM[2].ROM_sram/clk          -       -                R     (arrival)                60672    -     0     0       0    (-,-) 
  PIPELINES[7].ROUNDS[6].U_ROUND_U_SUB_ROM[2].ROM_sram/dataout[10]  -       clk->dataout[10] R     srambank_64x4x16_6t122       1  2.8  6539 67716   67716    (-,-) 
  drc_bufs18610/Y                                                   -       A->Y             R     BUFx12f_ASAP7_75t_L          1  2.4   161   170   67886    (-,-) 
  g20690/Y                                                          -       A->Y             F     NAND2x2_ASAP7_75t_L          1  0.9    26     3   67889    (-,-) 
  drc32061/Y                                                        -       A->Y             F     BUFx2_ASAP7_75t_L            1  0.9     8    20   67908    (-,-) 
  drc_bufs583637/Y                                                  -       A->Y             F     BUFx2_ASAP7_75t_L            1  1.4     8    16   67924    (-,-) 
  g21009/Y                                                          -       B->Y             F     AND2x4_ASAP7_75t_L           1  1.0     6    14   67938    (-,-) 
  PIPELINES[7].ROUNDS[6].U_ROUND_U_SUB_ROM[2].ROM_dout_reg_reg[2]/D -       -                F     DFFASRHQNx1_ASAP7_75t_L      1    -     -     0   67938    (-,-) 
#-------------------------------------------------------------------------------------------------------------------------------------------------------------------



Path 26: VIOLATED (-67042 ps) Setup Check with Pin PIPELINES[7].ROUNDS[6].U_ROUND_U_SUB_ROM[10].ROM_dout_reg_reg[0]/CLK->D
          Group: clk
     Startpoint: (R) PIPELINES[7].ROUNDS[6].U_ROUND_U_SUB_ROM[10].ROM_sram/clk
          Clock: (R) clk
       Endpoint: (F) PIPELINES[7].ROUNDS[6].U_ROUND_U_SUB_ROM[10].ROM_dout_reg_reg[0]/D
          Clock: (R) clk

                     Capture       Launch     
        Clock Edge:+     900            0     
       Src Latency:+       0            0     
       Net Latency:+       0 (I)        0 (I) 
           Arrival:=     900            0     
                                              
             Setup:-       4                  
     Required Time:=     896                  
      Launch Clock:-       0                  
         Data Path:-   67938                  
             Slack:=  -67042                  

#-------------------------------------------------------------------------------------------------------------------------------------------------------------------
#                           Timing Point                             Flags        Arc        Edge          Cell            Fanout Load Trans Delay Arrival Instance 
#                                                                                                                                 (fF)  (ps)  (ps)   (ps)  Location 
#-------------------------------------------------------------------------------------------------------------------------------------------------------------------
  PIPELINES[7].ROUNDS[6].U_ROUND_U_SUB_ROM[10].ROM_sram/clk          -       -               R     (arrival)                60672    -     0     0       0    (-,-) 
  PIPELINES[7].ROUNDS[6].U_ROUND_U_SUB_ROM[10].ROM_sram/dataout[8]   -       clk->dataout[8] R     srambank_64x4x16_6t122       1  2.8  6539 67716   67716    (-,-) 
  drc_bufs18130/Y                                                    -       A->Y            R     BUFx12f_ASAP7_75t_L          1  2.4   161   170   67886    (-,-) 
  g20726/Y                                                           -       A->Y            F     NAND2x2_ASAP7_75t_L          1  0.9    26     3   67889    (-,-) 
  drc32219/Y                                                         -       A->Y            F     BUFx2_ASAP7_75t_L            1  0.9     8    20   67908    (-,-) 
  drc_bufs583635/Y                                                   -       A->Y            F     BUFx2_ASAP7_75t_L            1  1.4     8    16   67924    (-,-) 
  g21363/Y                                                           -       B->Y            F     AND2x4_ASAP7_75t_L           1  1.0     6    14   67938    (-,-) 
  PIPELINES[7].ROUNDS[6].U_ROUND_U_SUB_ROM[10].ROM_dout_reg_reg[0]/D -       -               F     DFFASRHQNx1_ASAP7_75t_L      1    -     -     0   67938    (-,-) 
#-------------------------------------------------------------------------------------------------------------------------------------------------------------------



Path 27: VIOLATED (-67042 ps) Setup Check with Pin PIPELINES[2].ROUNDS[6].U_ROUND_U_SUB_ROM[12].ROM_dout_reg_reg[4]/CLK->D
          Group: clk
     Startpoint: (R) PIPELINES[2].ROUNDS[6].U_ROUND_U_SUB_ROM[12].ROM_sram/clk
          Clock: (R) clk
       Endpoint: (F) PIPELINES[2].ROUNDS[6].U_ROUND_U_SUB_ROM[12].ROM_dout_reg_reg[4]/D
          Clock: (R) clk

                     Capture       Launch     
        Clock Edge:+     900            0     
       Src Latency:+       0            0     
       Net Latency:+       0 (I)        0 (I) 
           Arrival:=     900            0     
                                              
             Setup:-       4                  
     Required Time:=     896                  
      Launch Clock:-       0                  
         Data Path:-   67938                  
             Slack:=  -67042                  

#--------------------------------------------------------------------------------------------------------------------------------------------------------------------
#                           Timing Point                             Flags         Arc        Edge          Cell            Fanout Load Trans Delay Arrival Instance 
#                                                                                                                                  (fF)  (ps)  (ps)   (ps)  Location 
#--------------------------------------------------------------------------------------------------------------------------------------------------------------------
  PIPELINES[2].ROUNDS[6].U_ROUND_U_SUB_ROM[12].ROM_sram/clk          -       -                R     (arrival)                60672    -     0     0       0    (-,-) 
  PIPELINES[2].ROUNDS[6].U_ROUND_U_SUB_ROM[12].ROM_sram/dataout[12]  -       clk->dataout[12] R     srambank_64x4x16_6t122       1  2.8  6539 67716   67716    (-,-) 
  drc_bufs18763/Y                                                    -       A->Y             R     BUFx12f_ASAP7_75t_L          1  2.4   161   170   67886    (-,-) 
  g20708/Y                                                           -       A->Y             F     NAND2x2_ASAP7_75t_L          1  0.9    26     3   67889    (-,-) 
  drc31922/Y                                                         -       A->Y             F     BUFx2_ASAP7_75t_L            1  0.9     8    20   67908    (-,-) 
  drc_bufs583633/Y                                                   -       A->Y             F     BUFx2_ASAP7_75t_L            1  1.4     8    16   67924    (-,-) 
  g20967/Y                                                           -       B->Y             F     AND2x4_ASAP7_75t_L           1  1.0     6    14   67938    (-,-) 
  PIPELINES[2].ROUNDS[6].U_ROUND_U_SUB_ROM[12].ROM_dout_reg_reg[4]/D -       -                F     DFFASRHQNx1_ASAP7_75t_L      1    -     -     0   67938    (-,-) 
#--------------------------------------------------------------------------------------------------------------------------------------------------------------------



Path 28: VIOLATED (-67042 ps) Setup Check with Pin PIPELINES[1].ROUNDS[6].U_ROUND_U_SUB_ROM[4].ROM_dout_reg_reg[6]/CLK->D
          Group: clk
     Startpoint: (R) PIPELINES[1].ROUNDS[6].U_ROUND_U_SUB_ROM[4].ROM_sram/clk
          Clock: (R) clk
       Endpoint: (F) PIPELINES[1].ROUNDS[6].U_ROUND_U_SUB_ROM[4].ROM_dout_reg_reg[6]/D
          Clock: (R) clk

                     Capture       Launch     
        Clock Edge:+     900            0     
       Src Latency:+       0            0     
       Net Latency:+       0 (I)        0 (I) 
           Arrival:=     900            0     
                                              
             Setup:-       4                  
     Required Time:=     896                  
      Launch Clock:-       0                  
         Data Path:-   67938                  
             Slack:=  -67042                  

#-------------------------------------------------------------------------------------------------------------------------------------------------------------------
#                           Timing Point                            Flags         Arc        Edge          Cell            Fanout Load Trans Delay Arrival Instance 
#                                                                                                                                 (fF)  (ps)  (ps)   (ps)  Location 
#-------------------------------------------------------------------------------------------------------------------------------------------------------------------
  PIPELINES[1].ROUNDS[6].U_ROUND_U_SUB_ROM[4].ROM_sram/clk          -       -                R     (arrival)                60672    -     0     0       0    (-,-) 
  PIPELINES[1].ROUNDS[6].U_ROUND_U_SUB_ROM[4].ROM_sram/dataout[14]  -       clk->dataout[14] R     srambank_64x4x16_6t122       1  2.8  6539 67716   67716    (-,-) 
  drc_bufs14761/Y                                                   -       A->Y             R     BUFx12f_ASAP7_75t_L          1  2.4   161   170   67886    (-,-) 
  g20435/Y                                                          -       A->Y             F     NAND2x2_ASAP7_75t_L          1  0.9    26     3   67889    (-,-) 
  drc32093/Y                                                        -       A->Y             F     BUFx2_ASAP7_75t_L            1  0.9     8    20   67908    (-,-) 
  drc_bufs583631/Y                                                  -       A->Y             F     BUFx2_ASAP7_75t_L            1  1.4     8    16   67924    (-,-) 
  g21156/Y                                                          -       B->Y             F     AND2x4_ASAP7_75t_L           1  1.0     6    14   67938    (-,-) 
  PIPELINES[1].ROUNDS[6].U_ROUND_U_SUB_ROM[4].ROM_dout_reg_reg[6]/D -       -                F     DFFASRHQNx1_ASAP7_75t_L      1    -     -     0   67938    (-,-) 
#-------------------------------------------------------------------------------------------------------------------------------------------------------------------



Path 29: VIOLATED (-67042 ps) Setup Check with Pin PIPELINES[1].ROUNDS[6].U_ROUND_U_SUB_ROM[1].ROM_dout_reg_reg[4]/CLK->D
          Group: clk
     Startpoint: (R) PIPELINES[1].ROUNDS[6].U_ROUND_U_SUB_ROM[1].ROM_sram/clk
          Clock: (R) clk
       Endpoint: (F) PIPELINES[1].ROUNDS[6].U_ROUND_U_SUB_ROM[1].ROM_dout_reg_reg[4]/D
          Clock: (R) clk

                     Capture       Launch     
        Clock Edge:+     900            0     
       Src Latency:+       0            0     
       Net Latency:+       0 (I)        0 (I) 
           Arrival:=     900            0     
                                              
             Setup:-       4                  
     Required Time:=     896                  
      Launch Clock:-       0                  
         Data Path:-   67938                  
             Slack:=  -67042                  

#-------------------------------------------------------------------------------------------------------------------------------------------------------------------
#                           Timing Point                            Flags         Arc        Edge          Cell            Fanout Load Trans Delay Arrival Instance 
#                                                                                                                                 (fF)  (ps)  (ps)   (ps)  Location 
#-------------------------------------------------------------------------------------------------------------------------------------------------------------------
  PIPELINES[1].ROUNDS[6].U_ROUND_U_SUB_ROM[1].ROM_sram/clk          -       -                R     (arrival)                60672    -     0     0       0    (-,-) 
  PIPELINES[1].ROUNDS[6].U_ROUND_U_SUB_ROM[1].ROM_sram/dataout[12]  -       clk->dataout[12] R     srambank_64x4x16_6t122       1  2.8  6539 67716   67716    (-,-) 
  drc_bufs14941/Y                                                   -       A->Y             R     BUFx12f_ASAP7_75t_L          1  2.4   161   170   67886    (-,-) 
  g20480/Y                                                          -       A->Y             F     NAND2x2_ASAP7_75t_L          1  0.9    26     3   67889    (-,-) 
  drc31960/Y                                                        -       A->Y             F     BUFx2_ASAP7_75t_L            1  0.9     8    20   67908    (-,-) 
  drc_bufs583629/Y                                                  -       A->Y             F     BUFx2_ASAP7_75t_L            1  1.4     8    16   67924    (-,-) 
  g21261/Y                                                          -       B->Y             F     AND2x4_ASAP7_75t_L           1  1.0     6    14   67938    (-,-) 
  PIPELINES[1].ROUNDS[6].U_ROUND_U_SUB_ROM[1].ROM_dout_reg_reg[4]/D -       -                F     DFFASRHQNx1_ASAP7_75t_L      1    -     -     0   67938    (-,-) 
#-------------------------------------------------------------------------------------------------------------------------------------------------------------------



Path 30: VIOLATED (-67042 ps) Setup Check with Pin PIPELINES[1].ROUNDS[6].U_ROUND_U_SUB_ROM[1].ROM_dout_reg_reg[3]/CLK->D
          Group: clk
     Startpoint: (R) PIPELINES[1].ROUNDS[6].U_ROUND_U_SUB_ROM[1].ROM_sram/clk
          Clock: (R) clk
       Endpoint: (F) PIPELINES[1].ROUNDS[6].U_ROUND_U_SUB_ROM[1].ROM_dout_reg_reg[3]/D
          Clock: (R) clk

                     Capture       Launch     
        Clock Edge:+     900            0     
       Src Latency:+       0            0     
       Net Latency:+       0 (I)        0 (I) 
           Arrival:=     900            0     
                                              
             Setup:-       4                  
     Required Time:=     896                  
      Launch Clock:-       0                  
         Data Path:-   67938                  
             Slack:=  -67042                  

#-------------------------------------------------------------------------------------------------------------------------------------------------------------------
#                           Timing Point                            Flags         Arc        Edge          Cell            Fanout Load Trans Delay Arrival Instance 
#                                                                                                                                 (fF)  (ps)  (ps)   (ps)  Location 
#-------------------------------------------------------------------------------------------------------------------------------------------------------------------
  PIPELINES[1].ROUNDS[6].U_ROUND_U_SUB_ROM[1].ROM_sram/clk          -       -                R     (arrival)                60672    -     0     0       0    (-,-) 
  PIPELINES[1].ROUNDS[6].U_ROUND_U_SUB_ROM[1].ROM_sram/dataout[11]  -       clk->dataout[11] R     srambank_64x4x16_6t122       1  2.8  6539 67716   67716    (-,-) 
  drc_bufs14950/Y                                                   -       A->Y             R     BUFx12f_ASAP7_75t_L          1  2.4   161   170   67886    (-,-) 
  g20516/Y                                                          -       A->Y             F     NAND2x2_ASAP7_75t_L          1  0.9    26     3   67889    (-,-) 
  drc31945/Y                                                        -       A->Y             F     BUFx2_ASAP7_75t_L            1  0.9     8    20   67908    (-,-) 
  drc_bufs583627/Y                                                  -       A->Y             F     BUFx2_ASAP7_75t_L            1  1.4     8    16   67924    (-,-) 
  g21321/Y                                                          -       B->Y             F     AND2x4_ASAP7_75t_L           1  1.0     6    14   67938    (-,-) 
  PIPELINES[1].ROUNDS[6].U_ROUND_U_SUB_ROM[1].ROM_dout_reg_reg[3]/D -       -                F     DFFASRHQNx1_ASAP7_75t_L      1    -     -     0   67938    (-,-) 
#-------------------------------------------------------------------------------------------------------------------------------------------------------------------



Path 31: VIOLATED (-67042 ps) Setup Check with Pin PIPELINES[6].ROUNDS[6].U_ROUND_U_SUB_ROM[12].ROM_dout_reg_reg[2]/CLK->D
          Group: clk
     Startpoint: (R) PIPELINES[6].ROUNDS[6].U_ROUND_U_SUB_ROM[12].ROM_sram/clk
          Clock: (R) clk
       Endpoint: (F) PIPELINES[6].ROUNDS[6].U_ROUND_U_SUB_ROM[12].ROM_dout_reg_reg[2]/D
          Clock: (R) clk

                     Capture       Launch     
        Clock Edge:+     900            0     
       Src Latency:+       0            0     
       Net Latency:+       0 (I)        0 (I) 
           Arrival:=     900            0     
                                              
             Setup:-       4                  
     Required Time:=     896                  
      Launch Clock:-       0                  
         Data Path:-   67938                  
             Slack:=  -67042                  

#--------------------------------------------------------------------------------------------------------------------------------------------------------------------
#                           Timing Point                             Flags         Arc        Edge          Cell            Fanout Load Trans Delay Arrival Instance 
#                                                                                                                                  (fF)  (ps)  (ps)   (ps)  Location 
#--------------------------------------------------------------------------------------------------------------------------------------------------------------------
  PIPELINES[6].ROUNDS[6].U_ROUND_U_SUB_ROM[12].ROM_sram/clk          -       -                R     (arrival)                60672    -     0     0       0    (-,-) 
  PIPELINES[6].ROUNDS[6].U_ROUND_U_SUB_ROM[12].ROM_sram/dataout[10]  -       clk->dataout[10] R     srambank_64x4x16_6t122       1  2.8  6539 67716   67716    (-,-) 
  drc_bufs22744/Y                                                    -       A->Y             R     BUFx12f_ASAP7_75t_L          1  2.4   161   170   67886    (-,-) 
  g20741/Y                                                           -       A->Y             F     NAND2x2_ASAP7_75t_L          1  0.9    26     3   67889    (-,-) 
  drc31967/Y                                                         -       A->Y             F     BUFx2_ASAP7_75t_L            1  0.9     8    20   67908    (-,-) 
  drc_bufs583625/Y                                                   -       A->Y             F     BUFx2_ASAP7_75t_L            1  1.4     8    16   67924    (-,-) 
  g21126/Y                                                           -       B->Y             F     AND2x4_ASAP7_75t_L           1  1.0     6    14   67938    (-,-) 
  PIPELINES[6].ROUNDS[6].U_ROUND_U_SUB_ROM[12].ROM_dout_reg_reg[2]/D -       -                F     DFFASRHQNx1_ASAP7_75t_L      1    -     -     0   67938    (-,-) 
#--------------------------------------------------------------------------------------------------------------------------------------------------------------------



Path 32: VIOLATED (-67042 ps) Setup Check with Pin PIPELINES[6].ROUNDS[6].U_ROUND_U_SUB_ROM[12].ROM_dout_reg_reg[6]/CLK->D
          Group: clk
     Startpoint: (R) PIPELINES[6].ROUNDS[6].U_ROUND_U_SUB_ROM[12].ROM_sram/clk
          Clock: (R) clk
       Endpoint: (F) PIPELINES[6].ROUNDS[6].U_ROUND_U_SUB_ROM[12].ROM_dout_reg_reg[6]/D
          Clock: (R) clk

                     Capture       Launch     
        Clock Edge:+     900            0     
       Src Latency:+       0            0     
       Net Latency:+       0 (I)        0 (I) 
           Arrival:=     900            0     
                                              
             Setup:-       4                  
     Required Time:=     896                  
      Launch Clock:-       0                  
         Data Path:-   67938                  
             Slack:=  -67042                  

#--------------------------------------------------------------------------------------------------------------------------------------------------------------------
#                           Timing Point                             Flags         Arc        Edge          Cell            Fanout Load Trans Delay Arrival Instance 
#                                                                                                                                  (fF)  (ps)  (ps)   (ps)  Location 
#--------------------------------------------------------------------------------------------------------------------------------------------------------------------
  PIPELINES[6].ROUNDS[6].U_ROUND_U_SUB_ROM[12].ROM_sram/clk          -       -                R     (arrival)                60672    -     0     0       0    (-,-) 
  PIPELINES[6].ROUNDS[6].U_ROUND_U_SUB_ROM[12].ROM_sram/dataout[14]  -       clk->dataout[14] R     srambank_64x4x16_6t122       1  2.8  6539 67716   67716    (-,-) 
  drc_bufs18448/Y                                                    -       A->Y             R     BUFx12f_ASAP7_75t_L          1  2.4   161   170   67886    (-,-) 
  g20642/Y                                                           -       A->Y             F     NAND2x2_ASAP7_75t_L          1  0.9    26     3   67889    (-,-) 
  drc32065/Y                                                         -       A->Y             F     BUFx2_ASAP7_75t_L            1  0.9     8    20   67908    (-,-) 
  drc_bufs583623/Y                                                   -       A->Y             F     BUFx2_ASAP7_75t_L            1  1.4     8    16   67924    (-,-) 
  g20859/Y                                                           -       B->Y             F     AND2x4_ASAP7_75t_L           1  1.0     6    14   67938    (-,-) 
  PIPELINES[6].ROUNDS[6].U_ROUND_U_SUB_ROM[12].ROM_dout_reg_reg[6]/D -       -                F     DFFASRHQNx1_ASAP7_75t_L      1    -     -     0   67938    (-,-) 
#--------------------------------------------------------------------------------------------------------------------------------------------------------------------



Path 33: VIOLATED (-67042 ps) Setup Check with Pin PIPELINES[6].ROUNDS[6].U_ROUND_U_SUB_ROM[1].ROM_dout_reg_reg[7]/CLK->D
          Group: clk
     Startpoint: (R) PIPELINES[6].ROUNDS[6].U_ROUND_U_SUB_ROM[1].ROM_sram/clk
          Clock: (R) clk
       Endpoint: (F) PIPELINES[6].ROUNDS[6].U_ROUND_U_SUB_ROM[1].ROM_dout_reg_reg[7]/D
          Clock: (R) clk

                     Capture       Launch     
        Clock Edge:+     900            0     
       Src Latency:+       0            0     
       Net Latency:+       0 (I)        0 (I) 
           Arrival:=     900            0     
                                              
             Setup:-       4                  
     Required Time:=     896                  
      Launch Clock:-       0                  
         Data Path:-   67938                  
             Slack:=  -67042                  

#-------------------------------------------------------------------------------------------------------------------------------------------------------------------
#                           Timing Point                            Flags         Arc        Edge          Cell            Fanout Load Trans Delay Arrival Instance 
#                                                                                                                                 (fF)  (ps)  (ps)   (ps)  Location 
#-------------------------------------------------------------------------------------------------------------------------------------------------------------------
  PIPELINES[6].ROUNDS[6].U_ROUND_U_SUB_ROM[1].ROM_sram/clk          -       -                R     (arrival)                60672    -     0     0       0    (-,-) 
  PIPELINES[6].ROUNDS[6].U_ROUND_U_SUB_ROM[1].ROM_sram/dataout[15]  -       clk->dataout[15] R     srambank_64x4x16_6t122       1  2.8  6539 67716   67716    (-,-) 
  drc_bufs19750/Y                                                   -       A->Y             R     BUFx12f_ASAP7_75t_L          1  2.4   161   170   67886    (-,-) 
  g20618/Y                                                          -       A->Y             F     NAND2x2_ASAP7_75t_L          1  0.9    26     3   67889    (-,-) 
  drc31969/Y                                                        -       A->Y             F     BUFx2_ASAP7_75t_L            1  0.9     8    20   67908    (-,-) 
  drc_bufs583621/Y                                                  -       A->Y             F     BUFx2_ASAP7_75t_L            1  1.4     8    16   67924    (-,-) 
  g21324/Y                                                          -       B->Y             F     AND2x4_ASAP7_75t_L           1  1.0     6    14   67938    (-,-) 
  PIPELINES[6].ROUNDS[6].U_ROUND_U_SUB_ROM[1].ROM_dout_reg_reg[7]/D -       -                F     DFFASRHQNx1_ASAP7_75t_L      1    -     -     0   67938    (-,-) 
#-------------------------------------------------------------------------------------------------------------------------------------------------------------------



Path 34: VIOLATED (-67042 ps) Setup Check with Pin PIPELINES[6].ROUNDS[6].U_ROUND_U_SUB_ROM[1].ROM_dout_reg_reg[2]/CLK->D
          Group: clk
     Startpoint: (R) PIPELINES[6].ROUNDS[6].U_ROUND_U_SUB_ROM[1].ROM_sram/clk
          Clock: (R) clk
       Endpoint: (F) PIPELINES[6].ROUNDS[6].U_ROUND_U_SUB_ROM[1].ROM_dout_reg_reg[2]/D
          Clock: (R) clk

                     Capture       Launch     
        Clock Edge:+     900            0     
       Src Latency:+       0            0     
       Net Latency:+       0 (I)        0 (I) 
           Arrival:=     900            0     
                                              
             Setup:-       4                  
     Required Time:=     896                  
      Launch Clock:-       0                  
         Data Path:-   67938                  
             Slack:=  -67042                  

#-------------------------------------------------------------------------------------------------------------------------------------------------------------------
#                           Timing Point                            Flags         Arc        Edge          Cell            Fanout Load Trans Delay Arrival Instance 
#                                                                                                                                 (fF)  (ps)  (ps)   (ps)  Location 
#-------------------------------------------------------------------------------------------------------------------------------------------------------------------
  PIPELINES[6].ROUNDS[6].U_ROUND_U_SUB_ROM[1].ROM_sram/clk          -       -                R     (arrival)                60672    -     0     0       0    (-,-) 
  PIPELINES[6].ROUNDS[6].U_ROUND_U_SUB_ROM[1].ROM_sram/dataout[10]  -       clk->dataout[10] R     srambank_64x4x16_6t122       1  2.8  6539 67716   67716    (-,-) 
  drc_bufs19738/Y                                                   -       A->Y             R     BUFx12f_ASAP7_75t_L          1  2.4   161   170   67886    (-,-) 
  g20408/Y                                                          -       A->Y             F     NAND2x2_ASAP7_75t_L          1  0.9    26     3   67889    (-,-) 
  drc31930/Y                                                        -       A->Y             F     BUFx2_ASAP7_75t_L            1  0.9     8    20   67908    (-,-) 
  drc_bufs583619/Y                                                  -       A->Y             F     BUFx2_ASAP7_75t_L            1  1.4     8    16   67924    (-,-) 
  g21213/Y                                                          -       B->Y             F     AND2x4_ASAP7_75t_L           1  1.0     6    14   67938    (-,-) 
  PIPELINES[6].ROUNDS[6].U_ROUND_U_SUB_ROM[1].ROM_dout_reg_reg[2]/D -       -                F     DFFASRHQNx1_ASAP7_75t_L      1    -     -     0   67938    (-,-) 
#-------------------------------------------------------------------------------------------------------------------------------------------------------------------



Path 35: VIOLATED (-67042 ps) Setup Check with Pin PIPELINES[6].ROUNDS[6].U_ROUND_U_SUB_ROM[1].ROM_dout_reg_reg[3]/CLK->D
          Group: clk
     Startpoint: (R) PIPELINES[6].ROUNDS[6].U_ROUND_U_SUB_ROM[1].ROM_sram/clk
          Clock: (R) clk
       Endpoint: (F) PIPELINES[6].ROUNDS[6].U_ROUND_U_SUB_ROM[1].ROM_dout_reg_reg[3]/D
          Clock: (R) clk

                     Capture       Launch     
        Clock Edge:+     900            0     
       Src Latency:+       0            0     
       Net Latency:+       0 (I)        0 (I) 
           Arrival:=     900            0     
                                              
             Setup:-       4                  
     Required Time:=     896                  
      Launch Clock:-       0                  
         Data Path:-   67938                  
             Slack:=  -67042                  

#-------------------------------------------------------------------------------------------------------------------------------------------------------------------
#                           Timing Point                            Flags         Arc        Edge          Cell            Fanout Load Trans Delay Arrival Instance 
#                                                                                                                                 (fF)  (ps)  (ps)   (ps)  Location 
#-------------------------------------------------------------------------------------------------------------------------------------------------------------------
  PIPELINES[6].ROUNDS[6].U_ROUND_U_SUB_ROM[1].ROM_sram/clk          -       -                R     (arrival)                60672    -     0     0       0    (-,-) 
  PIPELINES[6].ROUNDS[6].U_ROUND_U_SUB_ROM[1].ROM_sram/dataout[11]  -       clk->dataout[11] R     srambank_64x4x16_6t122       1  2.8  6539 67716   67716    (-,-) 
  drc_bufs19741/Y                                                   -       A->Y             R     BUFx12f_ASAP7_75t_L          1  2.4   161   170   67886    (-,-) 
  g20588/Y                                                          -       A->Y             F     NAND2x2_ASAP7_75t_L          1  0.9    26     3   67889    (-,-) 
  drc32068/Y                                                        -       A->Y             F     BUFx2_ASAP7_75t_L            1  0.9     8    20   67908    (-,-) 
  drc_bufs583618/Y                                                  -       A->Y             F     BUFx2_ASAP7_75t_L            1  1.4     8    16   67924    (-,-) 
  g20901/Y                                                          -       B->Y             F     AND2x4_ASAP7_75t_L           1  1.0     6    14   67938    (-,-) 
  PIPELINES[6].ROUNDS[6].U_ROUND_U_SUB_ROM[1].ROM_dout_reg_reg[3]/D -       -                F     DFFASRHQNx1_ASAP7_75t_L      1    -     -     0   67938    (-,-) 
#-------------------------------------------------------------------------------------------------------------------------------------------------------------------



Path 36: VIOLATED (-67042 ps) Setup Check with Pin PIPELINES[6].ROUNDS[6].U_ROUND_U_SUB_ROM[12].ROM_dout_reg_reg[3]/CLK->D
          Group: clk
     Startpoint: (R) PIPELINES[6].ROUNDS[6].U_ROUND_U_SUB_ROM[12].ROM_sram/clk
          Clock: (R) clk
       Endpoint: (F) PIPELINES[6].ROUNDS[6].U_ROUND_U_SUB_ROM[12].ROM_dout_reg_reg[3]/D
          Clock: (R) clk

                     Capture       Launch     
        Clock Edge:+     900            0     
       Src Latency:+       0            0     
       Net Latency:+       0 (I)        0 (I) 
           Arrival:=     900            0     
                                              
             Setup:-      14                  
     Required Time:=     886                  
      Launch Clock:-       0                  
         Data Path:-   67929                  
             Slack:=  -67042                  

#--------------------------------------------------------------------------------------------------------------------------------------------------------------------
#                           Timing Point                             Flags         Arc        Edge          Cell            Fanout Load Trans Delay Arrival Instance 
#                                                                                                                                  (fF)  (ps)  (ps)   (ps)  Location 
#--------------------------------------------------------------------------------------------------------------------------------------------------------------------
  PIPELINES[6].ROUNDS[6].U_ROUND_U_SUB_ROM[12].ROM_sram/clk          -       -                R     (arrival)                60672    -     0     0       0    (-,-) 
  PIPELINES[6].ROUNDS[6].U_ROUND_U_SUB_ROM[12].ROM_sram/dataout[11]  -       clk->dataout[11] R     srambank_64x4x16_6t122       1  2.8  6539 67716   67716    (-,-) 
  drc_bufs18442/Y                                                    -       A->Y             R     BUFx12f_ASAP7_75t_L          1  9.1   160   186   67903    (-,-) 
  g571436/Y                                                          -       A->Y             F     CKINVDCx14_ASAP7_75t_L       1  2.2    25     8   67910    (-,-) 
  g571435/Y                                                          -       A->Y             R     INVx3_ASAP7_75t_L            1  1.0     9     7   67918    (-,-) 
  g571432/Y                                                          -       B2->Y            F     OAI22xp5_ASAP7_75t_L         1  1.0    37    11   67929    (-,-) 
  PIPELINES[6].ROUNDS[6].U_ROUND_U_SUB_ROM[12].ROM_dout_reg_reg[3]/D -       -                F     DFFASRHQNx1_ASAP7_75t_L      1    -     -     0   67929    (-,-) 
#--------------------------------------------------------------------------------------------------------------------------------------------------------------------



Path 37: VIOLATED (-67042 ps) Setup Check with Pin PIPELINES[7].ROUNDS[6].U_ROUND_U_SUB_ROM[3].ROM_dout_reg_reg[2]/CLK->D
          Group: clk
     Startpoint: (R) PIPELINES[7].ROUNDS[6].U_ROUND_U_SUB_ROM[3].ROM_sram/clk
          Clock: (R) clk
       Endpoint: (F) PIPELINES[7].ROUNDS[6].U_ROUND_U_SUB_ROM[3].ROM_dout_reg_reg[2]/D
          Clock: (R) clk

                     Capture       Launch     
        Clock Edge:+     900            0     
       Src Latency:+       0            0     
       Net Latency:+       0 (I)        0 (I) 
           Arrival:=     900            0     
                                              
             Setup:-       4                  
     Required Time:=     896                  
      Launch Clock:-       0                  
         Data Path:-   67938                  
             Slack:=  -67042                  

#-------------------------------------------------------------------------------------------------------------------------------------------------------------------
#                           Timing Point                            Flags         Arc        Edge          Cell            Fanout Load Trans Delay Arrival Instance 
#                                                                                                                                 (fF)  (ps)  (ps)   (ps)  Location 
#-------------------------------------------------------------------------------------------------------------------------------------------------------------------
  PIPELINES[7].ROUNDS[6].U_ROUND_U_SUB_ROM[3].ROM_sram/clk          -       -                R     (arrival)                60672    -     0     0       0    (-,-) 
  PIPELINES[7].ROUNDS[6].U_ROUND_U_SUB_ROM[3].ROM_sram/dataout[10]  -       clk->dataout[10] R     srambank_64x4x16_6t122       1  2.8  6539 67716   67716    (-,-) 
  drc_bufs18505/Y                                                   -       A->Y             R     BUFx12f_ASAP7_75t_L          1  2.4   161   170   67886    (-,-) 
  g20366/Y                                                          -       A->Y             F     NAND2x2_ASAP7_75t_L          1  0.9    26     3   67889    (-,-) 
  drc32087/Y                                                        -       A->Y             F     BUFx2_ASAP7_75t_L            1  0.9     8    20   67908    (-,-) 
  drc_bufs583616/Y                                                  -       A->Y             F     BUFx2_ASAP7_75t_L            1  1.4     8    16   67924    (-,-) 
  g21051/Y                                                          -       B->Y             F     AND2x4_ASAP7_75t_L           1  1.0     6    14   67938    (-,-) 
  PIPELINES[7].ROUNDS[6].U_ROUND_U_SUB_ROM[3].ROM_dout_reg_reg[2]/D -       -                F     DFFASRHQNx1_ASAP7_75t_L      1    -     -     0   67938    (-,-) 
#-------------------------------------------------------------------------------------------------------------------------------------------------------------------



Path 38: VIOLATED (-67042 ps) Setup Check with Pin PIPELINES[7].ROUNDS[6].U_ROUND_U_SUB_ROM[10].ROM_dout_reg_reg[7]/CLK->D
          Group: clk
     Startpoint: (R) PIPELINES[7].ROUNDS[6].U_ROUND_U_SUB_ROM[10].ROM_sram/clk
          Clock: (R) clk
       Endpoint: (F) PIPELINES[7].ROUNDS[6].U_ROUND_U_SUB_ROM[10].ROM_dout_reg_reg[7]/D
          Clock: (R) clk

                     Capture       Launch     
        Clock Edge:+     900            0     
       Src Latency:+       0            0     
       Net Latency:+       0 (I)        0 (I) 
           Arrival:=     900            0     
                                              
             Setup:-       4                  
     Required Time:=     896                  
      Launch Clock:-       0                  
         Data Path:-   67938                  
             Slack:=  -67042                  

#--------------------------------------------------------------------------------------------------------------------------------------------------------------------
#                           Timing Point                             Flags         Arc        Edge          Cell            Fanout Load Trans Delay Arrival Instance 
#                                                                                                                                  (fF)  (ps)  (ps)   (ps)  Location 
#--------------------------------------------------------------------------------------------------------------------------------------------------------------------
  PIPELINES[7].ROUNDS[6].U_ROUND_U_SUB_ROM[10].ROM_sram/clk          -       -                R     (arrival)                60672    -     0     0       0    (-,-) 
  PIPELINES[7].ROUNDS[6].U_ROUND_U_SUB_ROM[10].ROM_sram/dataout[15]  -       clk->dataout[15] R     srambank_64x4x16_6t122       1  2.8  6539 67716   67716    (-,-) 
  drc_bufs23044/Y                                                    -       A->Y             R     BUFx12f_ASAP7_75t_L          1  2.4   161   170   67886    (-,-) 
  g20390/Y                                                           -       A->Y             F     NAND2x2_ASAP7_75t_L          1  0.9    26     3   67889    (-,-) 
  drc32195/Y                                                         -       A->Y             F     BUFx2_ASAP7_75t_L            1  0.9     8    20   67908    (-,-) 
  drc_bufs583615/Y                                                   -       A->Y             F     BUFx2_ASAP7_75t_L            1  1.4     8    16   67924    (-,-) 
  g20931/Y                                                           -       B->Y             F     AND2x4_ASAP7_75t_L           1  1.0     6    14   67938    (-,-) 
  PIPELINES[7].ROUNDS[6].U_ROUND_U_SUB_ROM[10].ROM_dout_reg_reg[7]/D -       -                F     DFFASRHQNx1_ASAP7_75t_L      1    -     -     0   67938    (-,-) 
#--------------------------------------------------------------------------------------------------------------------------------------------------------------------



Path 39: VIOLATED (-67042 ps) Setup Check with Pin PIPELINES[7].ROUNDS[6].U_ROUND_U_SUB_ROM[0].ROM_dout_reg_reg[3]/CLK->D
          Group: clk
     Startpoint: (R) PIPELINES[7].ROUNDS[6].U_ROUND_U_SUB_ROM[0].ROM_sram/clk
          Clock: (R) clk
       Endpoint: (F) PIPELINES[7].ROUNDS[6].U_ROUND_U_SUB_ROM[0].ROM_dout_reg_reg[3]/D
          Clock: (R) clk

                     Capture       Launch     
        Clock Edge:+     900            0     
       Src Latency:+       0            0     
       Net Latency:+       0 (I)        0 (I) 
           Arrival:=     900            0     
                                              
             Setup:-       4                  
     Required Time:=     896                  
      Launch Clock:-       0                  
         Data Path:-   67938                  
             Slack:=  -67042                  

#-------------------------------------------------------------------------------------------------------------------------------------------------------------------
#                           Timing Point                            Flags         Arc        Edge          Cell            Fanout Load Trans Delay Arrival Instance 
#                                                                                                                                 (fF)  (ps)  (ps)   (ps)  Location 
#-------------------------------------------------------------------------------------------------------------------------------------------------------------------
  PIPELINES[7].ROUNDS[6].U_ROUND_U_SUB_ROM[0].ROM_sram/clk          -       -                R     (arrival)                60672    -     0     0       0    (-,-) 
  PIPELINES[7].ROUNDS[6].U_ROUND_U_SUB_ROM[0].ROM_sram/dataout[11]  -       clk->dataout[11] R     srambank_64x4x16_6t122       1  2.8  6539 67716   67716    (-,-) 
  drc_bufs23239/Y                                                   -       A->Y             R     BUFx12f_ASAP7_75t_L          1  2.4   161   170   67886    (-,-) 
  g20747/Y                                                          -       A->Y             F     NAND2x2_ASAP7_75t_L          1  0.9    26     3   67889    (-,-) 
  drc31917/Y                                                        -       A->Y             F     BUFx2_ASAP7_75t_L            1  0.9     8    20   67908    (-,-) 
  drc_bufs583613/Y                                                  -       A->Y             F     BUFx2_ASAP7_75t_L            1  1.4     8    16   67924    (-,-) 
  g21066/Y                                                          -       B->Y             F     AND2x4_ASAP7_75t_L           1  1.0     6    14   67938    (-,-) 
  PIPELINES[7].ROUNDS[6].U_ROUND_U_SUB_ROM[0].ROM_dout_reg_reg[3]/D -       -                F     DFFASRHQNx1_ASAP7_75t_L      1    -     -     0   67938    (-,-) 
#-------------------------------------------------------------------------------------------------------------------------------------------------------------------



Path 40: VIOLATED (-67042 ps) Setup Check with Pin PIPELINES[7].ROUNDS[6].U_ROUND_U_SUB_ROM[14].ROM_dout_reg_reg[1]/CLK->D
          Group: clk
     Startpoint: (R) PIPELINES[7].ROUNDS[6].U_ROUND_U_SUB_ROM[14].ROM_sram/clk
          Clock: (R) clk
       Endpoint: (F) PIPELINES[7].ROUNDS[6].U_ROUND_U_SUB_ROM[14].ROM_dout_reg_reg[1]/D
          Clock: (R) clk

                     Capture       Launch     
        Clock Edge:+     900            0     
       Src Latency:+       0            0     
       Net Latency:+       0 (I)        0 (I) 
           Arrival:=     900            0     
                                              
             Setup:-       4                  
     Required Time:=     896                  
      Launch Clock:-       0                  
         Data Path:-   67938                  
             Slack:=  -67042                  

#-------------------------------------------------------------------------------------------------------------------------------------------------------------------
#                           Timing Point                             Flags        Arc        Edge          Cell            Fanout Load Trans Delay Arrival Instance 
#                                                                                                                                 (fF)  (ps)  (ps)   (ps)  Location 
#-------------------------------------------------------------------------------------------------------------------------------------------------------------------
  PIPELINES[7].ROUNDS[6].U_ROUND_U_SUB_ROM[14].ROM_sram/clk          -       -               R     (arrival)                60672    -     0     0       0    (-,-) 
  PIPELINES[7].ROUNDS[6].U_ROUND_U_SUB_ROM[14].ROM_sram/dataout[9]   -       clk->dataout[9] R     srambank_64x4x16_6t122       1  2.8  6539 67716   67716    (-,-) 
  drc_bufs18550/Y                                                    -       A->Y            R     BUFx12f_ASAP7_75t_L          1  2.4   161   170   67886    (-,-) 
  g20729/Y                                                           -       A->Y            F     NAND2x2_ASAP7_75t_L          1  0.9    26     3   67889    (-,-) 
  drc32052/Y                                                         -       A->Y            F     BUFx2_ASAP7_75t_L            1  0.9     8    20   67908    (-,-) 
  drc_bufs583611/Y                                                   -       A->Y            F     BUFx2_ASAP7_75t_L            1  1.4     8    16   67924    (-,-) 
  g21204/Y                                                           -       B->Y            F     AND2x4_ASAP7_75t_L           1  1.0     6    14   67938    (-,-) 
  PIPELINES[7].ROUNDS[6].U_ROUND_U_SUB_ROM[14].ROM_dout_reg_reg[1]/D -       -               F     DFFASRHQNx1_ASAP7_75t_L      1    -     -     0   67938    (-,-) 
#-------------------------------------------------------------------------------------------------------------------------------------------------------------------



Path 41: VIOLATED (-67042 ps) Setup Check with Pin PIPELINES[7].ROUNDS[6].U_ROUND_U_SUB_ROM[14].ROM_dout_reg_reg[4]/CLK->D
          Group: clk
     Startpoint: (R) PIPELINES[7].ROUNDS[6].U_ROUND_U_SUB_ROM[14].ROM_sram/clk
          Clock: (R) clk
       Endpoint: (F) PIPELINES[7].ROUNDS[6].U_ROUND_U_SUB_ROM[14].ROM_dout_reg_reg[4]/D
          Clock: (R) clk

                     Capture       Launch     
        Clock Edge:+     900            0     
       Src Latency:+       0            0     
       Net Latency:+       0 (I)        0 (I) 
           Arrival:=     900            0     
                                              
             Setup:-       4                  
     Required Time:=     896                  
      Launch Clock:-       0                  
         Data Path:-   67938                  
             Slack:=  -67042                  

#--------------------------------------------------------------------------------------------------------------------------------------------------------------------
#                           Timing Point                             Flags         Arc        Edge          Cell            Fanout Load Trans Delay Arrival Instance 
#                                                                                                                                  (fF)  (ps)  (ps)   (ps)  Location 
#--------------------------------------------------------------------------------------------------------------------------------------------------------------------
  PIPELINES[7].ROUNDS[6].U_ROUND_U_SUB_ROM[14].ROM_sram/clk          -       -                R     (arrival)                60672    -     0     0       0    (-,-) 
  PIPELINES[7].ROUNDS[6].U_ROUND_U_SUB_ROM[14].ROM_sram/dataout[12]  -       clk->dataout[12] R     srambank_64x4x16_6t122       1  2.8  6539 67716   67716    (-,-) 
  drc_bufs22624/Y                                                    -       A->Y             R     BUFx12f_ASAP7_75t_L          1  2.4   161   170   67886    (-,-) 
  g20492/Y                                                           -       A->Y             F     NAND2x2_ASAP7_75t_L          1  0.9    26     3   67889    (-,-) 
  drc31947/Y                                                         -       A->Y             F     BUFx2_ASAP7_75t_L            1  0.9     8    20   67908    (-,-) 
  drc_bufs583609/Y                                                   -       A->Y             F     BUFx2_ASAP7_75t_L            1  1.4     8    16   67924    (-,-) 
  g20898/Y                                                           -       B->Y             F     AND2x4_ASAP7_75t_L           1  1.0     6    14   67938    (-,-) 
  PIPELINES[7].ROUNDS[6].U_ROUND_U_SUB_ROM[14].ROM_dout_reg_reg[4]/D -       -                F     DFFASRHQNx1_ASAP7_75t_L      1    -     -     0   67938    (-,-) 
#--------------------------------------------------------------------------------------------------------------------------------------------------------------------



Path 42: VIOLATED (-67042 ps) Setup Check with Pin PIPELINES[7].ROUNDS[6].U_ROUND_U_SUB_ROM[3].ROM_dout_reg_reg[4]/CLK->D
          Group: clk
     Startpoint: (R) PIPELINES[7].ROUNDS[6].U_ROUND_U_SUB_ROM[3].ROM_sram/clk
          Clock: (R) clk
       Endpoint: (F) PIPELINES[7].ROUNDS[6].U_ROUND_U_SUB_ROM[3].ROM_dout_reg_reg[4]/D
          Clock: (R) clk

                     Capture       Launch     
        Clock Edge:+     900            0     
       Src Latency:+       0            0     
       Net Latency:+       0 (I)        0 (I) 
           Arrival:=     900            0     
                                              
             Setup:-       4                  
     Required Time:=     896                  
      Launch Clock:-       0                  
         Data Path:-   67938                  
             Slack:=  -67042                  

#-------------------------------------------------------------------------------------------------------------------------------------------------------------------
#                           Timing Point                            Flags         Arc        Edge          Cell            Fanout Load Trans Delay Arrival Instance 
#                                                                                                                                 (fF)  (ps)  (ps)   (ps)  Location 
#-------------------------------------------------------------------------------------------------------------------------------------------------------------------
  PIPELINES[7].ROUNDS[6].U_ROUND_U_SUB_ROM[3].ROM_sram/clk          -       -                R     (arrival)                60672    -     0     0       0    (-,-) 
  PIPELINES[7].ROUNDS[6].U_ROUND_U_SUB_ROM[3].ROM_sram/dataout[12]  -       clk->dataout[12] R     srambank_64x4x16_6t122       1  2.8  6539 67716   67716    (-,-) 
  drc_bufs18511/Y                                                   -       A->Y             R     BUFx12f_ASAP7_75t_L          1  2.4   161   170   67886    (-,-) 
  g20654/Y                                                          -       A->Y             F     NAND2x2_ASAP7_75t_L          1  0.9    26     3   67889    (-,-) 
  drc32203/Y                                                        -       A->Y             F     BUFx2_ASAP7_75t_L            1  0.9     8    20   67908    (-,-) 
  drc_bufs20653/Y                                                   -       A->Y             F     BUFx2_ASAP7_75t_L            1  1.4     8    16   67924    (-,-) 
  g20955/Y                                                          -       B->Y             F     AND2x4_ASAP7_75t_L           1  1.0     6    14   67938    (-,-) 
  PIPELINES[7].ROUNDS[6].U_ROUND_U_SUB_ROM[3].ROM_dout_reg_reg[4]/D -       -                F     DFFASRHQNx1_ASAP7_75t_L      1    -     -     0   67938    (-,-) 
#-------------------------------------------------------------------------------------------------------------------------------------------------------------------



Path 43: VIOLATED (-67042 ps) Setup Check with Pin PIPELINES[7].ROUNDS[6].U_ROUND_U_SUB_ROM[2].ROM_dout_reg_reg[5]/CLK->D
          Group: clk
     Startpoint: (R) PIPELINES[7].ROUNDS[6].U_ROUND_U_SUB_ROM[2].ROM_sram/clk
          Clock: (R) clk
       Endpoint: (F) PIPELINES[7].ROUNDS[6].U_ROUND_U_SUB_ROM[2].ROM_dout_reg_reg[5]/D
          Clock: (R) clk

                     Capture       Launch     
        Clock Edge:+     900            0     
       Src Latency:+       0            0     
       Net Latency:+       0 (I)        0 (I) 
           Arrival:=     900            0     
                                              
             Setup:-       4                  
     Required Time:=     896                  
      Launch Clock:-       0                  
         Data Path:-   67938                  
             Slack:=  -67042                  

#-------------------------------------------------------------------------------------------------------------------------------------------------------------------
#                           Timing Point                            Flags         Arc        Edge          Cell            Fanout Load Trans Delay Arrival Instance 
#                                                                                                                                 (fF)  (ps)  (ps)   (ps)  Location 
#-------------------------------------------------------------------------------------------------------------------------------------------------------------------
  PIPELINES[7].ROUNDS[6].U_ROUND_U_SUB_ROM[2].ROM_sram/clk          -       -                R     (arrival)                60672    -     0     0       0    (-,-) 
  PIPELINES[7].ROUNDS[6].U_ROUND_U_SUB_ROM[2].ROM_sram/dataout[13]  -       clk->dataout[13] R     srambank_64x4x16_6t122       1  2.8  6539 67716   67716    (-,-) 
  drc_bufs18616/Y                                                   -       A->Y             R     BUFx12f_ASAP7_75t_L          1  2.4   161   170   67886    (-,-) 
  g20363/Y                                                          -       A->Y             F     NAND2x2_ASAP7_75t_L          1  0.9    26     3   67889    (-,-) 
  drc32034/Y                                                        -       A->Y             F     BUFx2_ASAP7_75t_L            1  0.9     8    20   67908    (-,-) 
  drc_bufs583606/Y                                                  -       A->Y             F     BUFx2_ASAP7_75t_L            1  1.4     8    16   67924    (-,-) 
  g21267/Y                                                          -       B->Y             F     AND2x4_ASAP7_75t_L           1  1.0     6    14   67938    (-,-) 
  PIPELINES[7].ROUNDS[6].U_ROUND_U_SUB_ROM[2].ROM_dout_reg_reg[5]/D -       -                F     DFFASRHQNx1_ASAP7_75t_L      1    -     -     0   67938    (-,-) 
#-------------------------------------------------------------------------------------------------------------------------------------------------------------------



Path 44: VIOLATED (-67042 ps) Setup Check with Pin PIPELINES[7].ROUNDS[6].U_ROUND_U_SUB_ROM[2].ROM_dout_reg_reg[7]/CLK->D
          Group: clk
     Startpoint: (R) PIPELINES[7].ROUNDS[6].U_ROUND_U_SUB_ROM[2].ROM_sram/clk
          Clock: (R) clk
       Endpoint: (F) PIPELINES[7].ROUNDS[6].U_ROUND_U_SUB_ROM[2].ROM_dout_reg_reg[7]/D
          Clock: (R) clk

                     Capture       Launch     
        Clock Edge:+     900            0     
       Src Latency:+       0            0     
       Net Latency:+       0 (I)        0 (I) 
           Arrival:=     900            0     
                                              
             Setup:-       4                  
     Required Time:=     896                  
      Launch Clock:-       0                  
         Data Path:-   67938                  
             Slack:=  -67042                  

#-------------------------------------------------------------------------------------------------------------------------------------------------------------------
#                           Timing Point                            Flags         Arc        Edge          Cell            Fanout Load Trans Delay Arrival Instance 
#                                                                                                                                 (fF)  (ps)  (ps)   (ps)  Location 
#-------------------------------------------------------------------------------------------------------------------------------------------------------------------
  PIPELINES[7].ROUNDS[6].U_ROUND_U_SUB_ROM[2].ROM_sram/clk          -       -                R     (arrival)                60672    -     0     0       0    (-,-) 
  PIPELINES[7].ROUNDS[6].U_ROUND_U_SUB_ROM[2].ROM_sram/dataout[15]  -       clk->dataout[15] R     srambank_64x4x16_6t122       1  2.8  6539 67716   67716    (-,-) 
  drc_bufs22573/Y                                                   -       A->Y             R     BUFx12f_ASAP7_75t_L          1  2.4   161   170   67886    (-,-) 
  g20420/Y                                                          -       A->Y             F     NAND2x2_ASAP7_75t_L          1  0.9    26     3   67889    (-,-) 
  drc31933/Y                                                        -       A->Y             F     BUFx2_ASAP7_75t_L            1  0.9     8    20   67908    (-,-) 
  drc_bufs583604/Y                                                  -       A->Y             F     BUFx2_ASAP7_75t_L            1  1.4     8    16   67924    (-,-) 
  g21078/Y                                                          -       B->Y             F     AND2x4_ASAP7_75t_L           1  1.0     6    14   67938    (-,-) 
  PIPELINES[7].ROUNDS[6].U_ROUND_U_SUB_ROM[2].ROM_dout_reg_reg[7]/D -       -                F     DFFASRHQNx1_ASAP7_75t_L      1    -     -     0   67938    (-,-) 
#-------------------------------------------------------------------------------------------------------------------------------------------------------------------



Path 45: VIOLATED (-67042 ps) Setup Check with Pin PIPELINES[2].ROUNDS[6].U_ROUND_U_SUB_ROM[8].ROM_dout_reg_reg[4]/CLK->D
          Group: clk
     Startpoint: (R) PIPELINES[2].ROUNDS[6].U_ROUND_U_SUB_ROM[8].ROM_sram/clk
          Clock: (R) clk
       Endpoint: (F) PIPELINES[2].ROUNDS[6].U_ROUND_U_SUB_ROM[8].ROM_dout_reg_reg[4]/D
          Clock: (R) clk

                     Capture       Launch     
        Clock Edge:+     900            0     
       Src Latency:+       0            0     
       Net Latency:+       0 (I)        0 (I) 
           Arrival:=     900            0     
                                              
             Setup:-       4                  
     Required Time:=     896                  
      Launch Clock:-       0                  
         Data Path:-   67938                  
             Slack:=  -67042                  

#-------------------------------------------------------------------------------------------------------------------------------------------------------------------
#                           Timing Point                            Flags         Arc        Edge          Cell            Fanout Load Trans Delay Arrival Instance 
#                                                                                                                                 (fF)  (ps)  (ps)   (ps)  Location 
#-------------------------------------------------------------------------------------------------------------------------------------------------------------------
  PIPELINES[2].ROUNDS[6].U_ROUND_U_SUB_ROM[8].ROM_sram/clk          -       -                R     (arrival)                60672    -     0     0       0    (-,-) 
  PIPELINES[2].ROUNDS[6].U_ROUND_U_SUB_ROM[8].ROM_sram/dataout[12]  -       clk->dataout[12] R     srambank_64x4x16_6t122       1  2.8  6539 67716   67716    (-,-) 
  drc_bufs18046/Y                                                   -       A->Y             R     BUFx12f_ASAP7_75t_L          1  2.4   161   170   67886    (-,-) 
  g20549/Y                                                          -       A->Y             F     NAND2x2_ASAP7_75t_L          1  0.9    26     3   67889    (-,-) 
  drc31954/Y                                                        -       A->Y             F     BUFx2_ASAP7_75t_L            1  0.9     8    20   67908    (-,-) 
  drc_bufs583603/Y                                                  -       A->Y             F     BUFx2_ASAP7_75t_L            1  1.4     8    16   67924    (-,-) 
  g21291/Y                                                          -       B->Y             F     AND2x4_ASAP7_75t_L           1  1.0     6    14   67938    (-,-) 
  PIPELINES[2].ROUNDS[6].U_ROUND_U_SUB_ROM[8].ROM_dout_reg_reg[4]/D -       -                F     DFFASRHQNx1_ASAP7_75t_L      1    -     -     0   67938    (-,-) 
#-------------------------------------------------------------------------------------------------------------------------------------------------------------------



Path 46: VIOLATED (-67042 ps) Setup Check with Pin PIPELINES[2].ROUNDS[6].U_ROUND_U_SUB_ROM[12].ROM_dout_reg_reg[5]/CLK->D
          Group: clk
     Startpoint: (R) PIPELINES[2].ROUNDS[6].U_ROUND_U_SUB_ROM[12].ROM_sram/clk
          Clock: (R) clk
       Endpoint: (F) PIPELINES[2].ROUNDS[6].U_ROUND_U_SUB_ROM[12].ROM_dout_reg_reg[5]/D
          Clock: (R) clk

                     Capture       Launch     
        Clock Edge:+     900            0     
       Src Latency:+       0            0     
       Net Latency:+       0 (I)        0 (I) 
           Arrival:=     900            0     
                                              
             Setup:-       4                  
     Required Time:=     896                  
      Launch Clock:-       0                  
         Data Path:-   67938                  
             Slack:=  -67042                  

#--------------------------------------------------------------------------------------------------------------------------------------------------------------------
#                           Timing Point                             Flags         Arc        Edge          Cell            Fanout Load Trans Delay Arrival Instance 
#                                                                                                                                  (fF)  (ps)  (ps)   (ps)  Location 
#--------------------------------------------------------------------------------------------------------------------------------------------------------------------
  PIPELINES[2].ROUNDS[6].U_ROUND_U_SUB_ROM[12].ROM_sram/clk          -       -                R     (arrival)                60672    -     0     0       0    (-,-) 
  PIPELINES[2].ROUNDS[6].U_ROUND_U_SUB_ROM[12].ROM_sram/dataout[13]  -       clk->dataout[13] R     srambank_64x4x16_6t122       1  2.8  6539 67716   67716    (-,-) 
  drc_bufs18766/Y                                                    -       A->Y             R     BUFx12f_ASAP7_75t_L          1  2.4   161   170   67886    (-,-) 
  g20609/Y                                                           -       A->Y             F     NAND2x2_ASAP7_75t_L          1  0.9    26     3   67889    (-,-) 
  drc31964/Y                                                         -       A->Y             F     BUFx2_ASAP7_75t_L            1  0.9     8    20   67908    (-,-) 
  drc_bufs20608/Y                                                    -       A->Y             F     BUFx2_ASAP7_75t_L            1  1.4     8    16   67924    (-,-) 
  g20913/Y                                                           -       B->Y             F     AND2x4_ASAP7_75t_L           1  1.0     6    14   67938    (-,-) 
  PIPELINES[2].ROUNDS[6].U_ROUND_U_SUB_ROM[12].ROM_dout_reg_reg[5]/D -       -                F     DFFASRHQNx1_ASAP7_75t_L      1    -     -     0   67938    (-,-) 
#--------------------------------------------------------------------------------------------------------------------------------------------------------------------



Path 47: VIOLATED (-67042 ps) Setup Check with Pin PIPELINES[2].ROUNDS[6].U_ROUND_U_SUB_ROM[8].ROM_dout_reg_reg[7]/CLK->D
          Group: clk
     Startpoint: (R) PIPELINES[2].ROUNDS[6].U_ROUND_U_SUB_ROM[8].ROM_sram/clk
          Clock: (R) clk
       Endpoint: (F) PIPELINES[2].ROUNDS[6].U_ROUND_U_SUB_ROM[8].ROM_dout_reg_reg[7]/D
          Clock: (R) clk

                     Capture       Launch     
        Clock Edge:+     900            0     
       Src Latency:+       0            0     
       Net Latency:+       0 (I)        0 (I) 
           Arrival:=     900            0     
                                              
             Setup:-       4                  
     Required Time:=     896                  
      Launch Clock:-       0                  
         Data Path:-   67938                  
             Slack:=  -67042                  

#-------------------------------------------------------------------------------------------------------------------------------------------------------------------
#                           Timing Point                            Flags         Arc        Edge          Cell            Fanout Load Trans Delay Arrival Instance 
#                                                                                                                                 (fF)  (ps)  (ps)   (ps)  Location 
#-------------------------------------------------------------------------------------------------------------------------------------------------------------------
  PIPELINES[2].ROUNDS[6].U_ROUND_U_SUB_ROM[8].ROM_sram/clk          -       -                R     (arrival)                60672    -     0     0       0    (-,-) 
  PIPELINES[2].ROUNDS[6].U_ROUND_U_SUB_ROM[8].ROM_sram/dataout[15]  -       clk->dataout[15] R     srambank_64x4x16_6t122       1  2.8  6539 67716   67716    (-,-) 
  drc_bufs18052/Y                                                   -       A->Y             R     BUFx12f_ASAP7_75t_L          1  2.4   161   170   67886    (-,-) 
  g20345/Y                                                          -       A->Y             F     NAND2x2_ASAP7_75t_L          1  0.9    26     3   67889    (-,-) 
  drc32134/Y                                                        -       A->Y             F     BUFx2_ASAP7_75t_L            1  0.9     8    20   67908    (-,-) 
  drc_bufs583601/Y                                                  -       A->Y             F     BUFx2_ASAP7_75t_L            1  1.4     8    16   67924    (-,-) 
  g20883/Y                                                          -       B->Y             F     AND2x4_ASAP7_75t_L           1  1.0     6    14   67938    (-,-) 
  PIPELINES[2].ROUNDS[6].U_ROUND_U_SUB_ROM[8].ROM_dout_reg_reg[7]/D -       -                F     DFFASRHQNx1_ASAP7_75t_L      1    -     -     0   67938    (-,-) 
#-------------------------------------------------------------------------------------------------------------------------------------------------------------------



Path 48: VIOLATED (-67042 ps) Setup Check with Pin PIPELINES[2].ROUNDS[6].U_ROUND_U_SUB_ROM[12].ROM_dout_reg_reg[2]/CLK->D
          Group: clk
     Startpoint: (R) PIPELINES[2].ROUNDS[6].U_ROUND_U_SUB_ROM[12].ROM_sram/clk
          Clock: (R) clk
       Endpoint: (F) PIPELINES[2].ROUNDS[6].U_ROUND_U_SUB_ROM[12].ROM_dout_reg_reg[2]/D
          Clock: (R) clk

                     Capture       Launch     
        Clock Edge:+     900            0     
       Src Latency:+       0            0     
       Net Latency:+       0 (I)        0 (I) 
           Arrival:=     900            0     
                                              
             Setup:-       4                  
     Required Time:=     896                  
      Launch Clock:-       0                  
         Data Path:-   67938                  
             Slack:=  -67042                  

#--------------------------------------------------------------------------------------------------------------------------------------------------------------------
#                           Timing Point                             Flags         Arc        Edge          Cell            Fanout Load Trans Delay Arrival Instance 
#                                                                                                                                  (fF)  (ps)  (ps)   (ps)  Location 
#--------------------------------------------------------------------------------------------------------------------------------------------------------------------
  PIPELINES[2].ROUNDS[6].U_ROUND_U_SUB_ROM[12].ROM_sram/clk          -       -                R     (arrival)                60672    -     0     0       0    (-,-) 
  PIPELINES[2].ROUNDS[6].U_ROUND_U_SUB_ROM[12].ROM_sram/dataout[10]  -       clk->dataout[10] R     srambank_64x4x16_6t122       1  2.8  6539 67716   67716    (-,-) 
  drc_bufs22435/Y                                                    -       A->Y             R     BUFx12f_ASAP7_75t_L          1  2.4   161   170   67886    (-,-) 
  g20351/Y                                                           -       A->Y             F     NAND2x2_ASAP7_75t_L          1  0.9    26     3   67889    (-,-) 
  drc32115/Y                                                         -       A->Y             F     BUFx2_ASAP7_75t_L            1  0.9     8    20   67908    (-,-) 
  drc_bufs583600/Y                                                   -       A->Y             F     BUFx2_ASAP7_75t_L            1  1.4     8    16   67924    (-,-) 
  g21306/Y                                                           -       B->Y             F     AND2x4_ASAP7_75t_L           1  1.0     6    14   67938    (-,-) 
  PIPELINES[2].ROUNDS[6].U_ROUND_U_SUB_ROM[12].ROM_dout_reg_reg[2]/D -       -                F     DFFASRHQNx1_ASAP7_75t_L      1    -     -     0   67938    (-,-) 
#--------------------------------------------------------------------------------------------------------------------------------------------------------------------



Path 49: VIOLATED (-67042 ps) Setup Check with Pin PIPELINES[2].ROUNDS[6].U_ROUND_U_SUB_ROM[12].ROM_dout_reg_reg[7]/CLK->D
          Group: clk
     Startpoint: (R) PIPELINES[2].ROUNDS[6].U_ROUND_U_SUB_ROM[12].ROM_sram/clk
          Clock: (R) clk
       Endpoint: (F) PIPELINES[2].ROUNDS[6].U_ROUND_U_SUB_ROM[12].ROM_dout_reg_reg[7]/D
          Clock: (R) clk

                     Capture       Launch     
        Clock Edge:+     900            0     
       Src Latency:+       0            0     
       Net Latency:+       0 (I)        0 (I) 
           Arrival:=     900            0     
                                              
             Setup:-       4                  
     Required Time:=     896                  
      Launch Clock:-       0                  
         Data Path:-   67938                  
             Slack:=  -67042                  

#--------------------------------------------------------------------------------------------------------------------------------------------------------------------
#                           Timing Point                             Flags         Arc        Edge          Cell            Fanout Load Trans Delay Arrival Instance 
#                                                                                                                                  (fF)  (ps)  (ps)   (ps)  Location 
#--------------------------------------------------------------------------------------------------------------------------------------------------------------------
  PIPELINES[2].ROUNDS[6].U_ROUND_U_SUB_ROM[12].ROM_sram/clk          -       -                R     (arrival)                60672    -     0     0       0    (-,-) 
  PIPELINES[2].ROUNDS[6].U_ROUND_U_SUB_ROM[12].ROM_sram/dataout[15]  -       clk->dataout[15] R     srambank_64x4x16_6t122       1  2.8  6539 67716   67716    (-,-) 
  drc_bufs22426/Y                                                    -       A->Y             R     BUFx12f_ASAP7_75t_L          1  2.4   161   170   67886    (-,-) 
  g20555/Y                                                           -       A->Y             F     NAND2x2_ASAP7_75t_L          1  0.9    26     3   67889    (-,-) 
  drc31957/Y                                                         -       A->Y             F     BUFx2_ASAP7_75t_L            1  0.9     8    20   67908    (-,-) 
  drc_bufs583598/Y                                                   -       A->Y             F     BUFx2_ASAP7_75t_L            1  1.4     8    16   67924    (-,-) 
  g21294/Y                                                           -       B->Y             F     AND2x4_ASAP7_75t_L           1  1.0     6    14   67938    (-,-) 
  PIPELINES[2].ROUNDS[6].U_ROUND_U_SUB_ROM[12].ROM_dout_reg_reg[7]/D -       -                F     DFFASRHQNx1_ASAP7_75t_L      1    -     -     0   67938    (-,-) 
#--------------------------------------------------------------------------------------------------------------------------------------------------------------------



Path 50: VIOLATED (-67042 ps) Setup Check with Pin PIPELINES[2].ROUNDS[5].U_ROUND_U_SUB_ROM[0].ROM_dout_reg_reg[1]/CLK->D
          Group: clk
     Startpoint: (R) PIPELINES[2].ROUNDS[5].U_ROUND_U_SUB_ROM[0].ROM_sram/clk
          Clock: (R) clk
       Endpoint: (F) PIPELINES[2].ROUNDS[5].U_ROUND_U_SUB_ROM[0].ROM_dout_reg_reg[1]/D
          Clock: (R) clk

                     Capture       Launch     
        Clock Edge:+     900            0     
       Src Latency:+       0            0     
       Net Latency:+       0 (I)        0 (I) 
           Arrival:=     900            0     
                                              
             Setup:-       4                  
     Required Time:=     896                  
      Launch Clock:-       0                  
         Data Path:-   67938                  
             Slack:=  -67042                  

#------------------------------------------------------------------------------------------------------------------------------------------------------------------
#                           Timing Point                            Flags        Arc        Edge          Cell            Fanout Load Trans Delay Arrival Instance 
#                                                                                                                                (fF)  (ps)  (ps)   (ps)  Location 
#------------------------------------------------------------------------------------------------------------------------------------------------------------------
  PIPELINES[2].ROUNDS[5].U_ROUND_U_SUB_ROM[0].ROM_sram/clk          -       -               R     (arrival)                60672    -     0     0       0    (-,-) 
  PIPELINES[2].ROUNDS[5].U_ROUND_U_SUB_ROM[0].ROM_sram/dataout[9]   -       clk->dataout[9] R     srambank_64x4x16_6t122       1  2.8  6539 67716   67716    (-,-) 
  drc_bufs22381/Y                                                   -       A->Y            R     BUFx12f_ASAP7_75t_L          1  2.4   161   170   67886    (-,-) 
  g20684/Y                                                          -       A->Y            F     NAND2x2_ASAP7_75t_L          1  0.9    26     3   67889    (-,-) 
  drc32014/Y                                                        -       A->Y            F     BUFx2_ASAP7_75t_L            1  0.9     8    20   67908    (-,-) 
  drc_bufs20683/Y                                                   -       A->Y            F     BUFx2_ASAP7_75t_L            1  1.4     8    16   67924    (-,-) 
  g21333/Y                                                          -       B->Y            F     AND2x4_ASAP7_75t_L           1  1.0     6    14   67938    (-,-) 
  PIPELINES[2].ROUNDS[5].U_ROUND_U_SUB_ROM[0].ROM_dout_reg_reg[1]/D -       -               F     DFFASRHQNx1_ASAP7_75t_L      1    -     -     0   67938    (-,-) 
#------------------------------------------------------------------------------------------------------------------------------------------------------------------

