============================================================
  Generated by:           Genus(TM) Synthesis Solution 21.17-s066_1
  Generated on:           Jul 30 2025  02:43:54 pm
  Module:                 Top_PipelinedMultiCipher
  Operating conditions:   PVT_0P7V_25C 
  Interconnect mode:      global
  Area mode:              physical library
============================================================


Path 1: VIOLATED (-66841 ps) Setup Check with Pin U_KEYEXP_ROUND_KEY_GEN[9].RKGEN_U_SUB_U_ROM[3].ROM_dout_reg_reg[7]/clk->d
          Group: clk
     Startpoint: (R) U_KEYEXP_ROUND_KEY_GEN[9].RKGEN_U_SUB_U_ROM[3].ROM_sram/clk
          Clock: (R) clk
       Endpoint: (R) U_KEYEXP_ROUND_KEY_GEN[9].RKGEN_U_SUB_U_ROM[3].ROM_dout_reg_reg[7]/d
          Clock: (R) clk

                     Capture       Launch     
        Clock Edge:+     900            0     
       Src Latency:+       0            0     
       Net Latency:+       0 (I)        0 (I) 
           Arrival:=     900            0     
                                              
             Setup:-       9                  
     Required Time:=     891                  
      Launch Clock:-       0                  
         Data Path:-   67732                  
             Slack:=  -66841                  

#---------------------------------------------------------------------------------------------------------------------------------------------------------------------
#                            Timing Point                              Flags         Arc        Edge          Cell           Fanout Load Trans Delay Arrival Instance 
#                                                                                                                                   (fF)  (ps)  (ps)   (ps)  Location 
#---------------------------------------------------------------------------------------------------------------------------------------------------------------------
  U_KEYEXP_ROUND_KEY_GEN[9].RKGEN_U_SUB_U_ROM[3].ROM_sram/clk          -       -                R     (arrival)               60672    -     0     0       0    (-,-) 
  U_KEYEXP_ROUND_KEY_GEN[9].RKGEN_U_SUB_U_ROM[3].ROM_sram/dataout[15]  (u)     clk->dataout[15] R     srambank_64x4x16_6t122      1  1.0  6535 67714   67714    (-,-) 
  g228775/z                                                            (u)     in_0->z          F     unmapped_nand2              1  1.0     0     9   67723    (-,-) 
  g189595/z                                                            (u)     in_1->z          R     unmapped_nand2              1  1.0     0     9   67732    (-,-) 
  U_KEYEXP_ROUND_KEY_GEN[9].RKGEN_U_SUB_U_ROM[3].ROM_dout_reg_reg[7]/d -       -                R     unmapped_d_flop             1    -     -     0   67732    (-,-) 
#---------------------------------------------------------------------------------------------------------------------------------------------------------------------

(u) : Net has unmapped pin(s).



Path 2: VIOLATED (-66841 ps) Setup Check with Pin U_KEYEXP_ROUND_KEY_GEN[9].RKGEN_U_SUB_U_ROM[3].ROM_dout_reg_reg[6]/clk->d
          Group: clk
     Startpoint: (R) U_KEYEXP_ROUND_KEY_GEN[9].RKGEN_U_SUB_U_ROM[3].ROM_sram/clk
          Clock: (R) clk
       Endpoint: (R) U_KEYEXP_ROUND_KEY_GEN[9].RKGEN_U_SUB_U_ROM[3].ROM_dout_reg_reg[6]/d
          Clock: (R) clk

                     Capture       Launch     
        Clock Edge:+     900            0     
       Src Latency:+       0            0     
       Net Latency:+       0 (I)        0 (I) 
           Arrival:=     900            0     
                                              
             Setup:-       9                  
     Required Time:=     891                  
      Launch Clock:-       0                  
         Data Path:-   67732                  
             Slack:=  -66841                  

#---------------------------------------------------------------------------------------------------------------------------------------------------------------------
#                            Timing Point                              Flags         Arc        Edge          Cell           Fanout Load Trans Delay Arrival Instance 
#                                                                                                                                   (fF)  (ps)  (ps)   (ps)  Location 
#---------------------------------------------------------------------------------------------------------------------------------------------------------------------
  U_KEYEXP_ROUND_KEY_GEN[9].RKGEN_U_SUB_U_ROM[3].ROM_sram/clk          -       -                R     (arrival)               60672    -     0     0       0    (-,-) 
  U_KEYEXP_ROUND_KEY_GEN[9].RKGEN_U_SUB_U_ROM[3].ROM_sram/dataout[14]  (u)     clk->dataout[14] R     srambank_64x4x16_6t122      1  1.0  6535 67714   67714    (-,-) 
  g228777/z                                                            (u)     in_0->z          F     unmapped_nand2              1  1.0     0     9   67723    (-,-) 
  g189600/z                                                            (u)     in_1->z          R     unmapped_nand2              1  1.0     0     9   67732    (-,-) 
  U_KEYEXP_ROUND_KEY_GEN[9].RKGEN_U_SUB_U_ROM[3].ROM_dout_reg_reg[6]/d -       -                R     unmapped_d_flop             1    -     -     0   67732    (-,-) 
#---------------------------------------------------------------------------------------------------------------------------------------------------------------------

(u) : Net has unmapped pin(s).



Path 3: VIOLATED (-66841 ps) Setup Check with Pin U_KEYEXP_ROUND_KEY_GEN[9].RKGEN_U_SUB_U_ROM[3].ROM_dout_reg_reg[5]/clk->d
          Group: clk
     Startpoint: (R) U_KEYEXP_ROUND_KEY_GEN[9].RKGEN_U_SUB_U_ROM[3].ROM_sram/clk
          Clock: (R) clk
       Endpoint: (R) U_KEYEXP_ROUND_KEY_GEN[9].RKGEN_U_SUB_U_ROM[3].ROM_dout_reg_reg[5]/d
          Clock: (R) clk

                     Capture       Launch     
        Clock Edge:+     900            0     
       Src Latency:+       0            0     
       Net Latency:+       0 (I)        0 (I) 
           Arrival:=     900            0     
                                              
             Setup:-       9                  
     Required Time:=     891                  
      Launch Clock:-       0                  
         Data Path:-   67732                  
             Slack:=  -66841                  

#---------------------------------------------------------------------------------------------------------------------------------------------------------------------
#                            Timing Point                              Flags         Arc        Edge          Cell           Fanout Load Trans Delay Arrival Instance 
#                                                                                                                                   (fF)  (ps)  (ps)   (ps)  Location 
#---------------------------------------------------------------------------------------------------------------------------------------------------------------------
  U_KEYEXP_ROUND_KEY_GEN[9].RKGEN_U_SUB_U_ROM[3].ROM_sram/clk          -       -                R     (arrival)               60672    -     0     0       0    (-,-) 
  U_KEYEXP_ROUND_KEY_GEN[9].RKGEN_U_SUB_U_ROM[3].ROM_sram/dataout[13]  (u)     clk->dataout[13] R     srambank_64x4x16_6t122      1  1.0  6535 67714   67714    (-,-) 
  g228779/z                                                            (u)     in_0->z          F     unmapped_nand2              1  1.0     0     9   67723    (-,-) 
  g189607/z                                                            (u)     in_1->z          R     unmapped_nand2              1  1.0     0     9   67732    (-,-) 
  U_KEYEXP_ROUND_KEY_GEN[9].RKGEN_U_SUB_U_ROM[3].ROM_dout_reg_reg[5]/d -       -                R     unmapped_d_flop             1    -     -     0   67732    (-,-) 
#---------------------------------------------------------------------------------------------------------------------------------------------------------------------

(u) : Net has unmapped pin(s).



Path 4: VIOLATED (-66841 ps) Setup Check with Pin U_KEYEXP_ROUND_KEY_GEN[9].RKGEN_U_SUB_U_ROM[3].ROM_dout_reg_reg[4]/clk->d
          Group: clk
     Startpoint: (R) U_KEYEXP_ROUND_KEY_GEN[9].RKGEN_U_SUB_U_ROM[3].ROM_sram/clk
          Clock: (R) clk
       Endpoint: (R) U_KEYEXP_ROUND_KEY_GEN[9].RKGEN_U_SUB_U_ROM[3].ROM_dout_reg_reg[4]/d
          Clock: (R) clk

                     Capture       Launch     
        Clock Edge:+     900            0     
       Src Latency:+       0            0     
       Net Latency:+       0 (I)        0 (I) 
           Arrival:=     900            0     
                                              
             Setup:-       9                  
     Required Time:=     891                  
      Launch Clock:-       0                  
         Data Path:-   67732                  
             Slack:=  -66841                  

#---------------------------------------------------------------------------------------------------------------------------------------------------------------------
#                            Timing Point                              Flags         Arc        Edge          Cell           Fanout Load Trans Delay Arrival Instance 
#                                                                                                                                   (fF)  (ps)  (ps)   (ps)  Location 
#---------------------------------------------------------------------------------------------------------------------------------------------------------------------
  U_KEYEXP_ROUND_KEY_GEN[9].RKGEN_U_SUB_U_ROM[3].ROM_sram/clk          -       -                R     (arrival)               60672    -     0     0       0    (-,-) 
  U_KEYEXP_ROUND_KEY_GEN[9].RKGEN_U_SUB_U_ROM[3].ROM_sram/dataout[12]  (u)     clk->dataout[12] R     srambank_64x4x16_6t122      1  1.0  6535 67714   67714    (-,-) 
  g228781/z                                                            (u)     in_0->z          F     unmapped_nand2              1  1.0     0     9   67723    (-,-) 
  g189614/z                                                            (u)     in_1->z          R     unmapped_nand2              1  1.0     0     9   67732    (-,-) 
  U_KEYEXP_ROUND_KEY_GEN[9].RKGEN_U_SUB_U_ROM[3].ROM_dout_reg_reg[4]/d -       -                R     unmapped_d_flop             1    -     -     0   67732    (-,-) 
#---------------------------------------------------------------------------------------------------------------------------------------------------------------------

(u) : Net has unmapped pin(s).



Path 5: VIOLATED (-66841 ps) Setup Check with Pin U_KEYEXP_ROUND_KEY_GEN[9].RKGEN_U_SUB_U_ROM[3].ROM_dout_reg_reg[3]/clk->d
          Group: clk
     Startpoint: (R) U_KEYEXP_ROUND_KEY_GEN[9].RKGEN_U_SUB_U_ROM[3].ROM_sram/clk
          Clock: (R) clk
       Endpoint: (R) U_KEYEXP_ROUND_KEY_GEN[9].RKGEN_U_SUB_U_ROM[3].ROM_dout_reg_reg[3]/d
          Clock: (R) clk

                     Capture       Launch     
        Clock Edge:+     900            0     
       Src Latency:+       0            0     
       Net Latency:+       0 (I)        0 (I) 
           Arrival:=     900            0     
                                              
             Setup:-       9                  
     Required Time:=     891                  
      Launch Clock:-       0                  
         Data Path:-   67732                  
             Slack:=  -66841                  

#---------------------------------------------------------------------------------------------------------------------------------------------------------------------
#                            Timing Point                              Flags         Arc        Edge          Cell           Fanout Load Trans Delay Arrival Instance 
#                                                                                                                                   (fF)  (ps)  (ps)   (ps)  Location 
#---------------------------------------------------------------------------------------------------------------------------------------------------------------------
  U_KEYEXP_ROUND_KEY_GEN[9].RKGEN_U_SUB_U_ROM[3].ROM_sram/clk          -       -                R     (arrival)               60672    -     0     0       0    (-,-) 
  U_KEYEXP_ROUND_KEY_GEN[9].RKGEN_U_SUB_U_ROM[3].ROM_sram/dataout[11]  (u)     clk->dataout[11] R     srambank_64x4x16_6t122      1  1.0  6535 67714   67714    (-,-) 
  g228783/z                                                            (u)     in_0->z          F     unmapped_nand2              1  1.0     0     9   67723    (-,-) 
  g189621/z                                                            (u)     in_1->z          R     unmapped_nand2              1  1.0     0     9   67732    (-,-) 
  U_KEYEXP_ROUND_KEY_GEN[9].RKGEN_U_SUB_U_ROM[3].ROM_dout_reg_reg[3]/d -       -                R     unmapped_d_flop             1    -     -     0   67732    (-,-) 
#---------------------------------------------------------------------------------------------------------------------------------------------------------------------

(u) : Net has unmapped pin(s).



Path 6: VIOLATED (-66841 ps) Setup Check with Pin U_KEYEXP_ROUND_KEY_GEN[9].RKGEN_U_SUB_U_ROM[3].ROM_dout_reg_reg[2]/clk->d
          Group: clk
     Startpoint: (R) U_KEYEXP_ROUND_KEY_GEN[9].RKGEN_U_SUB_U_ROM[3].ROM_sram/clk
          Clock: (R) clk
       Endpoint: (R) U_KEYEXP_ROUND_KEY_GEN[9].RKGEN_U_SUB_U_ROM[3].ROM_dout_reg_reg[2]/d
          Clock: (R) clk

                     Capture       Launch     
        Clock Edge:+     900            0     
       Src Latency:+       0            0     
       Net Latency:+       0 (I)        0 (I) 
           Arrival:=     900            0     
                                              
             Setup:-       9                  
     Required Time:=     891                  
      Launch Clock:-       0                  
         Data Path:-   67732                  
             Slack:=  -66841                  

#---------------------------------------------------------------------------------------------------------------------------------------------------------------------
#                            Timing Point                              Flags         Arc        Edge          Cell           Fanout Load Trans Delay Arrival Instance 
#                                                                                                                                   (fF)  (ps)  (ps)   (ps)  Location 
#---------------------------------------------------------------------------------------------------------------------------------------------------------------------
  U_KEYEXP_ROUND_KEY_GEN[9].RKGEN_U_SUB_U_ROM[3].ROM_sram/clk          -       -                R     (arrival)               60672    -     0     0       0    (-,-) 
  U_KEYEXP_ROUND_KEY_GEN[9].RKGEN_U_SUB_U_ROM[3].ROM_sram/dataout[10]  (u)     clk->dataout[10] R     srambank_64x4x16_6t122      1  1.0  6535 67714   67714    (-,-) 
  g228785/z                                                            (u)     in_0->z          F     unmapped_nand2              1  1.0     0     9   67723    (-,-) 
  g189626/z                                                            (u)     in_1->z          R     unmapped_nand2              1  1.0     0     9   67732    (-,-) 
  U_KEYEXP_ROUND_KEY_GEN[9].RKGEN_U_SUB_U_ROM[3].ROM_dout_reg_reg[2]/d -       -                R     unmapped_d_flop             1    -     -     0   67732    (-,-) 
#---------------------------------------------------------------------------------------------------------------------------------------------------------------------

(u) : Net has unmapped pin(s).



Path 7: VIOLATED (-66841 ps) Setup Check with Pin U_KEYEXP_ROUND_KEY_GEN[9].RKGEN_U_SUB_U_ROM[3].ROM_dout_reg_reg[1]/clk->d
          Group: clk
     Startpoint: (R) U_KEYEXP_ROUND_KEY_GEN[9].RKGEN_U_SUB_U_ROM[3].ROM_sram/clk
          Clock: (R) clk
       Endpoint: (R) U_KEYEXP_ROUND_KEY_GEN[9].RKGEN_U_SUB_U_ROM[3].ROM_dout_reg_reg[1]/d
          Clock: (R) clk

                     Capture       Launch     
        Clock Edge:+     900            0     
       Src Latency:+       0            0     
       Net Latency:+       0 (I)        0 (I) 
           Arrival:=     900            0     
                                              
             Setup:-       9                  
     Required Time:=     891                  
      Launch Clock:-       0                  
         Data Path:-   67732                  
             Slack:=  -66841                  

#--------------------------------------------------------------------------------------------------------------------------------------------------------------------
#                            Timing Point                              Flags        Arc        Edge          Cell           Fanout Load Trans Delay Arrival Instance 
#                                                                                                                                  (fF)  (ps)  (ps)   (ps)  Location 
#--------------------------------------------------------------------------------------------------------------------------------------------------------------------
  U_KEYEXP_ROUND_KEY_GEN[9].RKGEN_U_SUB_U_ROM[3].ROM_sram/clk          -       -               R     (arrival)               60672    -     0     0       0    (-,-) 
  U_KEYEXP_ROUND_KEY_GEN[9].RKGEN_U_SUB_U_ROM[3].ROM_sram/dataout[9]   (u)     clk->dataout[9] R     srambank_64x4x16_6t122      1  1.0  6535 67714   67714    (-,-) 
  g228787/z                                                            (u)     in_0->z         F     unmapped_nand2              1  1.0     0     9   67723    (-,-) 
  g189633/z                                                            (u)     in_1->z         R     unmapped_nand2              1  1.0     0     9   67732    (-,-) 
  U_KEYEXP_ROUND_KEY_GEN[9].RKGEN_U_SUB_U_ROM[3].ROM_dout_reg_reg[1]/d -       -               R     unmapped_d_flop             1    -     -     0   67732    (-,-) 
#--------------------------------------------------------------------------------------------------------------------------------------------------------------------

(u) : Net has unmapped pin(s).



Path 8: VIOLATED (-66841 ps) Setup Check with Pin U_KEYEXP_ROUND_KEY_GEN[9].RKGEN_U_SUB_U_ROM[3].ROM_dout_reg_reg[0]/clk->d
          Group: clk
     Startpoint: (R) U_KEYEXP_ROUND_KEY_GEN[9].RKGEN_U_SUB_U_ROM[3].ROM_sram/clk
          Clock: (R) clk
       Endpoint: (R) U_KEYEXP_ROUND_KEY_GEN[9].RKGEN_U_SUB_U_ROM[3].ROM_dout_reg_reg[0]/d
          Clock: (R) clk

                     Capture       Launch     
        Clock Edge:+     900            0     
       Src Latency:+       0            0     
       Net Latency:+       0 (I)        0 (I) 
           Arrival:=     900            0     
                                              
             Setup:-       9                  
     Required Time:=     891                  
      Launch Clock:-       0                  
         Data Path:-   67732                  
             Slack:=  -66841                  

#--------------------------------------------------------------------------------------------------------------------------------------------------------------------
#                            Timing Point                              Flags        Arc        Edge          Cell           Fanout Load Trans Delay Arrival Instance 
#                                                                                                                                  (fF)  (ps)  (ps)   (ps)  Location 
#--------------------------------------------------------------------------------------------------------------------------------------------------------------------
  U_KEYEXP_ROUND_KEY_GEN[9].RKGEN_U_SUB_U_ROM[3].ROM_sram/clk          -       -               R     (arrival)               60672    -     0     0       0    (-,-) 
  U_KEYEXP_ROUND_KEY_GEN[9].RKGEN_U_SUB_U_ROM[3].ROM_sram/dataout[8]   (u)     clk->dataout[8] R     srambank_64x4x16_6t122      1  1.0  6535 67714   67714    (-,-) 
  g228789/z                                                            (u)     in_0->z         F     unmapped_nand2              1  1.0     0     9   67723    (-,-) 
  g189640/z                                                            (u)     in_1->z         R     unmapped_nand2              1  1.0     0     9   67732    (-,-) 
  U_KEYEXP_ROUND_KEY_GEN[9].RKGEN_U_SUB_U_ROM[3].ROM_dout_reg_reg[0]/d -       -               R     unmapped_d_flop             1    -     -     0   67732    (-,-) 
#--------------------------------------------------------------------------------------------------------------------------------------------------------------------

(u) : Net has unmapped pin(s).



Path 9: VIOLATED (-66841 ps) Setup Check with Pin U_KEYEXP_ROUND_KEY_GEN[9].RKGEN_U_SUB_U_ROM[2].ROM_dout_reg_reg[7]/clk->d
          Group: clk
     Startpoint: (R) U_KEYEXP_ROUND_KEY_GEN[9].RKGEN_U_SUB_U_ROM[2].ROM_sram/clk
          Clock: (R) clk
       Endpoint: (R) U_KEYEXP_ROUND_KEY_GEN[9].RKGEN_U_SUB_U_ROM[2].ROM_dout_reg_reg[7]/d
          Clock: (R) clk

                     Capture       Launch     
        Clock Edge:+     900            0     
       Src Latency:+       0            0     
       Net Latency:+       0 (I)        0 (I) 
           Arrival:=     900            0     
                                              
             Setup:-       9                  
     Required Time:=     891                  
      Launch Clock:-       0                  
         Data Path:-   67732                  
             Slack:=  -66841                  

#---------------------------------------------------------------------------------------------------------------------------------------------------------------------
#                            Timing Point                              Flags         Arc        Edge          Cell           Fanout Load Trans Delay Arrival Instance 
#                                                                                                                                   (fF)  (ps)  (ps)   (ps)  Location 
#---------------------------------------------------------------------------------------------------------------------------------------------------------------------
  U_KEYEXP_ROUND_KEY_GEN[9].RKGEN_U_SUB_U_ROM[2].ROM_sram/clk          -       -                R     (arrival)               60672    -     0     0       0    (-,-) 
  U_KEYEXP_ROUND_KEY_GEN[9].RKGEN_U_SUB_U_ROM[2].ROM_sram/dataout[15]  (u)     clk->dataout[15] R     srambank_64x4x16_6t122      1  1.0  6535 67714   67714    (-,-) 
  g228839/z                                                            (u)     in_0->z          F     unmapped_nand2              1  1.0     0     9   67723    (-,-) 
  g189797/z                                                            (u)     in_1->z          R     unmapped_nand2              1  1.0     0     9   67732    (-,-) 
  U_KEYEXP_ROUND_KEY_GEN[9].RKGEN_U_SUB_U_ROM[2].ROM_dout_reg_reg[7]/d -       -                R     unmapped_d_flop             1    -     -     0   67732    (-,-) 
#---------------------------------------------------------------------------------------------------------------------------------------------------------------------

(u) : Net has unmapped pin(s).



Path 10: VIOLATED (-66841 ps) Setup Check with Pin U_KEYEXP_ROUND_KEY_GEN[9].RKGEN_U_SUB_U_ROM[2].ROM_dout_reg_reg[6]/clk->d
          Group: clk
     Startpoint: (R) U_KEYEXP_ROUND_KEY_GEN[9].RKGEN_U_SUB_U_ROM[2].ROM_sram/clk
          Clock: (R) clk
       Endpoint: (R) U_KEYEXP_ROUND_KEY_GEN[9].RKGEN_U_SUB_U_ROM[2].ROM_dout_reg_reg[6]/d
          Clock: (R) clk

                     Capture       Launch     
        Clock Edge:+     900            0     
       Src Latency:+       0            0     
       Net Latency:+       0 (I)        0 (I) 
           Arrival:=     900            0     
                                              
             Setup:-       9                  
     Required Time:=     891                  
      Launch Clock:-       0                  
         Data Path:-   67732                  
             Slack:=  -66841                  

#---------------------------------------------------------------------------------------------------------------------------------------------------------------------
#                            Timing Point                              Flags         Arc        Edge          Cell           Fanout Load Trans Delay Arrival Instance 
#                                                                                                                                   (fF)  (ps)  (ps)   (ps)  Location 
#---------------------------------------------------------------------------------------------------------------------------------------------------------------------
  U_KEYEXP_ROUND_KEY_GEN[9].RKGEN_U_SUB_U_ROM[2].ROM_sram/clk          -       -                R     (arrival)               60672    -     0     0       0    (-,-) 
  U_KEYEXP_ROUND_KEY_GEN[9].RKGEN_U_SUB_U_ROM[2].ROM_sram/dataout[14]  (u)     clk->dataout[14] R     srambank_64x4x16_6t122      1  1.0  6535 67714   67714    (-,-) 
  g228841/z                                                            (u)     in_0->z          F     unmapped_nand2              1  1.0     0     9   67723    (-,-) 
  g189804/z                                                            (u)     in_1->z          R     unmapped_nand2              1  1.0     0     9   67732    (-,-) 
  U_KEYEXP_ROUND_KEY_GEN[9].RKGEN_U_SUB_U_ROM[2].ROM_dout_reg_reg[6]/d -       -                R     unmapped_d_flop             1    -     -     0   67732    (-,-) 
#---------------------------------------------------------------------------------------------------------------------------------------------------------------------

(u) : Net has unmapped pin(s).



Path 11: VIOLATED (-66841 ps) Setup Check with Pin U_KEYEXP_ROUND_KEY_GEN[9].RKGEN_U_SUB_U_ROM[2].ROM_dout_reg_reg[5]/clk->d
          Group: clk
     Startpoint: (R) U_KEYEXP_ROUND_KEY_GEN[9].RKGEN_U_SUB_U_ROM[2].ROM_sram/clk
          Clock: (R) clk
       Endpoint: (R) U_KEYEXP_ROUND_KEY_GEN[9].RKGEN_U_SUB_U_ROM[2].ROM_dout_reg_reg[5]/d
          Clock: (R) clk

                     Capture       Launch     
        Clock Edge:+     900            0     
       Src Latency:+       0            0     
       Net Latency:+       0 (I)        0 (I) 
           Arrival:=     900            0     
                                              
             Setup:-       9                  
     Required Time:=     891                  
      Launch Clock:-       0                  
         Data Path:-   67732                  
             Slack:=  -66841                  

#---------------------------------------------------------------------------------------------------------------------------------------------------------------------
#                            Timing Point                              Flags         Arc        Edge          Cell           Fanout Load Trans Delay Arrival Instance 
#                                                                                                                                   (fF)  (ps)  (ps)   (ps)  Location 
#---------------------------------------------------------------------------------------------------------------------------------------------------------------------
  U_KEYEXP_ROUND_KEY_GEN[9].RKGEN_U_SUB_U_ROM[2].ROM_sram/clk          -       -                R     (arrival)               60672    -     0     0       0    (-,-) 
  U_KEYEXP_ROUND_KEY_GEN[9].RKGEN_U_SUB_U_ROM[2].ROM_sram/dataout[13]  (u)     clk->dataout[13] R     srambank_64x4x16_6t122      1  1.0  6535 67714   67714    (-,-) 
  g228843/z                                                            (u)     in_0->z          F     unmapped_nand2              1  1.0     0     9   67723    (-,-) 
  g189811/z                                                            (u)     in_1->z          R     unmapped_nand2              1  1.0     0     9   67732    (-,-) 
  U_KEYEXP_ROUND_KEY_GEN[9].RKGEN_U_SUB_U_ROM[2].ROM_dout_reg_reg[5]/d -       -                R     unmapped_d_flop             1    -     -     0   67732    (-,-) 
#---------------------------------------------------------------------------------------------------------------------------------------------------------------------

(u) : Net has unmapped pin(s).



Path 12: VIOLATED (-66841 ps) Setup Check with Pin U_KEYEXP_ROUND_KEY_GEN[9].RKGEN_U_SUB_U_ROM[2].ROM_dout_reg_reg[4]/clk->d
          Group: clk
     Startpoint: (R) U_KEYEXP_ROUND_KEY_GEN[9].RKGEN_U_SUB_U_ROM[2].ROM_sram/clk
          Clock: (R) clk
       Endpoint: (R) U_KEYEXP_ROUND_KEY_GEN[9].RKGEN_U_SUB_U_ROM[2].ROM_dout_reg_reg[4]/d
          Clock: (R) clk

                     Capture       Launch     
        Clock Edge:+     900            0     
       Src Latency:+       0            0     
       Net Latency:+       0 (I)        0 (I) 
           Arrival:=     900            0     
                                              
             Setup:-       9                  
     Required Time:=     891                  
      Launch Clock:-       0                  
         Data Path:-   67732                  
             Slack:=  -66841                  

#---------------------------------------------------------------------------------------------------------------------------------------------------------------------
#                            Timing Point                              Flags         Arc        Edge          Cell           Fanout Load Trans Delay Arrival Instance 
#                                                                                                                                   (fF)  (ps)  (ps)   (ps)  Location 
#---------------------------------------------------------------------------------------------------------------------------------------------------------------------
  U_KEYEXP_ROUND_KEY_GEN[9].RKGEN_U_SUB_U_ROM[2].ROM_sram/clk          -       -                R     (arrival)               60672    -     0     0       0    (-,-) 
  U_KEYEXP_ROUND_KEY_GEN[9].RKGEN_U_SUB_U_ROM[2].ROM_sram/dataout[12]  (u)     clk->dataout[12] R     srambank_64x4x16_6t122      1  1.0  6535 67714   67714    (-,-) 
  g228845/z                                                            (u)     in_0->z          F     unmapped_nand2              1  1.0     0     9   67723    (-,-) 
  g189816/z                                                            (u)     in_1->z          R     unmapped_nand2              1  1.0     0     9   67732    (-,-) 
  U_KEYEXP_ROUND_KEY_GEN[9].RKGEN_U_SUB_U_ROM[2].ROM_dout_reg_reg[4]/d -       -                R     unmapped_d_flop             1    -     -     0   67732    (-,-) 
#---------------------------------------------------------------------------------------------------------------------------------------------------------------------

(u) : Net has unmapped pin(s).



Path 13: VIOLATED (-66841 ps) Setup Check with Pin U_KEYEXP_ROUND_KEY_GEN[9].RKGEN_U_SUB_U_ROM[2].ROM_dout_reg_reg[3]/clk->d
          Group: clk
     Startpoint: (R) U_KEYEXP_ROUND_KEY_GEN[9].RKGEN_U_SUB_U_ROM[2].ROM_sram/clk
          Clock: (R) clk
       Endpoint: (R) U_KEYEXP_ROUND_KEY_GEN[9].RKGEN_U_SUB_U_ROM[2].ROM_dout_reg_reg[3]/d
          Clock: (R) clk

                     Capture       Launch     
        Clock Edge:+     900            0     
       Src Latency:+       0            0     
       Net Latency:+       0 (I)        0 (I) 
           Arrival:=     900            0     
                                              
             Setup:-       9                  
     Required Time:=     891                  
      Launch Clock:-       0                  
         Data Path:-   67732                  
             Slack:=  -66841                  

#---------------------------------------------------------------------------------------------------------------------------------------------------------------------
#                            Timing Point                              Flags         Arc        Edge          Cell           Fanout Load Trans Delay Arrival Instance 
#                                                                                                                                   (fF)  (ps)  (ps)   (ps)  Location 
#---------------------------------------------------------------------------------------------------------------------------------------------------------------------
  U_KEYEXP_ROUND_KEY_GEN[9].RKGEN_U_SUB_U_ROM[2].ROM_sram/clk          -       -                R     (arrival)               60672    -     0     0       0    (-,-) 
  U_KEYEXP_ROUND_KEY_GEN[9].RKGEN_U_SUB_U_ROM[2].ROM_sram/dataout[11]  (u)     clk->dataout[11] R     srambank_64x4x16_6t122      1  1.0  6535 67714   67714    (-,-) 
  g228847/z                                                            (u)     in_0->z          F     unmapped_nand2              1  1.0     0     9   67723    (-,-) 
  g189823/z                                                            (u)     in_1->z          R     unmapped_nand2              1  1.0     0     9   67732    (-,-) 
  U_KEYEXP_ROUND_KEY_GEN[9].RKGEN_U_SUB_U_ROM[2].ROM_dout_reg_reg[3]/d -       -                R     unmapped_d_flop             1    -     -     0   67732    (-,-) 
#---------------------------------------------------------------------------------------------------------------------------------------------------------------------

(u) : Net has unmapped pin(s).



Path 14: VIOLATED (-66841 ps) Setup Check with Pin U_KEYEXP_ROUND_KEY_GEN[9].RKGEN_U_SUB_U_ROM[2].ROM_dout_reg_reg[2]/clk->d
          Group: clk
     Startpoint: (R) U_KEYEXP_ROUND_KEY_GEN[9].RKGEN_U_SUB_U_ROM[2].ROM_sram/clk
          Clock: (R) clk
       Endpoint: (R) U_KEYEXP_ROUND_KEY_GEN[9].RKGEN_U_SUB_U_ROM[2].ROM_dout_reg_reg[2]/d
          Clock: (R) clk

                     Capture       Launch     
        Clock Edge:+     900            0     
       Src Latency:+       0            0     
       Net Latency:+       0 (I)        0 (I) 
           Arrival:=     900            0     
                                              
             Setup:-       9                  
     Required Time:=     891                  
      Launch Clock:-       0                  
         Data Path:-   67732                  
             Slack:=  -66841                  

#---------------------------------------------------------------------------------------------------------------------------------------------------------------------
#                            Timing Point                              Flags         Arc        Edge          Cell           Fanout Load Trans Delay Arrival Instance 
#                                                                                                                                   (fF)  (ps)  (ps)   (ps)  Location 
#---------------------------------------------------------------------------------------------------------------------------------------------------------------------
  U_KEYEXP_ROUND_KEY_GEN[9].RKGEN_U_SUB_U_ROM[2].ROM_sram/clk          -       -                R     (arrival)               60672    -     0     0       0    (-,-) 
  U_KEYEXP_ROUND_KEY_GEN[9].RKGEN_U_SUB_U_ROM[2].ROM_sram/dataout[10]  (u)     clk->dataout[10] R     srambank_64x4x16_6t122      1  1.0  6535 67714   67714    (-,-) 
  g228849/z                                                            (u)     in_0->z          F     unmapped_nand2              1  1.0     0     9   67723    (-,-) 
  g189828/z                                                            (u)     in_1->z          R     unmapped_nand2              1  1.0     0     9   67732    (-,-) 
  U_KEYEXP_ROUND_KEY_GEN[9].RKGEN_U_SUB_U_ROM[2].ROM_dout_reg_reg[2]/d -       -                R     unmapped_d_flop             1    -     -     0   67732    (-,-) 
#---------------------------------------------------------------------------------------------------------------------------------------------------------------------

(u) : Net has unmapped pin(s).



Path 15: VIOLATED (-66841 ps) Setup Check with Pin U_KEYEXP_ROUND_KEY_GEN[9].RKGEN_U_SUB_U_ROM[2].ROM_dout_reg_reg[1]/clk->d
          Group: clk
     Startpoint: (R) U_KEYEXP_ROUND_KEY_GEN[9].RKGEN_U_SUB_U_ROM[2].ROM_sram/clk
          Clock: (R) clk
       Endpoint: (R) U_KEYEXP_ROUND_KEY_GEN[9].RKGEN_U_SUB_U_ROM[2].ROM_dout_reg_reg[1]/d
          Clock: (R) clk

                     Capture       Launch     
        Clock Edge:+     900            0     
       Src Latency:+       0            0     
       Net Latency:+       0 (I)        0 (I) 
           Arrival:=     900            0     
                                              
             Setup:-       9                  
     Required Time:=     891                  
      Launch Clock:-       0                  
         Data Path:-   67732                  
             Slack:=  -66841                  

#--------------------------------------------------------------------------------------------------------------------------------------------------------------------
#                            Timing Point                              Flags        Arc        Edge          Cell           Fanout Load Trans Delay Arrival Instance 
#                                                                                                                                  (fF)  (ps)  (ps)   (ps)  Location 
#--------------------------------------------------------------------------------------------------------------------------------------------------------------------
  U_KEYEXP_ROUND_KEY_GEN[9].RKGEN_U_SUB_U_ROM[2].ROM_sram/clk          -       -               R     (arrival)               60672    -     0     0       0    (-,-) 
  U_KEYEXP_ROUND_KEY_GEN[9].RKGEN_U_SUB_U_ROM[2].ROM_sram/dataout[9]   (u)     clk->dataout[9] R     srambank_64x4x16_6t122      1  1.0  6535 67714   67714    (-,-) 
  g228851/z                                                            (u)     in_0->z         F     unmapped_nand2              1  1.0     0     9   67723    (-,-) 
  g189833/z                                                            (u)     in_1->z         R     unmapped_nand2              1  1.0     0     9   67732    (-,-) 
  U_KEYEXP_ROUND_KEY_GEN[9].RKGEN_U_SUB_U_ROM[2].ROM_dout_reg_reg[1]/d -       -               R     unmapped_d_flop             1    -     -     0   67732    (-,-) 
#--------------------------------------------------------------------------------------------------------------------------------------------------------------------

(u) : Net has unmapped pin(s).



Path 16: VIOLATED (-66841 ps) Setup Check with Pin U_KEYEXP_ROUND_KEY_GEN[9].RKGEN_U_SUB_U_ROM[2].ROM_dout_reg_reg[0]/clk->d
          Group: clk
     Startpoint: (R) U_KEYEXP_ROUND_KEY_GEN[9].RKGEN_U_SUB_U_ROM[2].ROM_sram/clk
          Clock: (R) clk
       Endpoint: (R) U_KEYEXP_ROUND_KEY_GEN[9].RKGEN_U_SUB_U_ROM[2].ROM_dout_reg_reg[0]/d
          Clock: (R) clk

                     Capture       Launch     
        Clock Edge:+     900            0     
       Src Latency:+       0            0     
       Net Latency:+       0 (I)        0 (I) 
           Arrival:=     900            0     
                                              
             Setup:-       9                  
     Required Time:=     891                  
      Launch Clock:-       0                  
         Data Path:-   67732                  
             Slack:=  -66841                  

#--------------------------------------------------------------------------------------------------------------------------------------------------------------------
#                            Timing Point                              Flags        Arc        Edge          Cell           Fanout Load Trans Delay Arrival Instance 
#                                                                                                                                  (fF)  (ps)  (ps)   (ps)  Location 
#--------------------------------------------------------------------------------------------------------------------------------------------------------------------
  U_KEYEXP_ROUND_KEY_GEN[9].RKGEN_U_SUB_U_ROM[2].ROM_sram/clk          -       -               R     (arrival)               60672    -     0     0       0    (-,-) 
  U_KEYEXP_ROUND_KEY_GEN[9].RKGEN_U_SUB_U_ROM[2].ROM_sram/dataout[8]   (u)     clk->dataout[8] R     srambank_64x4x16_6t122      1  1.0  6535 67714   67714    (-,-) 
  g228853/z                                                            (u)     in_0->z         F     unmapped_nand2              1  1.0     0     9   67723    (-,-) 
  g189840/z                                                            (u)     in_1->z         R     unmapped_nand2              1  1.0     0     9   67732    (-,-) 
  U_KEYEXP_ROUND_KEY_GEN[9].RKGEN_U_SUB_U_ROM[2].ROM_dout_reg_reg[0]/d -       -               R     unmapped_d_flop             1    -     -     0   67732    (-,-) 
#--------------------------------------------------------------------------------------------------------------------------------------------------------------------

(u) : Net has unmapped pin(s).



Path 17: VIOLATED (-66841 ps) Setup Check with Pin U_KEYEXP_ROUND_KEY_GEN[9].RKGEN_U_SUB_U_ROM[1].ROM_dout_reg_reg[7]/clk->d
          Group: clk
     Startpoint: (R) U_KEYEXP_ROUND_KEY_GEN[9].RKGEN_U_SUB_U_ROM[1].ROM_sram/clk
          Clock: (R) clk
       Endpoint: (R) U_KEYEXP_ROUND_KEY_GEN[9].RKGEN_U_SUB_U_ROM[1].ROM_dout_reg_reg[7]/d
          Clock: (R) clk

                     Capture       Launch     
        Clock Edge:+     900            0     
       Src Latency:+       0            0     
       Net Latency:+       0 (I)        0 (I) 
           Arrival:=     900            0     
                                              
             Setup:-       9                  
     Required Time:=     891                  
      Launch Clock:-       0                  
         Data Path:-   67732                  
             Slack:=  -66841                  

#---------------------------------------------------------------------------------------------------------------------------------------------------------------------
#                            Timing Point                              Flags         Arc        Edge          Cell           Fanout Load Trans Delay Arrival Instance 
#                                                                                                                                   (fF)  (ps)  (ps)   (ps)  Location 
#---------------------------------------------------------------------------------------------------------------------------------------------------------------------
  U_KEYEXP_ROUND_KEY_GEN[9].RKGEN_U_SUB_U_ROM[1].ROM_sram/clk          -       -                R     (arrival)               60672    -     0     0       0    (-,-) 
  U_KEYEXP_ROUND_KEY_GEN[9].RKGEN_U_SUB_U_ROM[1].ROM_sram/dataout[15]  (u)     clk->dataout[15] R     srambank_64x4x16_6t122      1  1.0  6535 67714   67714    (-,-) 
  g228855/z                                                            (u)     in_0->z          F     unmapped_nand2              1  1.0     0     9   67723    (-,-) 
  g189847/z                                                            (u)     in_1->z          R     unmapped_nand2              1  1.0     0     9   67732    (-,-) 
  U_KEYEXP_ROUND_KEY_GEN[9].RKGEN_U_SUB_U_ROM[1].ROM_dout_reg_reg[7]/d -       -                R     unmapped_d_flop             1    -     -     0   67732    (-,-) 
#---------------------------------------------------------------------------------------------------------------------------------------------------------------------

(u) : Net has unmapped pin(s).



Path 18: VIOLATED (-66841 ps) Setup Check with Pin U_KEYEXP_ROUND_KEY_GEN[9].RKGEN_U_SUB_U_ROM[1].ROM_dout_reg_reg[6]/clk->d
          Group: clk
     Startpoint: (R) U_KEYEXP_ROUND_KEY_GEN[9].RKGEN_U_SUB_U_ROM[1].ROM_sram/clk
          Clock: (R) clk
       Endpoint: (R) U_KEYEXP_ROUND_KEY_GEN[9].RKGEN_U_SUB_U_ROM[1].ROM_dout_reg_reg[6]/d
          Clock: (R) clk

                     Capture       Launch     
        Clock Edge:+     900            0     
       Src Latency:+       0            0     
       Net Latency:+       0 (I)        0 (I) 
           Arrival:=     900            0     
                                              
             Setup:-       9                  
     Required Time:=     891                  
      Launch Clock:-       0                  
         Data Path:-   67732                  
             Slack:=  -66841                  

#---------------------------------------------------------------------------------------------------------------------------------------------------------------------
#                            Timing Point                              Flags         Arc        Edge          Cell           Fanout Load Trans Delay Arrival Instance 
#                                                                                                                                   (fF)  (ps)  (ps)   (ps)  Location 
#---------------------------------------------------------------------------------------------------------------------------------------------------------------------
  U_KEYEXP_ROUND_KEY_GEN[9].RKGEN_U_SUB_U_ROM[1].ROM_sram/clk          -       -                R     (arrival)               60672    -     0     0       0    (-,-) 
  U_KEYEXP_ROUND_KEY_GEN[9].RKGEN_U_SUB_U_ROM[1].ROM_sram/dataout[14]  (u)     clk->dataout[14] R     srambank_64x4x16_6t122      1  1.0  6535 67714   67714    (-,-) 
  g228857/z                                                            (u)     in_0->z          F     unmapped_nand2              1  1.0     0     9   67723    (-,-) 
  g189852/z                                                            (u)     in_1->z          R     unmapped_nand2              1  1.0     0     9   67732    (-,-) 
  U_KEYEXP_ROUND_KEY_GEN[9].RKGEN_U_SUB_U_ROM[1].ROM_dout_reg_reg[6]/d -       -                R     unmapped_d_flop             1    -     -     0   67732    (-,-) 
#---------------------------------------------------------------------------------------------------------------------------------------------------------------------

(u) : Net has unmapped pin(s).



Path 19: VIOLATED (-66841 ps) Setup Check with Pin U_KEYEXP_ROUND_KEY_GEN[9].RKGEN_U_SUB_U_ROM[1].ROM_dout_reg_reg[5]/clk->d
          Group: clk
     Startpoint: (R) U_KEYEXP_ROUND_KEY_GEN[9].RKGEN_U_SUB_U_ROM[1].ROM_sram/clk
          Clock: (R) clk
       Endpoint: (R) U_KEYEXP_ROUND_KEY_GEN[9].RKGEN_U_SUB_U_ROM[1].ROM_dout_reg_reg[5]/d
          Clock: (R) clk

                     Capture       Launch     
        Clock Edge:+     900            0     
       Src Latency:+       0            0     
       Net Latency:+       0 (I)        0 (I) 
           Arrival:=     900            0     
                                              
             Setup:-       9                  
     Required Time:=     891                  
      Launch Clock:-       0                  
         Data Path:-   67732                  
             Slack:=  -66841                  

#---------------------------------------------------------------------------------------------------------------------------------------------------------------------
#                            Timing Point                              Flags         Arc        Edge          Cell           Fanout Load Trans Delay Arrival Instance 
#                                                                                                                                   (fF)  (ps)  (ps)   (ps)  Location 
#---------------------------------------------------------------------------------------------------------------------------------------------------------------------
  U_KEYEXP_ROUND_KEY_GEN[9].RKGEN_U_SUB_U_ROM[1].ROM_sram/clk          -       -                R     (arrival)               60672    -     0     0       0    (-,-) 
  U_KEYEXP_ROUND_KEY_GEN[9].RKGEN_U_SUB_U_ROM[1].ROM_sram/dataout[13]  (u)     clk->dataout[13] R     srambank_64x4x16_6t122      1  1.0  6535 67714   67714    (-,-) 
  g228859/z                                                            (u)     in_0->z          F     unmapped_nand2              1  1.0     0     9   67723    (-,-) 
  g189859/z                                                            (u)     in_1->z          R     unmapped_nand2              1  1.0     0     9   67732    (-,-) 
  U_KEYEXP_ROUND_KEY_GEN[9].RKGEN_U_SUB_U_ROM[1].ROM_dout_reg_reg[5]/d -       -                R     unmapped_d_flop             1    -     -     0   67732    (-,-) 
#---------------------------------------------------------------------------------------------------------------------------------------------------------------------

(u) : Net has unmapped pin(s).



Path 20: VIOLATED (-66841 ps) Setup Check with Pin U_KEYEXP_ROUND_KEY_GEN[9].RKGEN_U_SUB_U_ROM[1].ROM_dout_reg_reg[4]/clk->d
          Group: clk
     Startpoint: (R) U_KEYEXP_ROUND_KEY_GEN[9].RKGEN_U_SUB_U_ROM[1].ROM_sram/clk
          Clock: (R) clk
       Endpoint: (R) U_KEYEXP_ROUND_KEY_GEN[9].RKGEN_U_SUB_U_ROM[1].ROM_dout_reg_reg[4]/d
          Clock: (R) clk

                     Capture       Launch     
        Clock Edge:+     900            0     
       Src Latency:+       0            0     
       Net Latency:+       0 (I)        0 (I) 
           Arrival:=     900            0     
                                              
             Setup:-       9                  
     Required Time:=     891                  
      Launch Clock:-       0                  
         Data Path:-   67732                  
             Slack:=  -66841                  

#---------------------------------------------------------------------------------------------------------------------------------------------------------------------
#                            Timing Point                              Flags         Arc        Edge          Cell           Fanout Load Trans Delay Arrival Instance 
#                                                                                                                                   (fF)  (ps)  (ps)   (ps)  Location 
#---------------------------------------------------------------------------------------------------------------------------------------------------------------------
  U_KEYEXP_ROUND_KEY_GEN[9].RKGEN_U_SUB_U_ROM[1].ROM_sram/clk          -       -                R     (arrival)               60672    -     0     0       0    (-,-) 
  U_KEYEXP_ROUND_KEY_GEN[9].RKGEN_U_SUB_U_ROM[1].ROM_sram/dataout[12]  (u)     clk->dataout[12] R     srambank_64x4x16_6t122      1  1.0  6535 67714   67714    (-,-) 
  g228861/z                                                            (u)     in_0->z          F     unmapped_nand2              1  1.0     0     9   67723    (-,-) 
  g189866/z                                                            (u)     in_1->z          R     unmapped_nand2              1  1.0     0     9   67732    (-,-) 
  U_KEYEXP_ROUND_KEY_GEN[9].RKGEN_U_SUB_U_ROM[1].ROM_dout_reg_reg[4]/d -       -                R     unmapped_d_flop             1    -     -     0   67732    (-,-) 
#---------------------------------------------------------------------------------------------------------------------------------------------------------------------

(u) : Net has unmapped pin(s).



Path 21: VIOLATED (-66841 ps) Setup Check with Pin U_KEYEXP_ROUND_KEY_GEN[9].RKGEN_U_SUB_U_ROM[1].ROM_dout_reg_reg[3]/clk->d
          Group: clk
     Startpoint: (R) U_KEYEXP_ROUND_KEY_GEN[9].RKGEN_U_SUB_U_ROM[1].ROM_sram/clk
          Clock: (R) clk
       Endpoint: (R) U_KEYEXP_ROUND_KEY_GEN[9].RKGEN_U_SUB_U_ROM[1].ROM_dout_reg_reg[3]/d
          Clock: (R) clk

                     Capture       Launch     
        Clock Edge:+     900            0     
       Src Latency:+       0            0     
       Net Latency:+       0 (I)        0 (I) 
           Arrival:=     900            0     
                                              
             Setup:-       9                  
     Required Time:=     891                  
      Launch Clock:-       0                  
         Data Path:-   67732                  
             Slack:=  -66841                  

#---------------------------------------------------------------------------------------------------------------------------------------------------------------------
#                            Timing Point                              Flags         Arc        Edge          Cell           Fanout Load Trans Delay Arrival Instance 
#                                                                                                                                   (fF)  (ps)  (ps)   (ps)  Location 
#---------------------------------------------------------------------------------------------------------------------------------------------------------------------
  U_KEYEXP_ROUND_KEY_GEN[9].RKGEN_U_SUB_U_ROM[1].ROM_sram/clk          -       -                R     (arrival)               60672    -     0     0       0    (-,-) 
  U_KEYEXP_ROUND_KEY_GEN[9].RKGEN_U_SUB_U_ROM[1].ROM_sram/dataout[11]  (u)     clk->dataout[11] R     srambank_64x4x16_6t122      1  1.0  6535 67714   67714    (-,-) 
  g228863/z                                                            (u)     in_0->z          F     unmapped_nand2              1  1.0     0     9   67723    (-,-) 
  g189873/z                                                            (u)     in_1->z          R     unmapped_nand2              1  1.0     0     9   67732    (-,-) 
  U_KEYEXP_ROUND_KEY_GEN[9].RKGEN_U_SUB_U_ROM[1].ROM_dout_reg_reg[3]/d -       -                R     unmapped_d_flop             1    -     -     0   67732    (-,-) 
#---------------------------------------------------------------------------------------------------------------------------------------------------------------------

(u) : Net has unmapped pin(s).



Path 22: VIOLATED (-66841 ps) Setup Check with Pin U_KEYEXP_ROUND_KEY_GEN[9].RKGEN_U_SUB_U_ROM[1].ROM_dout_reg_reg[2]/clk->d
          Group: clk
     Startpoint: (R) U_KEYEXP_ROUND_KEY_GEN[9].RKGEN_U_SUB_U_ROM[1].ROM_sram/clk
          Clock: (R) clk
       Endpoint: (R) U_KEYEXP_ROUND_KEY_GEN[9].RKGEN_U_SUB_U_ROM[1].ROM_dout_reg_reg[2]/d
          Clock: (R) clk

                     Capture       Launch     
        Clock Edge:+     900            0     
       Src Latency:+       0            0     
       Net Latency:+       0 (I)        0 (I) 
           Arrival:=     900            0     
                                              
             Setup:-       9                  
     Required Time:=     891                  
      Launch Clock:-       0                  
         Data Path:-   67732                  
             Slack:=  -66841                  

#---------------------------------------------------------------------------------------------------------------------------------------------------------------------
#                            Timing Point                              Flags         Arc        Edge          Cell           Fanout Load Trans Delay Arrival Instance 
#                                                                                                                                   (fF)  (ps)  (ps)   (ps)  Location 
#---------------------------------------------------------------------------------------------------------------------------------------------------------------------
  U_KEYEXP_ROUND_KEY_GEN[9].RKGEN_U_SUB_U_ROM[1].ROM_sram/clk          -       -                R     (arrival)               60672    -     0     0       0    (-,-) 
  U_KEYEXP_ROUND_KEY_GEN[9].RKGEN_U_SUB_U_ROM[1].ROM_sram/dataout[10]  (u)     clk->dataout[10] R     srambank_64x4x16_6t122      1  1.0  6535 67714   67714    (-,-) 
  g228865/z                                                            (u)     in_0->z          F     unmapped_nand2              1  1.0     0     9   67723    (-,-) 
  g189880/z                                                            (u)     in_1->z          R     unmapped_nand2              1  1.0     0     9   67732    (-,-) 
  U_KEYEXP_ROUND_KEY_GEN[9].RKGEN_U_SUB_U_ROM[1].ROM_dout_reg_reg[2]/d -       -                R     unmapped_d_flop             1    -     -     0   67732    (-,-) 
#---------------------------------------------------------------------------------------------------------------------------------------------------------------------

(u) : Net has unmapped pin(s).



Path 23: VIOLATED (-66841 ps) Setup Check with Pin U_KEYEXP_ROUND_KEY_GEN[9].RKGEN_U_SUB_U_ROM[1].ROM_dout_reg_reg[1]/clk->d
          Group: clk
     Startpoint: (R) U_KEYEXP_ROUND_KEY_GEN[9].RKGEN_U_SUB_U_ROM[1].ROM_sram/clk
          Clock: (R) clk
       Endpoint: (R) U_KEYEXP_ROUND_KEY_GEN[9].RKGEN_U_SUB_U_ROM[1].ROM_dout_reg_reg[1]/d
          Clock: (R) clk

                     Capture       Launch     
        Clock Edge:+     900            0     
       Src Latency:+       0            0     
       Net Latency:+       0 (I)        0 (I) 
           Arrival:=     900            0     
                                              
             Setup:-       9                  
     Required Time:=     891                  
      Launch Clock:-       0                  
         Data Path:-   67732                  
             Slack:=  -66841                  

#--------------------------------------------------------------------------------------------------------------------------------------------------------------------
#                            Timing Point                              Flags        Arc        Edge          Cell           Fanout Load Trans Delay Arrival Instance 
#                                                                                                                                  (fF)  (ps)  (ps)   (ps)  Location 
#--------------------------------------------------------------------------------------------------------------------------------------------------------------------
  U_KEYEXP_ROUND_KEY_GEN[9].RKGEN_U_SUB_U_ROM[1].ROM_sram/clk          -       -               R     (arrival)               60672    -     0     0       0    (-,-) 
  U_KEYEXP_ROUND_KEY_GEN[9].RKGEN_U_SUB_U_ROM[1].ROM_sram/dataout[9]   (u)     clk->dataout[9] R     srambank_64x4x16_6t122      1  1.0  6535 67714   67714    (-,-) 
  g228867/z                                                            (u)     in_0->z         F     unmapped_nand2              1  1.0     0     9   67723    (-,-) 
  g189885/z                                                            (u)     in_1->z         R     unmapped_nand2              1  1.0     0     9   67732    (-,-) 
  U_KEYEXP_ROUND_KEY_GEN[9].RKGEN_U_SUB_U_ROM[1].ROM_dout_reg_reg[1]/d -       -               R     unmapped_d_flop             1    -     -     0   67732    (-,-) 
#--------------------------------------------------------------------------------------------------------------------------------------------------------------------

(u) : Net has unmapped pin(s).



Path 24: VIOLATED (-66841 ps) Setup Check with Pin U_KEYEXP_ROUND_KEY_GEN[9].RKGEN_U_SUB_U_ROM[1].ROM_dout_reg_reg[0]/clk->d
          Group: clk
     Startpoint: (R) U_KEYEXP_ROUND_KEY_GEN[9].RKGEN_U_SUB_U_ROM[1].ROM_sram/clk
          Clock: (R) clk
       Endpoint: (R) U_KEYEXP_ROUND_KEY_GEN[9].RKGEN_U_SUB_U_ROM[1].ROM_dout_reg_reg[0]/d
          Clock: (R) clk

                     Capture       Launch     
        Clock Edge:+     900            0     
       Src Latency:+       0            0     
       Net Latency:+       0 (I)        0 (I) 
           Arrival:=     900            0     
                                              
             Setup:-       9                  
     Required Time:=     891                  
      Launch Clock:-       0                  
         Data Path:-   67732                  
             Slack:=  -66841                  

#--------------------------------------------------------------------------------------------------------------------------------------------------------------------
#                            Timing Point                              Flags        Arc        Edge          Cell           Fanout Load Trans Delay Arrival Instance 
#                                                                                                                                  (fF)  (ps)  (ps)   (ps)  Location 
#--------------------------------------------------------------------------------------------------------------------------------------------------------------------
  U_KEYEXP_ROUND_KEY_GEN[9].RKGEN_U_SUB_U_ROM[1].ROM_sram/clk          -       -               R     (arrival)               60672    -     0     0       0    (-,-) 
  U_KEYEXP_ROUND_KEY_GEN[9].RKGEN_U_SUB_U_ROM[1].ROM_sram/dataout[8]   (u)     clk->dataout[8] R     srambank_64x4x16_6t122      1  1.0  6535 67714   67714    (-,-) 
  g228869/z                                                            (u)     in_0->z         F     unmapped_nand2              1  1.0     0     9   67723    (-,-) 
  g189892/z                                                            (u)     in_1->z         R     unmapped_nand2              1  1.0     0     9   67732    (-,-) 
  U_KEYEXP_ROUND_KEY_GEN[9].RKGEN_U_SUB_U_ROM[1].ROM_dout_reg_reg[0]/d -       -               R     unmapped_d_flop             1    -     -     0   67732    (-,-) 
#--------------------------------------------------------------------------------------------------------------------------------------------------------------------

(u) : Net has unmapped pin(s).



Path 25: VIOLATED (-66841 ps) Setup Check with Pin U_KEYEXP_ROUND_KEY_GEN[9].RKGEN_U_SUB_U_ROM[0].ROM_dout_reg_reg[7]/clk->d
          Group: clk
     Startpoint: (R) U_KEYEXP_ROUND_KEY_GEN[9].RKGEN_U_SUB_U_ROM[0].ROM_sram/clk
          Clock: (R) clk
       Endpoint: (R) U_KEYEXP_ROUND_KEY_GEN[9].RKGEN_U_SUB_U_ROM[0].ROM_dout_reg_reg[7]/d
          Clock: (R) clk

                     Capture       Launch     
        Clock Edge:+     900            0     
       Src Latency:+       0            0     
       Net Latency:+       0 (I)        0 (I) 
           Arrival:=     900            0     
                                              
             Setup:-       9                  
     Required Time:=     891                  
      Launch Clock:-       0                  
         Data Path:-   67732                  
             Slack:=  -66841                  

#---------------------------------------------------------------------------------------------------------------------------------------------------------------------
#                            Timing Point                              Flags         Arc        Edge          Cell           Fanout Load Trans Delay Arrival Instance 
#                                                                                                                                   (fF)  (ps)  (ps)   (ps)  Location 
#---------------------------------------------------------------------------------------------------------------------------------------------------------------------
  U_KEYEXP_ROUND_KEY_GEN[9].RKGEN_U_SUB_U_ROM[0].ROM_sram/clk          -       -                R     (arrival)               60672    -     0     0       0    (-,-) 
  U_KEYEXP_ROUND_KEY_GEN[9].RKGEN_U_SUB_U_ROM[0].ROM_sram/dataout[15]  (u)     clk->dataout[15] R     srambank_64x4x16_6t122      1  1.0  6535 67714   67714    (-,-) 
  g228887/z                                                            (u)     in_0->z          F     unmapped_nand2              1  1.0     0     9   67723    (-,-) 
  g189949/z                                                            (u)     in_1->z          R     unmapped_nand2              1  1.0     0     9   67732    (-,-) 
  U_KEYEXP_ROUND_KEY_GEN[9].RKGEN_U_SUB_U_ROM[0].ROM_dout_reg_reg[7]/d -       -                R     unmapped_d_flop             1    -     -     0   67732    (-,-) 
#---------------------------------------------------------------------------------------------------------------------------------------------------------------------

(u) : Net has unmapped pin(s).



Path 26: VIOLATED (-66841 ps) Setup Check with Pin U_KEYEXP_ROUND_KEY_GEN[9].RKGEN_U_SUB_U_ROM[0].ROM_dout_reg_reg[6]/clk->d
          Group: clk
     Startpoint: (R) U_KEYEXP_ROUND_KEY_GEN[9].RKGEN_U_SUB_U_ROM[0].ROM_sram/clk
          Clock: (R) clk
       Endpoint: (R) U_KEYEXP_ROUND_KEY_GEN[9].RKGEN_U_SUB_U_ROM[0].ROM_dout_reg_reg[6]/d
          Clock: (R) clk

                     Capture       Launch     
        Clock Edge:+     900            0     
       Src Latency:+       0            0     
       Net Latency:+       0 (I)        0 (I) 
           Arrival:=     900            0     
                                              
             Setup:-       9                  
     Required Time:=     891                  
      Launch Clock:-       0                  
         Data Path:-   67732                  
             Slack:=  -66841                  

#---------------------------------------------------------------------------------------------------------------------------------------------------------------------
#                            Timing Point                              Flags         Arc        Edge          Cell           Fanout Load Trans Delay Arrival Instance 
#                                                                                                                                   (fF)  (ps)  (ps)   (ps)  Location 
#---------------------------------------------------------------------------------------------------------------------------------------------------------------------
  U_KEYEXP_ROUND_KEY_GEN[9].RKGEN_U_SUB_U_ROM[0].ROM_sram/clk          -       -                R     (arrival)               60672    -     0     0       0    (-,-) 
  U_KEYEXP_ROUND_KEY_GEN[9].RKGEN_U_SUB_U_ROM[0].ROM_sram/dataout[14]  (u)     clk->dataout[14] R     srambank_64x4x16_6t122      1  1.0  6535 67714   67714    (-,-) 
  g228889/z                                                            (u)     in_0->z          F     unmapped_nand2              1  1.0     0     9   67723    (-,-) 
  g189956/z                                                            (u)     in_1->z          R     unmapped_nand2              1  1.0     0     9   67732    (-,-) 
  U_KEYEXP_ROUND_KEY_GEN[9].RKGEN_U_SUB_U_ROM[0].ROM_dout_reg_reg[6]/d -       -                R     unmapped_d_flop             1    -     -     0   67732    (-,-) 
#---------------------------------------------------------------------------------------------------------------------------------------------------------------------

(u) : Net has unmapped pin(s).



Path 27: VIOLATED (-66841 ps) Setup Check with Pin U_KEYEXP_ROUND_KEY_GEN[9].RKGEN_U_SUB_U_ROM[0].ROM_dout_reg_reg[5]/clk->d
          Group: clk
     Startpoint: (R) U_KEYEXP_ROUND_KEY_GEN[9].RKGEN_U_SUB_U_ROM[0].ROM_sram/clk
          Clock: (R) clk
       Endpoint: (R) U_KEYEXP_ROUND_KEY_GEN[9].RKGEN_U_SUB_U_ROM[0].ROM_dout_reg_reg[5]/d
          Clock: (R) clk

                     Capture       Launch     
        Clock Edge:+     900            0     
       Src Latency:+       0            0     
       Net Latency:+       0 (I)        0 (I) 
           Arrival:=     900            0     
                                              
             Setup:-       9                  
     Required Time:=     891                  
      Launch Clock:-       0                  
         Data Path:-   67732                  
             Slack:=  -66841                  

#---------------------------------------------------------------------------------------------------------------------------------------------------------------------
#                            Timing Point                              Flags         Arc        Edge          Cell           Fanout Load Trans Delay Arrival Instance 
#                                                                                                                                   (fF)  (ps)  (ps)   (ps)  Location 
#---------------------------------------------------------------------------------------------------------------------------------------------------------------------
  U_KEYEXP_ROUND_KEY_GEN[9].RKGEN_U_SUB_U_ROM[0].ROM_sram/clk          -       -                R     (arrival)               60672    -     0     0       0    (-,-) 
  U_KEYEXP_ROUND_KEY_GEN[9].RKGEN_U_SUB_U_ROM[0].ROM_sram/dataout[13]  (u)     clk->dataout[13] R     srambank_64x4x16_6t122      1  1.0  6535 67714   67714    (-,-) 
  g228891/z                                                            (u)     in_0->z          F     unmapped_nand2              1  1.0     0     9   67723    (-,-) 
  g189963/z                                                            (u)     in_1->z          R     unmapped_nand2              1  1.0     0     9   67732    (-,-) 
  U_KEYEXP_ROUND_KEY_GEN[9].RKGEN_U_SUB_U_ROM[0].ROM_dout_reg_reg[5]/d -       -                R     unmapped_d_flop             1    -     -     0   67732    (-,-) 
#---------------------------------------------------------------------------------------------------------------------------------------------------------------------

(u) : Net has unmapped pin(s).



Path 28: VIOLATED (-66841 ps) Setup Check with Pin U_KEYEXP_ROUND_KEY_GEN[9].RKGEN_U_SUB_U_ROM[0].ROM_dout_reg_reg[4]/clk->d
          Group: clk
     Startpoint: (R) U_KEYEXP_ROUND_KEY_GEN[9].RKGEN_U_SUB_U_ROM[0].ROM_sram/clk
          Clock: (R) clk
       Endpoint: (R) U_KEYEXP_ROUND_KEY_GEN[9].RKGEN_U_SUB_U_ROM[0].ROM_dout_reg_reg[4]/d
          Clock: (R) clk

                     Capture       Launch     
        Clock Edge:+     900            0     
       Src Latency:+       0            0     
       Net Latency:+       0 (I)        0 (I) 
           Arrival:=     900            0     
                                              
             Setup:-       9                  
     Required Time:=     891                  
      Launch Clock:-       0                  
         Data Path:-   67732                  
             Slack:=  -66841                  

#---------------------------------------------------------------------------------------------------------------------------------------------------------------------
#                            Timing Point                              Flags         Arc        Edge          Cell           Fanout Load Trans Delay Arrival Instance 
#                                                                                                                                   (fF)  (ps)  (ps)   (ps)  Location 
#---------------------------------------------------------------------------------------------------------------------------------------------------------------------
  U_KEYEXP_ROUND_KEY_GEN[9].RKGEN_U_SUB_U_ROM[0].ROM_sram/clk          -       -                R     (arrival)               60672    -     0     0       0    (-,-) 
  U_KEYEXP_ROUND_KEY_GEN[9].RKGEN_U_SUB_U_ROM[0].ROM_sram/dataout[12]  (u)     clk->dataout[12] R     srambank_64x4x16_6t122      1  1.0  6535 67714   67714    (-,-) 
  g228893/z                                                            (u)     in_0->z          F     unmapped_nand2              1  1.0     0     9   67723    (-,-) 
  g189968/z                                                            (u)     in_1->z          R     unmapped_nand2              1  1.0     0     9   67732    (-,-) 
  U_KEYEXP_ROUND_KEY_GEN[9].RKGEN_U_SUB_U_ROM[0].ROM_dout_reg_reg[4]/d -       -                R     unmapped_d_flop             1    -     -     0   67732    (-,-) 
#---------------------------------------------------------------------------------------------------------------------------------------------------------------------

(u) : Net has unmapped pin(s).



Path 29: VIOLATED (-66841 ps) Setup Check with Pin U_KEYEXP_ROUND_KEY_GEN[9].RKGEN_U_SUB_U_ROM[0].ROM_dout_reg_reg[3]/clk->d
          Group: clk
     Startpoint: (R) U_KEYEXP_ROUND_KEY_GEN[9].RKGEN_U_SUB_U_ROM[0].ROM_sram/clk
          Clock: (R) clk
       Endpoint: (R) U_KEYEXP_ROUND_KEY_GEN[9].RKGEN_U_SUB_U_ROM[0].ROM_dout_reg_reg[3]/d
          Clock: (R) clk

                     Capture       Launch     
        Clock Edge:+     900            0     
       Src Latency:+       0            0     
       Net Latency:+       0 (I)        0 (I) 
           Arrival:=     900            0     
                                              
             Setup:-       9                  
     Required Time:=     891                  
      Launch Clock:-       0                  
         Data Path:-   67732                  
             Slack:=  -66841                  

#---------------------------------------------------------------------------------------------------------------------------------------------------------------------
#                            Timing Point                              Flags         Arc        Edge          Cell           Fanout Load Trans Delay Arrival Instance 
#                                                                                                                                   (fF)  (ps)  (ps)   (ps)  Location 
#---------------------------------------------------------------------------------------------------------------------------------------------------------------------
  U_KEYEXP_ROUND_KEY_GEN[9].RKGEN_U_SUB_U_ROM[0].ROM_sram/clk          -       -                R     (arrival)               60672    -     0     0       0    (-,-) 
  U_KEYEXP_ROUND_KEY_GEN[9].RKGEN_U_SUB_U_ROM[0].ROM_sram/dataout[11]  (u)     clk->dataout[11] R     srambank_64x4x16_6t122      1  1.0  6535 67714   67714    (-,-) 
  g228895/z                                                            (u)     in_0->z          F     unmapped_nand2              1  1.0     0     9   67723    (-,-) 
  g189975/z                                                            (u)     in_1->z          R     unmapped_nand2              1  1.0     0     9   67732    (-,-) 
  U_KEYEXP_ROUND_KEY_GEN[9].RKGEN_U_SUB_U_ROM[0].ROM_dout_reg_reg[3]/d -       -                R     unmapped_d_flop             1    -     -     0   67732    (-,-) 
#---------------------------------------------------------------------------------------------------------------------------------------------------------------------

(u) : Net has unmapped pin(s).



Path 30: VIOLATED (-66841 ps) Setup Check with Pin U_KEYEXP_ROUND_KEY_GEN[9].RKGEN_U_SUB_U_ROM[0].ROM_dout_reg_reg[2]/clk->d
          Group: clk
     Startpoint: (R) U_KEYEXP_ROUND_KEY_GEN[9].RKGEN_U_SUB_U_ROM[0].ROM_sram/clk
          Clock: (R) clk
       Endpoint: (R) U_KEYEXP_ROUND_KEY_GEN[9].RKGEN_U_SUB_U_ROM[0].ROM_dout_reg_reg[2]/d
          Clock: (R) clk

                     Capture       Launch     
        Clock Edge:+     900            0     
       Src Latency:+       0            0     
       Net Latency:+       0 (I)        0 (I) 
           Arrival:=     900            0     
                                              
             Setup:-       9                  
     Required Time:=     891                  
      Launch Clock:-       0                  
         Data Path:-   67732                  
             Slack:=  -66841                  

#---------------------------------------------------------------------------------------------------------------------------------------------------------------------
#                            Timing Point                              Flags         Arc        Edge          Cell           Fanout Load Trans Delay Arrival Instance 
#                                                                                                                                   (fF)  (ps)  (ps)   (ps)  Location 
#---------------------------------------------------------------------------------------------------------------------------------------------------------------------
  U_KEYEXP_ROUND_KEY_GEN[9].RKGEN_U_SUB_U_ROM[0].ROM_sram/clk          -       -                R     (arrival)               60672    -     0     0       0    (-,-) 
  U_KEYEXP_ROUND_KEY_GEN[9].RKGEN_U_SUB_U_ROM[0].ROM_sram/dataout[10]  (u)     clk->dataout[10] R     srambank_64x4x16_6t122      1  1.0  6535 67714   67714    (-,-) 
  g228897/z                                                            (u)     in_0->z          F     unmapped_nand2              1  1.0     0     9   67723    (-,-) 
  g189982/z                                                            (u)     in_1->z          R     unmapped_nand2              1  1.0     0     9   67732    (-,-) 
  U_KEYEXP_ROUND_KEY_GEN[9].RKGEN_U_SUB_U_ROM[0].ROM_dout_reg_reg[2]/d -       -                R     unmapped_d_flop             1    -     -     0   67732    (-,-) 
#---------------------------------------------------------------------------------------------------------------------------------------------------------------------

(u) : Net has unmapped pin(s).



Path 31: VIOLATED (-66841 ps) Setup Check with Pin U_KEYEXP_ROUND_KEY_GEN[9].RKGEN_U_SUB_U_ROM[0].ROM_dout_reg_reg[1]/clk->d
          Group: clk
     Startpoint: (R) U_KEYEXP_ROUND_KEY_GEN[9].RKGEN_U_SUB_U_ROM[0].ROM_sram/clk
          Clock: (R) clk
       Endpoint: (R) U_KEYEXP_ROUND_KEY_GEN[9].RKGEN_U_SUB_U_ROM[0].ROM_dout_reg_reg[1]/d
          Clock: (R) clk

                     Capture       Launch     
        Clock Edge:+     900            0     
       Src Latency:+       0            0     
       Net Latency:+       0 (I)        0 (I) 
           Arrival:=     900            0     
                                              
             Setup:-       9                  
     Required Time:=     891                  
      Launch Clock:-       0                  
         Data Path:-   67732                  
             Slack:=  -66841                  

#--------------------------------------------------------------------------------------------------------------------------------------------------------------------
#                            Timing Point                              Flags        Arc        Edge          Cell           Fanout Load Trans Delay Arrival Instance 
#                                                                                                                                  (fF)  (ps)  (ps)   (ps)  Location 
#--------------------------------------------------------------------------------------------------------------------------------------------------------------------
  U_KEYEXP_ROUND_KEY_GEN[9].RKGEN_U_SUB_U_ROM[0].ROM_sram/clk          -       -               R     (arrival)               60672    -     0     0       0    (-,-) 
  U_KEYEXP_ROUND_KEY_GEN[9].RKGEN_U_SUB_U_ROM[0].ROM_sram/dataout[9]   (u)     clk->dataout[9] R     srambank_64x4x16_6t122      1  1.0  6535 67714   67714    (-,-) 
  g228899/z                                                            (u)     in_0->z         F     unmapped_nand2              1  1.0     0     9   67723    (-,-) 
  g189987/z                                                            (u)     in_1->z         R     unmapped_nand2              1  1.0     0     9   67732    (-,-) 
  U_KEYEXP_ROUND_KEY_GEN[9].RKGEN_U_SUB_U_ROM[0].ROM_dout_reg_reg[1]/d -       -               R     unmapped_d_flop             1    -     -     0   67732    (-,-) 
#--------------------------------------------------------------------------------------------------------------------------------------------------------------------

(u) : Net has unmapped pin(s).



Path 32: VIOLATED (-66841 ps) Setup Check with Pin U_KEYEXP_ROUND_KEY_GEN[9].RKGEN_U_SUB_U_ROM[0].ROM_dout_reg_reg[0]/clk->d
          Group: clk
     Startpoint: (R) U_KEYEXP_ROUND_KEY_GEN[9].RKGEN_U_SUB_U_ROM[0].ROM_sram/clk
          Clock: (R) clk
       Endpoint: (R) U_KEYEXP_ROUND_KEY_GEN[9].RKGEN_U_SUB_U_ROM[0].ROM_dout_reg_reg[0]/d
          Clock: (R) clk

                     Capture       Launch     
        Clock Edge:+     900            0     
       Src Latency:+       0            0     
       Net Latency:+       0 (I)        0 (I) 
           Arrival:=     900            0     
                                              
             Setup:-       9                  
     Required Time:=     891                  
      Launch Clock:-       0                  
         Data Path:-   67732                  
             Slack:=  -66841                  

#--------------------------------------------------------------------------------------------------------------------------------------------------------------------
#                            Timing Point                              Flags        Arc        Edge          Cell           Fanout Load Trans Delay Arrival Instance 
#                                                                                                                                  (fF)  (ps)  (ps)   (ps)  Location 
#--------------------------------------------------------------------------------------------------------------------------------------------------------------------
  U_KEYEXP_ROUND_KEY_GEN[9].RKGEN_U_SUB_U_ROM[0].ROM_sram/clk          -       -               R     (arrival)               60672    -     0     0       0    (-,-) 
  U_KEYEXP_ROUND_KEY_GEN[9].RKGEN_U_SUB_U_ROM[0].ROM_sram/dataout[8]   (u)     clk->dataout[8] R     srambank_64x4x16_6t122      1  1.0  6535 67714   67714    (-,-) 
  g228901/z                                                            (u)     in_0->z         F     unmapped_nand2              1  1.0     0     9   67723    (-,-) 
  g189994/z                                                            (u)     in_1->z         R     unmapped_nand2              1  1.0     0     9   67732    (-,-) 
  U_KEYEXP_ROUND_KEY_GEN[9].RKGEN_U_SUB_U_ROM[0].ROM_dout_reg_reg[0]/d -       -               R     unmapped_d_flop             1    -     -     0   67732    (-,-) 
#--------------------------------------------------------------------------------------------------------------------------------------------------------------------

(u) : Net has unmapped pin(s).



Path 33: VIOLATED (-66841 ps) Setup Check with Pin U_KEYEXP_ROUND_KEY_GEN[8].RKGEN_U_SUB_U_ROM[3].ROM_dout_reg_reg[7]/clk->d
          Group: clk
     Startpoint: (R) U_KEYEXP_ROUND_KEY_GEN[8].RKGEN_U_SUB_U_ROM[3].ROM_sram/clk
          Clock: (R) clk
       Endpoint: (R) U_KEYEXP_ROUND_KEY_GEN[8].RKGEN_U_SUB_U_ROM[3].ROM_dout_reg_reg[7]/d
          Clock: (R) clk

                     Capture       Launch     
        Clock Edge:+     900            0     
       Src Latency:+       0            0     
       Net Latency:+       0 (I)        0 (I) 
           Arrival:=     900            0     
                                              
             Setup:-       9                  
     Required Time:=     891                  
      Launch Clock:-       0                  
         Data Path:-   67732                  
             Slack:=  -66841                  

#---------------------------------------------------------------------------------------------------------------------------------------------------------------------
#                            Timing Point                              Flags         Arc        Edge          Cell           Fanout Load Trans Delay Arrival Instance 
#                                                                                                                                   (fF)  (ps)  (ps)   (ps)  Location 
#---------------------------------------------------------------------------------------------------------------------------------------------------------------------
  U_KEYEXP_ROUND_KEY_GEN[8].RKGEN_U_SUB_U_ROM[3].ROM_sram/clk          -       -                R     (arrival)               60672    -     0     0       0    (-,-) 
  U_KEYEXP_ROUND_KEY_GEN[8].RKGEN_U_SUB_U_ROM[3].ROM_sram/dataout[15]  (u)     clk->dataout[15] R     srambank_64x4x16_6t122      1  1.0  6535 67714   67714    (-,-) 
  g228903/z                                                            (u)     in_0->z          F     unmapped_nand2              1  1.0     0     9   67723    (-,-) 
  g189999/z                                                            (u)     in_1->z          R     unmapped_nand2              1  1.0     0     9   67732    (-,-) 
  U_KEYEXP_ROUND_KEY_GEN[8].RKGEN_U_SUB_U_ROM[3].ROM_dout_reg_reg[7]/d -       -                R     unmapped_d_flop             1    -     -     0   67732    (-,-) 
#---------------------------------------------------------------------------------------------------------------------------------------------------------------------

(u) : Net has unmapped pin(s).



Path 34: VIOLATED (-66841 ps) Setup Check with Pin U_KEYEXP_ROUND_KEY_GEN[8].RKGEN_U_SUB_U_ROM[3].ROM_dout_reg_reg[6]/clk->d
          Group: clk
     Startpoint: (R) U_KEYEXP_ROUND_KEY_GEN[8].RKGEN_U_SUB_U_ROM[3].ROM_sram/clk
          Clock: (R) clk
       Endpoint: (R) U_KEYEXP_ROUND_KEY_GEN[8].RKGEN_U_SUB_U_ROM[3].ROM_dout_reg_reg[6]/d
          Clock: (R) clk

                     Capture       Launch     
        Clock Edge:+     900            0     
       Src Latency:+       0            0     
       Net Latency:+       0 (I)        0 (I) 
           Arrival:=     900            0     
                                              
             Setup:-       9                  
     Required Time:=     891                  
      Launch Clock:-       0                  
         Data Path:-   67732                  
             Slack:=  -66841                  

#---------------------------------------------------------------------------------------------------------------------------------------------------------------------
#                            Timing Point                              Flags         Arc        Edge          Cell           Fanout Load Trans Delay Arrival Instance 
#                                                                                                                                   (fF)  (ps)  (ps)   (ps)  Location 
#---------------------------------------------------------------------------------------------------------------------------------------------------------------------
  U_KEYEXP_ROUND_KEY_GEN[8].RKGEN_U_SUB_U_ROM[3].ROM_sram/clk          -       -                R     (arrival)               60672    -     0     0       0    (-,-) 
  U_KEYEXP_ROUND_KEY_GEN[8].RKGEN_U_SUB_U_ROM[3].ROM_sram/dataout[14]  (u)     clk->dataout[14] R     srambank_64x4x16_6t122      1  1.0  6535 67714   67714    (-,-) 
  g228905/z                                                            (u)     in_0->z          F     unmapped_nand2              1  1.0     0     9   67723    (-,-) 
  g190006/z                                                            (u)     in_1->z          R     unmapped_nand2              1  1.0     0     9   67732    (-,-) 
  U_KEYEXP_ROUND_KEY_GEN[8].RKGEN_U_SUB_U_ROM[3].ROM_dout_reg_reg[6]/d -       -                R     unmapped_d_flop             1    -     -     0   67732    (-,-) 
#---------------------------------------------------------------------------------------------------------------------------------------------------------------------

(u) : Net has unmapped pin(s).



Path 35: VIOLATED (-66841 ps) Setup Check with Pin U_KEYEXP_ROUND_KEY_GEN[8].RKGEN_U_SUB_U_ROM[3].ROM_dout_reg_reg[5]/clk->d
          Group: clk
     Startpoint: (R) U_KEYEXP_ROUND_KEY_GEN[8].RKGEN_U_SUB_U_ROM[3].ROM_sram/clk
          Clock: (R) clk
       Endpoint: (R) U_KEYEXP_ROUND_KEY_GEN[8].RKGEN_U_SUB_U_ROM[3].ROM_dout_reg_reg[5]/d
          Clock: (R) clk

                     Capture       Launch     
        Clock Edge:+     900            0     
       Src Latency:+       0            0     
       Net Latency:+       0 (I)        0 (I) 
           Arrival:=     900            0     
                                              
             Setup:-       9                  
     Required Time:=     891                  
      Launch Clock:-       0                  
         Data Path:-   67732                  
             Slack:=  -66841                  

#---------------------------------------------------------------------------------------------------------------------------------------------------------------------
#                            Timing Point                              Flags         Arc        Edge          Cell           Fanout Load Trans Delay Arrival Instance 
#                                                                                                                                   (fF)  (ps)  (ps)   (ps)  Location 
#---------------------------------------------------------------------------------------------------------------------------------------------------------------------
  U_KEYEXP_ROUND_KEY_GEN[8].RKGEN_U_SUB_U_ROM[3].ROM_sram/clk          -       -                R     (arrival)               60672    -     0     0       0    (-,-) 
  U_KEYEXP_ROUND_KEY_GEN[8].RKGEN_U_SUB_U_ROM[3].ROM_sram/dataout[13]  (u)     clk->dataout[13] R     srambank_64x4x16_6t122      1  1.0  6535 67714   67714    (-,-) 
  g228907/z                                                            (u)     in_0->z          F     unmapped_nand2              1  1.0     0     9   67723    (-,-) 
  g190011/z                                                            (u)     in_1->z          R     unmapped_nand2              1  1.0     0     9   67732    (-,-) 
  U_KEYEXP_ROUND_KEY_GEN[8].RKGEN_U_SUB_U_ROM[3].ROM_dout_reg_reg[5]/d -       -                R     unmapped_d_flop             1    -     -     0   67732    (-,-) 
#---------------------------------------------------------------------------------------------------------------------------------------------------------------------

(u) : Net has unmapped pin(s).



Path 36: VIOLATED (-66841 ps) Setup Check with Pin U_KEYEXP_ROUND_KEY_GEN[8].RKGEN_U_SUB_U_ROM[3].ROM_dout_reg_reg[4]/clk->d
          Group: clk
     Startpoint: (R) U_KEYEXP_ROUND_KEY_GEN[8].RKGEN_U_SUB_U_ROM[3].ROM_sram/clk
          Clock: (R) clk
       Endpoint: (R) U_KEYEXP_ROUND_KEY_GEN[8].RKGEN_U_SUB_U_ROM[3].ROM_dout_reg_reg[4]/d
          Clock: (R) clk

                     Capture       Launch     
        Clock Edge:+     900            0     
       Src Latency:+       0            0     
       Net Latency:+       0 (I)        0 (I) 
           Arrival:=     900            0     
                                              
             Setup:-       9                  
     Required Time:=     891                  
      Launch Clock:-       0                  
         Data Path:-   67732                  
             Slack:=  -66841                  

#---------------------------------------------------------------------------------------------------------------------------------------------------------------------
#                            Timing Point                              Flags         Arc        Edge          Cell           Fanout Load Trans Delay Arrival Instance 
#                                                                                                                                   (fF)  (ps)  (ps)   (ps)  Location 
#---------------------------------------------------------------------------------------------------------------------------------------------------------------------
  U_KEYEXP_ROUND_KEY_GEN[8].RKGEN_U_SUB_U_ROM[3].ROM_sram/clk          -       -                R     (arrival)               60672    -     0     0       0    (-,-) 
  U_KEYEXP_ROUND_KEY_GEN[8].RKGEN_U_SUB_U_ROM[3].ROM_sram/dataout[12]  (u)     clk->dataout[12] R     srambank_64x4x16_6t122      1  1.0  6535 67714   67714    (-,-) 
  g228909/z                                                            (u)     in_0->z          F     unmapped_nand2              1  1.0     0     9   67723    (-,-) 
  g190018/z                                                            (u)     in_1->z          R     unmapped_nand2              1  1.0     0     9   67732    (-,-) 
  U_KEYEXP_ROUND_KEY_GEN[8].RKGEN_U_SUB_U_ROM[3].ROM_dout_reg_reg[4]/d -       -                R     unmapped_d_flop             1    -     -     0   67732    (-,-) 
#---------------------------------------------------------------------------------------------------------------------------------------------------------------------

(u) : Net has unmapped pin(s).



Path 37: VIOLATED (-66841 ps) Setup Check with Pin U_KEYEXP_ROUND_KEY_GEN[8].RKGEN_U_SUB_U_ROM[3].ROM_dout_reg_reg[3]/clk->d
          Group: clk
     Startpoint: (R) U_KEYEXP_ROUND_KEY_GEN[8].RKGEN_U_SUB_U_ROM[3].ROM_sram/clk
          Clock: (R) clk
       Endpoint: (R) U_KEYEXP_ROUND_KEY_GEN[8].RKGEN_U_SUB_U_ROM[3].ROM_dout_reg_reg[3]/d
          Clock: (R) clk

                     Capture       Launch     
        Clock Edge:+     900            0     
       Src Latency:+       0            0     
       Net Latency:+       0 (I)        0 (I) 
           Arrival:=     900            0     
                                              
             Setup:-       9                  
     Required Time:=     891                  
      Launch Clock:-       0                  
         Data Path:-   67732                  
             Slack:=  -66841                  

#---------------------------------------------------------------------------------------------------------------------------------------------------------------------
#                            Timing Point                              Flags         Arc        Edge          Cell           Fanout Load Trans Delay Arrival Instance 
#                                                                                                                                   (fF)  (ps)  (ps)   (ps)  Location 
#---------------------------------------------------------------------------------------------------------------------------------------------------------------------
  U_KEYEXP_ROUND_KEY_GEN[8].RKGEN_U_SUB_U_ROM[3].ROM_sram/clk          -       -                R     (arrival)               60672    -     0     0       0    (-,-) 
  U_KEYEXP_ROUND_KEY_GEN[8].RKGEN_U_SUB_U_ROM[3].ROM_sram/dataout[11]  (u)     clk->dataout[11] R     srambank_64x4x16_6t122      1  1.0  6535 67714   67714    (-,-) 
  g228911/z                                                            (u)     in_0->z          F     unmapped_nand2              1  1.0     0     9   67723    (-,-) 
  g190023/z                                                            (u)     in_1->z          R     unmapped_nand2              1  1.0     0     9   67732    (-,-) 
  U_KEYEXP_ROUND_KEY_GEN[8].RKGEN_U_SUB_U_ROM[3].ROM_dout_reg_reg[3]/d -       -                R     unmapped_d_flop             1    -     -     0   67732    (-,-) 
#---------------------------------------------------------------------------------------------------------------------------------------------------------------------

(u) : Net has unmapped pin(s).



Path 38: VIOLATED (-66841 ps) Setup Check with Pin U_KEYEXP_ROUND_KEY_GEN[8].RKGEN_U_SUB_U_ROM[3].ROM_dout_reg_reg[2]/clk->d
          Group: clk
     Startpoint: (R) U_KEYEXP_ROUND_KEY_GEN[8].RKGEN_U_SUB_U_ROM[3].ROM_sram/clk
          Clock: (R) clk
       Endpoint: (R) U_KEYEXP_ROUND_KEY_GEN[8].RKGEN_U_SUB_U_ROM[3].ROM_dout_reg_reg[2]/d
          Clock: (R) clk

                     Capture       Launch     
        Clock Edge:+     900            0     
       Src Latency:+       0            0     
       Net Latency:+       0 (I)        0 (I) 
           Arrival:=     900            0     
                                              
             Setup:-       9                  
     Required Time:=     891                  
      Launch Clock:-       0                  
         Data Path:-   67732                  
             Slack:=  -66841                  

#---------------------------------------------------------------------------------------------------------------------------------------------------------------------
#                            Timing Point                              Flags         Arc        Edge          Cell           Fanout Load Trans Delay Arrival Instance 
#                                                                                                                                   (fF)  (ps)  (ps)   (ps)  Location 
#---------------------------------------------------------------------------------------------------------------------------------------------------------------------
  U_KEYEXP_ROUND_KEY_GEN[8].RKGEN_U_SUB_U_ROM[3].ROM_sram/clk          -       -                R     (arrival)               60672    -     0     0       0    (-,-) 
  U_KEYEXP_ROUND_KEY_GEN[8].RKGEN_U_SUB_U_ROM[3].ROM_sram/dataout[10]  (u)     clk->dataout[10] R     srambank_64x4x16_6t122      1  1.0  6535 67714   67714    (-,-) 
  g228913/z                                                            (u)     in_0->z          F     unmapped_nand2              1  1.0     0     9   67723    (-,-) 
  g190030/z                                                            (u)     in_1->z          R     unmapped_nand2              1  1.0     0     9   67732    (-,-) 
  U_KEYEXP_ROUND_KEY_GEN[8].RKGEN_U_SUB_U_ROM[3].ROM_dout_reg_reg[2]/d -       -                R     unmapped_d_flop             1    -     -     0   67732    (-,-) 
#---------------------------------------------------------------------------------------------------------------------------------------------------------------------

(u) : Net has unmapped pin(s).



Path 39: VIOLATED (-66841 ps) Setup Check with Pin U_KEYEXP_ROUND_KEY_GEN[8].RKGEN_U_SUB_U_ROM[3].ROM_dout_reg_reg[1]/clk->d
          Group: clk
     Startpoint: (R) U_KEYEXP_ROUND_KEY_GEN[8].RKGEN_U_SUB_U_ROM[3].ROM_sram/clk
          Clock: (R) clk
       Endpoint: (R) U_KEYEXP_ROUND_KEY_GEN[8].RKGEN_U_SUB_U_ROM[3].ROM_dout_reg_reg[1]/d
          Clock: (R) clk

                     Capture       Launch     
        Clock Edge:+     900            0     
       Src Latency:+       0            0     
       Net Latency:+       0 (I)        0 (I) 
           Arrival:=     900            0     
                                              
             Setup:-       9                  
     Required Time:=     891                  
      Launch Clock:-       0                  
         Data Path:-   67732                  
             Slack:=  -66841                  

#--------------------------------------------------------------------------------------------------------------------------------------------------------------------
#                            Timing Point                              Flags        Arc        Edge          Cell           Fanout Load Trans Delay Arrival Instance 
#                                                                                                                                  (fF)  (ps)  (ps)   (ps)  Location 
#--------------------------------------------------------------------------------------------------------------------------------------------------------------------
  U_KEYEXP_ROUND_KEY_GEN[8].RKGEN_U_SUB_U_ROM[3].ROM_sram/clk          -       -               R     (arrival)               60672    -     0     0       0    (-,-) 
  U_KEYEXP_ROUND_KEY_GEN[8].RKGEN_U_SUB_U_ROM[3].ROM_sram/dataout[9]   (u)     clk->dataout[9] R     srambank_64x4x16_6t122      1  1.0  6535 67714   67714    (-,-) 
  g228915/z                                                            (u)     in_0->z         F     unmapped_nand2              1  1.0     0     9   67723    (-,-) 
  g190035/z                                                            (u)     in_1->z         R     unmapped_nand2              1  1.0     0     9   67732    (-,-) 
  U_KEYEXP_ROUND_KEY_GEN[8].RKGEN_U_SUB_U_ROM[3].ROM_dout_reg_reg[1]/d -       -               R     unmapped_d_flop             1    -     -     0   67732    (-,-) 
#--------------------------------------------------------------------------------------------------------------------------------------------------------------------

(u) : Net has unmapped pin(s).



Path 40: VIOLATED (-66841 ps) Setup Check with Pin U_KEYEXP_ROUND_KEY_GEN[8].RKGEN_U_SUB_U_ROM[3].ROM_dout_reg_reg[0]/clk->d
          Group: clk
     Startpoint: (R) U_KEYEXP_ROUND_KEY_GEN[8].RKGEN_U_SUB_U_ROM[3].ROM_sram/clk
          Clock: (R) clk
       Endpoint: (R) U_KEYEXP_ROUND_KEY_GEN[8].RKGEN_U_SUB_U_ROM[3].ROM_dout_reg_reg[0]/d
          Clock: (R) clk

                     Capture       Launch     
        Clock Edge:+     900            0     
       Src Latency:+       0            0     
       Net Latency:+       0 (I)        0 (I) 
           Arrival:=     900            0     
                                              
             Setup:-       9                  
     Required Time:=     891                  
      Launch Clock:-       0                  
         Data Path:-   67732                  
             Slack:=  -66841                  

#--------------------------------------------------------------------------------------------------------------------------------------------------------------------
#                            Timing Point                              Flags        Arc        Edge          Cell           Fanout Load Trans Delay Arrival Instance 
#                                                                                                                                  (fF)  (ps)  (ps)   (ps)  Location 
#--------------------------------------------------------------------------------------------------------------------------------------------------------------------
  U_KEYEXP_ROUND_KEY_GEN[8].RKGEN_U_SUB_U_ROM[3].ROM_sram/clk          -       -               R     (arrival)               60672    -     0     0       0    (-,-) 
  U_KEYEXP_ROUND_KEY_GEN[8].RKGEN_U_SUB_U_ROM[3].ROM_sram/dataout[8]   (u)     clk->dataout[8] R     srambank_64x4x16_6t122      1  1.0  6535 67714   67714    (-,-) 
  g228917/z                                                            (u)     in_0->z         F     unmapped_nand2              1  1.0     0     9   67723    (-,-) 
  g190042/z                                                            (u)     in_1->z         R     unmapped_nand2              1  1.0     0     9   67732    (-,-) 
  U_KEYEXP_ROUND_KEY_GEN[8].RKGEN_U_SUB_U_ROM[3].ROM_dout_reg_reg[0]/d -       -               R     unmapped_d_flop             1    -     -     0   67732    (-,-) 
#--------------------------------------------------------------------------------------------------------------------------------------------------------------------

(u) : Net has unmapped pin(s).



Path 41: VIOLATED (-66841 ps) Setup Check with Pin U_KEYEXP_ROUND_KEY_GEN[8].RKGEN_U_SUB_U_ROM[2].ROM_dout_reg_reg[7]/clk->d
          Group: clk
     Startpoint: (R) U_KEYEXP_ROUND_KEY_GEN[8].RKGEN_U_SUB_U_ROM[2].ROM_sram/clk
          Clock: (R) clk
       Endpoint: (R) U_KEYEXP_ROUND_KEY_GEN[8].RKGEN_U_SUB_U_ROM[2].ROM_dout_reg_reg[7]/d
          Clock: (R) clk

                     Capture       Launch     
        Clock Edge:+     900            0     
       Src Latency:+       0            0     
       Net Latency:+       0 (I)        0 (I) 
           Arrival:=     900            0     
                                              
             Setup:-       9                  
     Required Time:=     891                  
      Launch Clock:-       0                  
         Data Path:-   67732                  
             Slack:=  -66841                  

#---------------------------------------------------------------------------------------------------------------------------------------------------------------------
#                            Timing Point                              Flags         Arc        Edge          Cell           Fanout Load Trans Delay Arrival Instance 
#                                                                                                                                   (fF)  (ps)  (ps)   (ps)  Location 
#---------------------------------------------------------------------------------------------------------------------------------------------------------------------
  U_KEYEXP_ROUND_KEY_GEN[8].RKGEN_U_SUB_U_ROM[2].ROM_sram/clk          -       -                R     (arrival)               60672    -     0     0       0    (-,-) 
  U_KEYEXP_ROUND_KEY_GEN[8].RKGEN_U_SUB_U_ROM[2].ROM_sram/dataout[15]  (u)     clk->dataout[15] R     srambank_64x4x16_6t122      1  1.0  6535 67714   67714    (-,-) 
  g228951/z                                                            (u)     in_0->z          F     unmapped_nand2              1  1.0     0     9   67723    (-,-) 
  g190143/z                                                            (u)     in_1->z          R     unmapped_nand2              1  1.0     0     9   67732    (-,-) 
  U_KEYEXP_ROUND_KEY_GEN[8].RKGEN_U_SUB_U_ROM[2].ROM_dout_reg_reg[7]/d -       -                R     unmapped_d_flop             1    -     -     0   67732    (-,-) 
#---------------------------------------------------------------------------------------------------------------------------------------------------------------------

(u) : Net has unmapped pin(s).



Path 42: VIOLATED (-66841 ps) Setup Check with Pin U_KEYEXP_ROUND_KEY_GEN[8].RKGEN_U_SUB_U_ROM[2].ROM_dout_reg_reg[6]/clk->d
          Group: clk
     Startpoint: (R) U_KEYEXP_ROUND_KEY_GEN[8].RKGEN_U_SUB_U_ROM[2].ROM_sram/clk
          Clock: (R) clk
       Endpoint: (R) U_KEYEXP_ROUND_KEY_GEN[8].RKGEN_U_SUB_U_ROM[2].ROM_dout_reg_reg[6]/d
          Clock: (R) clk

                     Capture       Launch     
        Clock Edge:+     900            0     
       Src Latency:+       0            0     
       Net Latency:+       0 (I)        0 (I) 
           Arrival:=     900            0     
                                              
             Setup:-       9                  
     Required Time:=     891                  
      Launch Clock:-       0                  
         Data Path:-   67732                  
             Slack:=  -66841                  

#---------------------------------------------------------------------------------------------------------------------------------------------------------------------
#                            Timing Point                              Flags         Arc        Edge          Cell           Fanout Load Trans Delay Arrival Instance 
#                                                                                                                                   (fF)  (ps)  (ps)   (ps)  Location 
#---------------------------------------------------------------------------------------------------------------------------------------------------------------------
  U_KEYEXP_ROUND_KEY_GEN[8].RKGEN_U_SUB_U_ROM[2].ROM_sram/clk          -       -                R     (arrival)               60672    -     0     0       0    (-,-) 
  U_KEYEXP_ROUND_KEY_GEN[8].RKGEN_U_SUB_U_ROM[2].ROM_sram/dataout[14]  (u)     clk->dataout[14] R     srambank_64x4x16_6t122      1  1.0  6535 67714   67714    (-,-) 
  g228953/z                                                            (u)     in_0->z          F     unmapped_nand2              1  1.0     0     9   67723    (-,-) 
  g190150/z                                                            (u)     in_1->z          R     unmapped_nand2              1  1.0     0     9   67732    (-,-) 
  U_KEYEXP_ROUND_KEY_GEN[8].RKGEN_U_SUB_U_ROM[2].ROM_dout_reg_reg[6]/d -       -                R     unmapped_d_flop             1    -     -     0   67732    (-,-) 
#---------------------------------------------------------------------------------------------------------------------------------------------------------------------

(u) : Net has unmapped pin(s).



Path 43: VIOLATED (-66841 ps) Setup Check with Pin U_KEYEXP_ROUND_KEY_GEN[8].RKGEN_U_SUB_U_ROM[2].ROM_dout_reg_reg[5]/clk->d
          Group: clk
     Startpoint: (R) U_KEYEXP_ROUND_KEY_GEN[8].RKGEN_U_SUB_U_ROM[2].ROM_sram/clk
          Clock: (R) clk
       Endpoint: (R) U_KEYEXP_ROUND_KEY_GEN[8].RKGEN_U_SUB_U_ROM[2].ROM_dout_reg_reg[5]/d
          Clock: (R) clk

                     Capture       Launch     
        Clock Edge:+     900            0     
       Src Latency:+       0            0     
       Net Latency:+       0 (I)        0 (I) 
           Arrival:=     900            0     
                                              
             Setup:-       9                  
     Required Time:=     891                  
      Launch Clock:-       0                  
         Data Path:-   67732                  
             Slack:=  -66841                  

#---------------------------------------------------------------------------------------------------------------------------------------------------------------------
#                            Timing Point                              Flags         Arc        Edge          Cell           Fanout Load Trans Delay Arrival Instance 
#                                                                                                                                   (fF)  (ps)  (ps)   (ps)  Location 
#---------------------------------------------------------------------------------------------------------------------------------------------------------------------
  U_KEYEXP_ROUND_KEY_GEN[8].RKGEN_U_SUB_U_ROM[2].ROM_sram/clk          -       -                R     (arrival)               60672    -     0     0       0    (-,-) 
  U_KEYEXP_ROUND_KEY_GEN[8].RKGEN_U_SUB_U_ROM[2].ROM_sram/dataout[13]  (u)     clk->dataout[13] R     srambank_64x4x16_6t122      1  1.0  6535 67714   67714    (-,-) 
  g228955/z                                                            (u)     in_0->z          F     unmapped_nand2              1  1.0     0     9   67723    (-,-) 
  g190157/z                                                            (u)     in_1->z          R     unmapped_nand2              1  1.0     0     9   67732    (-,-) 
  U_KEYEXP_ROUND_KEY_GEN[8].RKGEN_U_SUB_U_ROM[2].ROM_dout_reg_reg[5]/d -       -                R     unmapped_d_flop             1    -     -     0   67732    (-,-) 
#---------------------------------------------------------------------------------------------------------------------------------------------------------------------

(u) : Net has unmapped pin(s).



Path 44: VIOLATED (-66841 ps) Setup Check with Pin U_KEYEXP_ROUND_KEY_GEN[8].RKGEN_U_SUB_U_ROM[2].ROM_dout_reg_reg[4]/clk->d
          Group: clk
     Startpoint: (R) U_KEYEXP_ROUND_KEY_GEN[8].RKGEN_U_SUB_U_ROM[2].ROM_sram/clk
          Clock: (R) clk
       Endpoint: (R) U_KEYEXP_ROUND_KEY_GEN[8].RKGEN_U_SUB_U_ROM[2].ROM_dout_reg_reg[4]/d
          Clock: (R) clk

                     Capture       Launch     
        Clock Edge:+     900            0     
       Src Latency:+       0            0     
       Net Latency:+       0 (I)        0 (I) 
           Arrival:=     900            0     
                                              
             Setup:-       9                  
     Required Time:=     891                  
      Launch Clock:-       0                  
         Data Path:-   67732                  
             Slack:=  -66841                  

#---------------------------------------------------------------------------------------------------------------------------------------------------------------------
#                            Timing Point                              Flags         Arc        Edge          Cell           Fanout Load Trans Delay Arrival Instance 
#                                                                                                                                   (fF)  (ps)  (ps)   (ps)  Location 
#---------------------------------------------------------------------------------------------------------------------------------------------------------------------
  U_KEYEXP_ROUND_KEY_GEN[8].RKGEN_U_SUB_U_ROM[2].ROM_sram/clk          -       -                R     (arrival)               60672    -     0     0       0    (-,-) 
  U_KEYEXP_ROUND_KEY_GEN[8].RKGEN_U_SUB_U_ROM[2].ROM_sram/dataout[12]  (u)     clk->dataout[12] R     srambank_64x4x16_6t122      1  1.0  6535 67714   67714    (-,-) 
  g228957/z                                                            (u)     in_0->z          F     unmapped_nand2              1  1.0     0     9   67723    (-,-) 
  g190162/z                                                            (u)     in_1->z          R     unmapped_nand2              1  1.0     0     9   67732    (-,-) 
  U_KEYEXP_ROUND_KEY_GEN[8].RKGEN_U_SUB_U_ROM[2].ROM_dout_reg_reg[4]/d -       -                R     unmapped_d_flop             1    -     -     0   67732    (-,-) 
#---------------------------------------------------------------------------------------------------------------------------------------------------------------------

(u) : Net has unmapped pin(s).



Path 45: VIOLATED (-66841 ps) Setup Check with Pin U_KEYEXP_ROUND_KEY_GEN[8].RKGEN_U_SUB_U_ROM[2].ROM_dout_reg_reg[3]/clk->d
          Group: clk
     Startpoint: (R) U_KEYEXP_ROUND_KEY_GEN[8].RKGEN_U_SUB_U_ROM[2].ROM_sram/clk
          Clock: (R) clk
       Endpoint: (R) U_KEYEXP_ROUND_KEY_GEN[8].RKGEN_U_SUB_U_ROM[2].ROM_dout_reg_reg[3]/d
          Clock: (R) clk

                     Capture       Launch     
        Clock Edge:+     900            0     
       Src Latency:+       0            0     
       Net Latency:+       0 (I)        0 (I) 
           Arrival:=     900            0     
                                              
             Setup:-       9                  
     Required Time:=     891                  
      Launch Clock:-       0                  
         Data Path:-   67732                  
             Slack:=  -66841                  

#---------------------------------------------------------------------------------------------------------------------------------------------------------------------
#                            Timing Point                              Flags         Arc        Edge          Cell           Fanout Load Trans Delay Arrival Instance 
#                                                                                                                                   (fF)  (ps)  (ps)   (ps)  Location 
#---------------------------------------------------------------------------------------------------------------------------------------------------------------------
  U_KEYEXP_ROUND_KEY_GEN[8].RKGEN_U_SUB_U_ROM[2].ROM_sram/clk          -       -                R     (arrival)               60672    -     0     0       0    (-,-) 
  U_KEYEXP_ROUND_KEY_GEN[8].RKGEN_U_SUB_U_ROM[2].ROM_sram/dataout[11]  (u)     clk->dataout[11] R     srambank_64x4x16_6t122      1  1.0  6535 67714   67714    (-,-) 
  g228959/z                                                            (u)     in_0->z          F     unmapped_nand2              1  1.0     0     9   67723    (-,-) 
  g190169/z                                                            (u)     in_1->z          R     unmapped_nand2              1  1.0     0     9   67732    (-,-) 
  U_KEYEXP_ROUND_KEY_GEN[8].RKGEN_U_SUB_U_ROM[2].ROM_dout_reg_reg[3]/d -       -                R     unmapped_d_flop             1    -     -     0   67732    (-,-) 
#---------------------------------------------------------------------------------------------------------------------------------------------------------------------

(u) : Net has unmapped pin(s).



Path 46: VIOLATED (-66841 ps) Setup Check with Pin U_KEYEXP_ROUND_KEY_GEN[8].RKGEN_U_SUB_U_ROM[2].ROM_dout_reg_reg[2]/clk->d
          Group: clk
     Startpoint: (R) U_KEYEXP_ROUND_KEY_GEN[8].RKGEN_U_SUB_U_ROM[2].ROM_sram/clk
          Clock: (R) clk
       Endpoint: (R) U_KEYEXP_ROUND_KEY_GEN[8].RKGEN_U_SUB_U_ROM[2].ROM_dout_reg_reg[2]/d
          Clock: (R) clk

                     Capture       Launch     
        Clock Edge:+     900            0     
       Src Latency:+       0            0     
       Net Latency:+       0 (I)        0 (I) 
           Arrival:=     900            0     
                                              
             Setup:-       9                  
     Required Time:=     891                  
      Launch Clock:-       0                  
         Data Path:-   67732                  
             Slack:=  -66841                  

#---------------------------------------------------------------------------------------------------------------------------------------------------------------------
#                            Timing Point                              Flags         Arc        Edge          Cell           Fanout Load Trans Delay Arrival Instance 
#                                                                                                                                   (fF)  (ps)  (ps)   (ps)  Location 
#---------------------------------------------------------------------------------------------------------------------------------------------------------------------
  U_KEYEXP_ROUND_KEY_GEN[8].RKGEN_U_SUB_U_ROM[2].ROM_sram/clk          -       -                R     (arrival)               60672    -     0     0       0    (-,-) 
  U_KEYEXP_ROUND_KEY_GEN[8].RKGEN_U_SUB_U_ROM[2].ROM_sram/dataout[10]  (u)     clk->dataout[10] R     srambank_64x4x16_6t122      1  1.0  6535 67714   67714    (-,-) 
  g228961/z                                                            (u)     in_0->z          F     unmapped_nand2              1  1.0     0     9   67723    (-,-) 
  g190176/z                                                            (u)     in_1->z          R     unmapped_nand2              1  1.0     0     9   67732    (-,-) 
  U_KEYEXP_ROUND_KEY_GEN[8].RKGEN_U_SUB_U_ROM[2].ROM_dout_reg_reg[2]/d -       -                R     unmapped_d_flop             1    -     -     0   67732    (-,-) 
#---------------------------------------------------------------------------------------------------------------------------------------------------------------------

(u) : Net has unmapped pin(s).



Path 47: VIOLATED (-66841 ps) Setup Check with Pin U_KEYEXP_ROUND_KEY_GEN[8].RKGEN_U_SUB_U_ROM[2].ROM_dout_reg_reg[1]/clk->d
          Group: clk
     Startpoint: (R) U_KEYEXP_ROUND_KEY_GEN[8].RKGEN_U_SUB_U_ROM[2].ROM_sram/clk
          Clock: (R) clk
       Endpoint: (R) U_KEYEXP_ROUND_KEY_GEN[8].RKGEN_U_SUB_U_ROM[2].ROM_dout_reg_reg[1]/d
          Clock: (R) clk

                     Capture       Launch     
        Clock Edge:+     900            0     
       Src Latency:+       0            0     
       Net Latency:+       0 (I)        0 (I) 
           Arrival:=     900            0     
                                              
             Setup:-       9                  
     Required Time:=     891                  
      Launch Clock:-       0                  
         Data Path:-   67732                  
             Slack:=  -66841                  

#--------------------------------------------------------------------------------------------------------------------------------------------------------------------
#                            Timing Point                              Flags        Arc        Edge          Cell           Fanout Load Trans Delay Arrival Instance 
#                                                                                                                                  (fF)  (ps)  (ps)   (ps)  Location 
#--------------------------------------------------------------------------------------------------------------------------------------------------------------------
  U_KEYEXP_ROUND_KEY_GEN[8].RKGEN_U_SUB_U_ROM[2].ROM_sram/clk          -       -               R     (arrival)               60672    -     0     0       0    (-,-) 
  U_KEYEXP_ROUND_KEY_GEN[8].RKGEN_U_SUB_U_ROM[2].ROM_sram/dataout[9]   (u)     clk->dataout[9] R     srambank_64x4x16_6t122      1  1.0  6535 67714   67714    (-,-) 
  g228963/z                                                            (u)     in_0->z         F     unmapped_nand2              1  1.0     0     9   67723    (-,-) 
  g190183/z                                                            (u)     in_1->z         R     unmapped_nand2              1  1.0     0     9   67732    (-,-) 
  U_KEYEXP_ROUND_KEY_GEN[8].RKGEN_U_SUB_U_ROM[2].ROM_dout_reg_reg[1]/d -       -               R     unmapped_d_flop             1    -     -     0   67732    (-,-) 
#--------------------------------------------------------------------------------------------------------------------------------------------------------------------

(u) : Net has unmapped pin(s).



Path 48: VIOLATED (-66841 ps) Setup Check with Pin U_KEYEXP_ROUND_KEY_GEN[8].RKGEN_U_SUB_U_ROM[2].ROM_dout_reg_reg[0]/clk->d
          Group: clk
     Startpoint: (R) U_KEYEXP_ROUND_KEY_GEN[8].RKGEN_U_SUB_U_ROM[2].ROM_sram/clk
          Clock: (R) clk
       Endpoint: (R) U_KEYEXP_ROUND_KEY_GEN[8].RKGEN_U_SUB_U_ROM[2].ROM_dout_reg_reg[0]/d
          Clock: (R) clk

                     Capture       Launch     
        Clock Edge:+     900            0     
       Src Latency:+       0            0     
       Net Latency:+       0 (I)        0 (I) 
           Arrival:=     900            0     
                                              
             Setup:-       9                  
     Required Time:=     891                  
      Launch Clock:-       0                  
         Data Path:-   67732                  
             Slack:=  -66841                  

#--------------------------------------------------------------------------------------------------------------------------------------------------------------------
#                            Timing Point                              Flags        Arc        Edge          Cell           Fanout Load Trans Delay Arrival Instance 
#                                                                                                                                  (fF)  (ps)  (ps)   (ps)  Location 
#--------------------------------------------------------------------------------------------------------------------------------------------------------------------
  U_KEYEXP_ROUND_KEY_GEN[8].RKGEN_U_SUB_U_ROM[2].ROM_sram/clk          -       -               R     (arrival)               60672    -     0     0       0    (-,-) 
  U_KEYEXP_ROUND_KEY_GEN[8].RKGEN_U_SUB_U_ROM[2].ROM_sram/dataout[8]   (u)     clk->dataout[8] R     srambank_64x4x16_6t122      1  1.0  6535 67714   67714    (-,-) 
  g228965/z                                                            (u)     in_0->z         F     unmapped_nand2              1  1.0     0     9   67723    (-,-) 
  g190188/z                                                            (u)     in_1->z         R     unmapped_nand2              1  1.0     0     9   67732    (-,-) 
  U_KEYEXP_ROUND_KEY_GEN[8].RKGEN_U_SUB_U_ROM[2].ROM_dout_reg_reg[0]/d -       -               R     unmapped_d_flop             1    -     -     0   67732    (-,-) 
#--------------------------------------------------------------------------------------------------------------------------------------------------------------------

(u) : Net has unmapped pin(s).



Path 49: VIOLATED (-66841 ps) Setup Check with Pin U_KEYEXP_ROUND_KEY_GEN[8].RKGEN_U_SUB_U_ROM[1].ROM_dout_reg_reg[7]/clk->d
          Group: clk
     Startpoint: (R) U_KEYEXP_ROUND_KEY_GEN[8].RKGEN_U_SUB_U_ROM[1].ROM_sram/clk
          Clock: (R) clk
       Endpoint: (R) U_KEYEXP_ROUND_KEY_GEN[8].RKGEN_U_SUB_U_ROM[1].ROM_dout_reg_reg[7]/d
          Clock: (R) clk

                     Capture       Launch     
        Clock Edge:+     900            0     
       Src Latency:+       0            0     
       Net Latency:+       0 (I)        0 (I) 
           Arrival:=     900            0     
                                              
             Setup:-       9                  
     Required Time:=     891                  
      Launch Clock:-       0                  
         Data Path:-   67732                  
             Slack:=  -66841                  

#---------------------------------------------------------------------------------------------------------------------------------------------------------------------
#                            Timing Point                              Flags         Arc        Edge          Cell           Fanout Load Trans Delay Arrival Instance 
#                                                                                                                                   (fF)  (ps)  (ps)   (ps)  Location 
#---------------------------------------------------------------------------------------------------------------------------------------------------------------------
  U_KEYEXP_ROUND_KEY_GEN[8].RKGEN_U_SUB_U_ROM[1].ROM_sram/clk          -       -                R     (arrival)               60672    -     0     0       0    (-,-) 
  U_KEYEXP_ROUND_KEY_GEN[8].RKGEN_U_SUB_U_ROM[1].ROM_sram/dataout[15]  (u)     clk->dataout[15] R     srambank_64x4x16_6t122      1  1.0  6535 67714   67714    (-,-) 
  g228967/z                                                            (u)     in_0->z          F     unmapped_nand2              1  1.0     0     9   67723    (-,-) 
  g190195/z                                                            (u)     in_1->z          R     unmapped_nand2              1  1.0     0     9   67732    (-,-) 
  U_KEYEXP_ROUND_KEY_GEN[8].RKGEN_U_SUB_U_ROM[1].ROM_dout_reg_reg[7]/d -       -                R     unmapped_d_flop             1    -     -     0   67732    (-,-) 
#---------------------------------------------------------------------------------------------------------------------------------------------------------------------

(u) : Net has unmapped pin(s).



Path 50: VIOLATED (-66841 ps) Setup Check with Pin U_KEYEXP_ROUND_KEY_GEN[8].RKGEN_U_SUB_U_ROM[1].ROM_dout_reg_reg[6]/clk->d
          Group: clk
     Startpoint: (R) U_KEYEXP_ROUND_KEY_GEN[8].RKGEN_U_SUB_U_ROM[1].ROM_sram/clk
          Clock: (R) clk
       Endpoint: (R) U_KEYEXP_ROUND_KEY_GEN[8].RKGEN_U_SUB_U_ROM[1].ROM_dout_reg_reg[6]/d
          Clock: (R) clk

                     Capture       Launch     
        Clock Edge:+     900            0     
       Src Latency:+       0            0     
       Net Latency:+       0 (I)        0 (I) 
           Arrival:=     900            0     
                                              
             Setup:-       9                  
     Required Time:=     891                  
      Launch Clock:-       0                  
         Data Path:-   67732                  
             Slack:=  -66841                  

#---------------------------------------------------------------------------------------------------------------------------------------------------------------------
#                            Timing Point                              Flags         Arc        Edge          Cell           Fanout Load Trans Delay Arrival Instance 
#                                                                                                                                   (fF)  (ps)  (ps)   (ps)  Location 
#---------------------------------------------------------------------------------------------------------------------------------------------------------------------
  U_KEYEXP_ROUND_KEY_GEN[8].RKGEN_U_SUB_U_ROM[1].ROM_sram/clk          -       -                R     (arrival)               60672    -     0     0       0    (-,-) 
  U_KEYEXP_ROUND_KEY_GEN[8].RKGEN_U_SUB_U_ROM[1].ROM_sram/dataout[14]  (u)     clk->dataout[14] R     srambank_64x4x16_6t122      1  1.0  6535 67714   67714    (-,-) 
  g228969/z                                                            (u)     in_0->z          F     unmapped_nand2              1  1.0     0     9   67723    (-,-) 
  g190200/z                                                            (u)     in_1->z          R     unmapped_nand2              1  1.0     0     9   67732    (-,-) 
  U_KEYEXP_ROUND_KEY_GEN[8].RKGEN_U_SUB_U_ROM[1].ROM_dout_reg_reg[6]/d -       -                R     unmapped_d_flop             1    -     -     0   67732    (-,-) 
#---------------------------------------------------------------------------------------------------------------------------------------------------------------------

(u) : Net has unmapped pin(s).

