============================================================
  Generated by:           Genus(TM) Synthesis Solution 21.17-s066_1
  Generated on:           Jul 30 2025  02:55:49 pm
  Module:                 Top_PipelinedMultiCipher
  Operating conditions:   PVT_0P7V_25C 
  Interconnect mode:      global
  Area mode:              physical library
============================================================


Path 1: VIOLATED (-66842 ps) Setup Check with Pin U_KEYEXP_ROUND_KEY_GEN[4].RKGEN_U_SUB_U_ROM[1].ROM_dout_reg_reg[3]/CLK->D
          Group: clk
     Startpoint: (R) U_KEYEXP_ROUND_KEY_GEN[4].RKGEN_U_SUB_U_ROM[1].ROM_sram/clk
          Clock: (R) clk
       Endpoint: (F) U_KEYEXP_ROUND_KEY_GEN[4].RKGEN_U_SUB_U_ROM[1].ROM_dout_reg_reg[3]/D
          Clock: (R) clk

                     Capture       Launch     
        Clock Edge:+     900            0     
       Src Latency:+       0            0     
       Net Latency:+       0 (I)        0 (I) 
           Arrival:=     900            0     
                                              
             Setup:-      12                  
     Required Time:=     888                  
      Launch Clock:-       0                  
         Data Path:-   67730                  
             Slack:=  -66842                  

#---------------------------------------------------------------------------------------------------------------------------------------------------------------------
#                            Timing Point                              Flags        Arc        Edge          Cell            Fanout Load Trans Delay Arrival Instance 
#                                                                                                                                   (fF)  (ps)  (ps)   (ps)  Location 
#---------------------------------------------------------------------------------------------------------------------------------------------------------------------
  U_KEYEXP_ROUND_KEY_GEN[4].RKGEN_U_SUB_U_ROM[1].ROM_sram/clk          -       -               R     (arrival)                60672    -     0     0       0    (-,-) 
  U_KEYEXP_ROUND_KEY_GEN[4].RKGEN_U_SUB_U_ROM[1].ROM_sram/dataout[3]   -       clk->dataout[3] R     srambank_64x4x16_6t122       1 10.3  6556 67725   67725    (-,-) 
  g322313/Y                                                            -       A->Y            F     CKINVDCx16_ASAP7_75t_L       1  1.6   654   -85   67640    (-,-) 
  g322312/Y                                                            -       A->Y            R     INVx2_ASAP7_75t_L            1  1.0    81    47   67686    (-,-) 
  g376310/Y                                                            -       A->Y            F     INVx1_ASAP7_75t_L            1  0.8    20    11   67698    (-,-) 
  g557203/Y                                                            -       B->Y            R     NOR2xp33_ASAP7_75t_L         1  1.0    38    18   67716    (-,-) 
  g368182/Y                                                            -       B->Y            F     AOI21xp5_ASAP7_75t_L         1  1.0    32    15   67730    (-,-) 
  U_KEYEXP_ROUND_KEY_GEN[4].RKGEN_U_SUB_U_ROM[1].ROM_dout_reg_reg[3]/D -       -               F     DFFASRHQNx1_ASAP7_75t_L      1    -     -     0   67730    (-,-) 
#---------------------------------------------------------------------------------------------------------------------------------------------------------------------



Path 2: VIOLATED (-66842 ps) Setup Check with Pin U_KEYEXP_ROUND_KEY_GEN[1].RKGEN_U_SUB_U_ROM[3].ROM_dout_reg_reg[6]/CLK->D
          Group: clk
     Startpoint: (R) U_KEYEXP_ROUND_KEY_GEN[1].RKGEN_U_SUB_U_ROM[3].ROM_sram/clk
          Clock: (R) clk
       Endpoint: (F) U_KEYEXP_ROUND_KEY_GEN[1].RKGEN_U_SUB_U_ROM[3].ROM_dout_reg_reg[6]/D
          Clock: (R) clk

                     Capture       Launch     
        Clock Edge:+     900            0     
       Src Latency:+       0            0     
       Net Latency:+       0 (I)        0 (I) 
           Arrival:=     900            0     
                                              
             Setup:-      12                  
     Required Time:=     888                  
      Launch Clock:-       0                  
         Data Path:-   67730                  
             Slack:=  -66842                  

#---------------------------------------------------------------------------------------------------------------------------------------------------------------------
#                            Timing Point                              Flags        Arc        Edge          Cell            Fanout Load Trans Delay Arrival Instance 
#                                                                                                                                   (fF)  (ps)  (ps)   (ps)  Location 
#---------------------------------------------------------------------------------------------------------------------------------------------------------------------
  U_KEYEXP_ROUND_KEY_GEN[1].RKGEN_U_SUB_U_ROM[3].ROM_sram/clk          -       -               R     (arrival)                60672    -     0     0       0    (-,-) 
  U_KEYEXP_ROUND_KEY_GEN[1].RKGEN_U_SUB_U_ROM[3].ROM_sram/dataout[6]   -       clk->dataout[6] R     srambank_64x4x16_6t122       1 10.3  6556 67725   67725    (-,-) 
  g322047/Y                                                            -       A->Y            F     CKINVDCx16_ASAP7_75t_L       1  1.6   654   -85   67640    (-,-) 
  g322046/Y                                                            -       A->Y            R     INVx2_ASAP7_75t_L            1  1.0    81    47   67686    (-,-) 
  g376893/Y                                                            -       A->Y            F     INVx1_ASAP7_75t_L            1  0.8    20    11   67698    (-,-) 
  g557202/Y                                                            -       B->Y            R     NOR2xp33_ASAP7_75t_L         1  1.0    38    18   67716    (-,-) 
  g368181/Y                                                            -       B->Y            F     AOI21xp5_ASAP7_75t_L         1  1.0    32    15   67730    (-,-) 
  U_KEYEXP_ROUND_KEY_GEN[1].RKGEN_U_SUB_U_ROM[3].ROM_dout_reg_reg[6]/D -       -               F     DFFASRHQNx1_ASAP7_75t_L      1    -     -     0   67730    (-,-) 
#---------------------------------------------------------------------------------------------------------------------------------------------------------------------



Path 3: VIOLATED (-66842 ps) Setup Check with Pin U_KEYEXP_ROUND_KEY_GEN[5].RKGEN_U_SUB_U_ROM[1].ROM_dout_reg_reg[1]/CLK->D
          Group: clk
     Startpoint: (R) U_KEYEXP_ROUND_KEY_GEN[5].RKGEN_U_SUB_U_ROM[1].ROM_sram/clk
          Clock: (R) clk
       Endpoint: (F) U_KEYEXP_ROUND_KEY_GEN[5].RKGEN_U_SUB_U_ROM[1].ROM_dout_reg_reg[1]/D
          Clock: (R) clk

                     Capture       Launch     
        Clock Edge:+     900            0     
       Src Latency:+       0            0     
       Net Latency:+       0 (I)        0 (I) 
           Arrival:=     900            0     
                                              
             Setup:-      12                  
     Required Time:=     888                  
      Launch Clock:-       0                  
         Data Path:-   67730                  
             Slack:=  -66842                  

#---------------------------------------------------------------------------------------------------------------------------------------------------------------------
#                            Timing Point                              Flags        Arc        Edge          Cell            Fanout Load Trans Delay Arrival Instance 
#                                                                                                                                   (fF)  (ps)  (ps)   (ps)  Location 
#---------------------------------------------------------------------------------------------------------------------------------------------------------------------
  U_KEYEXP_ROUND_KEY_GEN[5].RKGEN_U_SUB_U_ROM[1].ROM_sram/clk          -       -               R     (arrival)                60672    -     0     0       0    (-,-) 
  U_KEYEXP_ROUND_KEY_GEN[5].RKGEN_U_SUB_U_ROM[1].ROM_sram/dataout[1]   -       clk->dataout[1] R     srambank_64x4x16_6t122       1 10.3  6556 67725   67725    (-,-) 
  g322419/Y                                                            -       A->Y            F     CKINVDCx16_ASAP7_75t_L       1  1.6   654   -85   67640    (-,-) 
  g322418/Y                                                            -       A->Y            R     INVx2_ASAP7_75t_L            1  1.0    81    47   67686    (-,-) 
  g374002/Y                                                            -       A->Y            F     INVx1_ASAP7_75t_L            1  0.8    20    11   67698    (-,-) 
  g370319/Y                                                            -       B->Y            R     NOR2xp33_ASAP7_75t_L         1  1.0    38    18   67716    (-,-) 
  g365905/Y                                                            -       B->Y            F     AOI21xp5_ASAP7_75t_L         1  1.0    32    15   67730    (-,-) 
  U_KEYEXP_ROUND_KEY_GEN[5].RKGEN_U_SUB_U_ROM[1].ROM_dout_reg_reg[1]/D -       -               F     DFFASRHQNx1_ASAP7_75t_L      1    -     -     0   67730    (-,-) 
#---------------------------------------------------------------------------------------------------------------------------------------------------------------------



Path 4: VIOLATED (-66842 ps) Setup Check with Pin U_KEYEXP_ROUND_KEY_GEN[2].RKGEN_U_SUB_U_ROM[0].ROM_dout_reg_reg[5]/CLK->D
          Group: clk
     Startpoint: (R) U_KEYEXP_ROUND_KEY_GEN[2].RKGEN_U_SUB_U_ROM[0].ROM_sram/clk
          Clock: (R) clk
       Endpoint: (F) U_KEYEXP_ROUND_KEY_GEN[2].RKGEN_U_SUB_U_ROM[0].ROM_dout_reg_reg[5]/D
          Clock: (R) clk

                     Capture       Launch     
        Clock Edge:+     900            0     
       Src Latency:+       0            0     
       Net Latency:+       0 (I)        0 (I) 
           Arrival:=     900            0     
                                              
             Setup:-      12                  
     Required Time:=     888                  
      Launch Clock:-       0                  
         Data Path:-   67730                  
             Slack:=  -66842                  

#---------------------------------------------------------------------------------------------------------------------------------------------------------------------
#                            Timing Point                              Flags        Arc        Edge          Cell            Fanout Load Trans Delay Arrival Instance 
#                                                                                                                                   (fF)  (ps)  (ps)   (ps)  Location 
#---------------------------------------------------------------------------------------------------------------------------------------------------------------------
  U_KEYEXP_ROUND_KEY_GEN[2].RKGEN_U_SUB_U_ROM[0].ROM_sram/clk          -       -               R     (arrival)                60672    -     0     0       0    (-,-) 
  U_KEYEXP_ROUND_KEY_GEN[2].RKGEN_U_SUB_U_ROM[0].ROM_sram/dataout[5]   -       clk->dataout[5] R     srambank_64x4x16_6t122       1 10.3  6556 67725   67725    (-,-) 
  g322077/Y                                                            -       A->Y            F     CKINVDCx16_ASAP7_75t_L       1  1.6   654   -85   67640    (-,-) 
  g322076/Y                                                            -       A->Y            R     INVx2_ASAP7_75t_L            1  1.0    81    47   67686    (-,-) 
  g374584/Y                                                            -       A->Y            F     INVx1_ASAP7_75t_L            1  0.8    20    11   67698    (-,-) 
  g370318/Y                                                            -       B->Y            R     NOR2xp33_ASAP7_75t_L         1  1.0    38    18   67716    (-,-) 
  g365903/Y                                                            -       B->Y            F     AOI21xp5_ASAP7_75t_L         1  1.0    32    15   67730    (-,-) 
  U_KEYEXP_ROUND_KEY_GEN[2].RKGEN_U_SUB_U_ROM[0].ROM_dout_reg_reg[5]/D -       -               F     DFFASRHQNx1_ASAP7_75t_L      1    -     -     0   67730    (-,-) 
#---------------------------------------------------------------------------------------------------------------------------------------------------------------------



Path 5: VIOLATED (-66842 ps) Setup Check with Pin U_KEYEXP_ROUND_KEY_GEN[7].RKGEN_U_SUB_U_ROM[0].ROM_dout_reg_reg[6]/CLK->D
          Group: clk
     Startpoint: (R) U_KEYEXP_ROUND_KEY_GEN[7].RKGEN_U_SUB_U_ROM[0].ROM_sram/clk
          Clock: (R) clk
       Endpoint: (F) U_KEYEXP_ROUND_KEY_GEN[7].RKGEN_U_SUB_U_ROM[0].ROM_dout_reg_reg[6]/D
          Clock: (R) clk

                     Capture       Launch     
        Clock Edge:+     900            0     
       Src Latency:+       0            0     
       Net Latency:+       0 (I)        0 (I) 
           Arrival:=     900            0     
                                              
             Setup:-      12                  
     Required Time:=     888                  
      Launch Clock:-       0                  
         Data Path:-   67730                  
             Slack:=  -66842                  

#---------------------------------------------------------------------------------------------------------------------------------------------------------------------
#                            Timing Point                              Flags        Arc        Edge          Cell            Fanout Load Trans Delay Arrival Instance 
#                                                                                                                                   (fF)  (ps)  (ps)   (ps)  Location 
#---------------------------------------------------------------------------------------------------------------------------------------------------------------------
  U_KEYEXP_ROUND_KEY_GEN[7].RKGEN_U_SUB_U_ROM[0].ROM_sram/clk          -       -               R     (arrival)                60672    -     0     0       0    (-,-) 
  U_KEYEXP_ROUND_KEY_GEN[7].RKGEN_U_SUB_U_ROM[0].ROM_sram/dataout[6]   -       clk->dataout[6] R     srambank_64x4x16_6t122       1 10.3  6556 67725   67725    (-,-) 
  g340349/Y                                                            -       A->Y            F     CKINVDCx16_ASAP7_75t_L       1  1.6   654   -85   67640    (-,-) 
  g340348/Y                                                            -       A->Y            R     INVx2_ASAP7_75t_L            1  1.0    81    47   67686    (-,-) 
  g534798/Y                                                            -       A->Y            F     INVx1_ASAP7_75t_L            1  0.8    20    11   67698    (-,-) 
  g534172/Y                                                            -       B->Y            R     NOR2xp33_ASAP7_75t_L         1  1.0    38    18   67716    (-,-) 
  g526827/Y                                                            -       B->Y            F     AOI21xp5_ASAP7_75t_L         1  1.0    32    15   67730    (-,-) 
  U_KEYEXP_ROUND_KEY_GEN[7].RKGEN_U_SUB_U_ROM[0].ROM_dout_reg_reg[6]/D -       -               F     DFFASRHQNx1_ASAP7_75t_L      1    -     -     0   67730    (-,-) 
#---------------------------------------------------------------------------------------------------------------------------------------------------------------------



Path 6: VIOLATED (-66842 ps) Setup Check with Pin U_KEYEXP_ROUND_KEY_GEN[7].RKGEN_U_SUB_U_ROM[0].ROM_dout_reg_reg[4]/CLK->D
          Group: clk
     Startpoint: (R) U_KEYEXP_ROUND_KEY_GEN[7].RKGEN_U_SUB_U_ROM[0].ROM_sram/clk
          Clock: (R) clk
       Endpoint: (F) U_KEYEXP_ROUND_KEY_GEN[7].RKGEN_U_SUB_U_ROM[0].ROM_dout_reg_reg[4]/D
          Clock: (R) clk

                     Capture       Launch     
        Clock Edge:+     900            0     
       Src Latency:+       0            0     
       Net Latency:+       0 (I)        0 (I) 
           Arrival:=     900            0     
                                              
             Setup:-      12                  
     Required Time:=     888                  
      Launch Clock:-       0                  
         Data Path:-   67730                  
             Slack:=  -66842                  

#---------------------------------------------------------------------------------------------------------------------------------------------------------------------
#                            Timing Point                              Flags        Arc        Edge          Cell            Fanout Load Trans Delay Arrival Instance 
#                                                                                                                                   (fF)  (ps)  (ps)   (ps)  Location 
#---------------------------------------------------------------------------------------------------------------------------------------------------------------------
  U_KEYEXP_ROUND_KEY_GEN[7].RKGEN_U_SUB_U_ROM[0].ROM_sram/clk          -       -               R     (arrival)                60672    -     0     0       0    (-,-) 
  U_KEYEXP_ROUND_KEY_GEN[7].RKGEN_U_SUB_U_ROM[0].ROM_sram/dataout[4]   -       clk->dataout[4] R     srambank_64x4x16_6t122       1 10.3  6556 67725   67725    (-,-) 
  g338991/Y                                                            -       A->Y            F     CKINVDCx16_ASAP7_75t_L       1  1.6   654   -85   67640    (-,-) 
  g338990/Y                                                            -       A->Y            R     INVx2_ASAP7_75t_L            1  1.0    81    47   67686    (-,-) 
  g534784/Y                                                            -       A->Y            F     INVx1_ASAP7_75t_L            1  0.8    20    11   67698    (-,-) 
  g534070/Y                                                            -       B->Y            R     NOR2xp33_ASAP7_75t_L         1  1.0    38    18   67716    (-,-) 
  g526826/Y                                                            -       B->Y            F     AOI21xp5_ASAP7_75t_L         1  1.0    32    15   67730    (-,-) 
  U_KEYEXP_ROUND_KEY_GEN[7].RKGEN_U_SUB_U_ROM[0].ROM_dout_reg_reg[4]/D -       -               F     DFFASRHQNx1_ASAP7_75t_L      1    -     -     0   67730    (-,-) 
#---------------------------------------------------------------------------------------------------------------------------------------------------------------------



Path 7: VIOLATED (-66842 ps) Setup Check with Pin U_KEYEXP_ROUND_KEY_GEN[5].RKGEN_U_SUB_U_ROM[1].ROM_dout_reg_reg[7]/CLK->D
          Group: clk
     Startpoint: (R) U_KEYEXP_ROUND_KEY_GEN[5].RKGEN_U_SUB_U_ROM[1].ROM_sram/clk
          Clock: (R) clk
       Endpoint: (F) U_KEYEXP_ROUND_KEY_GEN[5].RKGEN_U_SUB_U_ROM[1].ROM_dout_reg_reg[7]/D
          Clock: (R) clk

                     Capture       Launch     
        Clock Edge:+     900            0     
       Src Latency:+       0            0     
       Net Latency:+       0 (I)        0 (I) 
           Arrival:=     900            0     
                                              
             Setup:-      12                  
     Required Time:=     888                  
      Launch Clock:-       0                  
         Data Path:-   67730                  
             Slack:=  -66842                  

#---------------------------------------------------------------------------------------------------------------------------------------------------------------------
#                            Timing Point                              Flags        Arc        Edge          Cell            Fanout Load Trans Delay Arrival Instance 
#                                                                                                                                   (fF)  (ps)  (ps)   (ps)  Location 
#---------------------------------------------------------------------------------------------------------------------------------------------------------------------
  U_KEYEXP_ROUND_KEY_GEN[5].RKGEN_U_SUB_U_ROM[1].ROM_sram/clk          -       -               R     (arrival)                60672    -     0     0       0    (-,-) 
  U_KEYEXP_ROUND_KEY_GEN[5].RKGEN_U_SUB_U_ROM[1].ROM_sram/dataout[7]   -       clk->dataout[7] R     srambank_64x4x16_6t122       1 10.3  6556 67725   67725    (-,-) 
  g338875/Y                                                            -       A->Y            F     CKINVDCx16_ASAP7_75t_L       1  1.6   654   -85   67640    (-,-) 
  g338874/Y                                                            -       A->Y            R     INVx2_ASAP7_75t_L            1  1.0    81    47   67686    (-,-) 
  g534178/Y                                                            -       A->Y            F     INVx1_ASAP7_75t_L            1  0.8    20    11   67698    (-,-) 
  g534081/Y                                                            -       B->Y            R     NOR2xp33_ASAP7_75t_L         1  1.0    38    18   67716    (-,-) 
  g526821/Y                                                            -       B->Y            F     AOI21xp5_ASAP7_75t_L         1  1.0    32    15   67730    (-,-) 
  U_KEYEXP_ROUND_KEY_GEN[5].RKGEN_U_SUB_U_ROM[1].ROM_dout_reg_reg[7]/D -       -               F     DFFASRHQNx1_ASAP7_75t_L      1    -     -     0   67730    (-,-) 
#---------------------------------------------------------------------------------------------------------------------------------------------------------------------



Path 8: VIOLATED (-66842 ps) Setup Check with Pin PIPELINES[6].ROUNDS[5].U_ROUND_U_SUB_ROM[3].ROM_dout_reg_reg[4]/CLK->D
          Group: clk
     Startpoint: (R) PIPELINES[6].ROUNDS[5].U_ROUND_U_SUB_ROM[3].ROM_sram/clk
          Clock: (R) clk
       Endpoint: (F) PIPELINES[6].ROUNDS[5].U_ROUND_U_SUB_ROM[3].ROM_dout_reg_reg[4]/D
          Clock: (R) clk

                     Capture       Launch     
        Clock Edge:+     900            0     
       Src Latency:+       0            0     
       Net Latency:+       0 (I)        0 (I) 
           Arrival:=     900            0     
                                              
             Setup:-      12                  
     Required Time:=     888                  
      Launch Clock:-       0                  
         Data Path:-   67730                  
             Slack:=  -66842                  

#------------------------------------------------------------------------------------------------------------------------------------------------------------------
#                           Timing Point                            Flags        Arc        Edge          Cell            Fanout Load Trans Delay Arrival Instance 
#                                                                                                                                (fF)  (ps)  (ps)   (ps)  Location 
#------------------------------------------------------------------------------------------------------------------------------------------------------------------
  PIPELINES[6].ROUNDS[5].U_ROUND_U_SUB_ROM[3].ROM_sram/clk          -       -               R     (arrival)                60672    -     0     0       0    (-,-) 
  PIPELINES[6].ROUNDS[5].U_ROUND_U_SUB_ROM[3].ROM_sram/dataout[4]   -       clk->dataout[4] R     srambank_64x4x16_6t122       1 10.3  6556 67725   67725    (-,-) 
  g335189/Y                                                         -       A->Y            F     CKINVDCx16_ASAP7_75t_L       1  1.6   654   -85   67640    (-,-) 
  g335188/Y                                                         -       A->Y            R     INVx2_ASAP7_75t_L            1  1.0    81    47   67686    (-,-) 
  g376317/Y                                                         -       A->Y            F     INVx1_ASAP7_75t_L            1  0.8    20    11   67698    (-,-) 
  g557054/Y                                                         -       B->Y            R     NOR2xp33_ASAP7_75t_L         1  1.0    37    18   67716    (-,-) 
  g367951/Y                                                         -       B->Y            F     AOI21xp5_ASAP7_75t_L         1  1.0    32    14   67730    (-,-) 
  PIPELINES[6].ROUNDS[5].U_ROUND_U_SUB_ROM[3].ROM_dout_reg_reg[4]/D -       -               F     DFFASRHQNx1_ASAP7_75t_L      1    -     -     0   67730    (-,-) 
#------------------------------------------------------------------------------------------------------------------------------------------------------------------



Path 9: VIOLATED (-66842 ps) Setup Check with Pin PIPELINES[6].ROUNDS[5].U_ROUND_U_SUB_ROM[3].ROM_dout_reg_reg[2]/CLK->D
          Group: clk
     Startpoint: (R) PIPELINES[6].ROUNDS[5].U_ROUND_U_SUB_ROM[3].ROM_sram/clk
          Clock: (R) clk
       Endpoint: (F) PIPELINES[6].ROUNDS[5].U_ROUND_U_SUB_ROM[3].ROM_dout_reg_reg[2]/D
          Clock: (R) clk

                     Capture       Launch     
        Clock Edge:+     900            0     
       Src Latency:+       0            0     
       Net Latency:+       0 (I)        0 (I) 
           Arrival:=     900            0     
                                              
             Setup:-      12                  
     Required Time:=     888                  
      Launch Clock:-       0                  
         Data Path:-   67730                  
             Slack:=  -66842                  

#------------------------------------------------------------------------------------------------------------------------------------------------------------------
#                           Timing Point                            Flags        Arc        Edge          Cell            Fanout Load Trans Delay Arrival Instance 
#                                                                                                                                (fF)  (ps)  (ps)   (ps)  Location 
#------------------------------------------------------------------------------------------------------------------------------------------------------------------
  PIPELINES[6].ROUNDS[5].U_ROUND_U_SUB_ROM[3].ROM_sram/clk          -       -               R     (arrival)                60672    -     0     0       0    (-,-) 
  PIPELINES[6].ROUNDS[5].U_ROUND_U_SUB_ROM[3].ROM_sram/dataout[2]   -       clk->dataout[2] R     srambank_64x4x16_6t122       1 10.3  6556 67725   67725    (-,-) 
  g335193/Y                                                         -       A->Y            F     CKINVDCx16_ASAP7_75t_L       1  1.6   654   -85   67640    (-,-) 
  g335192/Y                                                         -       A->Y            R     INVx2_ASAP7_75t_L            1  1.0    81    47   67686    (-,-) 
  g376848/Y                                                         -       A->Y            F     INVx1_ASAP7_75t_L            1  0.8    20    11   67698    (-,-) 
  g557053/Y                                                         -       B->Y            R     NOR2xp33_ASAP7_75t_L         1  1.0    37    18   67716    (-,-) 
  g367950/Y                                                         -       B->Y            F     AOI21xp5_ASAP7_75t_L         1  1.0    32    14   67730    (-,-) 
  PIPELINES[6].ROUNDS[5].U_ROUND_U_SUB_ROM[3].ROM_dout_reg_reg[2]/D -       -               F     DFFASRHQNx1_ASAP7_75t_L      1    -     -     0   67730    (-,-) 
#------------------------------------------------------------------------------------------------------------------------------------------------------------------



Path 10: VIOLATED (-66842 ps) Setup Check with Pin PIPELINES[6].ROUNDS[3].U_ROUND_U_SUB_ROM[13].ROM_dout_reg_reg[6]/CLK->D
          Group: clk
     Startpoint: (R) PIPELINES[6].ROUNDS[3].U_ROUND_U_SUB_ROM[13].ROM_sram/clk
          Clock: (R) clk
       Endpoint: (F) PIPELINES[6].ROUNDS[3].U_ROUND_U_SUB_ROM[13].ROM_dout_reg_reg[6]/D
          Clock: (R) clk

                     Capture       Launch     
        Clock Edge:+     900            0     
       Src Latency:+       0            0     
       Net Latency:+       0 (I)        0 (I) 
           Arrival:=     900            0     
                                              
             Setup:-      12                  
     Required Time:=     888                  
      Launch Clock:-       0                  
         Data Path:-   67730                  
             Slack:=  -66842                  

#-------------------------------------------------------------------------------------------------------------------------------------------------------------------
#                           Timing Point                             Flags        Arc        Edge          Cell            Fanout Load Trans Delay Arrival Instance 
#                                                                                                                                 (fF)  (ps)  (ps)   (ps)  Location 
#-------------------------------------------------------------------------------------------------------------------------------------------------------------------
  PIPELINES[6].ROUNDS[3].U_ROUND_U_SUB_ROM[13].ROM_sram/clk          -       -               R     (arrival)                60672    -     0     0       0    (-,-) 
  PIPELINES[6].ROUNDS[3].U_ROUND_U_SUB_ROM[13].ROM_sram/dataout[6]   -       clk->dataout[6] R     srambank_64x4x16_6t122       1 10.3  6556 67725   67725    (-,-) 
  g334527/Y                                                          -       A->Y            F     CKINVDCx16_ASAP7_75t_L       1  1.6   654   -85   67640    (-,-) 
  g334526/Y                                                          -       A->Y            R     INVx2_ASAP7_75t_L            1  1.0    81    47   67686    (-,-) 
  g376462/Y                                                          -       A->Y            F     INVx1_ASAP7_75t_L            1  0.8    20    11   67698    (-,-) 
  g556503/Y                                                          -       B->Y            R     NOR2xp33_ASAP7_75t_L         1  1.0    37    18   67716    (-,-) 
  g367931/Y                                                          -       B->Y            F     AOI21xp5_ASAP7_75t_L         1  1.0    32    14   67730    (-,-) 
  PIPELINES[6].ROUNDS[3].U_ROUND_U_SUB_ROM[13].ROM_dout_reg_reg[6]/D -       -               F     DFFASRHQNx1_ASAP7_75t_L      1    -     -     0   67730    (-,-) 
#-------------------------------------------------------------------------------------------------------------------------------------------------------------------



Path 11: VIOLATED (-66842 ps) Setup Check with Pin PIPELINES[6].ROUNDS[3].U_ROUND_U_SUB_ROM[13].ROM_dout_reg_reg[4]/CLK->D
          Group: clk
     Startpoint: (R) PIPELINES[6].ROUNDS[3].U_ROUND_U_SUB_ROM[13].ROM_sram/clk
          Clock: (R) clk
       Endpoint: (F) PIPELINES[6].ROUNDS[3].U_ROUND_U_SUB_ROM[13].ROM_dout_reg_reg[4]/D
          Clock: (R) clk

                     Capture       Launch     
        Clock Edge:+     900            0     
       Src Latency:+       0            0     
       Net Latency:+       0 (I)        0 (I) 
           Arrival:=     900            0     
                                              
             Setup:-      12                  
     Required Time:=     888                  
      Launch Clock:-       0                  
         Data Path:-   67730                  
             Slack:=  -66842                  

#-------------------------------------------------------------------------------------------------------------------------------------------------------------------
#                           Timing Point                             Flags        Arc        Edge          Cell            Fanout Load Trans Delay Arrival Instance 
#                                                                                                                                 (fF)  (ps)  (ps)   (ps)  Location 
#-------------------------------------------------------------------------------------------------------------------------------------------------------------------
  PIPELINES[6].ROUNDS[3].U_ROUND_U_SUB_ROM[13].ROM_sram/clk          -       -               R     (arrival)                60672    -     0     0       0    (-,-) 
  PIPELINES[6].ROUNDS[3].U_ROUND_U_SUB_ROM[13].ROM_sram/dataout[4]   -       clk->dataout[4] R     srambank_64x4x16_6t122       1 10.3  6556 67725   67725    (-,-) 
  g334531/Y                                                          -       A->Y            F     CKINVDCx16_ASAP7_75t_L       1  1.6   654   -85   67640    (-,-) 
  g334530/Y                                                          -       A->Y            R     INVx2_ASAP7_75t_L            1  1.0    81    47   67686    (-,-) 
  g376237/Y                                                          -       A->Y            F     INVx1_ASAP7_75t_L            1  0.8    20    11   67698    (-,-) 
  g557039/Y                                                          -       B->Y            R     NOR2xp33_ASAP7_75t_L         1  1.0    37    18   67716    (-,-) 
  g367930/Y                                                          -       B->Y            F     AOI21xp5_ASAP7_75t_L         1  1.0    32    14   67730    (-,-) 
  PIPELINES[6].ROUNDS[3].U_ROUND_U_SUB_ROM[13].ROM_dout_reg_reg[4]/D -       -               F     DFFASRHQNx1_ASAP7_75t_L      1    -     -     0   67730    (-,-) 
#-------------------------------------------------------------------------------------------------------------------------------------------------------------------



Path 12: VIOLATED (-66842 ps) Setup Check with Pin PIPELINES[6].ROUNDS[3].U_ROUND_U_SUB_ROM[1].ROM_dout_reg_reg[4]/CLK->D
          Group: clk
     Startpoint: (R) PIPELINES[6].ROUNDS[3].U_ROUND_U_SUB_ROM[1].ROM_sram/clk
          Clock: (R) clk
       Endpoint: (F) PIPELINES[6].ROUNDS[3].U_ROUND_U_SUB_ROM[1].ROM_dout_reg_reg[4]/D
          Clock: (R) clk

                     Capture       Launch     
        Clock Edge:+     900            0     
       Src Latency:+       0            0     
       Net Latency:+       0 (I)        0 (I) 
           Arrival:=     900            0     
                                              
             Setup:-      12                  
     Required Time:=     888                  
      Launch Clock:-       0                  
         Data Path:-   67730                  
             Slack:=  -66842                  

#------------------------------------------------------------------------------------------------------------------------------------------------------------------
#                           Timing Point                            Flags        Arc        Edge          Cell            Fanout Load Trans Delay Arrival Instance 
#                                                                                                                                (fF)  (ps)  (ps)   (ps)  Location 
#------------------------------------------------------------------------------------------------------------------------------------------------------------------
  PIPELINES[6].ROUNDS[3].U_ROUND_U_SUB_ROM[1].ROM_sram/clk          -       -               R     (arrival)                60672    -     0     0       0    (-,-) 
  PIPELINES[6].ROUNDS[3].U_ROUND_U_SUB_ROM[1].ROM_sram/dataout[4]   -       clk->dataout[4] R     srambank_64x4x16_6t122       1 10.3  6556 67725   67725    (-,-) 
  g334163/Y                                                         -       A->Y            F     CKINVDCx16_ASAP7_75t_L       1  1.6   654   -85   67640    (-,-) 
  g334162/Y                                                         -       A->Y            R     INVx2_ASAP7_75t_L            1  1.0    81    47   67686    (-,-) 
  g376721/Y                                                         -       A->Y            F     INVx1_ASAP7_75t_L            1  0.8    20    11   67698    (-,-) 
  g556672/Y                                                         -       B->Y            R     NOR2xp33_ASAP7_75t_L         1  1.0    37    18   67716    (-,-) 
  g367921/Y                                                         -       B->Y            F     AOI21xp5_ASAP7_75t_L         1  1.0    32    14   67730    (-,-) 
  PIPELINES[6].ROUNDS[3].U_ROUND_U_SUB_ROM[1].ROM_dout_reg_reg[4]/D -       -               F     DFFASRHQNx1_ASAP7_75t_L      1    -     -     0   67730    (-,-) 
#------------------------------------------------------------------------------------------------------------------------------------------------------------------



Path 13: VIOLATED (-66842 ps) Setup Check with Pin PIPELINES[6].ROUNDS[3].U_ROUND_U_SUB_ROM[1].ROM_dout_reg_reg[3]/CLK->D
          Group: clk
     Startpoint: (R) PIPELINES[6].ROUNDS[3].U_ROUND_U_SUB_ROM[1].ROM_sram/clk
          Clock: (R) clk
       Endpoint: (F) PIPELINES[6].ROUNDS[3].U_ROUND_U_SUB_ROM[1].ROM_dout_reg_reg[3]/D
          Clock: (R) clk

                     Capture       Launch     
        Clock Edge:+     900            0     
       Src Latency:+       0            0     
       Net Latency:+       0 (I)        0 (I) 
           Arrival:=     900            0     
                                              
             Setup:-      12                  
     Required Time:=     888                  
      Launch Clock:-       0                  
         Data Path:-   67730                  
             Slack:=  -66842                  

#------------------------------------------------------------------------------------------------------------------------------------------------------------------
#                           Timing Point                            Flags        Arc        Edge          Cell            Fanout Load Trans Delay Arrival Instance 
#                                                                                                                                (fF)  (ps)  (ps)   (ps)  Location 
#------------------------------------------------------------------------------------------------------------------------------------------------------------------
  PIPELINES[6].ROUNDS[3].U_ROUND_U_SUB_ROM[1].ROM_sram/clk          -       -               R     (arrival)                60672    -     0     0       0    (-,-) 
  PIPELINES[6].ROUNDS[3].U_ROUND_U_SUB_ROM[1].ROM_sram/dataout[3]   -       clk->dataout[3] R     srambank_64x4x16_6t122       1 10.3  6556 67725   67725    (-,-) 
  g334165/Y                                                         -       A->Y            F     CKINVDCx16_ASAP7_75t_L       1  1.6   654   -85   67640    (-,-) 
  g334164/Y                                                         -       A->Y            R     INVx2_ASAP7_75t_L            1  1.0    81    47   67686    (-,-) 
  g375635/Y                                                         -       A->Y            F     INVx1_ASAP7_75t_L            1  0.8    20    11   67698    (-,-) 
  g557031/Y                                                         -       B->Y            R     NOR2xp33_ASAP7_75t_L         1  1.0    37    18   67716    (-,-) 
  g367920/Y                                                         -       B->Y            F     AOI21xp5_ASAP7_75t_L         1  1.0    32    14   67730    (-,-) 
  PIPELINES[6].ROUNDS[3].U_ROUND_U_SUB_ROM[1].ROM_dout_reg_reg[3]/D -       -               F     DFFASRHQNx1_ASAP7_75t_L      1    -     -     0   67730    (-,-) 
#------------------------------------------------------------------------------------------------------------------------------------------------------------------



Path 14: VIOLATED (-66842 ps) Setup Check with Pin PIPELINES[6].ROUNDS[2].U_ROUND_U_SUB_ROM[3].ROM_dout_reg_reg[6]/CLK->D
          Group: clk
     Startpoint: (R) PIPELINES[6].ROUNDS[2].U_ROUND_U_SUB_ROM[3].ROM_sram/clk
          Clock: (R) clk
       Endpoint: (F) PIPELINES[6].ROUNDS[2].U_ROUND_U_SUB_ROM[3].ROM_dout_reg_reg[6]/D
          Clock: (R) clk

                     Capture       Launch     
        Clock Edge:+     900            0     
       Src Latency:+       0            0     
       Net Latency:+       0 (I)        0 (I) 
           Arrival:=     900            0     
                                              
             Setup:-      12                  
     Required Time:=     888                  
      Launch Clock:-       0                  
         Data Path:-   67730                  
             Slack:=  -66842                  

#------------------------------------------------------------------------------------------------------------------------------------------------------------------
#                           Timing Point                            Flags        Arc        Edge          Cell            Fanout Load Trans Delay Arrival Instance 
#                                                                                                                                (fF)  (ps)  (ps)   (ps)  Location 
#------------------------------------------------------------------------------------------------------------------------------------------------------------------
  PIPELINES[6].ROUNDS[2].U_ROUND_U_SUB_ROM[3].ROM_sram/clk          -       -               R     (arrival)                60672    -     0     0       0    (-,-) 
  PIPELINES[6].ROUNDS[2].U_ROUND_U_SUB_ROM[3].ROM_sram/dataout[6]   -       clk->dataout[6] R     srambank_64x4x16_6t122       1 10.3  6556 67725   67725    (-,-) 
  g331427/Y                                                         -       A->Y            F     CKINVDCx16_ASAP7_75t_L       1  1.6   654   -85   67640    (-,-) 
  g331426/Y                                                         -       A->Y            R     INVx2_ASAP7_75t_L            1  1.0    81    47   67686    (-,-) 
  g376515/Y                                                         -       A->Y            F     INVx1_ASAP7_75t_L            1  0.8    20    11   67698    (-,-) 
  g557022/Y                                                         -       B->Y            R     NOR2xp33_ASAP7_75t_L         1  1.0    37    18   67716    (-,-) 
  g367908/Y                                                         -       B->Y            F     AOI21xp5_ASAP7_75t_L         1  1.0    32    14   67730    (-,-) 
  PIPELINES[6].ROUNDS[2].U_ROUND_U_SUB_ROM[3].ROM_dout_reg_reg[6]/D -       -               F     DFFASRHQNx1_ASAP7_75t_L      1    -     -     0   67730    (-,-) 
#------------------------------------------------------------------------------------------------------------------------------------------------------------------



Path 15: VIOLATED (-66842 ps) Setup Check with Pin PIPELINES[6].ROUNDS[2].U_ROUND_U_SUB_ROM[3].ROM_dout_reg_reg[2]/CLK->D
          Group: clk
     Startpoint: (R) PIPELINES[6].ROUNDS[2].U_ROUND_U_SUB_ROM[3].ROM_sram/clk
          Clock: (R) clk
       Endpoint: (F) PIPELINES[6].ROUNDS[2].U_ROUND_U_SUB_ROM[3].ROM_dout_reg_reg[2]/D
          Clock: (R) clk

                     Capture       Launch     
        Clock Edge:+     900            0     
       Src Latency:+       0            0     
       Net Latency:+       0 (I)        0 (I) 
           Arrival:=     900            0     
                                              
             Setup:-      12                  
     Required Time:=     888                  
      Launch Clock:-       0                  
         Data Path:-   67730                  
             Slack:=  -66842                  

#------------------------------------------------------------------------------------------------------------------------------------------------------------------
#                           Timing Point                            Flags        Arc        Edge          Cell            Fanout Load Trans Delay Arrival Instance 
#                                                                                                                                (fF)  (ps)  (ps)   (ps)  Location 
#------------------------------------------------------------------------------------------------------------------------------------------------------------------
  PIPELINES[6].ROUNDS[2].U_ROUND_U_SUB_ROM[3].ROM_sram/clk          -       -               R     (arrival)                60672    -     0     0       0    (-,-) 
  PIPELINES[6].ROUNDS[2].U_ROUND_U_SUB_ROM[3].ROM_sram/dataout[2]   -       clk->dataout[2] R     srambank_64x4x16_6t122       1 10.3  6556 67725   67725    (-,-) 
  g331399/Y                                                         -       A->Y            F     CKINVDCx16_ASAP7_75t_L       1  1.6   654   -85   67640    (-,-) 
  g331398/Y                                                         -       A->Y            R     INVx2_ASAP7_75t_L            1  1.0    81    47   67686    (-,-) 
  g375737/Y                                                         -       A->Y            F     INVx1_ASAP7_75t_L            1  0.8    20    11   67698    (-,-) 
  g557021/Y                                                         -       B->Y            R     NOR2xp33_ASAP7_75t_L         1  1.0    37    18   67716    (-,-) 
  g367907/Y                                                         -       B->Y            F     AOI21xp5_ASAP7_75t_L         1  1.0    32    14   67730    (-,-) 
  PIPELINES[6].ROUNDS[2].U_ROUND_U_SUB_ROM[3].ROM_dout_reg_reg[2]/D -       -               F     DFFASRHQNx1_ASAP7_75t_L      1    -     -     0   67730    (-,-) 
#------------------------------------------------------------------------------------------------------------------------------------------------------------------



Path 16: VIOLATED (-66842 ps) Setup Check with Pin PIPELINES[6].ROUNDS[1].U_ROUND_U_SUB_ROM[2].ROM_dout_reg_reg[6]/CLK->D
          Group: clk
     Startpoint: (R) PIPELINES[6].ROUNDS[1].U_ROUND_U_SUB_ROM[2].ROM_sram/clk
          Clock: (R) clk
       Endpoint: (F) PIPELINES[6].ROUNDS[1].U_ROUND_U_SUB_ROM[2].ROM_dout_reg_reg[6]/D
          Clock: (R) clk

                     Capture       Launch     
        Clock Edge:+     900            0     
       Src Latency:+       0            0     
       Net Latency:+       0 (I)        0 (I) 
           Arrival:=     900            0     
                                              
             Setup:-      12                  
     Required Time:=     888                  
      Launch Clock:-       0                  
         Data Path:-   67730                  
             Slack:=  -66842                  

#------------------------------------------------------------------------------------------------------------------------------------------------------------------
#                           Timing Point                            Flags        Arc        Edge          Cell            Fanout Load Trans Delay Arrival Instance 
#                                                                                                                                (fF)  (ps)  (ps)   (ps)  Location 
#------------------------------------------------------------------------------------------------------------------------------------------------------------------
  PIPELINES[6].ROUNDS[1].U_ROUND_U_SUB_ROM[2].ROM_sram/clk          -       -               R     (arrival)                60672    -     0     0       0    (-,-) 
  PIPELINES[6].ROUNDS[1].U_ROUND_U_SUB_ROM[2].ROM_sram/dataout[6]   -       clk->dataout[6] R     srambank_64x4x16_6t122       1 10.3  6556 67725   67725    (-,-) 
  g324659/Y                                                         -       A->Y            F     CKINVDCx16_ASAP7_75t_L       1  1.6   654   -85   67640    (-,-) 
  g324658/Y                                                         -       A->Y            R     INVx2_ASAP7_75t_L            1  1.0    81    47   67686    (-,-) 
  g375978/Y                                                         -       A->Y            F     INVx1_ASAP7_75t_L            1  0.8    20    11   67698    (-,-) 
  g557010/Y                                                         -       B->Y            R     NOR2xp33_ASAP7_75t_L         1  1.0    37    18   67716    (-,-) 
  g367893/Y                                                         -       B->Y            F     AOI21xp5_ASAP7_75t_L         1  1.0    32    14   67730    (-,-) 
  PIPELINES[6].ROUNDS[1].U_ROUND_U_SUB_ROM[2].ROM_dout_reg_reg[6]/D -       -               F     DFFASRHQNx1_ASAP7_75t_L      1    -     -     0   67730    (-,-) 
#------------------------------------------------------------------------------------------------------------------------------------------------------------------



Path 17: VIOLATED (-66842 ps) Setup Check with Pin PIPELINES[6].ROUNDS[1].U_ROUND_U_SUB_ROM[2].ROM_dout_reg_reg[5]/CLK->D
          Group: clk
     Startpoint: (R) PIPELINES[6].ROUNDS[1].U_ROUND_U_SUB_ROM[2].ROM_sram/clk
          Clock: (R) clk
       Endpoint: (F) PIPELINES[6].ROUNDS[1].U_ROUND_U_SUB_ROM[2].ROM_dout_reg_reg[5]/D
          Clock: (R) clk

                     Capture       Launch     
        Clock Edge:+     900            0     
       Src Latency:+       0            0     
       Net Latency:+       0 (I)        0 (I) 
           Arrival:=     900            0     
                                              
             Setup:-      12                  
     Required Time:=     888                  
      Launch Clock:-       0                  
         Data Path:-   67730                  
             Slack:=  -66842                  

#------------------------------------------------------------------------------------------------------------------------------------------------------------------
#                           Timing Point                            Flags        Arc        Edge          Cell            Fanout Load Trans Delay Arrival Instance 
#                                                                                                                                (fF)  (ps)  (ps)   (ps)  Location 
#------------------------------------------------------------------------------------------------------------------------------------------------------------------
  PIPELINES[6].ROUNDS[1].U_ROUND_U_SUB_ROM[2].ROM_sram/clk          -       -               R     (arrival)                60672    -     0     0       0    (-,-) 
  PIPELINES[6].ROUNDS[1].U_ROUND_U_SUB_ROM[2].ROM_sram/dataout[5]   -       clk->dataout[5] R     srambank_64x4x16_6t122       1 10.3  6556 67725   67725    (-,-) 
  g331333/Y                                                         -       A->Y            F     CKINVDCx16_ASAP7_75t_L       1  1.6   654   -85   67640    (-,-) 
  g331332/Y                                                         -       A->Y            R     INVx2_ASAP7_75t_L            1  1.0    81    47   67686    (-,-) 
  g376582/Y                                                         -       A->Y            F     INVx1_ASAP7_75t_L            1  0.8    20    11   67698    (-,-) 
  g557009/Y                                                         -       B->Y            R     NOR2xp33_ASAP7_75t_L         1  1.0    37    18   67716    (-,-) 
  g367892/Y                                                         -       B->Y            F     AOI21xp5_ASAP7_75t_L         1  1.0    32    14   67730    (-,-) 
  PIPELINES[6].ROUNDS[1].U_ROUND_U_SUB_ROM[2].ROM_dout_reg_reg[5]/D -       -               F     DFFASRHQNx1_ASAP7_75t_L      1    -     -     0   67730    (-,-) 
#------------------------------------------------------------------------------------------------------------------------------------------------------------------



Path 18: VIOLATED (-66842 ps) Setup Check with Pin PIPELINES[6].ROUNDS[0].U_ROUND_U_SUB_ROM[9].ROM_dout_reg_reg[1]/CLK->D
          Group: clk
     Startpoint: (R) PIPELINES[6].ROUNDS[0].U_ROUND_U_SUB_ROM[9].ROM_sram/clk
          Clock: (R) clk
       Endpoint: (F) PIPELINES[6].ROUNDS[0].U_ROUND_U_SUB_ROM[9].ROM_dout_reg_reg[1]/D
          Clock: (R) clk

                     Capture       Launch     
        Clock Edge:+     900            0     
       Src Latency:+       0            0     
       Net Latency:+       0 (I)        0 (I) 
           Arrival:=     900            0     
                                              
             Setup:-      12                  
     Required Time:=     888                  
      Launch Clock:-       0                  
         Data Path:-   67730                  
             Slack:=  -66842                  

#------------------------------------------------------------------------------------------------------------------------------------------------------------------
#                           Timing Point                            Flags        Arc        Edge          Cell            Fanout Load Trans Delay Arrival Instance 
#                                                                                                                                (fF)  (ps)  (ps)   (ps)  Location 
#------------------------------------------------------------------------------------------------------------------------------------------------------------------
  PIPELINES[6].ROUNDS[0].U_ROUND_U_SUB_ROM[9].ROM_sram/clk          -       -               R     (arrival)                60672    -     0     0       0    (-,-) 
  PIPELINES[6].ROUNDS[0].U_ROUND_U_SUB_ROM[9].ROM_sram/dataout[1]   -       clk->dataout[1] R     srambank_64x4x16_6t122       1 10.3  6556 67725   67725    (-,-) 
  g325749/Y                                                         -       A->Y            F     CKINVDCx16_ASAP7_75t_L       1  1.6   654   -85   67640    (-,-) 
  g325748/Y                                                         -       A->Y            R     INVx2_ASAP7_75t_L            1  1.0    81    47   67686    (-,-) 
  g376663/Y                                                         -       A->Y            F     INVx1_ASAP7_75t_L            1  0.8    20    11   67698    (-,-) 
  g557007/Y                                                         -       B->Y            R     NOR2xp33_ASAP7_75t_L         1  1.0    37    18   67716    (-,-) 
  g367890/Y                                                         -       B->Y            F     AOI21xp5_ASAP7_75t_L         1  1.0    32    14   67730    (-,-) 
  PIPELINES[6].ROUNDS[0].U_ROUND_U_SUB_ROM[9].ROM_dout_reg_reg[1]/D -       -               F     DFFASRHQNx1_ASAP7_75t_L      1    -     -     0   67730    (-,-) 
#------------------------------------------------------------------------------------------------------------------------------------------------------------------



Path 19: VIOLATED (-66842 ps) Setup Check with Pin PIPELINES[6].ROUNDS[0].U_ROUND_U_SUB_ROM[9].ROM_dout_reg_reg[0]/CLK->D
          Group: clk
     Startpoint: (R) PIPELINES[6].ROUNDS[0].U_ROUND_U_SUB_ROM[9].ROM_sram/clk
          Clock: (R) clk
       Endpoint: (F) PIPELINES[6].ROUNDS[0].U_ROUND_U_SUB_ROM[9].ROM_dout_reg_reg[0]/D
          Clock: (R) clk

                     Capture       Launch     
        Clock Edge:+     900            0     
       Src Latency:+       0            0     
       Net Latency:+       0 (I)        0 (I) 
           Arrival:=     900            0     
                                              
             Setup:-      12                  
     Required Time:=     888                  
      Launch Clock:-       0                  
         Data Path:-   67730                  
             Slack:=  -66842                  

#------------------------------------------------------------------------------------------------------------------------------------------------------------------
#                           Timing Point                            Flags        Arc        Edge          Cell            Fanout Load Trans Delay Arrival Instance 
#                                                                                                                                (fF)  (ps)  (ps)   (ps)  Location 
#------------------------------------------------------------------------------------------------------------------------------------------------------------------
  PIPELINES[6].ROUNDS[0].U_ROUND_U_SUB_ROM[9].ROM_sram/clk          -       -               R     (arrival)                60672    -     0     0       0    (-,-) 
  PIPELINES[6].ROUNDS[0].U_ROUND_U_SUB_ROM[9].ROM_sram/dataout[0]   -       clk->dataout[0] R     srambank_64x4x16_6t122       1 10.3  6556 67725   67725    (-,-) 
  g325753/Y                                                         -       A->Y            F     CKINVDCx16_ASAP7_75t_L       1  1.6   654   -85   67640    (-,-) 
  g325752/Y                                                         -       A->Y            R     INVx2_ASAP7_75t_L            1  1.0    81    47   67686    (-,-) 
  g376668/Y                                                         -       A->Y            F     INVx1_ASAP7_75t_L            1  0.8    20    11   67698    (-,-) 
  g557006/Y                                                         -       B->Y            R     NOR2xp33_ASAP7_75t_L         1  1.0    37    18   67716    (-,-) 
  g367889/Y                                                         -       B->Y            F     AOI21xp5_ASAP7_75t_L         1  1.0    32    14   67730    (-,-) 
  PIPELINES[6].ROUNDS[0].U_ROUND_U_SUB_ROM[9].ROM_dout_reg_reg[0]/D -       -               F     DFFASRHQNx1_ASAP7_75t_L      1    -     -     0   67730    (-,-) 
#------------------------------------------------------------------------------------------------------------------------------------------------------------------



Path 20: VIOLATED (-66842 ps) Setup Check with Pin PIPELINES[6].ROUNDS[0].U_ROUND_U_SUB_ROM[1].ROM_dout_reg_reg[4]/CLK->D
          Group: clk
     Startpoint: (R) PIPELINES[6].ROUNDS[0].U_ROUND_U_SUB_ROM[1].ROM_sram/clk
          Clock: (R) clk
       Endpoint: (F) PIPELINES[6].ROUNDS[0].U_ROUND_U_SUB_ROM[1].ROM_dout_reg_reg[4]/D
          Clock: (R) clk

                     Capture       Launch     
        Clock Edge:+     900            0     
       Src Latency:+       0            0     
       Net Latency:+       0 (I)        0 (I) 
           Arrival:=     900            0     
                                              
             Setup:-      12                  
     Required Time:=     888                  
      Launch Clock:-       0                  
         Data Path:-   67730                  
             Slack:=  -66842                  

#------------------------------------------------------------------------------------------------------------------------------------------------------------------
#                           Timing Point                            Flags        Arc        Edge          Cell            Fanout Load Trans Delay Arrival Instance 
#                                                                                                                                (fF)  (ps)  (ps)   (ps)  Location 
#------------------------------------------------------------------------------------------------------------------------------------------------------------------
  PIPELINES[6].ROUNDS[0].U_ROUND_U_SUB_ROM[1].ROM_sram/clk          -       -               R     (arrival)                60672    -     0     0       0    (-,-) 
  PIPELINES[6].ROUNDS[0].U_ROUND_U_SUB_ROM[1].ROM_sram/dataout[4]   -       clk->dataout[4] R     srambank_64x4x16_6t122       1 10.3  6556 67725   67725    (-,-) 
  g321201/Y                                                         -       A->Y            F     CKINVDCx16_ASAP7_75t_L       1  1.6   654   -85   67640    (-,-) 
  g321200/Y                                                         -       A->Y            R     INVx2_ASAP7_75t_L            1  1.0    81    47   67686    (-,-) 
  g376564/Y                                                         -       A->Y            F     INVx1_ASAP7_75t_L            1  0.8    20    11   67698    (-,-) 
  g557002/Y                                                         -       B->Y            R     NOR2xp33_ASAP7_75t_L         1  1.0    37    18   67716    (-,-) 
  g367884/Y                                                         -       B->Y            F     AOI21xp5_ASAP7_75t_L         1  1.0    32    14   67730    (-,-) 
  PIPELINES[6].ROUNDS[0].U_ROUND_U_SUB_ROM[1].ROM_dout_reg_reg[4]/D -       -               F     DFFASRHQNx1_ASAP7_75t_L      1    -     -     0   67730    (-,-) 
#------------------------------------------------------------------------------------------------------------------------------------------------------------------



Path 21: VIOLATED (-66842 ps) Setup Check with Pin PIPELINES[6].ROUNDS[0].U_ROUND_U_SUB_ROM[1].ROM_dout_reg_reg[2]/CLK->D
          Group: clk
     Startpoint: (R) PIPELINES[6].ROUNDS[0].U_ROUND_U_SUB_ROM[1].ROM_sram/clk
          Clock: (R) clk
       Endpoint: (F) PIPELINES[6].ROUNDS[0].U_ROUND_U_SUB_ROM[1].ROM_dout_reg_reg[2]/D
          Clock: (R) clk

                     Capture       Launch     
        Clock Edge:+     900            0     
       Src Latency:+       0            0     
       Net Latency:+       0 (I)        0 (I) 
           Arrival:=     900            0     
                                              
             Setup:-      12                  
     Required Time:=     888                  
      Launch Clock:-       0                  
         Data Path:-   67730                  
             Slack:=  -66842                  

#------------------------------------------------------------------------------------------------------------------------------------------------------------------
#                           Timing Point                            Flags        Arc        Edge          Cell            Fanout Load Trans Delay Arrival Instance 
#                                                                                                                                (fF)  (ps)  (ps)   (ps)  Location 
#------------------------------------------------------------------------------------------------------------------------------------------------------------------
  PIPELINES[6].ROUNDS[0].U_ROUND_U_SUB_ROM[1].ROM_sram/clk          -       -               R     (arrival)                60672    -     0     0       0    (-,-) 
  PIPELINES[6].ROUNDS[0].U_ROUND_U_SUB_ROM[1].ROM_sram/dataout[2]   -       clk->dataout[2] R     srambank_64x4x16_6t122       1 10.3  6556 67725   67725    (-,-) 
  g322317/Y                                                         -       A->Y            F     CKINVDCx16_ASAP7_75t_L       1  1.6   654   -85   67640    (-,-) 
  g322316/Y                                                         -       A->Y            R     INVx2_ASAP7_75t_L            1  1.0    81    47   67686    (-,-) 
  g376635/Y                                                         -       A->Y            F     INVx1_ASAP7_75t_L            1  0.8    20    11   67698    (-,-) 
  g557001/Y                                                         -       B->Y            R     NOR2xp33_ASAP7_75t_L         1  1.0    37    18   67716    (-,-) 
  g367883/Y                                                         -       B->Y            F     AOI21xp5_ASAP7_75t_L         1  1.0    32    14   67730    (-,-) 
  PIPELINES[6].ROUNDS[0].U_ROUND_U_SUB_ROM[1].ROM_dout_reg_reg[2]/D -       -               F     DFFASRHQNx1_ASAP7_75t_L      1    -     -     0   67730    (-,-) 
#------------------------------------------------------------------------------------------------------------------------------------------------------------------



Path 22: VIOLATED (-66842 ps) Setup Check with Pin PIPELINES[5].U_SUB_ROM[15].ROM_dout_reg_reg[6]/CLK->D
          Group: clk
     Startpoint: (R) PIPELINES[5].U_SUB_ROM[15].ROM_sram/clk
          Clock: (R) clk
       Endpoint: (F) PIPELINES[5].U_SUB_ROM[15].ROM_dout_reg_reg[6]/D
          Clock: (R) clk

                     Capture       Launch     
        Clock Edge:+     900            0     
       Src Latency:+       0            0     
       Net Latency:+       0 (I)        0 (I) 
           Arrival:=     900            0     
                                              
             Setup:-      12                  
     Required Time:=     888                  
      Launch Clock:-       0                  
         Data Path:-   67730                  
             Slack:=  -66842                  

#-------------------------------------------------------------------------------------------------------------------------------------------------
#                  Timing Point                    Flags        Arc        Edge          Cell            Fanout Load Trans Delay Arrival Instance 
#                                                                                                               (fF)  (ps)  (ps)   (ps)  Location 
#-------------------------------------------------------------------------------------------------------------------------------------------------
  PIPELINES[5].U_SUB_ROM[15].ROM_sram/clk          -       -               R     (arrival)                60672    -     0     0       0    (-,-) 
  PIPELINES[5].U_SUB_ROM[15].ROM_sram/dataout[6]   -       clk->dataout[6] R     srambank_64x4x16_6t122       1 10.3  6556 67725   67725    (-,-) 
  g333911/Y                                        -       A->Y            F     CKINVDCx16_ASAP7_75t_L       1  1.6   654   -85   67640    (-,-) 
  g333910/Y                                        -       A->Y            R     INVx2_ASAP7_75t_L            1  1.0    81    47   67686    (-,-) 
  g375703/Y                                        -       A->Y            F     INVx1_ASAP7_75t_L            1  0.8    20    11   67698    (-,-) 
  g557000/Y                                        -       B->Y            R     NOR2xp33_ASAP7_75t_L         1  1.0    37    18   67716    (-,-) 
  g367881/Y                                        -       B->Y            F     AOI21xp5_ASAP7_75t_L         1  1.0    32    14   67730    (-,-) 
  PIPELINES[5].U_SUB_ROM[15].ROM_dout_reg_reg[6]/D -       -               F     DFFASRHQNx1_ASAP7_75t_L      1    -     -     0   67730    (-,-) 
#-------------------------------------------------------------------------------------------------------------------------------------------------



Path 23: VIOLATED (-66842 ps) Setup Check with Pin PIPELINES[5].U_SUB_ROM[15].ROM_dout_reg_reg[4]/CLK->D
          Group: clk
     Startpoint: (R) PIPELINES[5].U_SUB_ROM[15].ROM_sram/clk
          Clock: (R) clk
       Endpoint: (F) PIPELINES[5].U_SUB_ROM[15].ROM_dout_reg_reg[4]/D
          Clock: (R) clk

                     Capture       Launch     
        Clock Edge:+     900            0     
       Src Latency:+       0            0     
       Net Latency:+       0 (I)        0 (I) 
           Arrival:=     900            0     
                                              
             Setup:-      12                  
     Required Time:=     888                  
      Launch Clock:-       0                  
         Data Path:-   67730                  
             Slack:=  -66842                  

#-------------------------------------------------------------------------------------------------------------------------------------------------
#                  Timing Point                    Flags        Arc        Edge          Cell            Fanout Load Trans Delay Arrival Instance 
#                                                                                                               (fF)  (ps)  (ps)   (ps)  Location 
#-------------------------------------------------------------------------------------------------------------------------------------------------
  PIPELINES[5].U_SUB_ROM[15].ROM_sram/clk          -       -               R     (arrival)                60672    -     0     0       0    (-,-) 
  PIPELINES[5].U_SUB_ROM[15].ROM_sram/dataout[4]   -       clk->dataout[4] R     srambank_64x4x16_6t122       1 10.3  6556 67725   67725    (-,-) 
  g333903/Y                                        -       A->Y            F     CKINVDCx16_ASAP7_75t_L       1  1.6   654   -85   67640    (-,-) 
  g333902/Y                                        -       A->Y            R     INVx2_ASAP7_75t_L            1  1.0    81    47   67686    (-,-) 
  g376409/Y                                        -       A->Y            F     INVx1_ASAP7_75t_L            1  0.8    20    11   67698    (-,-) 
  g556999/Y                                        -       B->Y            R     NOR2xp33_ASAP7_75t_L         1  1.0    37    18   67716    (-,-) 
  g367880/Y                                        -       B->Y            F     AOI21xp5_ASAP7_75t_L         1  1.0    32    14   67730    (-,-) 
  PIPELINES[5].U_SUB_ROM[15].ROM_dout_reg_reg[4]/D -       -               F     DFFASRHQNx1_ASAP7_75t_L      1    -     -     0   67730    (-,-) 
#-------------------------------------------------------------------------------------------------------------------------------------------------



Path 24: VIOLATED (-66842 ps) Setup Check with Pin PIPELINES[5].U_SUB_ROM[11].ROM_dout_reg_reg[7]/CLK->D
          Group: clk
     Startpoint: (R) PIPELINES[5].U_SUB_ROM[11].ROM_sram/clk
          Clock: (R) clk
       Endpoint: (F) PIPELINES[5].U_SUB_ROM[11].ROM_dout_reg_reg[7]/D
          Clock: (R) clk

                     Capture       Launch     
        Clock Edge:+     900            0     
       Src Latency:+       0            0     
       Net Latency:+       0 (I)        0 (I) 
           Arrival:=     900            0     
                                              
             Setup:-      12                  
     Required Time:=     888                  
      Launch Clock:-       0                  
         Data Path:-   67730                  
             Slack:=  -66842                  

#-------------------------------------------------------------------------------------------------------------------------------------------------
#                  Timing Point                    Flags        Arc        Edge          Cell            Fanout Load Trans Delay Arrival Instance 
#                                                                                                               (fF)  (ps)  (ps)   (ps)  Location 
#-------------------------------------------------------------------------------------------------------------------------------------------------
  PIPELINES[5].U_SUB_ROM[11].ROM_sram/clk          -       -               R     (arrival)                60672    -     0     0       0    (-,-) 
  PIPELINES[5].U_SUB_ROM[11].ROM_sram/dataout[7]   -       clk->dataout[7] R     srambank_64x4x16_6t122       1 10.3  6556 67725   67725    (-,-) 
  g320985/Y                                        -       A->Y            F     CKINVDCx16_ASAP7_75t_L       1  1.6   654   -85   67640    (-,-) 
  g320984/Y                                        -       A->Y            R     INVx2_ASAP7_75t_L            1  1.0    81    47   67686    (-,-) 
  g375936/Y                                        -       A->Y            F     INVx1_ASAP7_75t_L            1  0.8    20    11   67698    (-,-) 
  g556998/Y                                        -       B->Y            R     NOR2xp33_ASAP7_75t_L         1  1.0    37    18   67716    (-,-) 
  g367879/Y                                        -       B->Y            F     AOI21xp5_ASAP7_75t_L         1  1.0    32    14   67730    (-,-) 
  PIPELINES[5].U_SUB_ROM[11].ROM_dout_reg_reg[7]/D -       -               F     DFFASRHQNx1_ASAP7_75t_L      1    -     -     0   67730    (-,-) 
#-------------------------------------------------------------------------------------------------------------------------------------------------



Path 25: VIOLATED (-66842 ps) Setup Check with Pin PIPELINES[5].U_SUB_ROM[11].ROM_dout_reg_reg[4]/CLK->D
          Group: clk
     Startpoint: (R) PIPELINES[5].U_SUB_ROM[11].ROM_sram/clk
          Clock: (R) clk
       Endpoint: (F) PIPELINES[5].U_SUB_ROM[11].ROM_dout_reg_reg[4]/D
          Clock: (R) clk

                     Capture       Launch     
        Clock Edge:+     900            0     
       Src Latency:+       0            0     
       Net Latency:+       0 (I)        0 (I) 
           Arrival:=     900            0     
                                              
             Setup:-      12                  
     Required Time:=     888                  
      Launch Clock:-       0                  
         Data Path:-   67730                  
             Slack:=  -66842                  

#-------------------------------------------------------------------------------------------------------------------------------------------------
#                  Timing Point                    Flags        Arc        Edge          Cell            Fanout Load Trans Delay Arrival Instance 
#                                                                                                               (fF)  (ps)  (ps)   (ps)  Location 
#-------------------------------------------------------------------------------------------------------------------------------------------------
  PIPELINES[5].U_SUB_ROM[11].ROM_sram/clk          -       -               R     (arrival)                60672    -     0     0       0    (-,-) 
  PIPELINES[5].U_SUB_ROM[11].ROM_sram/dataout[4]   -       clk->dataout[4] R     srambank_64x4x16_6t122       1 10.3  6556 67725   67725    (-,-) 
  g320973/Y                                        -       A->Y            F     CKINVDCx16_ASAP7_75t_L       1  1.6   654   -85   67640    (-,-) 
  g320972/Y                                        -       A->Y            R     INVx2_ASAP7_75t_L            1  1.0    81    47   67686    (-,-) 
  g375927/Y                                        -       A->Y            F     INVx1_ASAP7_75t_L            1  0.8    20    11   67698    (-,-) 
  g556997/Y                                        -       B->Y            R     NOR2xp33_ASAP7_75t_L         1  1.0    37    18   67716    (-,-) 
  g367877/Y                                        -       B->Y            F     AOI21xp5_ASAP7_75t_L         1  1.0    32    14   67730    (-,-) 
  PIPELINES[5].U_SUB_ROM[11].ROM_dout_reg_reg[4]/D -       -               F     DFFASRHQNx1_ASAP7_75t_L      1    -     -     0   67730    (-,-) 
#-------------------------------------------------------------------------------------------------------------------------------------------------



Path 26: VIOLATED (-66842 ps) Setup Check with Pin PIPELINES[5].U_SUB_ROM[3].ROM_dout_reg_reg[4]/CLK->D
          Group: clk
     Startpoint: (R) PIPELINES[5].U_SUB_ROM[3].ROM_sram/clk
          Clock: (R) clk
       Endpoint: (F) PIPELINES[5].U_SUB_ROM[3].ROM_dout_reg_reg[4]/D
          Clock: (R) clk

                     Capture       Launch     
        Clock Edge:+     900            0     
       Src Latency:+       0            0     
       Net Latency:+       0 (I)        0 (I) 
           Arrival:=     900            0     
                                              
             Setup:-      12                  
     Required Time:=     888                  
      Launch Clock:-       0                  
         Data Path:-   67730                  
             Slack:=  -66842                  

#------------------------------------------------------------------------------------------------------------------------------------------------
#                  Timing Point                   Flags        Arc        Edge          Cell            Fanout Load Trans Delay Arrival Instance 
#                                                                                                              (fF)  (ps)  (ps)   (ps)  Location 
#------------------------------------------------------------------------------------------------------------------------------------------------
  PIPELINES[5].U_SUB_ROM[3].ROM_sram/clk          -       -               R     (arrival)                60672    -     0     0       0    (-,-) 
  PIPELINES[5].U_SUB_ROM[3].ROM_sram/dataout[4]   -       clk->dataout[4] R     srambank_64x4x16_6t122       1 10.3  6556 67725   67725    (-,-) 
  g322141/Y                                       -       A->Y            F     CKINVDCx16_ASAP7_75t_L       1  1.6   654   -85   67640    (-,-) 
  g322140/Y                                       -       A->Y            R     INVx2_ASAP7_75t_L            1  1.0    81    47   67686    (-,-) 
  g376466/Y                                       -       A->Y            F     INVx1_ASAP7_75t_L            1  0.8    20    11   67698    (-,-) 
  g556990/Y                                       -       B->Y            R     NOR2xp33_ASAP7_75t_L         1  1.0    37    18   67716    (-,-) 
  g367868/Y                                       -       B->Y            F     AOI21xp5_ASAP7_75t_L         1  1.0    32    14   67730    (-,-) 
  PIPELINES[5].U_SUB_ROM[3].ROM_dout_reg_reg[4]/D -       -               F     DFFASRHQNx1_ASAP7_75t_L      1    -     -     0   67730    (-,-) 
#------------------------------------------------------------------------------------------------------------------------------------------------



Path 27: VIOLATED (-66842 ps) Setup Check with Pin PIPELINES[5].U_SUB_ROM[3].ROM_dout_reg_reg[1]/CLK->D
          Group: clk
     Startpoint: (R) PIPELINES[5].U_SUB_ROM[3].ROM_sram/clk
          Clock: (R) clk
       Endpoint: (F) PIPELINES[5].U_SUB_ROM[3].ROM_dout_reg_reg[1]/D
          Clock: (R) clk

                     Capture       Launch     
        Clock Edge:+     900            0     
       Src Latency:+       0            0     
       Net Latency:+       0 (I)        0 (I) 
           Arrival:=     900            0     
                                              
             Setup:-      12                  
     Required Time:=     888                  
      Launch Clock:-       0                  
         Data Path:-   67730                  
             Slack:=  -66842                  

#------------------------------------------------------------------------------------------------------------------------------------------------
#                  Timing Point                   Flags        Arc        Edge          Cell            Fanout Load Trans Delay Arrival Instance 
#                                                                                                              (fF)  (ps)  (ps)   (ps)  Location 
#------------------------------------------------------------------------------------------------------------------------------------------------
  PIPELINES[5].U_SUB_ROM[3].ROM_sram/clk          -       -               R     (arrival)                60672    -     0     0       0    (-,-) 
  PIPELINES[5].U_SUB_ROM[3].ROM_sram/dataout[1]   -       clk->dataout[1] R     srambank_64x4x16_6t122       1 10.3  6556 67725   67725    (-,-) 
  g333801/Y                                       -       A->Y            F     CKINVDCx16_ASAP7_75t_L       1  1.6   654   -85   67640    (-,-) 
  g333800/Y                                       -       A->Y            R     INVx2_ASAP7_75t_L            1  1.0    81    47   67686    (-,-) 
  g376400/Y                                       -       A->Y            F     INVx1_ASAP7_75t_L            1  0.8    20    11   67698    (-,-) 
  g556989/Y                                       -       B->Y            R     NOR2xp33_ASAP7_75t_L         1  1.0    37    18   67716    (-,-) 
  g367867/Y                                       -       B->Y            F     AOI21xp5_ASAP7_75t_L         1  1.0    32    14   67730    (-,-) 
  PIPELINES[5].U_SUB_ROM[3].ROM_dout_reg_reg[1]/D -       -               F     DFFASRHQNx1_ASAP7_75t_L      1    -     -     0   67730    (-,-) 
#------------------------------------------------------------------------------------------------------------------------------------------------



Path 28: VIOLATED (-66842 ps) Setup Check with Pin PIPELINES[5].U_SUB_ROM[1].ROM_dout_reg_reg[7]/CLK->D
          Group: clk
     Startpoint: (R) PIPELINES[5].U_SUB_ROM[1].ROM_sram/clk
          Clock: (R) clk
       Endpoint: (F) PIPELINES[5].U_SUB_ROM[1].ROM_dout_reg_reg[7]/D
          Clock: (R) clk

                     Capture       Launch     
        Clock Edge:+     900            0     
       Src Latency:+       0            0     
       Net Latency:+       0 (I)        0 (I) 
           Arrival:=     900            0     
                                              
             Setup:-      12                  
     Required Time:=     888                  
      Launch Clock:-       0                  
         Data Path:-   67730                  
             Slack:=  -66842                  

#------------------------------------------------------------------------------------------------------------------------------------------------
#                  Timing Point                   Flags        Arc        Edge          Cell            Fanout Load Trans Delay Arrival Instance 
#                                                                                                              (fF)  (ps)  (ps)   (ps)  Location 
#------------------------------------------------------------------------------------------------------------------------------------------------
  PIPELINES[5].U_SUB_ROM[1].ROM_sram/clk          -       -               R     (arrival)                60672    -     0     0       0    (-,-) 
  PIPELINES[5].U_SUB_ROM[1].ROM_sram/dataout[7]   -       clk->dataout[7] R     srambank_64x4x16_6t122       1 10.3  6556 67725   67725    (-,-) 
  g322321/Y                                       -       A->Y            F     CKINVDCx16_ASAP7_75t_L       1  1.6   654   -85   67640    (-,-) 
  g322320/Y                                       -       A->Y            R     INVx2_ASAP7_75t_L            1  1.0    81    47   67686    (-,-) 
  g376646/Y                                       -       A->Y            F     INVx1_ASAP7_75t_L            1  0.8    20    11   67698    (-,-) 
  g556986/Y                                       -       B->Y            R     NOR2xp33_ASAP7_75t_L         1  1.0    37    18   67716    (-,-) 
  g367863/Y                                       -       B->Y            F     AOI21xp5_ASAP7_75t_L         1  1.0    32    14   67730    (-,-) 
  PIPELINES[5].U_SUB_ROM[1].ROM_dout_reg_reg[7]/D -       -               F     DFFASRHQNx1_ASAP7_75t_L      1    -     -     0   67730    (-,-) 
#------------------------------------------------------------------------------------------------------------------------------------------------



Path 29: VIOLATED (-66842 ps) Setup Check with Pin PIPELINES[5].U_SUB_ROM[1].ROM_dout_reg_reg[6]/CLK->D
          Group: clk
     Startpoint: (R) PIPELINES[5].U_SUB_ROM[1].ROM_sram/clk
          Clock: (R) clk
       Endpoint: (F) PIPELINES[5].U_SUB_ROM[1].ROM_dout_reg_reg[6]/D
          Clock: (R) clk

                     Capture       Launch     
        Clock Edge:+     900            0     
       Src Latency:+       0            0     
       Net Latency:+       0 (I)        0 (I) 
           Arrival:=     900            0     
                                              
             Setup:-      12                  
     Required Time:=     888                  
      Launch Clock:-       0                  
         Data Path:-   67730                  
             Slack:=  -66842                  

#------------------------------------------------------------------------------------------------------------------------------------------------
#                  Timing Point                   Flags        Arc        Edge          Cell            Fanout Load Trans Delay Arrival Instance 
#                                                                                                              (fF)  (ps)  (ps)   (ps)  Location 
#------------------------------------------------------------------------------------------------------------------------------------------------
  PIPELINES[5].U_SUB_ROM[1].ROM_sram/clk          -       -               R     (arrival)                60672    -     0     0       0    (-,-) 
  PIPELINES[5].U_SUB_ROM[1].ROM_sram/dataout[6]   -       clk->dataout[6] R     srambank_64x4x16_6t122       1 10.3  6556 67725   67725    (-,-) 
  g322301/Y                                       -       A->Y            F     CKINVDCx16_ASAP7_75t_L       1  1.6   654   -85   67640    (-,-) 
  g322300/Y                                       -       A->Y            R     INVx2_ASAP7_75t_L            1  1.0    81    47   67686    (-,-) 
  g376796/Y                                       -       A->Y            F     INVx1_ASAP7_75t_L            1  0.8    20    11   67698    (-,-) 
  g556985/Y                                       -       B->Y            R     NOR2xp33_ASAP7_75t_L         1  1.0    37    18   67716    (-,-) 
  g367864/Y                                       -       B->Y            F     AOI21xp5_ASAP7_75t_L         1  1.0    32    14   67730    (-,-) 
  PIPELINES[5].U_SUB_ROM[1].ROM_dout_reg_reg[6]/D -       -               F     DFFASRHQNx1_ASAP7_75t_L      1    -     -     0   67730    (-,-) 
#------------------------------------------------------------------------------------------------------------------------------------------------



Path 30: VIOLATED (-66842 ps) Setup Check with Pin PIPELINES[5].ROUNDS[8].U_ROUND_U_SUB_ROM[14].ROM_dout_reg_reg[2]/CLK->D
          Group: clk
     Startpoint: (R) PIPELINES[5].ROUNDS[8].U_ROUND_U_SUB_ROM[14].ROM_sram/clk
          Clock: (R) clk
       Endpoint: (F) PIPELINES[5].ROUNDS[8].U_ROUND_U_SUB_ROM[14].ROM_dout_reg_reg[2]/D
          Clock: (R) clk

                     Capture       Launch     
        Clock Edge:+     900            0     
       Src Latency:+       0            0     
       Net Latency:+       0 (I)        0 (I) 
           Arrival:=     900            0     
                                              
             Setup:-      12                  
     Required Time:=     888                  
      Launch Clock:-       0                  
         Data Path:-   67730                  
             Slack:=  -66842                  

#-------------------------------------------------------------------------------------------------------------------------------------------------------------------
#                           Timing Point                             Flags        Arc        Edge          Cell            Fanout Load Trans Delay Arrival Instance 
#                                                                                                                                 (fF)  (ps)  (ps)   (ps)  Location 
#-------------------------------------------------------------------------------------------------------------------------------------------------------------------
  PIPELINES[5].ROUNDS[8].U_ROUND_U_SUB_ROM[14].ROM_sram/clk          -       -               R     (arrival)                60672    -     0     0       0    (-,-) 
  PIPELINES[5].ROUNDS[8].U_ROUND_U_SUB_ROM[14].ROM_sram/dataout[2]   -       clk->dataout[2] R     srambank_64x4x16_6t122       1 10.3  6556 67725   67725    (-,-) 
  g333767/Y                                                          -       A->Y            F     CKINVDCx16_ASAP7_75t_L       1  1.6   654   -85   67640    (-,-) 
  g333766/Y                                                          -       A->Y            R     INVx2_ASAP7_75t_L            1  1.0    81    47   67686    (-,-) 
  g375631/Y                                                          -       A->Y            F     INVx1_ASAP7_75t_L            1  0.8    20    11   67698    (-,-) 
  g556984/Y                                                          -       B->Y            R     NOR2xp33_ASAP7_75t_L         1  1.0    37    18   67716    (-,-) 
  g367860/Y                                                          -       B->Y            F     AOI21xp5_ASAP7_75t_L         1  1.0    32    14   67730    (-,-) 
  PIPELINES[5].ROUNDS[8].U_ROUND_U_SUB_ROM[14].ROM_dout_reg_reg[2]/D -       -               F     DFFASRHQNx1_ASAP7_75t_L      1    -     -     0   67730    (-,-) 
#-------------------------------------------------------------------------------------------------------------------------------------------------------------------



Path 31: VIOLATED (-66842 ps) Setup Check with Pin PIPELINES[5].ROUNDS[8].U_ROUND_U_SUB_ROM[14].ROM_dout_reg_reg[1]/CLK->D
          Group: clk
     Startpoint: (R) PIPELINES[5].ROUNDS[8].U_ROUND_U_SUB_ROM[14].ROM_sram/clk
          Clock: (R) clk
       Endpoint: (F) PIPELINES[5].ROUNDS[8].U_ROUND_U_SUB_ROM[14].ROM_dout_reg_reg[1]/D
          Clock: (R) clk

                     Capture       Launch     
        Clock Edge:+     900            0     
       Src Latency:+       0            0     
       Net Latency:+       0 (I)        0 (I) 
           Arrival:=     900            0     
                                              
             Setup:-      12                  
     Required Time:=     888                  
      Launch Clock:-       0                  
         Data Path:-   67730                  
             Slack:=  -66842                  

#-------------------------------------------------------------------------------------------------------------------------------------------------------------------
#                           Timing Point                             Flags        Arc        Edge          Cell            Fanout Load Trans Delay Arrival Instance 
#                                                                                                                                 (fF)  (ps)  (ps)   (ps)  Location 
#-------------------------------------------------------------------------------------------------------------------------------------------------------------------
  PIPELINES[5].ROUNDS[8].U_ROUND_U_SUB_ROM[14].ROM_sram/clk          -       -               R     (arrival)                60672    -     0     0       0    (-,-) 
  PIPELINES[5].ROUNDS[8].U_ROUND_U_SUB_ROM[14].ROM_sram/dataout[1]   -       clk->dataout[1] R     srambank_64x4x16_6t122       1 10.3  6556 67725   67725    (-,-) 
  g322551/Y                                                          -       A->Y            F     CKINVDCx16_ASAP7_75t_L       1  1.6   654   -85   67640    (-,-) 
  g322550/Y                                                          -       A->Y            R     INVx2_ASAP7_75t_L            1  1.0    81    47   67686    (-,-) 
  g376258/Y                                                          -       A->Y            F     INVx1_ASAP7_75t_L            1  0.8    20    11   67698    (-,-) 
  g556983/Y                                                          -       B->Y            R     NOR2xp33_ASAP7_75t_L         1  1.0    37    18   67716    (-,-) 
  g367861/Y                                                          -       B->Y            F     AOI21xp5_ASAP7_75t_L         1  1.0    32    14   67730    (-,-) 
  PIPELINES[5].ROUNDS[8].U_ROUND_U_SUB_ROM[14].ROM_dout_reg_reg[1]/D -       -               F     DFFASRHQNx1_ASAP7_75t_L      1    -     -     0   67730    (-,-) 
#-------------------------------------------------------------------------------------------------------------------------------------------------------------------



Path 32: VIOLATED (-66842 ps) Setup Check with Pin PIPELINES[5].ROUNDS[8].U_ROUND_U_SUB_ROM[13].ROM_dout_reg_reg[5]/CLK->D
          Group: clk
     Startpoint: (R) PIPELINES[5].ROUNDS[8].U_ROUND_U_SUB_ROM[13].ROM_sram/clk
          Clock: (R) clk
       Endpoint: (F) PIPELINES[5].ROUNDS[8].U_ROUND_U_SUB_ROM[13].ROM_dout_reg_reg[5]/D
          Clock: (R) clk

                     Capture       Launch     
        Clock Edge:+     900            0     
       Src Latency:+       0            0     
       Net Latency:+       0 (I)        0 (I) 
           Arrival:=     900            0     
                                              
             Setup:-      12                  
     Required Time:=     888                  
      Launch Clock:-       0                  
         Data Path:-   67730                  
             Slack:=  -66842                  

#-------------------------------------------------------------------------------------------------------------------------------------------------------------------
#                           Timing Point                             Flags        Arc        Edge          Cell            Fanout Load Trans Delay Arrival Instance 
#                                                                                                                                 (fF)  (ps)  (ps)   (ps)  Location 
#-------------------------------------------------------------------------------------------------------------------------------------------------------------------
  PIPELINES[5].ROUNDS[8].U_ROUND_U_SUB_ROM[13].ROM_sram/clk          -       -               R     (arrival)                60672    -     0     0       0    (-,-) 
  PIPELINES[5].ROUNDS[8].U_ROUND_U_SUB_ROM[13].ROM_sram/dataout[5]   -       clk->dataout[5] R     srambank_64x4x16_6t122       1 10.3  6556 67725   67725    (-,-) 
  g322655/Y                                                          -       A->Y            F     CKINVDCx16_ASAP7_75t_L       1  1.6   654   -85   67640    (-,-) 
  g322654/Y                                                          -       A->Y            R     INVx2_ASAP7_75t_L            1  1.0    81    47   67686    (-,-) 
  g375670/Y                                                          -       A->Y            F     INVx1_ASAP7_75t_L            1  0.8    20    11   67698    (-,-) 
  g556982/Y                                                          -       B->Y            R     NOR2xp33_ASAP7_75t_L         1  1.0    37    18   67716    (-,-) 
  g367859/Y                                                          -       B->Y            F     AOI21xp5_ASAP7_75t_L         1  1.0    32    14   67730    (-,-) 
  PIPELINES[5].ROUNDS[8].U_ROUND_U_SUB_ROM[13].ROM_dout_reg_reg[5]/D -       -               F     DFFASRHQNx1_ASAP7_75t_L      1    -     -     0   67730    (-,-) 
#-------------------------------------------------------------------------------------------------------------------------------------------------------------------



Path 33: VIOLATED (-66842 ps) Setup Check with Pin PIPELINES[5].ROUNDS[8].U_ROUND_U_SUB_ROM[13].ROM_dout_reg_reg[3]/CLK->D
          Group: clk
     Startpoint: (R) PIPELINES[5].ROUNDS[8].U_ROUND_U_SUB_ROM[13].ROM_sram/clk
          Clock: (R) clk
       Endpoint: (F) PIPELINES[5].ROUNDS[8].U_ROUND_U_SUB_ROM[13].ROM_dout_reg_reg[3]/D
          Clock: (R) clk

                     Capture       Launch     
        Clock Edge:+     900            0     
       Src Latency:+       0            0     
       Net Latency:+       0 (I)        0 (I) 
           Arrival:=     900            0     
                                              
             Setup:-      12                  
     Required Time:=     888                  
      Launch Clock:-       0                  
         Data Path:-   67730                  
             Slack:=  -66842                  

#-------------------------------------------------------------------------------------------------------------------------------------------------------------------
#                           Timing Point                             Flags        Arc        Edge          Cell            Fanout Load Trans Delay Arrival Instance 
#                                                                                                                                 (fF)  (ps)  (ps)   (ps)  Location 
#-------------------------------------------------------------------------------------------------------------------------------------------------------------------
  PIPELINES[5].ROUNDS[8].U_ROUND_U_SUB_ROM[13].ROM_sram/clk          -       -               R     (arrival)                60672    -     0     0       0    (-,-) 
  PIPELINES[5].ROUNDS[8].U_ROUND_U_SUB_ROM[13].ROM_sram/dataout[3]   -       clk->dataout[3] R     srambank_64x4x16_6t122       1 10.3  6556 67725   67725    (-,-) 
  g322643/Y                                                          -       A->Y            F     CKINVDCx16_ASAP7_75t_L       1  1.6   654   -85   67640    (-,-) 
  g322642/Y                                                          -       A->Y            R     INVx2_ASAP7_75t_L            1  1.0    81    47   67686    (-,-) 
  g376777/Y                                                          -       A->Y            F     INVx1_ASAP7_75t_L            1  0.8    20    11   67698    (-,-) 
  g556981/Y                                                          -       B->Y            R     NOR2xp33_ASAP7_75t_L         1  1.0    37    18   67716    (-,-) 
  g367858/Y                                                          -       B->Y            F     AOI21xp5_ASAP7_75t_L         1  1.0    32    14   67730    (-,-) 
  PIPELINES[5].ROUNDS[8].U_ROUND_U_SUB_ROM[13].ROM_dout_reg_reg[3]/D -       -               F     DFFASRHQNx1_ASAP7_75t_L      1    -     -     0   67730    (-,-) 
#-------------------------------------------------------------------------------------------------------------------------------------------------------------------



Path 34: VIOLATED (-66842 ps) Setup Check with Pin PIPELINES[5].ROUNDS[8].U_ROUND_U_SUB_ROM[11].ROM_dout_reg_reg[5]/CLK->D
          Group: clk
     Startpoint: (R) PIPELINES[5].ROUNDS[8].U_ROUND_U_SUB_ROM[11].ROM_sram/clk
          Clock: (R) clk
       Endpoint: (F) PIPELINES[5].ROUNDS[8].U_ROUND_U_SUB_ROM[11].ROM_dout_reg_reg[5]/D
          Clock: (R) clk

                     Capture       Launch     
        Clock Edge:+     900            0     
       Src Latency:+       0            0     
       Net Latency:+       0 (I)        0 (I) 
           Arrival:=     900            0     
                                              
             Setup:-      12                  
     Required Time:=     888                  
      Launch Clock:-       0                  
         Data Path:-   67730                  
             Slack:=  -66842                  

#-------------------------------------------------------------------------------------------------------------------------------------------------------------------
#                           Timing Point                             Flags        Arc        Edge          Cell            Fanout Load Trans Delay Arrival Instance 
#                                                                                                                                 (fF)  (ps)  (ps)   (ps)  Location 
#-------------------------------------------------------------------------------------------------------------------------------------------------------------------
  PIPELINES[5].ROUNDS[8].U_ROUND_U_SUB_ROM[11].ROM_sram/clk          -       -               R     (arrival)                60672    -     0     0       0    (-,-) 
  PIPELINES[5].ROUNDS[8].U_ROUND_U_SUB_ROM[11].ROM_sram/dataout[5]   -       clk->dataout[5] R     srambank_64x4x16_6t122       1 10.3  6556 67725   67725    (-,-) 
  g322807/Y                                                          -       A->Y            F     CKINVDCx16_ASAP7_75t_L       1  1.6   654   -85   67640    (-,-) 
  g322806/Y                                                          -       A->Y            R     INVx2_ASAP7_75t_L            1  1.0    81    47   67686    (-,-) 
  g376287/Y                                                          -       A->Y            F     INVx1_ASAP7_75t_L            1  0.8    20    11   67698    (-,-) 
  g556979/Y                                                          -       B->Y            R     NOR2xp33_ASAP7_75t_L         1  1.0    37    18   67716    (-,-) 
  g367857/Y                                                          -       B->Y            F     AOI21xp5_ASAP7_75t_L         1  1.0    32    14   67730    (-,-) 
  PIPELINES[5].ROUNDS[8].U_ROUND_U_SUB_ROM[11].ROM_dout_reg_reg[5]/D -       -               F     DFFASRHQNx1_ASAP7_75t_L      1    -     -     0   67730    (-,-) 
#-------------------------------------------------------------------------------------------------------------------------------------------------------------------



Path 35: VIOLATED (-66842 ps) Setup Check with Pin PIPELINES[5].ROUNDS[8].U_ROUND_U_SUB_ROM[11].ROM_dout_reg_reg[0]/CLK->D
          Group: clk
     Startpoint: (R) PIPELINES[5].ROUNDS[8].U_ROUND_U_SUB_ROM[11].ROM_sram/clk
          Clock: (R) clk
       Endpoint: (F) PIPELINES[5].ROUNDS[8].U_ROUND_U_SUB_ROM[11].ROM_dout_reg_reg[0]/D
          Clock: (R) clk

                     Capture       Launch     
        Clock Edge:+     900            0     
       Src Latency:+       0            0     
       Net Latency:+       0 (I)        0 (I) 
           Arrival:=     900            0     
                                              
             Setup:-      12                  
     Required Time:=     888                  
      Launch Clock:-       0                  
         Data Path:-   67730                  
             Slack:=  -66842                  

#-------------------------------------------------------------------------------------------------------------------------------------------------------------------
#                           Timing Point                             Flags        Arc        Edge          Cell            Fanout Load Trans Delay Arrival Instance 
#                                                                                                                                 (fF)  (ps)  (ps)   (ps)  Location 
#-------------------------------------------------------------------------------------------------------------------------------------------------------------------
  PIPELINES[5].ROUNDS[8].U_ROUND_U_SUB_ROM[11].ROM_sram/clk          -       -               R     (arrival)                60672    -     0     0       0    (-,-) 
  PIPELINES[5].ROUNDS[8].U_ROUND_U_SUB_ROM[11].ROM_sram/dataout[0]   -       clk->dataout[0] R     srambank_64x4x16_6t122       1 10.3  6556 67725   67725    (-,-) 
  g322797/Y                                                          -       A->Y            F     CKINVDCx16_ASAP7_75t_L       1  1.6   654   -85   67640    (-,-) 
  g322796/Y                                                          -       A->Y            R     INVx2_ASAP7_75t_L            1  1.0    81    47   67686    (-,-) 
  g376280/Y                                                          -       A->Y            F     INVx1_ASAP7_75t_L            1  0.8    20    11   67698    (-,-) 
  g556978/Y                                                          -       B->Y            R     NOR2xp33_ASAP7_75t_L         1  1.0    37    18   67716    (-,-) 
  g367856/Y                                                          -       B->Y            F     AOI21xp5_ASAP7_75t_L         1  1.0    32    14   67730    (-,-) 
  PIPELINES[5].ROUNDS[8].U_ROUND_U_SUB_ROM[11].ROM_dout_reg_reg[0]/D -       -               F     DFFASRHQNx1_ASAP7_75t_L      1    -     -     0   67730    (-,-) 
#-------------------------------------------------------------------------------------------------------------------------------------------------------------------



Path 36: VIOLATED (-66842 ps) Setup Check with Pin PIPELINES[5].ROUNDS[8].U_ROUND_U_SUB_ROM[9].ROM_dout_reg_reg[3]/CLK->D
          Group: clk
     Startpoint: (R) PIPELINES[5].ROUNDS[8].U_ROUND_U_SUB_ROM[9].ROM_sram/clk
          Clock: (R) clk
       Endpoint: (F) PIPELINES[5].ROUNDS[8].U_ROUND_U_SUB_ROM[9].ROM_dout_reg_reg[3]/D
          Clock: (R) clk

                     Capture       Launch     
        Clock Edge:+     900            0     
       Src Latency:+       0            0     
       Net Latency:+       0 (I)        0 (I) 
           Arrival:=     900            0     
                                              
             Setup:-      12                  
     Required Time:=     888                  
      Launch Clock:-       0                  
         Data Path:-   67730                  
             Slack:=  -66842                  

#------------------------------------------------------------------------------------------------------------------------------------------------------------------
#                           Timing Point                            Flags        Arc        Edge          Cell            Fanout Load Trans Delay Arrival Instance 
#                                                                                                                                (fF)  (ps)  (ps)   (ps)  Location 
#------------------------------------------------------------------------------------------------------------------------------------------------------------------
  PIPELINES[5].ROUNDS[8].U_ROUND_U_SUB_ROM[9].ROM_sram/clk          -       -               R     (arrival)                60672    -     0     0       0    (-,-) 
  PIPELINES[5].ROUNDS[8].U_ROUND_U_SUB_ROM[9].ROM_sram/dataout[3]   -       clk->dataout[3] R     srambank_64x4x16_6t122       1 10.3  6556 67725   67725    (-,-) 
  g323003/Y                                                         -       A->Y            F     CKINVDCx16_ASAP7_75t_L       1  1.6   654   -85   67640    (-,-) 
  g323002/Y                                                         -       A->Y            R     INVx2_ASAP7_75t_L            1  1.0    81    47   67686    (-,-) 
  g376104/Y                                                         -       A->Y            F     INVx1_ASAP7_75t_L            1  0.8    20    11   67698    (-,-) 
  g556974/Y                                                         -       B->Y            R     NOR2xp33_ASAP7_75t_L         1  1.0    37    18   67716    (-,-) 
  g367853/Y                                                         -       B->Y            F     AOI21xp5_ASAP7_75t_L         1  1.0    32    14   67730    (-,-) 
  PIPELINES[5].ROUNDS[8].U_ROUND_U_SUB_ROM[9].ROM_dout_reg_reg[3]/D -       -               F     DFFASRHQNx1_ASAP7_75t_L      1    -     -     0   67730    (-,-) 
#------------------------------------------------------------------------------------------------------------------------------------------------------------------



Path 37: VIOLATED (-66842 ps) Setup Check with Pin PIPELINES[5].ROUNDS[8].U_ROUND_U_SUB_ROM[9].ROM_dout_reg_reg[1]/CLK->D
          Group: clk
     Startpoint: (R) PIPELINES[5].ROUNDS[8].U_ROUND_U_SUB_ROM[9].ROM_sram/clk
          Clock: (R) clk
       Endpoint: (F) PIPELINES[5].ROUNDS[8].U_ROUND_U_SUB_ROM[9].ROM_dout_reg_reg[1]/D
          Clock: (R) clk

                     Capture       Launch     
        Clock Edge:+     900            0     
       Src Latency:+       0            0     
       Net Latency:+       0 (I)        0 (I) 
           Arrival:=     900            0     
                                              
             Setup:-      12                  
     Required Time:=     888                  
      Launch Clock:-       0                  
         Data Path:-   67730                  
             Slack:=  -66842                  

#------------------------------------------------------------------------------------------------------------------------------------------------------------------
#                           Timing Point                            Flags        Arc        Edge          Cell            Fanout Load Trans Delay Arrival Instance 
#                                                                                                                                (fF)  (ps)  (ps)   (ps)  Location 
#------------------------------------------------------------------------------------------------------------------------------------------------------------------
  PIPELINES[5].ROUNDS[8].U_ROUND_U_SUB_ROM[9].ROM_sram/clk          -       -               R     (arrival)                60672    -     0     0       0    (-,-) 
  PIPELINES[5].ROUNDS[8].U_ROUND_U_SUB_ROM[9].ROM_sram/dataout[1]   -       clk->dataout[1] R     srambank_64x4x16_6t122       1 10.3  6556 67725   67725    (-,-) 
  g322999/Y                                                         -       A->Y            F     CKINVDCx16_ASAP7_75t_L       1  1.6   654   -85   67640    (-,-) 
  g322998/Y                                                         -       A->Y            R     INVx2_ASAP7_75t_L            1  1.0    81    47   67686    (-,-) 
  g375656/Y                                                         -       A->Y            F     INVx1_ASAP7_75t_L            1  0.8    20    11   67698    (-,-) 
  g556973/Y                                                         -       B->Y            R     NOR2xp33_ASAP7_75t_L         1  1.0    37    18   67716    (-,-) 
  g367855/Y                                                         -       B->Y            F     AOI21xp5_ASAP7_75t_L         1  1.0    32    14   67730    (-,-) 
  PIPELINES[5].ROUNDS[8].U_ROUND_U_SUB_ROM[9].ROM_dout_reg_reg[1]/D -       -               F     DFFASRHQNx1_ASAP7_75t_L      1    -     -     0   67730    (-,-) 
#------------------------------------------------------------------------------------------------------------------------------------------------------------------



Path 38: VIOLATED (-66842 ps) Setup Check with Pin PIPELINES[5].ROUNDS[8].U_ROUND_U_SUB_ROM[1].ROM_dout_reg_reg[4]/CLK->D
          Group: clk
     Startpoint: (R) PIPELINES[5].ROUNDS[8].U_ROUND_U_SUB_ROM[1].ROM_sram/clk
          Clock: (R) clk
       Endpoint: (F) PIPELINES[5].ROUNDS[8].U_ROUND_U_SUB_ROM[1].ROM_dout_reg_reg[4]/D
          Clock: (R) clk

                     Capture       Launch     
        Clock Edge:+     900            0     
       Src Latency:+       0            0     
       Net Latency:+       0 (I)        0 (I) 
           Arrival:=     900            0     
                                              
             Setup:-      12                  
     Required Time:=     888                  
      Launch Clock:-       0                  
         Data Path:-   67730                  
             Slack:=  -66842                  

#------------------------------------------------------------------------------------------------------------------------------------------------------------------
#                           Timing Point                            Flags        Arc        Edge          Cell            Fanout Load Trans Delay Arrival Instance 
#                                                                                                                                (fF)  (ps)  (ps)   (ps)  Location 
#------------------------------------------------------------------------------------------------------------------------------------------------------------------
  PIPELINES[5].ROUNDS[8].U_ROUND_U_SUB_ROM[1].ROM_sram/clk          -       -               R     (arrival)                60672    -     0     0       0    (-,-) 
  PIPELINES[5].ROUNDS[8].U_ROUND_U_SUB_ROM[1].ROM_sram/dataout[4]   -       clk->dataout[4] R     srambank_64x4x16_6t122       1 10.3  6556 67725   67725    (-,-) 
  g333543/Y                                                         -       A->Y            F     CKINVDCx16_ASAP7_75t_L       1  1.6   654   -85   67640    (-,-) 
  g333542/Y                                                         -       A->Y            R     INVx2_ASAP7_75t_L            1  1.0    81    47   67686    (-,-) 
  g375695/Y                                                         -       A->Y            F     INVx1_ASAP7_75t_L            1  0.8    20    11   67698    (-,-) 
  g556965/Y                                                         -       B->Y            R     NOR2xp33_ASAP7_75t_L         1  1.0    37    18   67716    (-,-) 
  g367844/Y                                                         -       B->Y            F     AOI21xp5_ASAP7_75t_L         1  1.0    32    14   67730    (-,-) 
  PIPELINES[5].ROUNDS[8].U_ROUND_U_SUB_ROM[1].ROM_dout_reg_reg[4]/D -       -               F     DFFASRHQNx1_ASAP7_75t_L      1    -     -     0   67730    (-,-) 
#------------------------------------------------------------------------------------------------------------------------------------------------------------------



Path 39: VIOLATED (-66842 ps) Setup Check with Pin PIPELINES[5].ROUNDS[8].U_ROUND_U_SUB_ROM[1].ROM_dout_reg_reg[3]/CLK->D
          Group: clk
     Startpoint: (R) PIPELINES[5].ROUNDS[8].U_ROUND_U_SUB_ROM[1].ROM_sram/clk
          Clock: (R) clk
       Endpoint: (F) PIPELINES[5].ROUNDS[8].U_ROUND_U_SUB_ROM[1].ROM_dout_reg_reg[3]/D
          Clock: (R) clk

                     Capture       Launch     
        Clock Edge:+     900            0     
       Src Latency:+       0            0     
       Net Latency:+       0 (I)        0 (I) 
           Arrival:=     900            0     
                                              
             Setup:-      12                  
     Required Time:=     888                  
      Launch Clock:-       0                  
         Data Path:-   67730                  
             Slack:=  -66842                  

#------------------------------------------------------------------------------------------------------------------------------------------------------------------
#                           Timing Point                            Flags        Arc        Edge          Cell            Fanout Load Trans Delay Arrival Instance 
#                                                                                                                                (fF)  (ps)  (ps)   (ps)  Location 
#------------------------------------------------------------------------------------------------------------------------------------------------------------------
  PIPELINES[5].ROUNDS[8].U_ROUND_U_SUB_ROM[1].ROM_sram/clk          -       -               R     (arrival)                60672    -     0     0       0    (-,-) 
  PIPELINES[5].ROUNDS[8].U_ROUND_U_SUB_ROM[1].ROM_sram/dataout[3]   -       clk->dataout[3] R     srambank_64x4x16_6t122       1 10.3  6556 67725   67725    (-,-) 
  g333551/Y                                                         -       A->Y            F     CKINVDCx16_ASAP7_75t_L       1  1.6   654   -85   67640    (-,-) 
  g333550/Y                                                         -       A->Y            R     INVx2_ASAP7_75t_L            1  1.0    81    47   67686    (-,-) 
  g375679/Y                                                         -       A->Y            F     INVx1_ASAP7_75t_L            1  0.8    20    11   67698    (-,-) 
  g556964/Y                                                         -       B->Y            R     NOR2xp33_ASAP7_75t_L         1  1.0    37    18   67716    (-,-) 
  g367845/Y                                                         -       B->Y            F     AOI21xp5_ASAP7_75t_L         1  1.0    32    14   67730    (-,-) 
  PIPELINES[5].ROUNDS[8].U_ROUND_U_SUB_ROM[1].ROM_dout_reg_reg[3]/D -       -               F     DFFASRHQNx1_ASAP7_75t_L      1    -     -     0   67730    (-,-) 
#------------------------------------------------------------------------------------------------------------------------------------------------------------------



Path 40: VIOLATED (-66842 ps) Setup Check with Pin PIPELINES[5].ROUNDS[7].U_ROUND_U_SUB_ROM[15].ROM_dout_reg_reg[7]/CLK->D
          Group: clk
     Startpoint: (R) PIPELINES[5].ROUNDS[7].U_ROUND_U_SUB_ROM[15].ROM_sram/clk
          Clock: (R) clk
       Endpoint: (F) PIPELINES[5].ROUNDS[7].U_ROUND_U_SUB_ROM[15].ROM_dout_reg_reg[7]/D
          Clock: (R) clk

                     Capture       Launch     
        Clock Edge:+     900            0     
       Src Latency:+       0            0     
       Net Latency:+       0 (I)        0 (I) 
           Arrival:=     900            0     
                                              
             Setup:-      12                  
     Required Time:=     888                  
      Launch Clock:-       0                  
         Data Path:-   67730                  
             Slack:=  -66842                  

#-------------------------------------------------------------------------------------------------------------------------------------------------------------------
#                           Timing Point                             Flags        Arc        Edge          Cell            Fanout Load Trans Delay Arrival Instance 
#                                                                                                                                 (fF)  (ps)  (ps)   (ps)  Location 
#-------------------------------------------------------------------------------------------------------------------------------------------------------------------
  PIPELINES[5].ROUNDS[7].U_ROUND_U_SUB_ROM[15].ROM_sram/clk          -       -               R     (arrival)                60672    -     0     0       0    (-,-) 
  PIPELINES[5].ROUNDS[7].U_ROUND_U_SUB_ROM[15].ROM_sram/dataout[7]   -       clk->dataout[7] R     srambank_64x4x16_6t122       1 10.3  6556 67725   67725    (-,-) 
  g323745/Y                                                          -       A->Y            F     CKINVDCx16_ASAP7_75t_L       1  1.6   654   -85   67640    (-,-) 
  g323744/Y                                                          -       A->Y            R     INVx2_ASAP7_75t_L            1  1.0    81    47   67686    (-,-) 
  g375736/Y                                                          -       A->Y            F     INVx1_ASAP7_75t_L            1  0.8    20    11   67698    (-,-) 
  g556963/Y                                                          -       B->Y            R     NOR2xp33_ASAP7_75t_L         1  1.0    37    18   67716    (-,-) 
  g367843/Y                                                          -       B->Y            F     AOI21xp5_ASAP7_75t_L         1  1.0    32    14   67730    (-,-) 
  PIPELINES[5].ROUNDS[7].U_ROUND_U_SUB_ROM[15].ROM_dout_reg_reg[7]/D -       -               F     DFFASRHQNx1_ASAP7_75t_L      1    -     -     0   67730    (-,-) 
#-------------------------------------------------------------------------------------------------------------------------------------------------------------------



Path 41: VIOLATED (-66842 ps) Setup Check with Pin PIPELINES[5].ROUNDS[7].U_ROUND_U_SUB_ROM[15].ROM_dout_reg_reg[0]/CLK->D
          Group: clk
     Startpoint: (R) PIPELINES[5].ROUNDS[7].U_ROUND_U_SUB_ROM[15].ROM_sram/clk
          Clock: (R) clk
       Endpoint: (F) PIPELINES[5].ROUNDS[7].U_ROUND_U_SUB_ROM[15].ROM_dout_reg_reg[0]/D
          Clock: (R) clk

                     Capture       Launch     
        Clock Edge:+     900            0     
       Src Latency:+       0            0     
       Net Latency:+       0 (I)        0 (I) 
           Arrival:=     900            0     
                                              
             Setup:-      12                  
     Required Time:=     888                  
      Launch Clock:-       0                  
         Data Path:-   67730                  
             Slack:=  -66842                  

#-------------------------------------------------------------------------------------------------------------------------------------------------------------------
#                           Timing Point                             Flags        Arc        Edge          Cell            Fanout Load Trans Delay Arrival Instance 
#                                                                                                                                 (fF)  (ps)  (ps)   (ps)  Location 
#-------------------------------------------------------------------------------------------------------------------------------------------------------------------
  PIPELINES[5].ROUNDS[7].U_ROUND_U_SUB_ROM[15].ROM_sram/clk          -       -               R     (arrival)                60672    -     0     0       0    (-,-) 
  PIPELINES[5].ROUNDS[7].U_ROUND_U_SUB_ROM[15].ROM_sram/dataout[0]   -       clk->dataout[0] R     srambank_64x4x16_6t122       1 10.3  6556 67725   67725    (-,-) 
  g333497/Y                                                          -       A->Y            F     CKINVDCx16_ASAP7_75t_L       1  1.6   654   -85   67640    (-,-) 
  g333496/Y                                                          -       A->Y            R     INVx2_ASAP7_75t_L            1  1.0    81    47   67686    (-,-) 
  g376163/Y                                                          -       A->Y            F     INVx1_ASAP7_75t_L            1  0.8    20    11   67698    (-,-) 
  g556962/Y                                                          -       B->Y            R     NOR2xp33_ASAP7_75t_L         1  1.0    37    18   67716    (-,-) 
  g367842/Y                                                          -       B->Y            F     AOI21xp5_ASAP7_75t_L         1  1.0    32    14   67730    (-,-) 
  PIPELINES[5].ROUNDS[7].U_ROUND_U_SUB_ROM[15].ROM_dout_reg_reg[0]/D -       -               F     DFFASRHQNx1_ASAP7_75t_L      1    -     -     0   67730    (-,-) 
#-------------------------------------------------------------------------------------------------------------------------------------------------------------------



Path 42: VIOLATED (-66842 ps) Setup Check with Pin PIPELINES[5].ROUNDS[7].U_ROUND_U_SUB_ROM[10].ROM_dout_reg_reg[5]/CLK->D
          Group: clk
     Startpoint: (R) PIPELINES[5].ROUNDS[7].U_ROUND_U_SUB_ROM[10].ROM_sram/clk
          Clock: (R) clk
       Endpoint: (F) PIPELINES[5].ROUNDS[7].U_ROUND_U_SUB_ROM[10].ROM_dout_reg_reg[5]/D
          Clock: (R) clk

                     Capture       Launch     
        Clock Edge:+     900            0     
       Src Latency:+       0            0     
       Net Latency:+       0 (I)        0 (I) 
           Arrival:=     900            0     
                                              
             Setup:-      12                  
     Required Time:=     888                  
      Launch Clock:-       0                  
         Data Path:-   67730                  
             Slack:=  -66842                  

#-------------------------------------------------------------------------------------------------------------------------------------------------------------------
#                           Timing Point                             Flags        Arc        Edge          Cell            Fanout Load Trans Delay Arrival Instance 
#                                                                                                                                 (fF)  (ps)  (ps)   (ps)  Location 
#-------------------------------------------------------------------------------------------------------------------------------------------------------------------
  PIPELINES[5].ROUNDS[7].U_ROUND_U_SUB_ROM[10].ROM_sram/clk          -       -               R     (arrival)                60672    -     0     0       0    (-,-) 
  PIPELINES[5].ROUNDS[7].U_ROUND_U_SUB_ROM[10].ROM_sram/dataout[5]   -       clk->dataout[5] R     srambank_64x4x16_6t122       1 10.3  6556 67725   67725    (-,-) 
  g324185/Y                                                          -       A->Y            F     CKINVDCx16_ASAP7_75t_L       1  1.6   654   -85   67640    (-,-) 
  g324184/Y                                                          -       A->Y            R     INVx2_ASAP7_75t_L            1  1.0    81    47   67686    (-,-) 
  g376076/Y                                                          -       A->Y            F     INVx1_ASAP7_75t_L            1  0.8    20    11   67698    (-,-) 
  g556960/Y                                                          -       B->Y            R     NOR2xp33_ASAP7_75t_L         1  1.0    37    18   67716    (-,-) 
  g367838/Y                                                          -       B->Y            F     AOI21xp5_ASAP7_75t_L         1  1.0    32    14   67730    (-,-) 
  PIPELINES[5].ROUNDS[7].U_ROUND_U_SUB_ROM[10].ROM_dout_reg_reg[5]/D -       -               F     DFFASRHQNx1_ASAP7_75t_L      1    -     -     0   67730    (-,-) 
#-------------------------------------------------------------------------------------------------------------------------------------------------------------------



Path 43: VIOLATED (-66842 ps) Setup Check with Pin PIPELINES[5].ROUNDS[7].U_ROUND_U_SUB_ROM[10].ROM_dout_reg_reg[3]/CLK->D
          Group: clk
     Startpoint: (R) PIPELINES[5].ROUNDS[7].U_ROUND_U_SUB_ROM[10].ROM_sram/clk
          Clock: (R) clk
       Endpoint: (F) PIPELINES[5].ROUNDS[7].U_ROUND_U_SUB_ROM[10].ROM_dout_reg_reg[3]/D
          Clock: (R) clk

                     Capture       Launch     
        Clock Edge:+     900            0     
       Src Latency:+       0            0     
       Net Latency:+       0 (I)        0 (I) 
           Arrival:=     900            0     
                                              
             Setup:-      12                  
     Required Time:=     888                  
      Launch Clock:-       0                  
         Data Path:-   67730                  
             Slack:=  -66842                  

#-------------------------------------------------------------------------------------------------------------------------------------------------------------------
#                           Timing Point                             Flags        Arc        Edge          Cell            Fanout Load Trans Delay Arrival Instance 
#                                                                                                                                 (fF)  (ps)  (ps)   (ps)  Location 
#-------------------------------------------------------------------------------------------------------------------------------------------------------------------
  PIPELINES[5].ROUNDS[7].U_ROUND_U_SUB_ROM[10].ROM_sram/clk          -       -               R     (arrival)                60672    -     0     0       0    (-,-) 
  PIPELINES[5].ROUNDS[7].U_ROUND_U_SUB_ROM[10].ROM_sram/dataout[3]   -       clk->dataout[3] R     srambank_64x4x16_6t122       1 10.3  6556 67725   67725    (-,-) 
  g324157/Y                                                          -       A->Y            F     CKINVDCx16_ASAP7_75t_L       1  1.6   654   -85   67640    (-,-) 
  g324156/Y                                                          -       A->Y            R     INVx2_ASAP7_75t_L            1  1.0    81    47   67686    (-,-) 
  g375843/Y                                                          -       A->Y            F     INVx1_ASAP7_75t_L            1  0.8    20    11   67698    (-,-) 
  g556959/Y                                                          -       B->Y            R     NOR2xp33_ASAP7_75t_L         1  1.0    37    18   67716    (-,-) 
  g367837/Y                                                          -       B->Y            F     AOI21xp5_ASAP7_75t_L         1  1.0    32    14   67730    (-,-) 
  PIPELINES[5].ROUNDS[7].U_ROUND_U_SUB_ROM[10].ROM_dout_reg_reg[3]/D -       -               F     DFFASRHQNx1_ASAP7_75t_L      1    -     -     0   67730    (-,-) 
#-------------------------------------------------------------------------------------------------------------------------------------------------------------------



Path 44: VIOLATED (-66842 ps) Setup Check with Pin PIPELINES[5].ROUNDS[7].U_ROUND_U_SUB_ROM[8].ROM_dout_reg_reg[5]/CLK->D
          Group: clk
     Startpoint: (R) PIPELINES[5].ROUNDS[7].U_ROUND_U_SUB_ROM[8].ROM_sram/clk
          Clock: (R) clk
       Endpoint: (F) PIPELINES[5].ROUNDS[7].U_ROUND_U_SUB_ROM[8].ROM_dout_reg_reg[5]/D
          Clock: (R) clk

                     Capture       Launch     
        Clock Edge:+     900            0     
       Src Latency:+       0            0     
       Net Latency:+       0 (I)        0 (I) 
           Arrival:=     900            0     
                                              
             Setup:-      12                  
     Required Time:=     888                  
      Launch Clock:-       0                  
         Data Path:-   67730                  
             Slack:=  -66842                  

#------------------------------------------------------------------------------------------------------------------------------------------------------------------
#                           Timing Point                            Flags        Arc        Edge          Cell            Fanout Load Trans Delay Arrival Instance 
#                                                                                                                                (fF)  (ps)  (ps)   (ps)  Location 
#------------------------------------------------------------------------------------------------------------------------------------------------------------------
  PIPELINES[5].ROUNDS[7].U_ROUND_U_SUB_ROM[8].ROM_sram/clk          -       -               R     (arrival)                60672    -     0     0       0    (-,-) 
  PIPELINES[5].ROUNDS[7].U_ROUND_U_SUB_ROM[8].ROM_sram/dataout[5]   -       clk->dataout[5] R     srambank_64x4x16_6t122       1 10.3  6556 67725   67725    (-,-) 
  g333333/Y                                                         -       A->Y            F     CKINVDCx16_ASAP7_75t_L       1  1.6   654   -85   67640    (-,-) 
  g333332/Y                                                         -       A->Y            R     INVx2_ASAP7_75t_L            1  1.0    81    47   67686    (-,-) 
  g375859/Y                                                         -       A->Y            F     INVx1_ASAP7_75t_L            1  0.8    20    11   67698    (-,-) 
  g556957/Y                                                         -       B->Y            R     NOR2xp33_ASAP7_75t_L         1  1.0    37    18   67716    (-,-) 
  g367835/Y                                                         -       B->Y            F     AOI21xp5_ASAP7_75t_L         1  1.0    32    14   67730    (-,-) 
  PIPELINES[5].ROUNDS[7].U_ROUND_U_SUB_ROM[8].ROM_dout_reg_reg[5]/D -       -               F     DFFASRHQNx1_ASAP7_75t_L      1    -     -     0   67730    (-,-) 
#------------------------------------------------------------------------------------------------------------------------------------------------------------------



Path 45: VIOLATED (-66842 ps) Setup Check with Pin PIPELINES[5].ROUNDS[7].U_ROUND_U_SUB_ROM[8].ROM_dout_reg_reg[4]/CLK->D
          Group: clk
     Startpoint: (R) PIPELINES[5].ROUNDS[7].U_ROUND_U_SUB_ROM[8].ROM_sram/clk
          Clock: (R) clk
       Endpoint: (F) PIPELINES[5].ROUNDS[7].U_ROUND_U_SUB_ROM[8].ROM_dout_reg_reg[4]/D
          Clock: (R) clk

                     Capture       Launch     
        Clock Edge:+     900            0     
       Src Latency:+       0            0     
       Net Latency:+       0 (I)        0 (I) 
           Arrival:=     900            0     
                                              
             Setup:-      12                  
     Required Time:=     888                  
      Launch Clock:-       0                  
         Data Path:-   67730                  
             Slack:=  -66842                  

#------------------------------------------------------------------------------------------------------------------------------------------------------------------
#                           Timing Point                            Flags        Arc        Edge          Cell            Fanout Load Trans Delay Arrival Instance 
#                                                                                                                                (fF)  (ps)  (ps)   (ps)  Location 
#------------------------------------------------------------------------------------------------------------------------------------------------------------------
  PIPELINES[5].ROUNDS[7].U_ROUND_U_SUB_ROM[8].ROM_sram/clk          -       -               R     (arrival)                60672    -     0     0       0    (-,-) 
  PIPELINES[5].ROUNDS[7].U_ROUND_U_SUB_ROM[8].ROM_sram/dataout[4]   -       clk->dataout[4] R     srambank_64x4x16_6t122       1 10.3  6556 67725   67725    (-,-) 
  g333337/Y                                                         -       A->Y            F     CKINVDCx16_ASAP7_75t_L       1  1.6   654   -85   67640    (-,-) 
  g333336/Y                                                         -       A->Y            R     INVx2_ASAP7_75t_L            1  1.0    81    47   67686    (-,-) 
  g376629/Y                                                         -       A->Y            F     INVx1_ASAP7_75t_L            1  0.8    20    11   67698    (-,-) 
  g556955/Y                                                         -       B->Y            R     NOR2xp33_ASAP7_75t_L         1  1.0    37    18   67716    (-,-) 
  g367834/Y                                                         -       B->Y            F     AOI21xp5_ASAP7_75t_L         1  1.0    32    14   67730    (-,-) 
  PIPELINES[5].ROUNDS[7].U_ROUND_U_SUB_ROM[8].ROM_dout_reg_reg[4]/D -       -               F     DFFASRHQNx1_ASAP7_75t_L      1    -     -     0   67730    (-,-) 
#------------------------------------------------------------------------------------------------------------------------------------------------------------------



Path 46: VIOLATED (-66842 ps) Setup Check with Pin PIPELINES[5].ROUNDS[6].U_ROUND_U_SUB_ROM[2].ROM_dout_reg_reg[3]/CLK->D
          Group: clk
     Startpoint: (R) PIPELINES[5].ROUNDS[6].U_ROUND_U_SUB_ROM[2].ROM_sram/clk
          Clock: (R) clk
       Endpoint: (F) PIPELINES[5].ROUNDS[6].U_ROUND_U_SUB_ROM[2].ROM_dout_reg_reg[3]/D
          Clock: (R) clk

                     Capture       Launch     
        Clock Edge:+     900            0     
       Src Latency:+       0            0     
       Net Latency:+       0 (I)        0 (I) 
           Arrival:=     900            0     
                                              
             Setup:-      12                  
     Required Time:=     888                  
      Launch Clock:-       0                  
         Data Path:-   67730                  
             Slack:=  -66842                  

#------------------------------------------------------------------------------------------------------------------------------------------------------------------
#                           Timing Point                            Flags        Arc        Edge          Cell            Fanout Load Trans Delay Arrival Instance 
#                                                                                                                                (fF)  (ps)  (ps)   (ps)  Location 
#------------------------------------------------------------------------------------------------------------------------------------------------------------------
  PIPELINES[5].ROUNDS[6].U_ROUND_U_SUB_ROM[2].ROM_sram/clk          -       -               R     (arrival)                60672    -     0     0       0    (-,-) 
  PIPELINES[5].ROUNDS[6].U_ROUND_U_SUB_ROM[2].ROM_sram/dataout[3]   -       clk->dataout[3] R     srambank_64x4x16_6t122       1 10.3  6556 67725   67725    (-,-) 
  g324441/Y                                                         -       A->Y            F     CKINVDCx16_ASAP7_75t_L       1  1.6   654   -85   67640    (-,-) 
  g324440/Y                                                         -       A->Y            R     INVx2_ASAP7_75t_L            1  1.0    81    47   67686    (-,-) 
  g376267/Y                                                         -       A->Y            F     INVx1_ASAP7_75t_L            1  0.8    20    11   67698    (-,-) 
  g556946/Y                                                         -       B->Y            R     NOR2xp33_ASAP7_75t_L         1  1.0    37    18   67716    (-,-) 
  g367820/Y                                                         -       B->Y            F     AOI21xp5_ASAP7_75t_L         1  1.0    32    14   67730    (-,-) 
  PIPELINES[5].ROUNDS[6].U_ROUND_U_SUB_ROM[2].ROM_dout_reg_reg[3]/D -       -               F     DFFASRHQNx1_ASAP7_75t_L      1    -     -     0   67730    (-,-) 
#------------------------------------------------------------------------------------------------------------------------------------------------------------------



Path 47: VIOLATED (-66842 ps) Setup Check with Pin PIPELINES[5].ROUNDS[6].U_ROUND_U_SUB_ROM[2].ROM_dout_reg_reg[2]/CLK->D
          Group: clk
     Startpoint: (R) PIPELINES[5].ROUNDS[6].U_ROUND_U_SUB_ROM[2].ROM_sram/clk
          Clock: (R) clk
       Endpoint: (F) PIPELINES[5].ROUNDS[6].U_ROUND_U_SUB_ROM[2].ROM_dout_reg_reg[2]/D
          Clock: (R) clk

                     Capture       Launch     
        Clock Edge:+     900            0     
       Src Latency:+       0            0     
       Net Latency:+       0 (I)        0 (I) 
           Arrival:=     900            0     
                                              
             Setup:-      12                  
     Required Time:=     888                  
      Launch Clock:-       0                  
         Data Path:-   67730                  
             Slack:=  -66842                  

#------------------------------------------------------------------------------------------------------------------------------------------------------------------
#                           Timing Point                            Flags        Arc        Edge          Cell            Fanout Load Trans Delay Arrival Instance 
#                                                                                                                                (fF)  (ps)  (ps)   (ps)  Location 
#------------------------------------------------------------------------------------------------------------------------------------------------------------------
  PIPELINES[5].ROUNDS[6].U_ROUND_U_SUB_ROM[2].ROM_sram/clk          -       -               R     (arrival)                60672    -     0     0       0    (-,-) 
  PIPELINES[5].ROUNDS[6].U_ROUND_U_SUB_ROM[2].ROM_sram/dataout[2]   -       clk->dataout[2] R     srambank_64x4x16_6t122       1 10.3  6556 67725   67725    (-,-) 
  g332799/Y                                                         -       A->Y            F     CKINVDCx16_ASAP7_75t_L       1  1.6   654   -85   67640    (-,-) 
  g332798/Y                                                         -       A->Y            R     INVx2_ASAP7_75t_L            1  1.0    81    47   67686    (-,-) 
  g376277/Y                                                         -       A->Y            F     INVx1_ASAP7_75t_L            1  0.8    20    11   67698    (-,-) 
  g556945/Y                                                         -       B->Y            R     NOR2xp33_ASAP7_75t_L         1  1.0    37    18   67716    (-,-) 
  g367819/Y                                                         -       B->Y            F     AOI21xp5_ASAP7_75t_L         1  1.0    32    14   67730    (-,-) 
  PIPELINES[5].ROUNDS[6].U_ROUND_U_SUB_ROM[2].ROM_dout_reg_reg[2]/D -       -               F     DFFASRHQNx1_ASAP7_75t_L      1    -     -     0   67730    (-,-) 
#------------------------------------------------------------------------------------------------------------------------------------------------------------------



Path 48: VIOLATED (-66842 ps) Setup Check with Pin PIPELINES[5].ROUNDS[5].U_ROUND_U_SUB_ROM[12].ROM_dout_reg_reg[4]/CLK->D
          Group: clk
     Startpoint: (R) PIPELINES[5].ROUNDS[5].U_ROUND_U_SUB_ROM[12].ROM_sram/clk
          Clock: (R) clk
       Endpoint: (F) PIPELINES[5].ROUNDS[5].U_ROUND_U_SUB_ROM[12].ROM_dout_reg_reg[4]/D
          Clock: (R) clk

                     Capture       Launch     
        Clock Edge:+     900            0     
       Src Latency:+       0            0     
       Net Latency:+       0 (I)        0 (I) 
           Arrival:=     900            0     
                                              
             Setup:-      12                  
     Required Time:=     888                  
      Launch Clock:-       0                  
         Data Path:-   67730                  
             Slack:=  -66842                  

#-------------------------------------------------------------------------------------------------------------------------------------------------------------------
#                           Timing Point                             Flags        Arc        Edge          Cell            Fanout Load Trans Delay Arrival Instance 
#                                                                                                                                 (fF)  (ps)  (ps)   (ps)  Location 
#-------------------------------------------------------------------------------------------------------------------------------------------------------------------
  PIPELINES[5].ROUNDS[5].U_ROUND_U_SUB_ROM[12].ROM_sram/clk          -       -               R     (arrival)                60672    -     0     0       0    (-,-) 
  PIPELINES[5].ROUNDS[5].U_ROUND_U_SUB_ROM[12].ROM_sram/dataout[4]   -       clk->dataout[4] R     srambank_64x4x16_6t122       1 10.3  6556 67725   67725    (-,-) 
  g332673/Y                                                          -       A->Y            F     CKINVDCx16_ASAP7_75t_L       1  1.6   654   -85   67640    (-,-) 
  g332672/Y                                                          -       A->Y            R     INVx2_ASAP7_75t_L            1  1.0    81    47   67686    (-,-) 
  g376669/Y                                                          -       A->Y            F     INVx1_ASAP7_75t_L            1  0.8    20    11   67698    (-,-) 
  g556942/Y                                                          -       B->Y            R     NOR2xp33_ASAP7_75t_L         1  1.0    37    18   67716    (-,-) 
  g367813/Y                                                          -       B->Y            F     AOI21xp5_ASAP7_75t_L         1  1.0    32    14   67730    (-,-) 
  PIPELINES[5].ROUNDS[5].U_ROUND_U_SUB_ROM[12].ROM_dout_reg_reg[4]/D -       -               F     DFFASRHQNx1_ASAP7_75t_L      1    -     -     0   67730    (-,-) 
#-------------------------------------------------------------------------------------------------------------------------------------------------------------------



Path 49: VIOLATED (-66842 ps) Setup Check with Pin PIPELINES[5].ROUNDS[5].U_ROUND_U_SUB_ROM[12].ROM_dout_reg_reg[3]/CLK->D
          Group: clk
     Startpoint: (R) PIPELINES[5].ROUNDS[5].U_ROUND_U_SUB_ROM[12].ROM_sram/clk
          Clock: (R) clk
       Endpoint: (F) PIPELINES[5].ROUNDS[5].U_ROUND_U_SUB_ROM[12].ROM_dout_reg_reg[3]/D
          Clock: (R) clk

                     Capture       Launch     
        Clock Edge:+     900            0     
       Src Latency:+       0            0     
       Net Latency:+       0 (I)        0 (I) 
           Arrival:=     900            0     
                                              
             Setup:-      12                  
     Required Time:=     888                  
      Launch Clock:-       0                  
         Data Path:-   67730                  
             Slack:=  -66842                  

#-------------------------------------------------------------------------------------------------------------------------------------------------------------------
#                           Timing Point                             Flags        Arc        Edge          Cell            Fanout Load Trans Delay Arrival Instance 
#                                                                                                                                 (fF)  (ps)  (ps)   (ps)  Location 
#-------------------------------------------------------------------------------------------------------------------------------------------------------------------
  PIPELINES[5].ROUNDS[5].U_ROUND_U_SUB_ROM[12].ROM_sram/clk          -       -               R     (arrival)                60672    -     0     0       0    (-,-) 
  PIPELINES[5].ROUNDS[5].U_ROUND_U_SUB_ROM[12].ROM_sram/dataout[3]   -       clk->dataout[3] R     srambank_64x4x16_6t122       1 10.3  6556 67725   67725    (-,-) 
  g327125/Y                                                          -       A->Y            F     CKINVDCx16_ASAP7_75t_L       1  1.6   654   -85   67640    (-,-) 
  g327124/Y                                                          -       A->Y            R     INVx2_ASAP7_75t_L            1  1.0    81    47   67686    (-,-) 
  g376559/Y                                                          -       A->Y            F     INVx1_ASAP7_75t_L            1  0.8    20    11   67698    (-,-) 
  g556941/Y                                                          -       B->Y            R     NOR2xp33_ASAP7_75t_L         1  1.0    37    18   67716    (-,-) 
  g367812/Y                                                          -       B->Y            F     AOI21xp5_ASAP7_75t_L         1  1.0    32    14   67730    (-,-) 
  PIPELINES[5].ROUNDS[5].U_ROUND_U_SUB_ROM[12].ROM_dout_reg_reg[3]/D -       -               F     DFFASRHQNx1_ASAP7_75t_L      1    -     -     0   67730    (-,-) 
#-------------------------------------------------------------------------------------------------------------------------------------------------------------------



Path 50: VIOLATED (-66842 ps) Setup Check with Pin PIPELINES[5].ROUNDS[5].U_ROUND_U_SUB_ROM[9].ROM_dout_reg_reg[6]/CLK->D
          Group: clk
     Startpoint: (R) PIPELINES[5].ROUNDS[5].U_ROUND_U_SUB_ROM[9].ROM_sram/clk
          Clock: (R) clk
       Endpoint: (F) PIPELINES[5].ROUNDS[5].U_ROUND_U_SUB_ROM[9].ROM_dout_reg_reg[6]/D
          Clock: (R) clk

                     Capture       Launch     
        Clock Edge:+     900            0     
       Src Latency:+       0            0     
       Net Latency:+       0 (I)        0 (I) 
           Arrival:=     900            0     
                                              
             Setup:-      12                  
     Required Time:=     888                  
      Launch Clock:-       0                  
         Data Path:-   67730                  
             Slack:=  -66842                  

#------------------------------------------------------------------------------------------------------------------------------------------------------------------
#                           Timing Point                            Flags        Arc        Edge          Cell            Fanout Load Trans Delay Arrival Instance 
#                                                                                                                                (fF)  (ps)  (ps)   (ps)  Location 
#------------------------------------------------------------------------------------------------------------------------------------------------------------------
  PIPELINES[5].ROUNDS[5].U_ROUND_U_SUB_ROM[9].ROM_sram/clk          -       -               R     (arrival)                60672    -     0     0       0    (-,-) 
  PIPELINES[5].ROUNDS[5].U_ROUND_U_SUB_ROM[9].ROM_sram/dataout[6]   -       clk->dataout[6] R     srambank_64x4x16_6t122       1 10.3  6556 67725   67725    (-,-) 
  g318697/Y                                                         -       A->Y            F     CKINVDCx16_ASAP7_75t_L       1  1.6   654   -85   67640    (-,-) 
  g318696/Y                                                         -       A->Y            R     INVx2_ASAP7_75t_L            1  1.0    81    47   67686    (-,-) 
  g376254/Y                                                         -       A->Y            F     INVx1_ASAP7_75t_L            1  0.8    20    11   67698    (-,-) 
  g556940/Y                                                         -       B->Y            R     NOR2xp33_ASAP7_75t_L         1  1.0    37    18   67716    (-,-) 
  g367809/Y                                                         -       B->Y            F     AOI21xp5_ASAP7_75t_L         1  1.0    32    14   67730    (-,-) 
  PIPELINES[5].ROUNDS[5].U_ROUND_U_SUB_ROM[9].ROM_dout_reg_reg[6]/D -       -               F     DFFASRHQNx1_ASAP7_75t_L      1    -     -     0   67730    (-,-) 
#------------------------------------------------------------------------------------------------------------------------------------------------------------------

