============================================================
  Generated by:           Genus(TM) Synthesis Solution 21.17-s066_1
  Generated on:           Jul 29 2025  12:31:35 pm
  Module:                 Top_PipelinedMultiCipher
  Operating conditions:   PVT_0P7V_25C 
  Interconnect mode:      global
  Area mode:              physical library
============================================================


Path 1: MET (261 ps) Setup Check with Pin PIPELINES[7].ROUNDS[0].U_ROUND_U_SUB_ROM[5].ROM_dout_reg[2]/CLK->D
          Group: clk
     Startpoint: (R) PIPELINES[7].U0_ARK_data_out_reg[46]/CLK
          Clock: (R) clk
       Endpoint: (R) PIPELINES[7].ROUNDS[0].U_ROUND_U_SUB_ROM[5].ROM_dout_reg[2]/D
          Clock: (R) clk

                     Capture       Launch     
        Clock Edge:+     900            0     
       Src Latency:+       0            0     
       Net Latency:+       0 (I)        0 (I) 
           Arrival:=     900            0     
                                              
             Setup:-      23                  
     Required Time:=     877                  
      Launch Clock:-       0                  
         Data Path:-     616                  
             Slack:=     261                  

#------------------------------------------------------------------------------------------------------------------------------------------------------
#                         Timing Point                          Flags    Arc    Edge          Cell            Fanout Load Trans Delay Arrival Instance 
#                                                                                                                    (fF)  (ps)  (ps)   (ps)  Location 
#------------------------------------------------------------------------------------------------------------------------------------------------------
  PIPELINES[7].U0_ARK_data_out_reg[46]/CLK                      -       -       R     (arrival)                47792    -     0     0       0    (-,-) 
  PIPELINES[7].U0_ARK_data_out_reg[46]/QN                       -       CLK->QN F     DFFASRHQNx1_ASAP7_75t_L     18 13.8    92    86      86    (-,-) 
  g353552/Y                                                     -       A->Y    R     INVx1_ASAP7_75t_L           11  7.2    72    51     137    (-,-) 
  g553955/Y                                                     -       B->Y    F     NOR2xp33_ASAP7_75t_L        17 12.0   214   123     260    (-,-) 
  g553966/Y                                                     -       A->Y    R     INVx1_ASAP7_75t_L           25 17.7   173   120     380    (-,-) 
  g554033/Y                                                     -       A->Y    F     NOR2xp33_ASAP7_75t_L         3  2.3    80    57     437    (-,-) 
  g554123/Y                                                     -       A->Y    R     INVx1_ASAP7_75t_L            2  1.7    31    23     460    (-,-) 
  g554132/Y                                                     -       B->Y    F     OAI21xp5_ASAP7_75t_L         1  0.9    38    12     472    (-,-) 
  g554131/Y                                                     -       B->Y    R     AOI211xp5_ASAP7_75t_L        1  1.0    41    24     497    (-,-) 
  g554130/Y                                                     -       A2->Y   F     OAI22xp5_ASAP7_75t_L         1  0.9    29    16     513    (-,-) 
  g554115/Y                                                     -       C->Y    R     AOI211xp5_ASAP7_75t_L        1  0.7    37    19     532    (-,-) 
  g554114/Y                                                     -       A->Y    F     NOR2xp33_ASAP7_75t_L         1  0.9    35    20     552    (-,-) 
  g554105/Y                                                     -       C->Y    R     AOI221xp5_ASAP7_75t_L        1  1.0    43    25     577    (-,-) 
  g244489/Y                                                     -       C->Y    F     A2O1A1Ixp33_ASAP7_75t_L      1  0.9    31    21     598    (-,-) 
  g554098/Y                                                     -       A1->Y   R     AOI22xp5_ASAP7_75t_L         1  1.0    50    19     616    (-,-) 
  PIPELINES[7].ROUNDS[0].U_ROUND_U_SUB_ROM[5].ROM_dout_reg[2]/D -       -       R     DFFASRHQNx1_ASAP7_75t_L      1    -     -     0     616    (-,-) 
#------------------------------------------------------------------------------------------------------------------------------------------------------



Path 2: MET (271 ps) Setup Check with Pin PIPELINES[0].ROUNDS[3].U_ROUND_U_SUB_ROM[3].ROM_dout_reg[4]/CLK->D
          Group: clk
     Startpoint: (R) PIPELINES[0].ROUNDS[2].U_ROUND_U_KEY_data_out_reg[25]/CLK
          Clock: (R) clk
       Endpoint: (R) PIPELINES[0].ROUNDS[3].U_ROUND_U_SUB_ROM[3].ROM_dout_reg[4]/D
          Clock: (R) clk

                     Capture       Launch     
        Clock Edge:+     900            0     
       Src Latency:+       0            0     
       Net Latency:+       0 (I)        0 (I) 
           Arrival:=     900            0     
                                              
             Setup:-      20                  
     Required Time:=     880                  
      Launch Clock:-       0                  
         Data Path:-     610                  
             Slack:=     271                  

#------------------------------------------------------------------------------------------------------------------------------------------------------
#                         Timing Point                          Flags    Arc    Edge          Cell            Fanout Load Trans Delay Arrival Instance 
#                                                                                                                    (fF)  (ps)  (ps)   (ps)  Location 
#------------------------------------------------------------------------------------------------------------------------------------------------------
  PIPELINES[0].ROUNDS[2].U_ROUND_U_KEY_data_out_reg[25]/CLK     -       -       R     (arrival)                47792    -     0     0       0    (-,-) 
  PIPELINES[0].ROUNDS[2].U_ROUND_U_KEY_data_out_reg[25]/QN      -       CLK->QN F     DFFASRHQNx1_ASAP7_75t_L     18 13.4    89    84      84    (-,-) 
  g571656/Y                                                     -       A->Y    R     INVx1_ASAP7_75t_L           14  9.7    88    61     145    (-,-) 
  g571702/Y                                                     -       B->Y    F     NOR2xp33_ASAP7_75t_L        19 13.4   238   139     284    (-,-) 
  g571809/Y                                                     -       A->Y    R     INVx1_ASAP7_75t_L           21 15.2   162   115     399    (-,-) 
  g377772/Y                                                     -       A1->Y   F     OAI222xp33_ASAP7_75t_L       1  1.0    57    37     436    (-,-) 
  g572166/Y                                                     -       B->Y    R     AOI21xp5_ASAP7_75t_L         1  1.0    37    23     458    (-,-) 
  g572165/Y                                                     -       B1->Y   F     OAI222xp33_ASAP7_75t_L       1  0.9    41    21     480    (-,-) 
  g572164/Y                                                     -       C->Y    R     AOI221xp5_ASAP7_75t_L        1  1.0    40    26     506    (-,-) 
  g572159/Y                                                     -       C->Y    F     A2O1A1Ixp33_ASAP7_75t_L      1  1.0    32    21     527    (-,-) 
  g572153/Y                                                     -       B->Y    R     A2O1A1Ixp33_ASAP7_75t_L      1  1.0    37    20     547    (-,-) 
  g572147/Y                                                     -       C->Y    F     A2O1A1Ixp33_ASAP7_75t_L      1  0.9    29    20     566    (-,-) 
  g572140/Y                                                     -       C->Y    F     AO221x1_ASAP7_75t_L          1  0.9    13    28     594    (-,-) 
  g572139/Y                                                     -       A1->Y   R     AOI22xp5_ASAP7_75t_L         1  1.0    26    16     610    (-,-) 
  PIPELINES[0].ROUNDS[3].U_ROUND_U_SUB_ROM[3].ROM_dout_reg[4]/D -       -       R     DFFASRHQNx1_ASAP7_75t_L      1    -     -     0     610    (-,-) 
#------------------------------------------------------------------------------------------------------------------------------------------------------



Path 3: MET (276 ps) Setup Check with Pin PIPELINES[1].ROUNDS[1].U_ROUND_U_SUB_ROM[2].ROM_dout_reg[2]/CLK->D
          Group: clk
     Startpoint: (R) PIPELINES[1].ROUNDS[0].U_ROUND_U_KEY_data_out_reg[22]/CLK
          Clock: (R) clk
       Endpoint: (R) PIPELINES[1].ROUNDS[1].U_ROUND_U_SUB_ROM[2].ROM_dout_reg[2]/D
          Clock: (R) clk

                     Capture       Launch     
        Clock Edge:+     900            0     
       Src Latency:+       0            0     
       Net Latency:+       0 (I)        0 (I) 
           Arrival:=     900            0     
                                              
             Setup:-      23                  
     Required Time:=     877                  
      Launch Clock:-       0                  
         Data Path:-     601                  
             Slack:=     276                  

#------------------------------------------------------------------------------------------------------------------------------------------------------
#                         Timing Point                          Flags    Arc    Edge          Cell            Fanout Load Trans Delay Arrival Instance 
#                                                                                                                    (fF)  (ps)  (ps)   (ps)  Location 
#------------------------------------------------------------------------------------------------------------------------------------------------------
  PIPELINES[1].ROUNDS[0].U_ROUND_U_KEY_data_out_reg[22]/CLK     -       -       R     (arrival)                47792    -     0     0       0    (-,-) 
  PIPELINES[1].ROUNDS[0].U_ROUND_U_KEY_data_out_reg[22]/QN      -       CLK->QN F     DFFASRHQNx1_ASAP7_75t_L     20 15.0    98    89      89    (-,-) 
  g609997/Y                                                     -       A->Y    R     INVx1_ASAP7_75t_L           13  8.9    85    60     149    (-,-) 
  g609990/Y                                                     -       B->Y    F     NOR2xp33_ASAP7_75t_L        17 12.2   218   128     277    (-,-) 
  g609989/Y                                                     -       A->Y    R     INVx1_ASAP7_75t_L           19 12.8   141   101     378    (-,-) 
  g610049/Y                                                     -       A->Y    F     NOR2xp33_ASAP7_75t_L         5  3.8    97    70     447    (-,-) 
  g610527/Y                                                     -       B1->Y   R     AOI32xp33_ASAP7_75t_L        1  0.9    52    40     487    (-,-) 
  g242776/Y                                                     -       A3->Y   F     AOI31xp33_ASAP7_75t_L        1  0.9    28    14     502    (-,-) 
  g242620/Y                                                     -       A->Y    F     OR5x1_ASAP7_75t_L            1  0.8    15    33     534    (-,-) 
  g241849/Y                                                     -       B2->Y   R     AOI32xp33_ASAP7_75t_L        1  1.0    46    22     557    (-,-) 
  g241323/Y                                                     -       C1->Y   F     OAI331xp33_ASAP7_75t_L       1  0.9    35    25     582    (-,-) 
  g240713/Y                                                     -       A1->Y   R     AOI22xp5_ASAP7_75t_L         1  1.0    44    19     601    (-,-) 
  PIPELINES[1].ROUNDS[1].U_ROUND_U_SUB_ROM[2].ROM_dout_reg[2]/D -       -       R     DFFASRHQNx1_ASAP7_75t_L      1    -     -     0     601    (-,-) 
#------------------------------------------------------------------------------------------------------------------------------------------------------



Path 4: MET (278 ps) Setup Check with Pin PIPELINES[7].ROUNDS[5].U_ROUND_U_SUB_ROM[13].ROM_dout_reg[2]/CLK->D
          Group: clk
     Startpoint: (R) PIPELINES[7].ROUNDS[4].U_ROUND_U_KEY_data_out_reg[105]/CLK
          Clock: (R) clk
       Endpoint: (R) PIPELINES[7].ROUNDS[5].U_ROUND_U_SUB_ROM[13].ROM_dout_reg[2]/D
          Clock: (R) clk

                     Capture       Launch     
        Clock Edge:+     900            0     
       Src Latency:+       0            0     
       Net Latency:+       0 (I)        0 (I) 
           Arrival:=     900            0     
                                              
             Setup:-      23                  
     Required Time:=     877                  
      Launch Clock:-       0                  
         Data Path:-     598                  
             Slack:=     278                  

#-------------------------------------------------------------------------------------------------------------------------------------------------------
#                         Timing Point                           Flags    Arc    Edge          Cell            Fanout Load Trans Delay Arrival Instance 
#                                                                                                                     (fF)  (ps)  (ps)   (ps)  Location 
#-------------------------------------------------------------------------------------------------------------------------------------------------------
  PIPELINES[7].ROUNDS[4].U_ROUND_U_KEY_data_out_reg[105]/CLK     -       -       R     (arrival)                47792    -     0     0       0    (-,-) 
  PIPELINES[7].ROUNDS[4].U_ROUND_U_KEY_data_out_reg[105]/QN      -       CLK->QN R     DFFASRHQNx1_ASAP7_75t_L     16 12.3   100    84      84    (-,-) 
  g767701/Y                                                      -       A->Y    F     INVx1_ASAP7_75t_L           15 10.4    79    55     139    (-,-) 
  g767700/Y                                                      -       B->Y    R     NOR2xp33_ASAP7_75t_L        21 14.8   316   163     302    (-,-) 
  g767719/Y                                                      -       A->Y    F     INVx1_ASAP7_75t_L           17 12.3   138    91     393    (-,-) 
  g767847/Y                                                      -       A->Y    R     NOR2xp33_ASAP7_75t_L         3  2.3    74    46     439    (-,-) 
  g323325/Y                                                      -       B->Y    F     AOI211xp5_ASAP7_75t_L        1  0.9    42    20     458    (-,-) 
  g767844/Y                                                      -       B2->Y   R     AOI33xp33_ASAP7_75t_L        1  1.0    49    32     490    (-,-) 
  g314473/Y                                                      -       C1->Y   R     OA331x1_ASAP7_75t_L          1  0.8    14    32     522    (-,-) 
  g767834/Y                                                      -       B2->Y   F     OAI32xp33_ASAP7_75t_L        1  0.8    41    16     538    (-,-) 
  g313633/Y                                                      -       A->Y    R     NOR2xp33_ASAP7_75t_L         1  0.9    29    19     557    (-,-) 
  g313545/Y                                                      -       C->Y    F     OAI321xp33_ASAP7_75t_L       1  1.0    36    20     577    (-,-) 
  g272359/Y                                                      -       B1->Y   R     AOI22xp5_ASAP7_75t_L         1  1.0    45    22     598    (-,-) 
  PIPELINES[7].ROUNDS[5].U_ROUND_U_SUB_ROM[13].ROM_dout_reg[2]/D -       -       R     DFFASRHQNx1_ASAP7_75t_L      1    -     -     0     598    (-,-) 
#-------------------------------------------------------------------------------------------------------------------------------------------------------



Path 5: MET (280 ps) Setup Check with Pin PIPELINES[4].ROUNDS[6].U_ROUND_U_SUB_ROM[13].ROM_dout_reg[4]/CLK->D
          Group: clk
     Startpoint: (R) PIPELINES[4].ROUNDS[5].U_ROUND_U_KEY_data_out_reg[105]/CLK
          Clock: (R) clk
       Endpoint: (R) PIPELINES[4].ROUNDS[6].U_ROUND_U_SUB_ROM[13].ROM_dout_reg[4]/D
          Clock: (R) clk

                     Capture       Launch     
        Clock Edge:+     900            0     
       Src Latency:+       0            0     
       Net Latency:+       0 (I)        0 (I) 
           Arrival:=     900            0     
                                              
             Setup:-      23                  
     Required Time:=     877                  
      Launch Clock:-       0                  
         Data Path:-     597                  
             Slack:=     280                  

#-------------------------------------------------------------------------------------------------------------------------------------------------------
#                         Timing Point                           Flags    Arc    Edge          Cell            Fanout Load Trans Delay Arrival Instance 
#                                                                                                                     (fF)  (ps)  (ps)   (ps)  Location 
#-------------------------------------------------------------------------------------------------------------------------------------------------------
  PIPELINES[4].ROUNDS[5].U_ROUND_U_KEY_data_out_reg[105]/CLK     -       -       R     (arrival)                47792    -     0     0       0    (-,-) 
  PIPELINES[4].ROUNDS[5].U_ROUND_U_KEY_data_out_reg[105]/QN      -       CLK->QN F     DFFASRHQNx1_ASAP7_75t_L     15 11.4    78    79      79    (-,-) 
  g347466/Y                                                      -       A->Y    R     INVx1_ASAP7_75t_L           15 10.3    90    60     139    (-,-) 
  g455548/Y                                                      -       B->Y    F     NOR2xp33_ASAP7_75t_L        21 14.8   262   150     290    (-,-) 
  g455546/Y                                                      -       A->Y    R     INVx1_ASAP7_75t_L           22 15.4   169   121     410    (-,-) 
  g455624/Y                                                      -       A->Y    F     NOR2xp33_ASAP7_75t_L         2  1.8    70    49     460    (-,-) 
  g455751/Y                                                      -       A->Y    R     INVx1_ASAP7_75t_L            2  1.5    27    20     480    (-,-) 
  g361585/Y                                                      -       C->Y    F     OAI221xp5_ASAP7_75t_L        1  0.9    54    17     497    (-,-) 
  g257986/Y                                                      -       A2->Y   R     AOI211xp5_ASAP7_75t_L        1  1.0    58    27     524    (-,-) 
  g355090/Y                                                      -       C->Y    F     A2O1A1Ixp33_ASAP7_75t_L      1  0.9    33    22     546    (-,-) 
  g455750/Y                                                      -       A1->Y   R     AOI22xp5_ASAP7_75t_L         1  0.9    30    18     564    (-,-) 
  g353975/Y                                                      -       C->Y    F     OAI211xp5_ASAP7_75t_L        1  0.9    28    15     579    (-,-) 
  g353818/Y                                                      -       A1->Y   R     AOI22xp5_ASAP7_75t_L         1  1.0    47    18     597    (-,-) 
  PIPELINES[4].ROUNDS[6].U_ROUND_U_SUB_ROM[13].ROM_dout_reg[4]/D -       -       R     DFFASRHQNx1_ASAP7_75t_L      1    -     -     0     597    (-,-) 
#-------------------------------------------------------------------------------------------------------------------------------------------------------



Path 6: MET (281 ps) Setup Check with Pin PIPELINES[5].ROUNDS[3].U_ROUND_U_SUB_ROM[10].ROM_dout_reg[4]/CLK->D
          Group: clk
     Startpoint: (R) PIPELINES[5].ROUNDS[2].U_ROUND_U_KEY_data_out_reg[81]/CLK
          Clock: (R) clk
       Endpoint: (R) PIPELINES[5].ROUNDS[3].U_ROUND_U_SUB_ROM[10].ROM_dout_reg[4]/D
          Clock: (R) clk

                     Capture       Launch     
        Clock Edge:+     900            0     
       Src Latency:+       0            0     
       Net Latency:+       0 (I)        0 (I) 
           Arrival:=     900            0     
                                              
             Setup:-      20                  
     Required Time:=     880                  
      Launch Clock:-       0                  
         Data Path:-     599                  
             Slack:=     281                  

#-------------------------------------------------------------------------------------------------------------------------------------------------------
#                         Timing Point                           Flags    Arc    Edge          Cell            Fanout Load Trans Delay Arrival Instance 
#                                                                                                                     (fF)  (ps)  (ps)   (ps)  Location 
#-------------------------------------------------------------------------------------------------------------------------------------------------------
  PIPELINES[5].ROUNDS[2].U_ROUND_U_KEY_data_out_reg[81]/CLK      -       -       R     (arrival)                47792    -     0     0       0    (-,-) 
  PIPELINES[5].ROUNDS[2].U_ROUND_U_KEY_data_out_reg[81]/QN       -       CLK->QN F     DFFASRHQNx1_ASAP7_75t_L     15 11.0    76    78      78    (-,-) 
  g262427/Y                                                      -       A->Y    R     INVx1_ASAP7_75t_L           19 13.0   108    69     146    (-,-) 
  g928553/Y                                                      -       B->Y    F     NOR2xp33_ASAP7_75t_L        17 12.4   226   136     282    (-,-) 
  g928552/Y                                                      -       A->Y    R     INVx1_ASAP7_75t_L           20 14.4   154   109     392    (-,-) 
  g928779/Y                                                      -       A->Y    F     NOR2xp33_ASAP7_75t_L         3  2.5    79    57     449    (-,-) 
  g928776/Y                                                      -       C1->Y   F     AO222x2_ASAP7_75t_L          1  0.9    14    46     495    (-,-) 
  g928770/Y                                                      -       C->Y    F     AO221x1_ASAP7_75t_L          1  0.9    13    25     520    (-,-) 
  g928764/Y                                                      -       C->Y    F     AO221x1_ASAP7_75t_L          1  0.9    13    25     545    (-,-) 
  g928758/Y                                                      -       B2->Y   R     AOI222xp33_ASAP7_75t_L       1  1.0    50    23     568    (-,-) 
  g928753/Y                                                      -       B->Y    F     OAI21xp5_ASAP7_75t_L         1  0.9    25    14     582    (-,-) 
  g236233/Y                                                      -       A1->Y   R     AOI22xp5_ASAP7_75t_L         1  1.0    26    18     599    (-,-) 
  PIPELINES[5].ROUNDS[3].U_ROUND_U_SUB_ROM[10].ROM_dout_reg[4]/D -       -       R     DFFASRHQNx1_ASAP7_75t_L      1    -     -     0     599    (-,-) 
#-------------------------------------------------------------------------------------------------------------------------------------------------------



Path 7: MET (281 ps) Setup Check with Pin PIPELINES[0].ROUNDS[1].U_ROUND_U_SUB_ROM[10].ROM_dout_reg[2]/CLK->D
          Group: clk
     Startpoint: (R) PIPELINES[0].ROUNDS[0].U_ROUND_U_KEY_data_out_reg[86]/CLK
          Clock: (R) clk
       Endpoint: (R) PIPELINES[0].ROUNDS[1].U_ROUND_U_SUB_ROM[10].ROM_dout_reg[2]/D
          Clock: (R) clk

                     Capture       Launch     
        Clock Edge:+     900            0     
       Src Latency:+       0            0     
       Net Latency:+       0 (I)        0 (I) 
           Arrival:=     900            0     
                                              
             Setup:-      23                  
     Required Time:=     877                  
      Launch Clock:-       0                  
         Data Path:-     596                  
             Slack:=     281                  

#-------------------------------------------------------------------------------------------------------------------------------------------------------
#                         Timing Point                           Flags    Arc    Edge          Cell            Fanout Load Trans Delay Arrival Instance 
#                                                                                                                     (fF)  (ps)  (ps)   (ps)  Location 
#-------------------------------------------------------------------------------------------------------------------------------------------------------
  PIPELINES[0].ROUNDS[0].U_ROUND_U_KEY_data_out_reg[86]/CLK      -       -       R     (arrival)                47792    -     0     0       0    (-,-) 
  PIPELINES[0].ROUNDS[0].U_ROUND_U_KEY_data_out_reg[86]/QN       -       CLK->QN F     DFFASRHQNx1_ASAP7_75t_L     18 13.3    89    84      84    (-,-) 
  g789029/Y                                                      -       A->Y    R     INVx1_ASAP7_75t_L           12  8.1    78    54     139    (-,-) 
  g788964/Y                                                      -       B->Y    F     NOR2xp33_ASAP7_75t_L        21 14.9   264   148     286    (-,-) 
  g788981/Y                                                      -       A->Y    R     INVx1_ASAP7_75t_L           15 10.7   137   100     386    (-,-) 
  g789144/Y                                                      -       B->Y    F     NOR2xp33_ASAP7_75t_L         5  3.9    96    69     455    (-,-) 
  g789142/Y                                                      -       A2->Y   R     AOI22xp5_ASAP7_75t_L         1  0.9    37    24     478    (-,-) 
  g789140/Y                                                      -       C->Y    F     OAI211xp5_ASAP7_75t_L        1  0.9    36    15     494    (-,-) 
  g789135/Y                                                      -       B->Y    R     AOI211xp5_ASAP7_75t_L        1  0.9    45    23     517    (-,-) 
  g789134/Y                                                      -       A2->Y   F     OAI332xp33_ASAP7_75t_L       1  0.9    46    22     539    (-,-) 
  g789121/Y                                                      -       C->Y    R     AOI221xp5_ASAP7_75t_L        1  1.0    40    26     565    (-,-) 
  g1035591/Y                                                     -       B->Y    F     OAI21xp5_ASAP7_75t_L         1  0.9    22    13     578    (-,-) 
  g789108/Y                                                      -       A1->Y   R     AOI22xp5_ASAP7_75t_L         1  1.0    46    17     596    (-,-) 
  PIPELINES[0].ROUNDS[1].U_ROUND_U_SUB_ROM[10].ROM_dout_reg[2]/D -       -       R     DFFASRHQNx1_ASAP7_75t_L      1    -     -     0     596    (-,-) 
#-------------------------------------------------------------------------------------------------------------------------------------------------------



Path 8: MET (282 ps) Setup Check with Pin PIPELINES[4].ROUNDS[6].U_ROUND_U_SUB_ROM[13].ROM_dout_reg[3]/CLK->D
          Group: clk
     Startpoint: (R) PIPELINES[4].ROUNDS[5].U_ROUND_U_KEY_data_out_reg[105]/CLK
          Clock: (R) clk
       Endpoint: (R) PIPELINES[4].ROUNDS[6].U_ROUND_U_SUB_ROM[13].ROM_dout_reg[3]/D
          Clock: (R) clk

                     Capture       Launch     
        Clock Edge:+     900            0     
       Src Latency:+       0            0     
       Net Latency:+       0 (I)        0 (I) 
           Arrival:=     900            0     
                                              
             Setup:-      23                  
     Required Time:=     877                  
      Launch Clock:-       0                  
         Data Path:-     595                  
             Slack:=     282                  

#-------------------------------------------------------------------------------------------------------------------------------------------------------
#                         Timing Point                           Flags    Arc    Edge          Cell            Fanout Load Trans Delay Arrival Instance 
#                                                                                                                     (fF)  (ps)  (ps)   (ps)  Location 
#-------------------------------------------------------------------------------------------------------------------------------------------------------
  PIPELINES[4].ROUNDS[5].U_ROUND_U_KEY_data_out_reg[105]/CLK     -       -       R     (arrival)                47792    -     0     0       0    (-,-) 
  PIPELINES[4].ROUNDS[5].U_ROUND_U_KEY_data_out_reg[105]/QN      -       CLK->QN R     DFFASRHQNx1_ASAP7_75t_L     15 11.5    94    82      82    (-,-) 
  g347466/Y                                                      -       A->Y    F     INVx1_ASAP7_75t_L           15 10.4    78    54     136    (-,-) 
  g455548/Y                                                      -       B->Y    R     NOR2xp33_ASAP7_75t_L        21 14.8   316   162     298    (-,-) 
  g455546/Y                                                      -       A->Y    F     INVx1_ASAP7_75t_L           22 15.6   157   105     403    (-,-) 
  g455702/Y                                                      -       B->Y    R     NOR2xp33_ASAP7_75t_L         3  2.4    87    58     462    (-,-) 
  g455728/Y                                                      -       B->Y    F     NAND2xp5_ASAP7_75t_L         1  0.8    27    15     477    (-,-) 
  g455725/Y                                                      -       B->Y    F     OA211x2_ASAP7_75t_L          1  1.0    13    34     511    (-,-) 
  g319320/Y                                                      -       B->Y    R     OAI21xp5_ASAP7_75t_L         1  0.8    44     9     520    (-,-) 
  g455720/Y                                                      -       B1->Y   F     AOI32xp33_ASAP7_75t_L        1  0.9    45    17     537    (-,-) 
  g455717/Y                                                      -       B->Y    R     OAI211xp5_ASAP7_75t_L        1  1.0    37    22     559    (-,-) 
  g455716/Y                                                      -       A1->Y   F     OAI22xp5_ASAP7_75t_L         1  1.0    27    17     576    (-,-) 
  g455715/Y                                                      -       B1->Y   R     AOI22xp5_ASAP7_75t_L         1  1.0    45    19     595    (-,-) 
  PIPELINES[4].ROUNDS[6].U_ROUND_U_SUB_ROM[13].ROM_dout_reg[3]/D -       -       R     DFFASRHQNx1_ASAP7_75t_L      1    -     -     0     595    (-,-) 
#-------------------------------------------------------------------------------------------------------------------------------------------------------



Path 9: MET (282 ps) Setup Check with Pin PIPELINES[2].ROUNDS[2].U_ROUND_U_SUB_ROM[12].ROM_dout_reg[1]/CLK->D
          Group: clk
     Startpoint: (R) PIPELINES[2].ROUNDS[1].U_ROUND_U_KEY_data_out_reg[102]/CLK
          Clock: (R) clk
       Endpoint: (R) PIPELINES[2].ROUNDS[2].U_ROUND_U_SUB_ROM[12].ROM_dout_reg[1]/D
          Clock: (R) clk

                     Capture       Launch     
        Clock Edge:+     900            0     
       Src Latency:+       0            0     
       Net Latency:+       0 (I)        0 (I) 
           Arrival:=     900            0     
                                              
             Setup:-      23                  
     Required Time:=     877                  
      Launch Clock:-       0                  
         Data Path:-     595                  
             Slack:=     282                  

#-------------------------------------------------------------------------------------------------------------------------------------------------------
#                         Timing Point                           Flags    Arc    Edge          Cell            Fanout Load Trans Delay Arrival Instance 
#                                                                                                                     (fF)  (ps)  (ps)   (ps)  Location 
#-------------------------------------------------------------------------------------------------------------------------------------------------------
  PIPELINES[2].ROUNDS[1].U_ROUND_U_KEY_data_out_reg[102]/CLK     -       -       R     (arrival)                47792    -     0     0       0    (-,-) 
  PIPELINES[2].ROUNDS[1].U_ROUND_U_KEY_data_out_reg[102]/QN      -       CLK->QN F     DFFASRHQNx1_ASAP7_75t_L     17 12.7    86    82      82    (-,-) 
  g898634/Y                                                      -       A->Y    R     INVx1_ASAP7_75t_L           11  8.0    76    53     136    (-,-) 
  g898633/Y                                                      -       B->Y    F     NOR2xp33_ASAP7_75t_L        19 13.3   237   134     270    (-,-) 
  g898716/Y                                                      -       A->Y    R     INVx1_ASAP7_75t_L           18 12.8   146   105     375    (-,-) 
  g898759/Y                                                      -       A->Y    F     NOR2xp33_ASAP7_75t_L         3  2.3    74    53     428    (-,-) 
  g898757/Y                                                      -       B->Y    R     NAND2xp5_ASAP7_75t_L         1  0.9    28    22     449    (-,-) 
  g267275/Y                                                      -       C->Y    F     OAI321xp33_ASAP7_75t_L       1  0.9    35    19     468    (-,-) 
  g266169/Y                                                      -       C->Y    R     AOI221xp5_ASAP7_75t_L        1  1.0    46    25     493    (-,-) 
  g265676/Y                                                      -       C->Y    F     A2O1A1Ixp33_ASAP7_75t_L      1  1.0    32    22     515    (-,-) 
  g264988/Y                                                      -       B->Y    R     A2O1A1Ixp33_ASAP7_75t_L      1  0.9    34    19     534    (-,-) 
  g898720/Y                                                      -       C->Y    F     OAI221xp5_ASAP7_75t_L        1  1.0    34    18     552    (-,-) 
  g264188/Y                                                      -       A->Y    F     OR3x1_ASAP7_75t_L            1  0.9    12    27     579    (-,-) 
  g263878/Y                                                      -       A1->Y   R     AOI22xp5_ASAP7_75t_L         1  1.0    50    15     595    (-,-) 
  PIPELINES[2].ROUNDS[2].U_ROUND_U_SUB_ROM[12].ROM_dout_reg[1]/D -       -       R     DFFASRHQNx1_ASAP7_75t_L      1    -     -     0     595    (-,-) 
#-------------------------------------------------------------------------------------------------------------------------------------------------------



Path 10: MET (285 ps) Setup Check with Pin U_KEYEXP_ROUND_KEY_GEN[3].RKGEN_U_SUB_U_ROM[3].ROM_dout_reg[4]/CLK->D
          Group: clk
     Startpoint: (R) U_KEYEXP_ROUND_KEY_GEN[3].RKGEN_U_Key_FirstStage_reg[17]/CLK
          Clock: (R) clk
       Endpoint: (R) U_KEYEXP_ROUND_KEY_GEN[3].RKGEN_U_SUB_U_ROM[3].ROM_dout_reg[4]/D
          Clock: (R) clk

                     Capture       Launch     
        Clock Edge:+     900            0     
       Src Latency:+       0            0     
       Net Latency:+       0 (I)        0 (I) 
           Arrival:=     900            0     
                                              
             Setup:-      20                  
     Required Time:=     880                  
      Launch Clock:-       0                  
         Data Path:-     595                  
             Slack:=     285                  

#---------------------------------------------------------------------------------------------------------------------------------------------------------
#                          Timing Point                            Flags    Arc    Edge          Cell            Fanout Load Trans Delay Arrival Instance 
#                                                                                                                       (fF)  (ps)  (ps)   (ps)  Location 
#---------------------------------------------------------------------------------------------------------------------------------------------------------
  U_KEYEXP_ROUND_KEY_GEN[3].RKGEN_U_Key_FirstStage_reg[17]/CLK     -       -       R     (arrival)                47792    -     0     0       0    (-,-) 
  U_KEYEXP_ROUND_KEY_GEN[3].RKGEN_U_Key_FirstStage_reg[17]/QN      -       CLK->QN F     DFFASRHQNx1_ASAP7_75t_L     21 15.4   100    90      90    (-,-) 
  g1030612/Y                                                       -       A->Y    R     INVx1_ASAP7_75t_L           12  8.7    85    59     150    (-,-) 
  g1030521/Y                                                       -       B->Y    F     NOR2xp33_ASAP7_75t_L        17 12.0   218   126     276    (-,-) 
  g307640/Y                                                        -       A->Y    R     INVx1_ASAP7_75t_L           25 17.8   174   122     397    (-,-) 
  g293271/Y                                                        -       B->Y    R     OR2x2_ASAP7_75t_L            2  1.6    15    32     429    (-,-) 
  g289406/Y                                                        -       A->Y    F     NAND2xp5_ASAP7_75t_L         1  0.9    15     9     439    (-,-) 
  g1030721/Y                                                       -       B->Y    R     AOI211xp5_ASAP7_75t_L        1  0.8    47    18     457    (-,-) 
  g1030720/Y                                                       -       B2->Y   F     OAI32xp33_ASAP7_75t_L        1  1.0    51    24     482    (-,-) 
  g1030719/Y                                                       -       A->Y    R     INVx1_ASAP7_75t_L            1  0.9    19    14     496    (-,-) 
  g1030714/Y                                                       -       C->Y    F     OAI221xp5_ASAP7_75t_L        1  1.0    36    16     512    (-,-) 
  g1030713/Y                                                       -       A->Y    R     INVx1_ASAP7_75t_L            1  0.9    16    12     524    (-,-) 
  g1030708/Y                                                       -       C->Y    F     OAI211xp5_ASAP7_75t_L        1  0.9    37    14     538    (-,-) 
  g283243/Y                                                        -       A1->Y   R     AOI22xp5_ASAP7_75t_L         1  0.9    31    19     557    (-,-) 
  g1030703/Y                                                       -       C->Y    F     OAI221xp5_ASAP7_75t_L        1  1.0    30    18     575    (-,-) 
  g1030702/Y                                                       -       B1->Y   R     AOI22xp5_ASAP7_75t_L         1  1.0    28    20     595    (-,-) 
  U_KEYEXP_ROUND_KEY_GEN[3].RKGEN_U_SUB_U_ROM[3].ROM_dout_reg[4]/D -       -       R     DFFASRHQNx1_ASAP7_75t_L      1    -     -     0     595    (-,-) 
#---------------------------------------------------------------------------------------------------------------------------------------------------------



Path 11: MET (286 ps) Setup Check with Pin PIPELINES[7].ROUNDS[5].U_ROUND_U_SUB_ROM[9].ROM_dout_reg[5]/CLK->D
          Group: clk
     Startpoint: (R) PIPELINES[7].ROUNDS[4].U_ROUND_U_KEY_data_out_reg[78]/CLK
          Clock: (R) clk
       Endpoint: (F) PIPELINES[7].ROUNDS[5].U_ROUND_U_SUB_ROM[9].ROM_dout_reg[5]/D
          Clock: (R) clk

                     Capture       Launch     
        Clock Edge:+     900            0     
       Src Latency:+       0            0     
       Net Latency:+       0 (I)        0 (I) 
           Arrival:=     900            0     
                                              
             Setup:-      15                  
     Required Time:=     885                  
      Launch Clock:-       0                  
         Data Path:-     599                  
             Slack:=     286                  

#------------------------------------------------------------------------------------------------------------------------------------------------------
#                         Timing Point                          Flags    Arc    Edge          Cell            Fanout Load Trans Delay Arrival Instance 
#                                                                                                                    (fF)  (ps)  (ps)   (ps)  Location 
#------------------------------------------------------------------------------------------------------------------------------------------------------
  PIPELINES[7].ROUNDS[4].U_ROUND_U_KEY_data_out_reg[78]/CLK     -       -       R     (arrival)                47792    -     0     0       0    (-,-) 
  PIPELINES[7].ROUNDS[4].U_ROUND_U_KEY_data_out_reg[78]/QN      -       CLK->QN F     DFFASRHQNx1_ASAP7_75t_L     19 14.0    93    86      86    (-,-) 
  g766402/Y                                                     -       A->Y    R     INVx1_ASAP7_75t_L           16 11.0    98    66     153    (-,-) 
  g766412/Y                                                     -       B->Y    F     NOR2xp33_ASAP7_75t_L        17 11.9   215   129     282    (-,-) 
  g766433/Y                                                     -       A->Y    R     INVx1_ASAP7_75t_L           23 15.9   161   113     395    (-,-) 
  g766491/Y                                                     -       B->Y    F     NOR2xp33_ASAP7_75t_L         3  2.3    75    54     449    (-,-) 
  g350890/Y                                                     -       B->Y    R     AOI211xp5_ASAP7_75t_L        1  1.0    49    30     479    (-,-) 
  g766656/Y                                                     -       A->Y    F     INVx1_ASAP7_75t_L            1  0.9    16    10     489    (-,-) 
  g766654/Y                                                     -       C->Y    R     AOI221xp5_ASAP7_75t_L        1  1.0    56    22     510    (-,-) 
  g766653/Y                                                     -       A2->Y   F     OAI22xp5_ASAP7_75t_L         1  0.9    36    17     528    (-,-) 
  g766650/Y                                                     -       B->Y    R     AOI211xp5_ASAP7_75t_L        1  0.9    38    23     551    (-,-) 
  g766647/Y                                                     -       B1->Y   F     OAI311xp33_ASAP7_75t_L       1  1.0    43    19     570    (-,-) 
  g766634/Y                                                     -       B->Y    R     OAI21xp5_ASAP7_75t_L         1  0.9    34    16     585    (-,-) 
  g766633/Y                                                     -       A1->Y   F     AOI22xp5_ASAP7_75t_L         1  1.0    50    14     599    (-,-) 
  PIPELINES[7].ROUNDS[5].U_ROUND_U_SUB_ROM[9].ROM_dout_reg[5]/D -       -       F     DFFASRHQNx1_ASAP7_75t_L      1    -     -     0     599    (-,-) 
#------------------------------------------------------------------------------------------------------------------------------------------------------



Path 12: MET (286 ps) Setup Check with Pin PIPELINES[4].ROUNDS[8].U_ROUND_U_SUB_ROM[6].ROM_dout_reg[7]/CLK->D
          Group: clk
     Startpoint: (R) PIPELINES[4].ROUNDS[7].U_ROUND_U_KEY_data_out_reg[49]/CLK
          Clock: (R) clk
       Endpoint: (R) PIPELINES[4].ROUNDS[8].U_ROUND_U_SUB_ROM[6].ROM_dout_reg[7]/D
          Clock: (R) clk

                     Capture       Launch     
        Clock Edge:+     900            0     
       Src Latency:+       0            0     
       Net Latency:+       0 (I)        0 (I) 
           Arrival:=     900            0     
                                              
             Setup:-      20                  
     Required Time:=     880                  
      Launch Clock:-       0                  
         Data Path:-     594                  
             Slack:=     286                  

#------------------------------------------------------------------------------------------------------------------------------------------------------
#                         Timing Point                          Flags    Arc    Edge          Cell            Fanout Load Trans Delay Arrival Instance 
#                                                                                                                    (fF)  (ps)  (ps)   (ps)  Location 
#------------------------------------------------------------------------------------------------------------------------------------------------------
  PIPELINES[4].ROUNDS[7].U_ROUND_U_KEY_data_out_reg[49]/CLK     -       -       R     (arrival)                47792    -     0     0       0    (-,-) 
  PIPELINES[4].ROUNDS[7].U_ROUND_U_KEY_data_out_reg[49]/QN      -       CLK->QN F     DFFASRHQNx1_ASAP7_75t_L     13  9.8    70    74      74    (-,-) 
  g460253/Y                                                     -       A->Y    R     INVx1_ASAP7_75t_L           17 11.9    99    63     137    (-,-) 
  g460252/Y                                                     -       B->Y    F     NOR2xp33_ASAP7_75t_L        21 14.6   260   151     288    (-,-) 
  g460251/Y                                                     -       A->Y    R     INVx1_ASAP7_75t_L           18 12.6   150   108     396    (-,-) 
  g281171/Y                                                     -       B->Y    F     NOR2xp33_ASAP7_75t_L         3  2.4    74    54     450    (-,-) 
  g460800/Y                                                     -       A->Y    F     AND2x2_ASAP7_75t_L           1  1.0    10    31     481    (-,-) 
  g460799/Y                                                     -       C->Y    R     O2A1O1Ixp33_ASAP7_75t_L      1  1.0    42    18     498    (-,-) 
  g460797/Y                                                     -       B->Y    R     OA21x2_ASAP7_75t_L           1  1.0    11    21     520    (-,-) 
  g460796/Y                                                     -       C->Y    F     A2O1A1Ixp33_ASAP7_75t_L      1  1.0    38    15     535    (-,-) 
  g460788/Y                                                     -       B->Y    R     A2O1A1Ixp33_ASAP7_75t_L      1  0.9    29    21     555    (-,-) 
  g460762/Y                                                     -       C1->Y   F     OAI311xp33_ASAP7_75t_L       1  1.0    30    20     575    (-,-) 
  g366583/Y                                                     -       B2->Y   R     AOI22xp5_ASAP7_75t_L         1  1.0    26    19     594    (-,-) 
  PIPELINES[4].ROUNDS[8].U_ROUND_U_SUB_ROM[6].ROM_dout_reg[7]/D -       -       R     DFFASRHQNx1_ASAP7_75t_L      1    -     -     0     594    (-,-) 
#------------------------------------------------------------------------------------------------------------------------------------------------------



Path 13: MET (288 ps) Setup Check with Pin PIPELINES[7].U_SUB_ROM[14].ROM_dout_reg[1]/CLK->D
          Group: clk
     Startpoint: (R) PIPELINES[7].ROUNDS[8].U_ROUND_U_KEY_data_out_reg[113]/CLK
          Clock: (R) clk
       Endpoint: (R) PIPELINES[7].U_SUB_ROM[14].ROM_dout_reg[1]/D
          Clock: (R) clk

                     Capture       Launch     
        Clock Edge:+     900            0     
       Src Latency:+       0            0     
       Net Latency:+       0 (I)        0 (I) 
           Arrival:=     900            0     
                                              
             Setup:-      23                  
     Required Time:=     877                  
      Launch Clock:-       0                  
         Data Path:-     589                  
             Slack:=     288                  

#---------------------------------------------------------------------------------------------------------------------------------------------------
#                       Timing Point                         Flags    Arc    Edge          Cell            Fanout Load Trans Delay Arrival Instance 
#                                                                                                                 (fF)  (ps)  (ps)   (ps)  Location 
#---------------------------------------------------------------------------------------------------------------------------------------------------
  PIPELINES[7].ROUNDS[8].U_ROUND_U_KEY_data_out_reg[113]/CLK -       -       R     (arrival)                47792    -     0     0       0    (-,-) 
  PIPELINES[7].ROUNDS[8].U_ROUND_U_KEY_data_out_reg[113]/QN  -       CLK->QN F     DFFASRHQNx1_ASAP7_75t_L     19 13.8    92    86      86    (-,-) 
  g865428/Y                                                  -       A->Y    R     INVx1_ASAP7_75t_L           13  9.1    85    59     144    (-,-) 
  g865434/Y                                                  -       B->Y    F     NOR2xp33_ASAP7_75t_L        21 14.9   266   150     294    (-,-) 
  g865433/Y                                                  -       A->Y    R     INVx1_ASAP7_75t_L           20 14.3   163   117     411    (-,-) 
  g865560/Y                                                  -       A->Y    F     NOR2xp33_ASAP7_75t_L         3  2.2    76    54     466    (-,-) 
  g865559/Y                                                  -       A2->Y   R     AOI32xp33_ASAP7_75t_L        1  0.8    41    30     495    (-,-) 
  g865557/Y                                                  -       B->Y    R     OA211x2_ASAP7_75t_L          1  0.9    12    25     520    (-,-) 
  g865556/Y                                                  -       A1->Y   F     AOI31xp33_ASAP7_75t_L        1  1.0    29    13     533    (-,-) 
  g865530/Y                                                  -       B->Y    R     AOI21xp5_ASAP7_75t_L         1  0.9    27    17     551    (-,-) 
  g865516/Y                                                  -       C->Y    F     OAI221xp5_ASAP7_75t_L        1  1.0    35    17     568    (-,-) 
  g865515/Y                                                  -       B1->Y   R     AOI22xp5_ASAP7_75t_L         1  1.0    45    21     589    (-,-) 
  PIPELINES[7].U_SUB_ROM[14].ROM_dout_reg[1]/D               -       -       R     DFFASRHQNx1_ASAP7_75t_L      1    -     -     0     589    (-,-) 
#---------------------------------------------------------------------------------------------------------------------------------------------------



Path 14: MET (288 ps) Setup Check with Pin PIPELINES[7].ROUNDS[8].U_ROUND_U_SUB_ROM[8].ROM_dout_reg[2]/CLK->D
          Group: clk
     Startpoint: (R) PIPELINES[7].ROUNDS[7].U_ROUND_U_KEY_data_out_reg[70]/CLK
          Clock: (R) clk
       Endpoint: (R) PIPELINES[7].ROUNDS[8].U_ROUND_U_SUB_ROM[8].ROM_dout_reg[2]/D
          Clock: (R) clk

                     Capture       Launch     
        Clock Edge:+     900            0     
       Src Latency:+       0            0     
       Net Latency:+       0 (I)        0 (I) 
           Arrival:=     900            0     
                                              
             Setup:-      23                  
     Required Time:=     877                  
      Launch Clock:-       0                  
         Data Path:-     588                  
             Slack:=     288                  

#------------------------------------------------------------------------------------------------------------------------------------------------------
#                         Timing Point                          Flags    Arc    Edge          Cell            Fanout Load Trans Delay Arrival Instance 
#                                                                                                                    (fF)  (ps)  (ps)   (ps)  Location 
#------------------------------------------------------------------------------------------------------------------------------------------------------
  PIPELINES[7].ROUNDS[7].U_ROUND_U_KEY_data_out_reg[70]/CLK     -       -       R     (arrival)                47792    -     0     0       0    (-,-) 
  PIPELINES[7].ROUNDS[7].U_ROUND_U_KEY_data_out_reg[70]/QN      -       CLK->QN F     DFFASRHQNx1_ASAP7_75t_L     22 15.6   102    91      91    (-,-) 
  g779024/Y                                                     -       A->Y    R     INVx1_ASAP7_75t_L           14  9.5    90    63     153    (-,-) 
  g779042/Y                                                     -       B->Y    F     NOR2xp33_ASAP7_75t_L        18 12.5   224   132     285    (-,-) 
  g779041/Y                                                     -       A->Y    R     INVx1_ASAP7_75t_L           24 17.0   170   120     405    (-,-) 
  g269847/Y                                                     -       B->Y    F     NOR2xp33_ASAP7_75t_L         3  2.2    75    53     458    (-,-) 
  g779162/Y                                                     -       C->Y    F     AO221x1_ASAP7_75t_L          1  0.9    16    34     492    (-,-) 
  g779160/Y                                                     -       C->Y    R     AOI221xp5_ASAP7_75t_L        1  0.9    47    21     513    (-,-) 
  g779156/Y                                                     -       B2->Y   F     OAI321xp33_ASAP7_75t_L       1  0.9    45    22     535    (-,-) 
  g779155/Y                                                     -       A1->Y   R     AOI22xp5_ASAP7_75t_L         1  0.9    31    20     555    (-,-) 
  g779147/Y                                                     -       C->Y    F     OAI211xp5_ASAP7_75t_L        1  0.9    32    15     570    (-,-) 
  g779146/Y                                                     -       A1->Y   R     AOI22xp5_ASAP7_75t_L         1  1.0    47    19     588    (-,-) 
  PIPELINES[7].ROUNDS[8].U_ROUND_U_SUB_ROM[8].ROM_dout_reg[2]/D -       -       R     DFFASRHQNx1_ASAP7_75t_L      1    -     -     0     588    (-,-) 
#------------------------------------------------------------------------------------------------------------------------------------------------------



Path 15: MET (289 ps) Setup Check with Pin PIPELINES[3].ROUNDS[0].U_ROUND_U_SUB_ROM[7].ROM_dout_reg[4]/CLK->D
          Group: clk
     Startpoint: (R) PIPELINES[3].U0_ARK_data_out_reg[62]/CLK
          Clock: (R) clk
       Endpoint: (R) PIPELINES[3].ROUNDS[0].U_ROUND_U_SUB_ROM[7].ROM_dout_reg[4]/D
          Clock: (R) clk

                     Capture       Launch     
        Clock Edge:+     900            0     
       Src Latency:+       0            0     
       Net Latency:+       0 (I)        0 (I) 
           Arrival:=     900            0     
                                              
             Setup:-      23                  
     Required Time:=     877                  
      Launch Clock:-       0                  
         Data Path:-     588                  
             Slack:=     289                  

#------------------------------------------------------------------------------------------------------------------------------------------------------
#                         Timing Point                          Flags    Arc    Edge          Cell            Fanout Load Trans Delay Arrival Instance 
#                                                                                                                    (fF)  (ps)  (ps)   (ps)  Location 
#------------------------------------------------------------------------------------------------------------------------------------------------------
  PIPELINES[3].U0_ARK_data_out_reg[62]/CLK                      -       -       R     (arrival)                47792    -     0     0       0    (-,-) 
  PIPELINES[3].U0_ARK_data_out_reg[62]/QN                       -       CLK->QN F     DFFASRHQNx1_ASAP7_75t_L     24 17.7   113    97      97    (-,-) 
  g662884/Y                                                     -       A->Y    R     INVx1_ASAP7_75t_L            7  5.1    63    46     143    (-,-) 
  g662883/Y                                                     -       B->Y    F     NOR2xp33_ASAP7_75t_L        20 14.6   262   141     284    (-,-) 
  g662882/Y                                                     -       A->Y    R     INVx1_ASAP7_75t_L           22 15.7   171   122     406    (-,-) 
  g386317/Y                                                     -       B->Y    F     NOR2xp33_ASAP7_75t_L         2  1.7    66    46     452    (-,-) 
  g663076/Y                                                     -       A->Y    R     INVx1_ASAP7_75t_L            1  0.9    22    16     468    (-,-) 
  g663075/Y                                                     -       C->Y    F     OAI221xp5_ASAP7_75t_L        1  1.0    35    17     485    (-,-) 
  g663074/Y                                                     -       B->Y    R     A2O1A1Ixp33_ASAP7_75t_L      1  1.0    41    21     505    (-,-) 
  g663071/Y                                                     -       C->Y    F     A2O1A1Ixp33_ASAP7_75t_L      1  0.9    32    20     526    (-,-) 
  g663067/Y                                                     -       B->Y    R     AOI211xp5_ASAP7_75t_L        1  0.9    47    22     548    (-,-) 
  g663063/Y                                                     -       B1->Y   F     OAI322xp33_ASAP7_75t_L       1  0.9    40    20     568    (-,-) 
  g663062/Y                                                     -       A1->Y   R     AOI22xp5_ASAP7_75t_L         1  1.0    50    20     588    (-,-) 
  PIPELINES[3].ROUNDS[0].U_ROUND_U_SUB_ROM[7].ROM_dout_reg[4]/D -       -       R     DFFASRHQNx1_ASAP7_75t_L      1    -     -     0     588    (-,-) 
#------------------------------------------------------------------------------------------------------------------------------------------------------



Path 16: MET (289 ps) Setup Check with Pin PIPELINES[6].ROUNDS[1].U_ROUND_U_SUB_ROM[12].ROM_dout_reg[6]/CLK->D
          Group: clk
     Startpoint: (R) PIPELINES[6].ROUNDS[0].U_ROUND_U_KEY_data_out_reg[97]/CLK
          Clock: (R) clk
       Endpoint: (F) PIPELINES[6].ROUNDS[1].U_ROUND_U_SUB_ROM[12].ROM_dout_reg[6]/D
          Clock: (R) clk

                     Capture       Launch     
        Clock Edge:+     900            0     
       Src Latency:+       0            0     
       Net Latency:+       0 (I)        0 (I) 
           Arrival:=     900            0     
                                              
             Setup:-      15                  
     Required Time:=     885                  
      Launch Clock:-       0                  
         Data Path:-     596                  
             Slack:=     289                  

#-------------------------------------------------------------------------------------------------------------------------------------------------------
#                         Timing Point                           Flags    Arc    Edge          Cell            Fanout Load Trans Delay Arrival Instance 
#                                                                                                                     (fF)  (ps)  (ps)   (ps)  Location 
#-------------------------------------------------------------------------------------------------------------------------------------------------------
  PIPELINES[6].ROUNDS[0].U_ROUND_U_KEY_data_out_reg[97]/CLK      -       -       R     (arrival)                47792    -     0     0       0    (-,-) 
  PIPELINES[6].ROUNDS[0].U_ROUND_U_KEY_data_out_reg[97]/QN       -       CLK->QN F     DFFASRHQNx1_ASAP7_75t_L     14 10.1    72    75      75    (-,-) 
  g681328/Y                                                      -       A->Y    R     INVx1_ASAP7_75t_L           17 11.9    99    64     138    (-,-) 
  g681340/Y                                                      -       B->Y    F     NOR2xp33_ASAP7_75t_L        20 14.1   252   147     286    (-,-) 
  g681339/Y                                                      -       A->Y    R     INVx1_ASAP7_75t_L           20 14.1   158   113     399    (-,-) 
  g682370/Y                                                      -       A->Y    F     NOR2xp33_ASAP7_75t_L         2  1.7    66    47     446    (-,-) 
  g682552/Y                                                      -       C->Y    R     AOI321xp33_ASAP7_75t_L       1  0.9    52    31     477    (-,-) 
  g682551/Y                                                      -       C->Y    F     OAI221xp5_ASAP7_75t_L        1  1.0    46    20     497    (-,-) 
  g682550/Y                                                      -       A->Y    R     INVx1_ASAP7_75t_L            1  1.0    19    14     512    (-,-) 
  g682549/Y                                                      -       A2->Y   F     OAI21xp5_ASAP7_75t_L         1  0.9    25    12     523    (-,-) 
  g682547/Y                                                      -       C->Y    R     AOI221xp5_ASAP7_75t_L        1  0.9    47    22     545    (-,-) 
  g682541/Y                                                      -       C->Y    F     OAI221xp5_ASAP7_75t_L        1  1.0    41    20     565    (-,-) 
  g682540/Y                                                      -       A1->Y   R     OAI22xp5_ASAP7_75t_L         1  1.0    38    18     583    (-,-) 
  g682539/Y                                                      -       B1->Y   F     AOI22xp5_ASAP7_75t_L         1  1.0    55    13     596    (-,-) 
  PIPELINES[6].ROUNDS[1].U_ROUND_U_SUB_ROM[12].ROM_dout_reg[6]/D -       -       F     DFFASRHQNx1_ASAP7_75t_L      1    -     -     0     596    (-,-) 
#-------------------------------------------------------------------------------------------------------------------------------------------------------



Path 17: MET (290 ps) Setup Check with Pin PIPELINES[7].ROUNDS[5].U_ROUND_U_SUB_ROM[13].ROM_dout_reg[4]/CLK->D
          Group: clk
     Startpoint: (R) PIPELINES[7].ROUNDS[4].U_ROUND_U_KEY_data_out_reg[105]/CLK
          Clock: (R) clk
       Endpoint: (R) PIPELINES[7].ROUNDS[5].U_ROUND_U_SUB_ROM[13].ROM_dout_reg[4]/D
          Clock: (R) clk

                     Capture       Launch     
        Clock Edge:+     900            0     
       Src Latency:+       0            0     
       Net Latency:+       0 (I)        0 (I) 
           Arrival:=     900            0     
                                              
             Setup:-      23                  
     Required Time:=     877                  
      Launch Clock:-       0                  
         Data Path:-     587                  
             Slack:=     290                  

#-------------------------------------------------------------------------------------------------------------------------------------------------------
#                         Timing Point                           Flags    Arc    Edge          Cell            Fanout Load Trans Delay Arrival Instance 
#                                                                                                                     (fF)  (ps)  (ps)   (ps)  Location 
#-------------------------------------------------------------------------------------------------------------------------------------------------------
  PIPELINES[7].ROUNDS[4].U_ROUND_U_KEY_data_out_reg[105]/CLK     -       -       R     (arrival)                47792    -     0     0       0    (-,-) 
  PIPELINES[7].ROUNDS[4].U_ROUND_U_KEY_data_out_reg[105]/QN      -       CLK->QN F     DFFASRHQNx1_ASAP7_75t_L     16 12.2    83    81      81    (-,-) 
  g767701/Y                                                      -       A->Y    R     INVx1_ASAP7_75t_L           15 10.4    91    62     143    (-,-) 
  g767700/Y                                                      -       B->Y    F     NOR2xp33_ASAP7_75t_L        21 14.8   262   151     294    (-,-) 
  g767719/Y                                                      -       A->Y    R     INVx1_ASAP7_75t_L           17 12.0   146   106     400    (-,-) 
  g767846/Y                                                      -       A->Y    F     NOR2xp33_ASAP7_75t_L         2  1.7    64    45     445    (-,-) 
  g767890/Y                                                      -       A->Y    R     INVx1_ASAP7_75t_L            2  1.6    27    20     465    (-,-) 
  g767889/Y                                                      -       C->Y    F     OAI221xp5_ASAP7_75t_L        1  0.9    47    17     482    (-,-) 
  g767888/Y                                                      -       C->Y    R     AOI221xp5_ASAP7_75t_L        1  1.0    56    27     508    (-,-) 
  g767887/Y                                                      -       A2->Y   F     OAI22xp5_ASAP7_75t_L         1  0.9    28    17     526    (-,-) 
  g767884/Y                                                      -       B->Y    R     AOI211xp5_ASAP7_75t_L        1  1.0    48    23     548    (-,-) 
  g767883/Y                                                      -       A1->Y   F     OAI22xp5_ASAP7_75t_L         1  1.0    32    18     567    (-,-) 
  g271880/Y                                                      -       B1->Y   R     AOI22xp5_ASAP7_75t_L         1  1.0    45    20     587    (-,-) 
  PIPELINES[7].ROUNDS[5].U_ROUND_U_SUB_ROM[13].ROM_dout_reg[4]/D -       -       R     DFFASRHQNx1_ASAP7_75t_L      1    -     -     0     587    (-,-) 
#-------------------------------------------------------------------------------------------------------------------------------------------------------



Path 18: MET (290 ps) Setup Check with Pin PIPELINES[1].ROUNDS[5].U_ROUND_U_SUB_ROM[14].ROM_dout_reg[4]/CLK->D
          Group: clk
     Startpoint: (R) PIPELINES[1].ROUNDS[4].U_ROUND_U_KEY_data_out_reg[118]/CLK
          Clock: (R) clk
       Endpoint: (R) PIPELINES[1].ROUNDS[5].U_ROUND_U_SUB_ROM[14].ROM_dout_reg[4]/D
          Clock: (R) clk

                     Capture       Launch     
        Clock Edge:+     900            0     
       Src Latency:+       0            0     
       Net Latency:+       0 (I)        0 (I) 
           Arrival:=     900            0     
                                              
             Setup:-      23                  
     Required Time:=     877                  
      Launch Clock:-       0                  
         Data Path:-     586                  
             Slack:=     290                  

#-------------------------------------------------------------------------------------------------------------------------------------------------------
#                         Timing Point                           Flags    Arc    Edge          Cell            Fanout Load Trans Delay Arrival Instance 
#                                                                                                                     (fF)  (ps)  (ps)   (ps)  Location 
#-------------------------------------------------------------------------------------------------------------------------------------------------------
  PIPELINES[1].ROUNDS[4].U_ROUND_U_KEY_data_out_reg[118]/CLK     -       -       R     (arrival)                47792    -     0     0       0    (-,-) 
  PIPELINES[1].ROUNDS[4].U_ROUND_U_KEY_data_out_reg[118]/QN      -       CLK->QN F     DFFASRHQNx1_ASAP7_75t_L     18 13.1    88    84      84    (-,-) 
  g258188/Y                                                      -       A->Y    R     INVx1_ASAP7_75t_L           12  8.6    81    56     140    (-,-) 
  g801919/Y                                                      -       B->Y    F     NOR2xp33_ASAP7_75t_L        17 12.5   222   129     269    (-,-) 
  g801918/Y                                                      -       A->Y    R     INVx1_ASAP7_75t_L           24 16.8   169   118     387    (-,-) 
  g254611/Y                                                      -       A->Y    F     NOR2xp33_ASAP7_75t_L         3  2.5    82    59     446    (-,-) 
  g253609/Y                                                      -       A->Y    R     INVx1_ASAP7_75t_L            2  1.5    30    22     468    (-,-) 
  g802083/Y                                                      -       B->Y    F     NOR2xp33_ASAP7_75t_L         1  0.9    37    18     486    (-,-) 
  g238399/Y                                                      -       C->Y    R     AOI211xp5_ASAP7_75t_L        1  0.9    40    22     508    (-,-) 
  g237890/Y                                                      -       C->Y    F     OAI221xp5_ASAP7_75t_L        1  0.9    35    18     526    (-,-) 
  g237096/Y                                                      -       B1->Y   R     AOI221xp5_ASAP7_75t_L        1  1.0    44    25     551    (-,-) 
  g236500/Y                                                      -       A1->Y   F     OAI22xp5_ASAP7_75t_L         1  0.9    28    17     568    (-,-) 
  g236017/Y                                                      -       A1->Y   R     AOI22xp5_ASAP7_75t_L         1  1.0    45    18     586    (-,-) 
  PIPELINES[1].ROUNDS[5].U_ROUND_U_SUB_ROM[14].ROM_dout_reg[4]/D -       -       R     DFFASRHQNx1_ASAP7_75t_L      1    -     -     0     586    (-,-) 
#-------------------------------------------------------------------------------------------------------------------------------------------------------



Path 19: MET (291 ps) Setup Check with Pin PIPELINES[7].ROUNDS[2].U_ROUND_U_SUB_ROM[8].ROM_dout_reg[4]/CLK->D
          Group: clk
     Startpoint: (R) PIPELINES[7].ROUNDS[1].U_ROUND_U_KEY_data_out_reg[65]/CLK
          Clock: (R) clk
       Endpoint: (R) PIPELINES[7].ROUNDS[2].U_ROUND_U_SUB_ROM[8].ROM_dout_reg[4]/D
          Clock: (R) clk

                     Capture       Launch     
        Clock Edge:+     900            0     
       Src Latency:+       0            0     
       Net Latency:+       0 (I)        0 (I) 
           Arrival:=     900            0     
                                              
             Setup:-      23                  
     Required Time:=     877                  
      Launch Clock:-       0                  
         Data Path:-     586                  
             Slack:=     291                  

#------------------------------------------------------------------------------------------------------------------------------------------------------
#                         Timing Point                          Flags    Arc    Edge          Cell            Fanout Load Trans Delay Arrival Instance 
#                                                                                                                    (fF)  (ps)  (ps)   (ps)  Location 
#------------------------------------------------------------------------------------------------------------------------------------------------------
  PIPELINES[7].ROUNDS[1].U_ROUND_U_KEY_data_out_reg[65]/CLK     -       -       R     (arrival)                47792    -     0     0       0    (-,-) 
  PIPELINES[7].ROUNDS[1].U_ROUND_U_KEY_data_out_reg[65]/QN      -       CLK->QN F     DFFASRHQNx1_ASAP7_75t_L     18 12.8    86    83      83    (-,-) 
  g353698/Y                                                     -       A->Y    R     INVx1_ASAP7_75t_L           16 11.0    96    65     148    (-,-) 
  g561169/Y                                                     -       B->Y    F     NOR2xp33_ASAP7_75t_L        20 13.9   249   145     292    (-,-) 
  g561168/Y                                                     -       A->Y    R     INVx1_ASAP7_75t_L           18 12.4   146   105     398    (-,-) 
  g561308/Y                                                     -       A->Y    F     NOR2xp33_ASAP7_75t_L         3  2.2    72    52     450    (-,-) 
  g561530/Y                                                     -       B->Y    R     NAND2xp5_ASAP7_75t_L         1  0.9    29    21     471    (-,-) 
  g561528/Y                                                     -       B1->Y   F     OAI311xp33_ASAP7_75t_L       1  1.0    34    18     489    (-,-) 
  g561523/Y                                                     -       C->Y    R     O2A1O1Ixp33_ASAP7_75t_L      1  0.9    36    22     511    (-,-) 
  g561514/Y                                                     -       C->Y    F     OAI221xp5_ASAP7_75t_L        1  1.0    35    18     530    (-,-) 
  g561507/Y                                                     -       A2->Y   R     O2A1O1Ixp33_ASAP7_75t_L      1  0.9    36    22     552    (-,-) 
  g561489/Y                                                     -       C->Y    F     OAI211xp5_ASAP7_75t_L        1  0.9    35    15     567    (-,-) 
  g561488/Y                                                     -       A1->Y   R     AOI22xp5_ASAP7_75t_L         1  1.0    45    19     586    (-,-) 
  PIPELINES[7].ROUNDS[2].U_ROUND_U_SUB_ROM[8].ROM_dout_reg[4]/D -       -       R     DFFASRHQNx1_ASAP7_75t_L      1    -     -     0     586    (-,-) 
#------------------------------------------------------------------------------------------------------------------------------------------------------



Path 20: MET (291 ps) Setup Check with Pin PIPELINES[2].ROUNDS[6].U_ROUND_U_SUB_ROM[8].ROM_dout_reg[7]/CLK->D
          Group: clk
     Startpoint: (R) PIPELINES[2].ROUNDS[5].U_ROUND_U_KEY_data_out_reg[70]/CLK
          Clock: (R) clk
       Endpoint: (R) PIPELINES[2].ROUNDS[6].U_ROUND_U_SUB_ROM[8].ROM_dout_reg[7]/D
          Clock: (R) clk

                     Capture       Launch     
        Clock Edge:+     900            0     
       Src Latency:+       0            0     
       Net Latency:+       0 (I)        0 (I) 
           Arrival:=     900            0     
                                              
             Setup:-      23                  
     Required Time:=     877                  
      Launch Clock:-       0                  
         Data Path:-     586                  
             Slack:=     291                  

#------------------------------------------------------------------------------------------------------------------------------------------------------
#                         Timing Point                          Flags    Arc    Edge          Cell            Fanout Load Trans Delay Arrival Instance 
#                                                                                                                    (fF)  (ps)  (ps)   (ps)  Location 
#------------------------------------------------------------------------------------------------------------------------------------------------------
  PIPELINES[2].ROUNDS[5].U_ROUND_U_KEY_data_out_reg[70]/CLK     -       -       R     (arrival)                47792    -     0     0       0    (-,-) 
  PIPELINES[2].ROUNDS[5].U_ROUND_U_KEY_data_out_reg[70]/QN      -       CLK->QN F     DFFASRHQNx1_ASAP7_75t_L     18 13.3    89    84      84    (-,-) 
  g347916/Y                                                     -       A->Y    R     INVx1_ASAP7_75t_L           13  9.1    84    58     142    (-,-) 
  g413345/Y                                                     -       B->Y    F     NOR2xp33_ASAP7_75t_L        21 14.6   259   147     290    (-,-) 
  g413354/Y                                                     -       A->Y    R     INVx1_ASAP7_75t_L           18 12.4   148   107     397    (-,-) 
  g413428/Y                                                     -       A->Y    F     NOR2xp33_ASAP7_75t_L         3  2.5    78    56     453    (-,-) 
  g413781/Y                                                     -       A->Y    R     INVx1_ASAP7_75t_L            3  2.3    36    26     479    (-,-) 
  g369052/Y                                                     -       A2->Y   F     OAI22xp5_ASAP7_75t_L         1  0.9    26    15     494    (-,-) 
  g356379/Y                                                     -       B1->Y   R     AOI221xp5_ASAP7_75t_L        1  1.0    44    23     517    (-,-) 
  g413898/Y                                                     -       A2->Y   F     OAI222xp33_ASAP7_75t_L       1  0.9    36    24     541    (-,-) 
  g354644/Y                                                     -       C->Y    F     AO221x1_ASAP7_75t_L          1  0.9    15    29     570    (-,-) 
  g413894/Y                                                     -       A1->Y   R     AOI22xp5_ASAP7_75t_L         1  1.0    50    16     586    (-,-) 
  PIPELINES[2].ROUNDS[6].U_ROUND_U_SUB_ROM[8].ROM_dout_reg[7]/D -       -       R     DFFASRHQNx1_ASAP7_75t_L      1    -     -     0     586    (-,-) 
#------------------------------------------------------------------------------------------------------------------------------------------------------



Path 21: MET (291 ps) Setup Check with Pin PIPELINES[2].U_SUB_ROM[5].ROM_dout_reg[2]/CLK->D
          Group: clk
     Startpoint: (R) PIPELINES[2].ROUNDS[8].U_ROUND_U_KEY_data_out_reg[46]/CLK
          Clock: (R) clk
       Endpoint: (R) PIPELINES[2].U_SUB_ROM[5].ROM_dout_reg[2]/D
          Clock: (R) clk

                     Capture       Launch     
        Clock Edge:+     900            0     
       Src Latency:+       0            0     
       Net Latency:+       0 (I)        0 (I) 
           Arrival:=     900            0     
                                              
             Setup:-      23                  
     Required Time:=     877                  
      Launch Clock:-       0                  
         Data Path:-     586                  
             Slack:=     291                  

#--------------------------------------------------------------------------------------------------------------------------------------------------
#                       Timing Point                        Flags    Arc    Edge          Cell            Fanout Load Trans Delay Arrival Instance 
#                                                                                                                (fF)  (ps)  (ps)   (ps)  Location 
#--------------------------------------------------------------------------------------------------------------------------------------------------
  PIPELINES[2].ROUNDS[8].U_ROUND_U_KEY_data_out_reg[46]/CLK -       -       R     (arrival)                47792    -     0     0       0    (-,-) 
  PIPELINES[2].ROUNDS[8].U_ROUND_U_KEY_data_out_reg[46]/QN  -       CLK->QN F     DFFASRHQNx1_ASAP7_75t_L     15 11.5    79    79      79    (-,-) 
  g659977/Y                                                 -       A->Y    R     INVx1_ASAP7_75t_L           16 11.3    96    64     143    (-,-) 
  g301698/Y                                                 -       B->Y    F     NOR2xp33_ASAP7_75t_L        20 13.9   248   145     288    (-,-) 
  g300418/Y                                                 -       A->Y    R     INVx1_ASAP7_75t_L           17 11.9   142   103     391    (-,-) 
  g659921/Y                                                 -       A->Y    F     NOR2xp33_ASAP7_75t_L         3  2.3    73    53     444    (-,-) 
  g292698/Y                                                 -       A->Y    R     INVx1_ASAP7_75t_L            3  2.2    34    25     469    (-,-) 
  g660028/Y                                                 -       B->Y    F     AOI21xp33_ASAP7_75t_L        1  0.9    35    12     481    (-,-) 
  g244538/Y                                                 -       C->Y    F     OR5x1_ASAP7_75t_L            1  0.9    16    37     518    (-,-) 
  g660016/Y                                                 -       B2->Y   R     AOI332xp33_ASAP7_75t_L       1  0.9    49    26     545    (-,-) 
  g241237/Y                                                 -       B->Y    F     OAI31xp33_ASAP7_75t_L        1  0.9    31    22     567    (-,-) 
  g240725/Y                                                 -       A1->Y   R     AOI22xp5_ASAP7_75t_L         1  1.0    51    19     586    (-,-) 
  PIPELINES[2].U_SUB_ROM[5].ROM_dout_reg[2]/D               -       -       R     DFFASRHQNx1_ASAP7_75t_L      1    -     -     0     586    (-,-) 
#--------------------------------------------------------------------------------------------------------------------------------------------------



Path 22: MET (293 ps) Setup Check with Pin PIPELINES[5].ROUNDS[7].U_ROUND_U_SUB_ROM[8].ROM_dout_reg[7]/CLK->D
          Group: clk
     Startpoint: (R) PIPELINES[5].ROUNDS[6].U_ROUND_U_KEY_data_out_reg[65]/CLK
          Clock: (R) clk
       Endpoint: (R) PIPELINES[5].ROUNDS[7].U_ROUND_U_SUB_ROM[8].ROM_dout_reg[7]/D
          Clock: (R) clk

                     Capture       Launch     
        Clock Edge:+     900            0     
       Src Latency:+       0            0     
       Net Latency:+       0 (I)        0 (I) 
           Arrival:=     900            0     
                                              
             Setup:-      23                  
     Required Time:=     877                  
      Launch Clock:-       0                  
         Data Path:-     584                  
             Slack:=     293                  

#------------------------------------------------------------------------------------------------------------------------------------------------------
#                         Timing Point                          Flags    Arc    Edge          Cell            Fanout Load Trans Delay Arrival Instance 
#                                                                                                                    (fF)  (ps)  (ps)   (ps)  Location 
#------------------------------------------------------------------------------------------------------------------------------------------------------
  PIPELINES[5].ROUNDS[6].U_ROUND_U_KEY_data_out_reg[65]/CLK     -       -       R     (arrival)                47792    -     0     0       0    (-,-) 
  PIPELINES[5].ROUNDS[6].U_ROUND_U_KEY_data_out_reg[65]/QN      -       CLK->QN F     DFFASRHQNx1_ASAP7_75t_L     19 14.5    96    88      88    (-,-) 
  g933625/Y                                                     -       A->Y    R     INVx1_ASAP7_75t_L           11  7.6    76    54     142    (-,-) 
  g933624/Y                                                     -       B->Y    F     NOR2xp33_ASAP7_75t_L        21 15.0   265   148     290    (-,-) 
  g933623/Y                                                     -       A->Y    R     INVx1_ASAP7_75t_L           19 13.6   158   113     403    (-,-) 
  g933733/Y                                                     -       A->Y    F     NOR2xp33_ASAP7_75t_L         4  2.8    85    62     465    (-,-) 
  g305511/Y                                                     -       A2->Y   R     AOI211xp5_ASAP7_75t_L        1  0.9    46    30     495    (-,-) 
  g933925/Y                                                     -       C->Y    F     OAI221xp5_ASAP7_75t_L        1  0.9    50    19     514    (-,-) 
  g302849/Y                                                     -       B->Y    R     OAI31xp33_ASAP7_75t_L        1  1.0    41    19     533    (-,-) 
  g301709/Y                                                     -       C->Y    R     AO331x1_ASAP7_75t_L          1  0.9    15    19     552    (-,-) 
  g933909/Y                                                     -       B1->Y   F     OAI22xp5_ASAP7_75t_L         1  1.0    28    12     564    (-,-) 
  g933908/Y                                                     -       B1->Y   R     AOI22xp5_ASAP7_75t_L         1  1.0    47    20     584    (-,-) 
  PIPELINES[5].ROUNDS[7].U_ROUND_U_SUB_ROM[8].ROM_dout_reg[7]/D -       -       R     DFFASRHQNx1_ASAP7_75t_L      1    -     -     0     584    (-,-) 
#------------------------------------------------------------------------------------------------------------------------------------------------------



Path 23: MET (293 ps) Setup Check with Pin PIPELINES[4].ROUNDS[8].U_ROUND_U_SUB_ROM[6].ROM_dout_reg[0]/CLK->D
          Group: clk
     Startpoint: (R) PIPELINES[4].ROUNDS[7].U_ROUND_U_KEY_data_out_reg[49]/CLK
          Clock: (R) clk
       Endpoint: (F) PIPELINES[4].ROUNDS[8].U_ROUND_U_SUB_ROM[6].ROM_dout_reg[0]/D
          Clock: (R) clk

                     Capture       Launch     
        Clock Edge:+     900            0     
       Src Latency:+       0            0     
       Net Latency:+       0 (I)        0 (I) 
           Arrival:=     900            0     
                                              
             Setup:-       9                  
     Required Time:=     891                  
      Launch Clock:-       0                  
         Data Path:-     598                  
             Slack:=     293                  

#------------------------------------------------------------------------------------------------------------------------------------------------------
#                         Timing Point                          Flags    Arc    Edge          Cell            Fanout Load Trans Delay Arrival Instance 
#                                                                                                                    (fF)  (ps)  (ps)   (ps)  Location 
#------------------------------------------------------------------------------------------------------------------------------------------------------
  PIPELINES[4].ROUNDS[7].U_ROUND_U_KEY_data_out_reg[49]/CLK     -       -       R     (arrival)                47792    -     0     0       0    (-,-) 
  PIPELINES[4].ROUNDS[7].U_ROUND_U_KEY_data_out_reg[49]/QN      -       CLK->QN F     DFFASRHQNx1_ASAP7_75t_L     13  9.8    70    74      74    (-,-) 
  g460253/Y                                                     -       A->Y    R     INVx1_ASAP7_75t_L           17 11.9    99    63     137    (-,-) 
  g460252/Y                                                     -       B->Y    F     NOR2xp33_ASAP7_75t_L        21 14.6   260   151     288    (-,-) 
  g460251/Y                                                     -       A->Y    R     INVx1_ASAP7_75t_L           18 12.6   150   108     396    (-,-) 
  g281171/Y                                                     -       B->Y    F     NOR2xp33_ASAP7_75t_L         3  2.4    74    54     450    (-,-) 
  g460323/Y                                                     -       B1->Y   R     AOI22xp5_ASAP7_75t_L         1  1.0    37    28     478    (-,-) 
  g460314/Y                                                     -       C->Y    F     A2O1A1Ixp33_ASAP7_75t_L      1  1.0    41    21     499    (-,-) 
  g460297/Y                                                     -       C->Y    R     O2A1O1Ixp33_ASAP7_75t_L      1  0.9    36    24     522    (-,-) 
  g460275/Y                                                     -       B->Y    F     OAI211xp5_ASAP7_75t_L        1  1.0    32    18     540    (-,-) 
  g460219/Y                                                     -       B->Y    F     OA21x2_ASAP7_75t_L           1  0.9     9    19     560    (-,-) 
  g460215/Y                                                     -       A1->Y   R     OAI221xp5_ASAP7_75t_L        1  1.0    44    22     582    (-,-) 
  g366580/Y                                                     -       B2->Y   F     AOI22xp5_ASAP7_75t_L         1  1.0    25    16     598    (-,-) 
  PIPELINES[4].ROUNDS[8].U_ROUND_U_SUB_ROM[6].ROM_dout_reg[0]/D -       -       F     DFFASRHQNx1_ASAP7_75t_L      1    -     -     0     598    (-,-) 
#------------------------------------------------------------------------------------------------------------------------------------------------------



Path 24: MET (293 ps) Setup Check with Pin PIPELINES[7].ROUNDS[7].U_ROUND_U_SUB_ROM[3].ROM_dout_reg[6]/CLK->D
          Group: clk
     Startpoint: (R) PIPELINES[7].ROUNDS[6].U_ROUND_U_KEY_data_out_reg[25]/CLK
          Clock: (R) clk
       Endpoint: (R) PIPELINES[7].ROUNDS[7].U_ROUND_U_SUB_ROM[3].ROM_dout_reg[6]/D
          Clock: (R) clk

                     Capture       Launch     
        Clock Edge:+     900            0     
       Src Latency:+       0            0     
       Net Latency:+       0 (I)        0 (I) 
           Arrival:=     900            0     
                                              
             Setup:-      23                  
     Required Time:=     877                  
      Launch Clock:-       0                  
         Data Path:-     584                  
             Slack:=     293                  

#------------------------------------------------------------------------------------------------------------------------------------------------------
#                         Timing Point                          Flags    Arc    Edge          Cell            Fanout Load Trans Delay Arrival Instance 
#                                                                                                                    (fF)  (ps)  (ps)   (ps)  Location 
#------------------------------------------------------------------------------------------------------------------------------------------------------
  PIPELINES[7].ROUNDS[6].U_ROUND_U_KEY_data_out_reg[25]/CLK     -       -       R     (arrival)                47792    -     0     0       0    (-,-) 
  PIPELINES[7].ROUNDS[6].U_ROUND_U_KEY_data_out_reg[25]/QN      -       CLK->QN F     DFFASRHQNx1_ASAP7_75t_L     19 14.2    94    87      87    (-,-) 
  g387791/Y                                                     -       A->Y    R     INVx1_ASAP7_75t_L           14  9.7    90    62     148    (-,-) 
  g694880/Y                                                     -       B->Y    F     NOR2xp33_ASAP7_75t_L        19 13.2   235   137     286    (-,-) 
  g694879/Y                                                     -       A->Y    R     INVx1_ASAP7_75t_L           21 15.0   160   114     399    (-,-) 
  g386561/Y                                                     -       B->Y    F     NOR2xp33_ASAP7_75t_L         3  2.2    73    52     452    (-,-) 
  g379579/Y                                                     -       A->Y    R     NAND3xp33_ASAP7_75t_L        1  1.0    30    23     474    (-,-) 
  g695099/Y                                                     -       C1->Y   F     OAI331xp33_ASAP7_75t_L       1  0.9    46    22     497    (-,-) 
  g695097/Y                                                     -       B->Y    R     AOI211xp5_ASAP7_75t_L        1  0.9    42    24     521    (-,-) 
  g695096/Y                                                     -       A1->Y   F     OAI221xp5_ASAP7_75t_L        1  0.9    38    16     537    (-,-) 
  g695090/Y                                                     -       B1->Y   F     AO32x1_ASAP7_75t_L           1  0.9    13    31     568    (-,-) 
  g695089/Y                                                     -       A1->Y   R     AOI22xp5_ASAP7_75t_L         1  1.0    48    15     584    (-,-) 
  PIPELINES[7].ROUNDS[7].U_ROUND_U_SUB_ROM[3].ROM_dout_reg[6]/D -       -       R     DFFASRHQNx1_ASAP7_75t_L      1    -     -     0     584    (-,-) 
#------------------------------------------------------------------------------------------------------------------------------------------------------



Path 25: MET (294 ps) Setup Check with Pin PIPELINES[4].U_SUB_ROM[2].ROM_dout_reg[4]/CLK->D
          Group: clk
     Startpoint: (R) PIPELINES[4].ROUNDS[8].U_ROUND_U_KEY_data_out_reg[17]/CLK
          Clock: (R) clk
       Endpoint: (R) PIPELINES[4].U_SUB_ROM[2].ROM_dout_reg[4]/D
          Clock: (R) clk

                     Capture       Launch     
        Clock Edge:+     900            0     
       Src Latency:+       0            0     
       Net Latency:+       0 (I)        0 (I) 
           Arrival:=     900            0     
                                              
             Setup:-      23                  
     Required Time:=     877                  
      Launch Clock:-       0                  
         Data Path:-     584                  
             Slack:=     294                  

#--------------------------------------------------------------------------------------------------------------------------------------------------
#                       Timing Point                        Flags    Arc    Edge          Cell            Fanout Load Trans Delay Arrival Instance 
#                                                                                                                (fF)  (ps)  (ps)   (ps)  Location 
#--------------------------------------------------------------------------------------------------------------------------------------------------
  PIPELINES[4].ROUNDS[8].U_ROUND_U_KEY_data_out_reg[17]/CLK -       -       R     (arrival)                47792    -     0     0       0    (-,-) 
  PIPELINES[4].ROUNDS[8].U_ROUND_U_KEY_data_out_reg[17]/QN  -       CLK->QN F     DFFASRHQNx1_ASAP7_75t_L     17 12.6    85    82      82    (-,-) 
  g921783/Y                                                 -       A->Y    R     INVx1_ASAP7_75t_L           15 10.7    94    63     146    (-,-) 
  g921685/Y                                                 -       B->Y    F     NOR2xp33_ASAP7_75t_L        20 14.0   250   145     291    (-,-) 
  g921684/Y                                                 -       A->Y    R     INVx1_ASAP7_75t_L           21 14.7   161   115     406    (-,-) 
  g921852/Y                                                 -       A->Y    R     OR2x2_ASAP7_75t_L            3  2.2    17    36     442    (-,-) 
  g921935/Y                                                 -       B->Y    F     OAI21xp5_ASAP7_75t_L         1  0.9    41    11     453    (-,-) 
  g921934/Y                                                 -       C->Y    R     AOI221xp5_ASAP7_75t_L        1  1.0    54    26     479    (-,-) 
  g267765/Y                                                 -       B->Y    F     O2A1O1Ixp33_ASAP7_75t_L      1  1.0    47    17     496    (-,-) 
  g267160/Y                                                 -       C->Y    R     O2A1O1Ixp33_ASAP7_75t_L      1  1.0    39    26     522    (-,-) 
  g265982/Y                                                 -       C1->Y   R     OA222x2_ASAP7_75t_L          1  1.0    13    29     550    (-,-) 
  g265113/Y                                                 -       C->Y    F     A2O1A1Ixp33_ASAP7_75t_L      1  1.0    30    16     566    (-,-) 
  g264441/Y                                                 -       A2->Y   R     AOI22xp5_ASAP7_75t_L         1  1.0    60    18     584    (-,-) 
  PIPELINES[4].U_SUB_ROM[2].ROM_dout_reg[4]/D               -       -       R     DFFASRHQNx1_ASAP7_75t_L      1    -     -     0     584    (-,-) 
#--------------------------------------------------------------------------------------------------------------------------------------------------



Path 26: MET (294 ps) Setup Check with Pin PIPELINES[2].ROUNDS[6].U_ROUND_U_SUB_ROM[8].ROM_dout_reg[3]/CLK->D
          Group: clk
     Startpoint: (R) PIPELINES[2].ROUNDS[5].U_ROUND_U_KEY_data_out_reg[70]/CLK
          Clock: (R) clk
       Endpoint: (R) PIPELINES[2].ROUNDS[6].U_ROUND_U_SUB_ROM[8].ROM_dout_reg[3]/D
          Clock: (R) clk

                     Capture       Launch     
        Clock Edge:+     900            0     
       Src Latency:+       0            0     
       Net Latency:+       0 (I)        0 (I) 
           Arrival:=     900            0     
                                              
             Setup:-      23                  
     Required Time:=     877                  
      Launch Clock:-       0                  
         Data Path:-     583                  
             Slack:=     294                  

#------------------------------------------------------------------------------------------------------------------------------------------------------
#                         Timing Point                          Flags    Arc    Edge          Cell            Fanout Load Trans Delay Arrival Instance 
#                                                                                                                    (fF)  (ps)  (ps)   (ps)  Location 
#------------------------------------------------------------------------------------------------------------------------------------------------------
  PIPELINES[2].ROUNDS[5].U_ROUND_U_KEY_data_out_reg[70]/CLK     -       -       R     (arrival)                47792    -     0     0       0    (-,-) 
  PIPELINES[2].ROUNDS[5].U_ROUND_U_KEY_data_out_reg[70]/QN      -       CLK->QN F     DFFASRHQNx1_ASAP7_75t_L     18 13.3    89    84      84    (-,-) 
  g347916/Y                                                     -       A->Y    R     INVx1_ASAP7_75t_L           13  9.1    84    58     142    (-,-) 
  g413345/Y                                                     -       B->Y    F     NOR2xp33_ASAP7_75t_L        21 14.6   259   147     290    (-,-) 
  g413354/Y                                                     -       A->Y    R     INVx1_ASAP7_75t_L           18 12.4   148   107     397    (-,-) 
  g413428/Y                                                     -       A->Y    F     NOR2xp33_ASAP7_75t_L         3  2.5    78    56     453    (-,-) 
  g413781/Y                                                     -       A->Y    R     INVx1_ASAP7_75t_L            3  2.3    36    26     479    (-,-) 
  g319842/Y                                                     -       A2->Y   R     OA211x2_ASAP7_75t_L          1  1.0    12    26     504    (-,-) 
  g413738/Y                                                     -       B->Y    F     OAI21xp5_ASAP7_75t_L         1  0.9    28    10     515    (-,-) 
  g413729/Y                                                     -       B1->Y   R     AOI221xp5_ASAP7_75t_L        1  0.8    47    21     536    (-,-) 
  g413685/Y                                                     -       B2->Y   F     OAI32xp33_ASAP7_75t_L        1  1.0    41    24     560    (-,-) 
  g413683/Y                                                     -       B1->Y   R     AOI22xp5_ASAP7_75t_L         1  1.0    42    22     583    (-,-) 
  PIPELINES[2].ROUNDS[6].U_ROUND_U_SUB_ROM[8].ROM_dout_reg[3]/D -       -       R     DFFASRHQNx1_ASAP7_75t_L      1    -     -     0     583    (-,-) 
#------------------------------------------------------------------------------------------------------------------------------------------------------



Path 27: MET (295 ps) Setup Check with Pin PIPELINES[6].ROUNDS[1].U_ROUND_U_SUB_ROM[7].ROM_dout_reg[4]/CLK->D
          Group: clk
     Startpoint: (R) PIPELINES[6].ROUNDS[0].U_ROUND_U_KEY_data_out_reg[57]/CLK
          Clock: (R) clk
       Endpoint: (R) PIPELINES[6].ROUNDS[1].U_ROUND_U_SUB_ROM[7].ROM_dout_reg[4]/D
          Clock: (R) clk

                     Capture       Launch     
        Clock Edge:+     900            0     
       Src Latency:+       0            0     
       Net Latency:+       0 (I)        0 (I) 
           Arrival:=     900            0     
                                              
             Setup:-      23                  
     Required Time:=     877                  
      Launch Clock:-       0                  
         Data Path:-     582                  
             Slack:=     295                  

#------------------------------------------------------------------------------------------------------------------------------------------------------
#                         Timing Point                          Flags    Arc    Edge          Cell            Fanout Load Trans Delay Arrival Instance 
#                                                                                                                    (fF)  (ps)  (ps)   (ps)  Location 
#------------------------------------------------------------------------------------------------------------------------------------------------------
  PIPELINES[6].ROUNDS[0].U_ROUND_U_KEY_data_out_reg[57]/CLK     -       -       R     (arrival)                47792    -     0     0       0    (-,-) 
  PIPELINES[6].ROUNDS[0].U_ROUND_U_KEY_data_out_reg[57]/QN      -       CLK->QN F     DFFASRHQNx1_ASAP7_75t_L     16 12.1    82    81      81    (-,-) 
  g680074/Y                                                     -       A->Y    R     INVx1_ASAP7_75t_L           17 12.0   102    67     148    (-,-) 
  g680126/Y                                                     -       B->Y    F     NOR2xp33_ASAP7_75t_L        19 13.5   242   143     292    (-,-) 
  g680164/Y                                                     -       A->Y    R     INVx1_ASAP7_75t_L           18 12.6   146   105     396    (-,-) 
  g680428/Y                                                     -       A->Y    F     NOR2xp33_ASAP7_75t_L         2  1.7    63    45     442    (-,-) 
  g680427/Y                                                     -       A->Y    R     INVx1_ASAP7_75t_L            2  1.7    28    21     462    (-,-) 
  g680969/Y                                                     -       C->Y    F     OAI221xp5_ASAP7_75t_L        1  0.9    47    17     479    (-,-) 
  g680968/Y                                                     -       C->Y    F     AO221x1_ASAP7_75t_L          1  0.9    14    30     509    (-,-) 
  g680967/Y                                                     -       A2->Y   R     AOI211xp5_ASAP7_75t_L        1  1.0    38    19     528    (-,-) 
  g680964/Y                                                     -       B->Y    F     O2A1O1Ixp33_ASAP7_75t_L      1  1.0    39    16     544    (-,-) 
  g680948/Y                                                     -       B->Y    F     AO21x1_ASAP7_75t_L           1  1.0    12    23     567    (-,-) 
  g254452/Y                                                     -       B1->Y   R     AOI22xp5_ASAP7_75t_L         1  1.0    46    15     582    (-,-) 
  PIPELINES[6].ROUNDS[1].U_ROUND_U_SUB_ROM[7].ROM_dout_reg[4]/D -       -       R     DFFASRHQNx1_ASAP7_75t_L      1    -     -     0     582    (-,-) 
#------------------------------------------------------------------------------------------------------------------------------------------------------



Path 28: MET (295 ps) Setup Check with Pin PIPELINES[0].ROUNDS[1].U_ROUND_U_SUB_ROM[10].ROM_dout_reg[7]/CLK->D
          Group: clk
     Startpoint: (R) PIPELINES[0].ROUNDS[0].U_ROUND_U_KEY_data_out_reg[86]/CLK
          Clock: (R) clk
       Endpoint: (R) PIPELINES[0].ROUNDS[1].U_ROUND_U_SUB_ROM[10].ROM_dout_reg[7]/D
          Clock: (R) clk

                     Capture       Launch     
        Clock Edge:+     900            0     
       Src Latency:+       0            0     
       Net Latency:+       0 (I)        0 (I) 
           Arrival:=     900            0     
                                              
             Setup:-      23                  
     Required Time:=     877                  
      Launch Clock:-       0                  
         Data Path:-     582                  
             Slack:=     295                  

#-------------------------------------------------------------------------------------------------------------------------------------------------------
#                         Timing Point                           Flags    Arc    Edge          Cell            Fanout Load Trans Delay Arrival Instance 
#                                                                                                                     (fF)  (ps)  (ps)   (ps)  Location 
#-------------------------------------------------------------------------------------------------------------------------------------------------------
  PIPELINES[0].ROUNDS[0].U_ROUND_U_KEY_data_out_reg[86]/CLK      -       -       R     (arrival)                47792    -     0     0       0    (-,-) 
  PIPELINES[0].ROUNDS[0].U_ROUND_U_KEY_data_out_reg[86]/QN       -       CLK->QN R     DFFASRHQNx1_ASAP7_75t_L     18 13.2   106    87      87    (-,-) 
  g789029/Y                                                      -       A->Y    F     INVx1_ASAP7_75t_L           12  8.3    70    48     136    (-,-) 
  g788964/Y                                                      -       B->Y    R     NOR2xp33_ASAP7_75t_L        21 14.9   317   161     297    (-,-) 
  g788981/Y                                                      -       A->Y    F     INVx1_ASAP7_75t_L           15 10.7   128    83     380    (-,-) 
  g789144/Y                                                      -       B->Y    R     NOR2xp33_ASAP7_75t_L         5  3.9   109    72     451    (-,-) 
  g789321/Y                                                      -       B1->Y   F     AOI222xp33_ASAP7_75t_L       1  0.9    49    33     484    (-,-) 
  g789320/Y                                                      -       B1->Y   R     OAI311xp33_ASAP7_75t_L       1  1.0    46    22     506    (-,-) 
  g789319/Y                                                      -       A1->Y   F     AOI21xp5_ASAP7_75t_L         1  0.8    23    15     521    (-,-) 
  g789311/Y                                                      -       B2->Y   R     AOI32xp33_ASAP7_75t_L        1  0.9    45    24     544    (-,-) 
  g789305/Y                                                      -       C->Y    F     OAI221xp5_ASAP7_75t_L        1  0.9    33    18     563    (-,-) 
  g789304/Y                                                      -       A1->Y   R     AOI22xp5_ASAP7_75t_L         1  1.0    46    19     582    (-,-) 
  PIPELINES[0].ROUNDS[1].U_ROUND_U_SUB_ROM[10].ROM_dout_reg[7]/D -       -       R     DFFASRHQNx1_ASAP7_75t_L      1    -     -     0     582    (-,-) 
#-------------------------------------------------------------------------------------------------------------------------------------------------------



Path 29: MET (295 ps) Setup Check with Pin PIPELINES[1].ROUNDS[1].U_ROUND_U_SUB_ROM[2].ROM_dout_reg[7]/CLK->D
          Group: clk
     Startpoint: (R) PIPELINES[1].ROUNDS[0].U_ROUND_U_KEY_data_out_reg[22]/CLK
          Clock: (R) clk
       Endpoint: (R) PIPELINES[1].ROUNDS[1].U_ROUND_U_SUB_ROM[2].ROM_dout_reg[7]/D
          Clock: (R) clk

                     Capture       Launch     
        Clock Edge:+     900            0     
       Src Latency:+       0            0     
       Net Latency:+       0 (I)        0 (I) 
           Arrival:=     900            0     
                                              
             Setup:-      23                  
     Required Time:=     877                  
      Launch Clock:-       0                  
         Data Path:-     581                  
             Slack:=     295                  

#------------------------------------------------------------------------------------------------------------------------------------------------------
#                         Timing Point                          Flags    Arc    Edge          Cell            Fanout Load Trans Delay Arrival Instance 
#                                                                                                                    (fF)  (ps)  (ps)   (ps)  Location 
#------------------------------------------------------------------------------------------------------------------------------------------------------
  PIPELINES[1].ROUNDS[0].U_ROUND_U_KEY_data_out_reg[22]/CLK     -       -       R     (arrival)                47792    -     0     0       0    (-,-) 
  PIPELINES[1].ROUNDS[0].U_ROUND_U_KEY_data_out_reg[22]/QN      -       CLK->QN F     DFFASRHQNx1_ASAP7_75t_L     20 15.0    98    89      89    (-,-) 
  g609997/Y                                                     -       A->Y    R     INVx1_ASAP7_75t_L           13  8.9    85    60     149    (-,-) 
  g609990/Y                                                     -       B->Y    F     NOR2xp33_ASAP7_75t_L        17 12.2   218   128     277    (-,-) 
  g609989/Y                                                     -       A->Y    R     INVx1_ASAP7_75t_L           19 12.8   141   101     378    (-,-) 
  g610049/Y                                                     -       A->Y    F     NOR2xp33_ASAP7_75t_L         5  3.8    97    70     447    (-,-) 
  g611016/Y                                                     -       A2->Y   R     AOI22xp5_ASAP7_75t_L         1  0.9    36    24     471    (-,-) 
  g611009/Y                                                     -       C->Y    F     OAI321xp33_ASAP7_75t_L       1  0.9    41    20     491    (-,-) 
  g244173/Y                                                     -       C->Y    R     AOI221xp5_ASAP7_75t_L        1  0.9    47    25     516    (-,-) 
  g241946/Y                                                     -       B2->Y   R     OA332x1_ASAP7_75t_L          1  0.9    15    31     547    (-,-) 
  g241351/Y                                                     -       C->Y    F     OAI221xp5_ASAP7_75t_L        1  0.9    34    15     562    (-,-) 
  g240707/Y                                                     -       A1->Y   R     AOI22xp5_ASAP7_75t_L         1  1.0    48    19     581    (-,-) 
  PIPELINES[1].ROUNDS[1].U_ROUND_U_SUB_ROM[2].ROM_dout_reg[7]/D -       -       R     DFFASRHQNx1_ASAP7_75t_L      1    -     -     0     581    (-,-) 
#------------------------------------------------------------------------------------------------------------------------------------------------------



Path 30: MET (296 ps) Setup Check with Pin PIPELINES[5].ROUNDS[7].U_ROUND_U_SUB_ROM[9].ROM_dout_reg[6]/CLK->D
          Group: clk
     Startpoint: (R) PIPELINES[5].ROUNDS[6].U_ROUND_U_KEY_data_out_reg[73]/CLK
          Clock: (R) clk
       Endpoint: (R) PIPELINES[5].ROUNDS[7].U_ROUND_U_SUB_ROM[9].ROM_dout_reg[6]/D
          Clock: (R) clk

                     Capture       Launch     
        Clock Edge:+     900            0     
       Src Latency:+       0            0     
       Net Latency:+       0 (I)        0 (I) 
           Arrival:=     900            0     
                                              
             Setup:-      23                  
     Required Time:=     877                  
      Launch Clock:-       0                  
         Data Path:-     581                  
             Slack:=     296                  

#------------------------------------------------------------------------------------------------------------------------------------------------------
#                         Timing Point                          Flags    Arc    Edge          Cell            Fanout Load Trans Delay Arrival Instance 
#                                                                                                                    (fF)  (ps)  (ps)   (ps)  Location 
#------------------------------------------------------------------------------------------------------------------------------------------------------
  PIPELINES[5].ROUNDS[6].U_ROUND_U_KEY_data_out_reg[73]/CLK     -       -       R     (arrival)                47792    -     0     0       0    (-,-) 
  PIPELINES[5].ROUNDS[6].U_ROUND_U_KEY_data_out_reg[73]/QN      -       CLK->QN F     DFFASRHQNx1_ASAP7_75t_L     18 13.8    92    86      86    (-,-) 
  g933934/Y                                                     -       A->Y    R     INVx1_ASAP7_75t_L           14  9.8    90    62     147    (-,-) 
  g933947/Y                                                     -       B->Y    F     NOR2xp33_ASAP7_75t_L        20 14.2   252   146     293    (-,-) 
  g933946/Y                                                     -       A->Y    R     INVx1_ASAP7_75t_L           17 11.7   142   103     395    (-,-) 
  g934065/Y                                                     -       B->Y    F     NOR2xp33_ASAP7_75t_L         3  2.4    73    52     448    (-,-) 
  g934209/Y                                                     -       B->Y    R     NAND2xp5_ASAP7_75t_L         1  0.9    31    21     469    (-,-) 
  g276521/Y                                                     -       B->Y    F     NAND2xp5_ASAP7_75t_L         1  1.0    19    13     482    (-,-) 
  g267984/Y                                                     -       A2->Y   R     O2A1O1Ixp33_ASAP7_75t_L      1  0.8    33    19     501    (-,-) 
  g934208/Y                                                     -       B->Y    R     OA211x2_ASAP7_75t_L          1  0.9    12    24     525    (-,-) 
  g265410/Y                                                     -       A2->Y   R     OA211x2_ASAP7_75t_L          1  0.8    11    20     545    (-,-) 
  g934200/Y                                                     -       B2->Y   F     OAI32xp33_ASAP7_75t_L        1  0.9    39    16     561    (-,-) 
  g264184/Y                                                     -       A1->Y   R     AOI22xp5_ASAP7_75t_L         1  1.0    50    20     581    (-,-) 
  PIPELINES[5].ROUNDS[7].U_ROUND_U_SUB_ROM[9].ROM_dout_reg[6]/D -       -       R     DFFASRHQNx1_ASAP7_75t_L      1    -     -     0     581    (-,-) 
#------------------------------------------------------------------------------------------------------------------------------------------------------



Path 31: MET (296 ps) Setup Check with Pin PIPELINES[1].ROUNDS[1].U_ROUND_U_SUB_ROM[4].ROM_dout_reg[7]/CLK->D
          Group: clk
     Startpoint: (R) PIPELINES[1].ROUNDS[0].U_ROUND_U_KEY_data_out_reg[34]/CLK
          Clock: (R) clk
       Endpoint: (R) PIPELINES[1].ROUNDS[1].U_ROUND_U_SUB_ROM[4].ROM_dout_reg[7]/D
          Clock: (R) clk

                     Capture       Launch     
        Clock Edge:+     900            0     
       Src Latency:+       0            0     
       Net Latency:+       0 (I)        0 (I) 
           Arrival:=     900            0     
                                              
             Setup:-      20                  
     Required Time:=     880                  
      Launch Clock:-       0                  
         Data Path:-     584                  
             Slack:=     296                  

#------------------------------------------------------------------------------------------------------------------------------------------------------
#                         Timing Point                          Flags    Arc    Edge          Cell            Fanout Load Trans Delay Arrival Instance 
#                                                                                                                    (fF)  (ps)  (ps)   (ps)  Location 
#------------------------------------------------------------------------------------------------------------------------------------------------------
  PIPELINES[1].ROUNDS[0].U_ROUND_U_KEY_data_out_reg[34]/CLK     -       -       R     (arrival)                47792    -     0     0       0    (-,-) 
  PIPELINES[1].ROUNDS[0].U_ROUND_U_KEY_data_out_reg[34]/QN      -       CLK->QN F     DFFASRHQNx1_ASAP7_75t_L     24 16.8   108    94      94    (-,-) 
  g612157/Y                                                     -       A->Y    R     INVx1_ASAP7_75t_L           23 15.4   132    86     180    (-,-) 
  g303622/Y                                                     -       B->Y    F     NOR2xp33_ASAP7_75t_L        12  8.6   170   111     291    (-,-) 
  g302344/Y                                                     -       A->Y    R     INVx1_ASAP7_75t_L           15 10.7   116    83     374    (-,-) 
  g612585/Y                                                     -       B->Y    R     OR2x2_ASAP7_75t_L            3  2.5    16    31     405    (-,-) 
  g613242/Y                                                     -       C1->Y   F     OAI332xp33_ASAP7_75t_L       1  0.9    43    20     425    (-,-) 
  g613237/Y                                                     -       C->Y    R     AOI311xp33_ASAP7_75t_L       1  0.9    43    28     452    (-,-) 
  g244112/Y                                                     -       C->Y    F     OAI321xp33_ASAP7_75t_L       1  0.9    38    21     473    (-,-) 
  g242934/Y                                                     -       A->Y    F     OR5x1_ASAP7_75t_L            1  0.9    16    36     508    (-,-) 
  g242581/Y                                                     -       A->Y    R     NOR5xp2_ASAP7_75t_L          1  0.9    58    26     535    (-,-) 
  g242026/Y                                                     -       A->Y    F     NAND5xp2_ASAP7_75t_L         1  0.9    47    28     562    (-,-) 
  g241529/Y                                                     -       A1->Y   R     AOI22xp5_ASAP7_75t_L         1  1.0    29    21     584    (-,-) 
  PIPELINES[1].ROUNDS[1].U_ROUND_U_SUB_ROM[4].ROM_dout_reg[7]/D -       -       R     DFFASRHQNx1_ASAP7_75t_L      1    -     -     0     584    (-,-) 
#------------------------------------------------------------------------------------------------------------------------------------------------------



Path 32: MET (296 ps) Setup Check with Pin PIPELINES[7].ROUNDS[6].U_ROUND_U_SUB_ROM[1].ROM_dout_reg[5]/CLK->D
          Group: clk
     Startpoint: (R) PIPELINES[7].ROUNDS[5].U_ROUND_U_KEY_data_out_reg[9]/CLK
          Clock: (R) clk
       Endpoint: (R) PIPELINES[7].ROUNDS[6].U_ROUND_U_SUB_ROM[1].ROM_dout_reg[5]/D
          Clock: (R) clk

                     Capture       Launch     
        Clock Edge:+     900            0     
       Src Latency:+       0            0     
       Net Latency:+       0 (I)        0 (I) 
           Arrival:=     900            0     
                                              
             Setup:-      23                  
     Required Time:=     877                  
      Launch Clock:-       0                  
         Data Path:-     580                  
             Slack:=     296                  

#------------------------------------------------------------------------------------------------------------------------------------------------------
#                         Timing Point                          Flags    Arc    Edge          Cell            Fanout Load Trans Delay Arrival Instance 
#                                                                                                                    (fF)  (ps)  (ps)   (ps)  Location 
#------------------------------------------------------------------------------------------------------------------------------------------------------
  PIPELINES[7].ROUNDS[5].U_ROUND_U_KEY_data_out_reg[9]/CLK      -       -       R     (arrival)                47792    -     0     0       0    (-,-) 
  PIPELINES[7].ROUNDS[5].U_ROUND_U_KEY_data_out_reg[9]/QN       -       CLK->QN F     DFFASRHQNx1_ASAP7_75t_L     18 13.3    89    84      84    (-,-) 
  g771741/Y                                                     -       A->Y    R     INVx1_ASAP7_75t_L           15 10.3    92    63     147    (-,-) 
  g771775/Y                                                     -       B->Y    F     NOR2xp33_ASAP7_75t_L        19 13.3   237   139     286    (-,-) 
  g771818/Y                                                     -       A->Y    R     INVx1_ASAP7_75t_L           18 12.7   145   104     390    (-,-) 
  g771902/Y                                                     -       A->Y    F     NOR2xp33_ASAP7_75t_L         2  1.7    63    45     436    (-,-) 
  g771991/Y                                                     -       B->Y    R     AOI21xp5_ASAP7_75t_L         1  0.9    32    23     458    (-,-) 
  g318566/Y                                                     -       B->Y    F     OAI211xp5_ASAP7_75t_L        1  1.0    45    17     476    (-,-) 
  g771990/Y                                                     -       B->Y    R     AOI21xp5_ASAP7_75t_L         1  1.0    39    21     497    (-,-) 
  g771987/Y                                                     -       C->Y    F     O2A1O1Ixp33_ASAP7_75t_L      1  0.8    27    15     512    (-,-) 
  g771979/Y                                                     -       A2->Y   R     AOI33xp33_ASAP7_75t_L        1  0.9    40    26     538    (-,-) 
  g771972/Y                                                     -       C->Y    F     OAI321xp33_ASAP7_75t_L       1  1.0    37    21     559    (-,-) 
  g771971/Y                                                     -       B1->Y   R     AOI22xp5_ASAP7_75t_L         1  1.0    45    22     580    (-,-) 
  PIPELINES[7].ROUNDS[6].U_ROUND_U_SUB_ROM[1].ROM_dout_reg[5]/D -       -       R     DFFASRHQNx1_ASAP7_75t_L      1    -     -     0     580    (-,-) 
#------------------------------------------------------------------------------------------------------------------------------------------------------



Path 33: MET (297 ps) Setup Check with Pin PIPELINES[3].ROUNDS[6].U_ROUND_U_SUB_ROM[5].ROM_dout_reg[3]/CLK->D
          Group: clk
     Startpoint: (R) PIPELINES[3].ROUNDS[5].U_ROUND_U_KEY_data_out_reg[46]/CLK
          Clock: (R) clk
       Endpoint: (F) PIPELINES[3].ROUNDS[6].U_ROUND_U_SUB_ROM[5].ROM_dout_reg[3]/D
          Clock: (R) clk

                     Capture       Launch     
        Clock Edge:+     900            0     
       Src Latency:+       0            0     
       Net Latency:+       0 (I)        0 (I) 
           Arrival:=     900            0     
                                              
             Setup:-      14                  
     Required Time:=     886                  
      Launch Clock:-       0                  
         Data Path:-     588                  
             Slack:=     297                  

#------------------------------------------------------------------------------------------------------------------------------------------------------
#                         Timing Point                          Flags    Arc    Edge          Cell            Fanout Load Trans Delay Arrival Instance 
#                                                                                                                    (fF)  (ps)  (ps)   (ps)  Location 
#------------------------------------------------------------------------------------------------------------------------------------------------------
  PIPELINES[3].ROUNDS[5].U_ROUND_U_KEY_data_out_reg[46]/CLK     -       -       R     (arrival)                47792    -     0     0       0    (-,-) 
  PIPELINES[3].ROUNDS[5].U_ROUND_U_KEY_data_out_reg[46]/QN      -       CLK->QN F     DFFASRHQNx1_ASAP7_75t_L     16 11.9    81    80      80    (-,-) 
  g344782/Y                                                     -       A->Y    R     INVx1_ASAP7_75t_L           16 11.4    98    65     145    (-,-) 
  g339450/Y                                                     -       B->Y    F     NOR2xp33_ASAP7_75t_L        20 13.8   247   144     290    (-,-) 
  g987260/Y                                                     -       A->Y    R     INVx1_ASAP7_75t_L           20 14.0   156   112     401    (-,-) 
  g279513/Y                                                     -       A->Y    F     NOR2xp33_ASAP7_75t_L         3  2.2    74    53     455    (-,-) 
  g987414/Y                                                     -       B1->Y   F     AO222x2_ASAP7_75t_L          1  1.0    14    43     498    (-,-) 
  g987412/Y                                                     -       B->Y    F     AO21x1_ASAP7_75t_L           1  0.9    12    19     516    (-,-) 
  g987407/Y                                                     -       C->Y    R     AOI221xp5_ASAP7_75t_L        1  0.9    48    20     536    (-,-) 
  g987401/Y                                                     -       B->Y    F     OAI211xp5_ASAP7_75t_L        1  1.0    37    19     555    (-,-) 
  g987385/Y                                                     -       C->Y    R     A2O1A1Ixp33_ASAP7_75t_L      1  1.0    28    18     573    (-,-) 
  g987384/Y                                                     -       A2->Y   F     AOI22xp5_ASAP7_75t_L         1  1.0    62    16     588    (-,-) 
  PIPELINES[3].ROUNDS[6].U_ROUND_U_SUB_ROM[5].ROM_dout_reg[3]/D -       -       F     DFFASRHQNx1_ASAP7_75t_L      1    -     -     0     588    (-,-) 
#------------------------------------------------------------------------------------------------------------------------------------------------------



Path 34: MET (297 ps) Setup Check with Pin PIPELINES[5].ROUNDS[7].U_ROUND_U_SUB_ROM[9].ROM_dout_reg[1]/CLK->D
          Group: clk
     Startpoint: (R) PIPELINES[5].ROUNDS[6].U_ROUND_U_KEY_data_out_reg[73]/CLK
          Clock: (R) clk
       Endpoint: (R) PIPELINES[5].ROUNDS[7].U_ROUND_U_SUB_ROM[9].ROM_dout_reg[1]/D
          Clock: (R) clk

                     Capture       Launch     
        Clock Edge:+     900            0     
       Src Latency:+       0            0     
       Net Latency:+       0 (I)        0 (I) 
           Arrival:=     900            0     
                                              
             Setup:-      23                  
     Required Time:=     877                  
      Launch Clock:-       0                  
         Data Path:-     580                  
             Slack:=     297                  

#------------------------------------------------------------------------------------------------------------------------------------------------------
#                         Timing Point                          Flags    Arc    Edge          Cell            Fanout Load Trans Delay Arrival Instance 
#                                                                                                                    (fF)  (ps)  (ps)   (ps)  Location 
#------------------------------------------------------------------------------------------------------------------------------------------------------
  PIPELINES[5].ROUNDS[6].U_ROUND_U_KEY_data_out_reg[73]/CLK     -       -       R     (arrival)                47792    -     0     0       0    (-,-) 
  PIPELINES[5].ROUNDS[6].U_ROUND_U_KEY_data_out_reg[73]/QN      -       CLK->QN F     DFFASRHQNx1_ASAP7_75t_L     18 13.8    92    86      86    (-,-) 
  g933934/Y                                                     -       A->Y    R     INVx1_ASAP7_75t_L           14  9.8    90    62     147    (-,-) 
  g933947/Y                                                     -       B->Y    F     NOR2xp33_ASAP7_75t_L        20 14.2   252   146     293    (-,-) 
  g933946/Y                                                     -       A->Y    R     INVx1_ASAP7_75t_L           17 11.7   142   103     395    (-,-) 
  g934065/Y                                                     -       B->Y    F     NOR2xp33_ASAP7_75t_L         3  2.4    73    52     448    (-,-) 
  g934064/Y                                                     -       B2->Y   R     AOI22xp5_ASAP7_75t_L         1  0.9    38    25     473    (-,-) 
  g934062/Y                                                     -       C->Y    F     OAI221xp5_ASAP7_75t_L        1  1.0    52    19     492    (-,-) 
  g934061/Y                                                     -       A->Y    R     INVx1_ASAP7_75t_L            1  1.0    20    15     506    (-,-) 
  g266106/Y                                                     -       A2->Y   F     O2A1O1Ixp33_ASAP7_75t_L      1  1.0    36    14     520    (-,-) 
  g264971/Y                                                     -       C->Y    R     O2A1O1Ixp33_ASAP7_75t_L      1  0.9    35    23     543    (-,-) 
  g934027/Y                                                     -       C->Y    F     OAI221xp5_ASAP7_75t_L        1  0.9    32    18     561    (-,-) 
  g264172/Y                                                     -       A1->Y   R     AOI22xp5_ASAP7_75t_L         1  1.0    50    19     580    (-,-) 
  PIPELINES[5].ROUNDS[7].U_ROUND_U_SUB_ROM[9].ROM_dout_reg[1]/D -       -       R     DFFASRHQNx1_ASAP7_75t_L      1    -     -     0     580    (-,-) 
#------------------------------------------------------------------------------------------------------------------------------------------------------



Path 35: MET (298 ps) Setup Check with Pin PIPELINES[5].ROUNDS[8].U_ROUND_U_SUB_ROM[2].ROM_dout_reg[6]/CLK->D
          Group: clk
     Startpoint: (R) PIPELINES[5].ROUNDS[7].U_ROUND_U_KEY_data_out_reg[17]/CLK
          Clock: (R) clk
       Endpoint: (R) PIPELINES[5].ROUNDS[8].U_ROUND_U_SUB_ROM[2].ROM_dout_reg[6]/D
          Clock: (R) clk

                     Capture       Launch     
        Clock Edge:+     900            0     
       Src Latency:+       0            0     
       Net Latency:+       0 (I)        0 (I) 
           Arrival:=     900            0     
                                              
             Setup:-      23                  
     Required Time:=     877                  
      Launch Clock:-       0                  
         Data Path:-     578                  
             Slack:=     298                  

#------------------------------------------------------------------------------------------------------------------------------------------------------
#                         Timing Point                          Flags    Arc    Edge          Cell            Fanout Load Trans Delay Arrival Instance 
#                                                                                                                    (fF)  (ps)  (ps)   (ps)  Location 
#------------------------------------------------------------------------------------------------------------------------------------------------------
  PIPELINES[5].ROUNDS[7].U_ROUND_U_KEY_data_out_reg[17]/CLK     -       -       R     (arrival)                47792    -     0     0       0    (-,-) 
  PIPELINES[5].ROUNDS[7].U_ROUND_U_KEY_data_out_reg[17]/QN      -       CLK->QN F     DFFASRHQNx1_ASAP7_75t_L     19 14.1    93    86      86    (-,-) 
  g847086/Y                                                     -       A->Y    R     INVx1_ASAP7_75t_L           14  9.3    87    60     146    (-,-) 
  g846995/Y                                                     -       B->Y    F     NOR2xp33_ASAP7_75t_L        19 13.4   239   138     285    (-,-) 
  g846994/Y                                                     -       A->Y    R     INVx1_ASAP7_75t_L           20 14.2   155   111     396    (-,-) 
  g847101/Y                                                     -       B->Y    F     NOR2xp33_ASAP7_75t_L         3  2.3    74    53     449    (-,-) 
  g847326/Y                                                     -       A1->Y   R     AOI322xp5_ASAP7_75t_L        1  0.9    55    31     480    (-,-) 
  g847324/Y                                                     -       C->Y    F     OAI321xp33_ASAP7_75t_L       1  1.0    38    22     502    (-,-) 
  g847320/Y                                                     -       B->Y    R     AOI21xp5_ASAP7_75t_L         1  0.9    28    19     521    (-,-) 
  g847307/Y                                                     -       B2->Y   R     OA332x1_ASAP7_75t_L          1  1.0    16    29     550    (-,-) 
  g847302/Y                                                     -       B->Y    F     OAI21xp5_ASAP7_75t_L         1  0.9    21    11     561    (-,-) 
  g847301/Y                                                     -       A1->Y   R     AOI22xp5_ASAP7_75t_L         1  1.0    50    17     578    (-,-) 
  PIPELINES[5].ROUNDS[8].U_ROUND_U_SUB_ROM[2].ROM_dout_reg[6]/D -       -       R     DFFASRHQNx1_ASAP7_75t_L      1    -     -     0     578    (-,-) 
#------------------------------------------------------------------------------------------------------------------------------------------------------



Path 36: MET (299 ps) Setup Check with Pin PIPELINES[0].ROUNDS[1].U_ROUND_U_SUB_ROM[10].ROM_dout_reg[6]/CLK->D
          Group: clk
     Startpoint: (R) PIPELINES[0].ROUNDS[0].U_ROUND_U_KEY_data_out_reg[86]/CLK
          Clock: (R) clk
       Endpoint: (R) PIPELINES[0].ROUNDS[1].U_ROUND_U_SUB_ROM[10].ROM_dout_reg[6]/D
          Clock: (R) clk

                     Capture       Launch     
        Clock Edge:+     900            0     
       Src Latency:+       0            0     
       Net Latency:+       0 (I)        0 (I) 
           Arrival:=     900            0     
                                              
             Setup:-      23                  
     Required Time:=     877                  
      Launch Clock:-       0                  
         Data Path:-     578                  
             Slack:=     299                  

#-------------------------------------------------------------------------------------------------------------------------------------------------------
#                         Timing Point                           Flags    Arc    Edge          Cell            Fanout Load Trans Delay Arrival Instance 
#                                                                                                                     (fF)  (ps)  (ps)   (ps)  Location 
#-------------------------------------------------------------------------------------------------------------------------------------------------------
  PIPELINES[0].ROUNDS[0].U_ROUND_U_KEY_data_out_reg[86]/CLK      -       -       R     (arrival)                47792    -     0     0       0    (-,-) 
  PIPELINES[0].ROUNDS[0].U_ROUND_U_KEY_data_out_reg[86]/QN       -       CLK->QN R     DFFASRHQNx1_ASAP7_75t_L     18 13.2   106    87      87    (-,-) 
  g789029/Y                                                      -       A->Y    F     INVx1_ASAP7_75t_L           12  8.3    70    48     136    (-,-) 
  g788964/Y                                                      -       B->Y    R     NOR2xp33_ASAP7_75t_L        21 14.9   317   161     297    (-,-) 
  g788981/Y                                                      -       A->Y    F     INVx1_ASAP7_75t_L           15 10.7   128    83     380    (-,-) 
  g789144/Y                                                      -       B->Y    R     NOR2xp33_ASAP7_75t_L         5  3.9   109    72     451    (-,-) 
  g789293/Y                                                      -       A->Y    F     INVx1_ASAP7_75t_L            1  1.0    26    13     464    (-,-) 
  g789292/Y                                                      -       A1->Y   R     OAI321xp33_ASAP7_75t_L       1  1.0    52    27     491    (-,-) 
  g789289/Y                                                      -       A2->Y   F     O2A1O1Ixp33_ASAP7_75t_L      1  0.8    25    16     508    (-,-) 
  g789279/Y                                                      -       B2->Y   R     AOI32xp33_ASAP7_75t_L        1  1.0    47    25     533    (-,-) 
  g789271/Y                                                      -       C1->Y   F     OAI331xp33_ASAP7_75t_L       1  0.9    36    25     558    (-,-) 
  g789270/Y                                                      -       A1->Y   R     AOI22xp5_ASAP7_75t_L         1  1.0    46    19     578    (-,-) 
  PIPELINES[0].ROUNDS[1].U_ROUND_U_SUB_ROM[10].ROM_dout_reg[6]/D -       -       R     DFFASRHQNx1_ASAP7_75t_L      1    -     -     0     578    (-,-) 
#-------------------------------------------------------------------------------------------------------------------------------------------------------



Path 37: MET (300 ps) Setup Check with Pin PIPELINES[7].U_SUB_ROM[14].ROM_dout_reg[7]/CLK->D
          Group: clk
     Startpoint: (R) PIPELINES[7].ROUNDS[8].U_ROUND_U_KEY_data_out_reg[113]/CLK
          Clock: (R) clk
       Endpoint: (F) PIPELINES[7].U_SUB_ROM[14].ROM_dout_reg[7]/D
          Clock: (R) clk

                     Capture       Launch     
        Clock Edge:+     900            0     
       Src Latency:+       0            0     
       Net Latency:+       0 (I)        0 (I) 
           Arrival:=     900            0     
                                              
             Setup:-      15                  
     Required Time:=     885                  
      Launch Clock:-       0                  
         Data Path:-     586                  
             Slack:=     300                  

#---------------------------------------------------------------------------------------------------------------------------------------------------
#                       Timing Point                         Flags    Arc    Edge          Cell            Fanout Load Trans Delay Arrival Instance 
#                                                                                                                 (fF)  (ps)  (ps)   (ps)  Location 
#---------------------------------------------------------------------------------------------------------------------------------------------------
  PIPELINES[7].ROUNDS[8].U_ROUND_U_KEY_data_out_reg[113]/CLK -       -       R     (arrival)                47792    -     0     0       0    (-,-) 
  PIPELINES[7].ROUNDS[8].U_ROUND_U_KEY_data_out_reg[113]/QN  -       CLK->QN F     DFFASRHQNx1_ASAP7_75t_L     19 13.8    92    86      86    (-,-) 
  g865428/Y                                                  -       A->Y    R     INVx1_ASAP7_75t_L           13  9.1    85    59     144    (-,-) 
  g865434/Y                                                  -       B->Y    F     NOR2xp33_ASAP7_75t_L        21 14.9   266   150     294    (-,-) 
  g865433/Y                                                  -       A->Y    R     INVx1_ASAP7_75t_L           20 14.3   163   117     411    (-,-) 
  g865560/Y                                                  -       A->Y    F     NOR2xp33_ASAP7_75t_L         3  2.2    76    54     466    (-,-) 
  g865784/Y                                                  -       A->Y    R     INVx1_ASAP7_75t_L            2  1.7    30    22     488    (-,-) 
  g865803/Y                                                  -       A2->Y   F     OAI22xp5_ASAP7_75t_L         1  0.9    33    14     502    (-,-) 
  g865802/Y                                                  -       C->Y    R     AOI221xp5_ASAP7_75t_L        1  0.8    47    22     525    (-,-) 
  g865798/Y                                                  -       B1->Y   F     OAI32xp33_ASAP7_75t_L        1  0.9    42    24     549    (-,-) 
  g865775/Y                                                  -       B3->Y   R     OAI33xp33_ASAP7_75t_L        1  0.9    51    22     571    (-,-) 
  g865774/Y                                                  -       A1->Y   F     AOI22xp5_ASAP7_75t_L         1  1.0    48    15     586    (-,-) 
  PIPELINES[7].U_SUB_ROM[14].ROM_dout_reg[7]/D               -       -       F     DFFASRHQNx1_ASAP7_75t_L      1    -     -     0     586    (-,-) 
#---------------------------------------------------------------------------------------------------------------------------------------------------



Path 38: MET (300 ps) Setup Check with Pin PIPELINES[3].ROUNDS[8].U_ROUND_U_SUB_ROM[4].ROM_dout_reg[2]/CLK->D
          Group: clk
     Startpoint: (R) PIPELINES[3].ROUNDS[7].U_ROUND_U_KEY_data_out_reg[38]/CLK
          Clock: (R) clk
       Endpoint: (R) PIPELINES[3].ROUNDS[8].U_ROUND_U_SUB_ROM[4].ROM_dout_reg[2]/D
          Clock: (R) clk

                     Capture       Launch     
        Clock Edge:+     900            0     
       Src Latency:+       0            0     
       Net Latency:+       0 (I)        0 (I) 
           Arrival:=     900            0     
                                              
             Setup:-      23                  
     Required Time:=     877                  
      Launch Clock:-       0                  
         Data Path:-     577                  
             Slack:=     300                  

#------------------------------------------------------------------------------------------------------------------------------------------------------
#                         Timing Point                          Flags    Arc    Edge          Cell            Fanout Load Trans Delay Arrival Instance 
#                                                                                                                    (fF)  (ps)  (ps)   (ps)  Location 
#------------------------------------------------------------------------------------------------------------------------------------------------------
  PIPELINES[3].ROUNDS[7].U_ROUND_U_KEY_data_out_reg[38]/CLK     -       -       R     (arrival)                47792    -     0     0       0    (-,-) 
  PIPELINES[3].ROUNDS[7].U_ROUND_U_KEY_data_out_reg[38]/QN      -       CLK->QN F     DFFASRHQNx1_ASAP7_75t_L     18 13.3    89    84      84    (-,-) 
  g258155/Y                                                     -       A->Y    R     INVx1_ASAP7_75t_L           12  8.4    80    56     140    (-,-) 
  g828212/Y                                                     -       B->Y    F     NOR2xp33_ASAP7_75t_L        21 14.6   258   146     286    (-,-) 
  g828211/Y                                                     -       A->Y    R     INVx1_ASAP7_75t_L           16 11.1   138   101     386    (-,-) 
  g828276/Y                                                     -       A->Y    F     NOR2xp33_ASAP7_75t_L         2  1.7    62    44     431    (-,-) 
  g828374/Y                                                     -       C1->Y   R     AOI322xp5_ASAP7_75t_L        1  0.9    47    33     464    (-,-) 
  g828370/Y                                                     -       C->Y    F     OAI221xp5_ASAP7_75t_L        1  0.8    40    18     481    (-,-) 
  g828366/Y                                                     -       B->Y    R     NOR2xp33_ASAP7_75t_L         1  0.9    31    21     503    (-,-) 
  g828365/Y                                                     -       A2->Y   F     OAI211xp5_ASAP7_75t_L        1  0.9    36    17     520    (-,-) 
  g828364/Y                                                     -       A1->Y   R     AOI22xp5_ASAP7_75t_L         1  0.9    32    19     538    (-,-) 
  g828345/Y                                                     -       C->Y    F     OAI221xp5_ASAP7_75t_L        1  1.0    34    18     556    (-,-) 
  g828344/Y                                                     -       B1->Y   R     AOI22xp5_ASAP7_75t_L         1  1.0    42    21     577    (-,-) 
  PIPELINES[3].ROUNDS[8].U_ROUND_U_SUB_ROM[4].ROM_dout_reg[2]/D -       -       R     DFFASRHQNx1_ASAP7_75t_L      1    -     -     0     577    (-,-) 
#------------------------------------------------------------------------------------------------------------------------------------------------------



Path 39: MET (300 ps) Setup Check with Pin PIPELINES[5].ROUNDS[4].U_ROUND_U_SUB_ROM[1].ROM_dout_reg[4]/CLK->D
          Group: clk
     Startpoint: (R) PIPELINES[5].ROUNDS[3].U_ROUND_U_KEY_data_out_reg[9]/CLK
          Clock: (R) clk
       Endpoint: (R) PIPELINES[5].ROUNDS[4].U_ROUND_U_SUB_ROM[1].ROM_dout_reg[4]/D
          Clock: (R) clk

                     Capture       Launch     
        Clock Edge:+     900            0     
       Src Latency:+       0            0     
       Net Latency:+       0 (I)        0 (I) 
           Arrival:=     900            0     
                                              
             Setup:-      23                  
     Required Time:=     877                  
      Launch Clock:-       0                  
         Data Path:-     576                  
             Slack:=     300                  

#------------------------------------------------------------------------------------------------------------------------------------------------------
#                         Timing Point                          Flags    Arc    Edge          Cell            Fanout Load Trans Delay Arrival Instance 
#                                                                                                                    (fF)  (ps)  (ps)   (ps)  Location 
#------------------------------------------------------------------------------------------------------------------------------------------------------
  PIPELINES[5].ROUNDS[3].U_ROUND_U_KEY_data_out_reg[9]/CLK      -       -       R     (arrival)                47792    -     0     0       0    (-,-) 
  PIPELINES[5].ROUNDS[3].U_ROUND_U_KEY_data_out_reg[9]/QN       -       CLK->QN F     DFFASRHQNx1_ASAP7_75t_L     21 15.5   101    90      90    (-,-) 
  g343065/Y                                                     -       A->Y    R     INVx1_ASAP7_75t_L           11  7.4    76    54     145    (-,-) 
  g339685/Y                                                     -       B->Y    F     NOR2xp33_ASAP7_75t_L        20 14.2   252   142     286    (-,-) 
  g998286/Y                                                     -       A->Y    R     INVx1_ASAP7_75t_L           19 13.6   154   111     397    (-,-) 
  g331316/Y                                                     -       A->Y    F     NOR2xp33_ASAP7_75t_L         2  1.7    65    46     444    (-,-) 
  g998414/Y                                                     -       A1->Y   R     AOI32xp33_ASAP7_75t_L        1  0.8    46    26     470    (-,-) 
  g998413/Y                                                     -       B->Y    R     OA211x2_ASAP7_75t_L          1  0.9    12    25     495    (-,-) 
  g998411/Y                                                     -       C->Y    F     OAI221xp5_ASAP7_75t_L        1  0.9    38    14     510    (-,-) 
  g312472/Y                                                     -       A1->Y   R     AOI211xp5_ASAP7_75t_L        1  1.0    41    25     535    (-,-) 
  g998397/Y                                                     -       C->Y    F     A2O1A1Ixp33_ASAP7_75t_L      1  1.0    32    21     556    (-,-) 
  g998396/Y                                                     -       B1->Y   R     AOI22xp5_ASAP7_75t_L         1  1.0    45    20     576    (-,-) 
  PIPELINES[5].ROUNDS[4].U_ROUND_U_SUB_ROM[1].ROM_dout_reg[4]/D -       -       R     DFFASRHQNx1_ASAP7_75t_L      1    -     -     0     576    (-,-) 
#------------------------------------------------------------------------------------------------------------------------------------------------------



Path 40: MET (300 ps) Setup Check with Pin PIPELINES[5].ROUNDS[7].U_ROUND_U_SUB_ROM[9].ROM_dout_reg[0]/CLK->D
          Group: clk
     Startpoint: (R) PIPELINES[5].ROUNDS[6].U_ROUND_U_KEY_data_out_reg[73]/CLK
          Clock: (R) clk
       Endpoint: (F) PIPELINES[5].ROUNDS[7].U_ROUND_U_SUB_ROM[9].ROM_dout_reg[0]/D
          Clock: (R) clk

                     Capture       Launch     
        Clock Edge:+     900            0     
       Src Latency:+       0            0     
       Net Latency:+       0 (I)        0 (I) 
           Arrival:=     900            0     
                                              
             Setup:-      15                  
     Required Time:=     885                  
      Launch Clock:-       0                  
         Data Path:-     585                  
             Slack:=     300                  

#------------------------------------------------------------------------------------------------------------------------------------------------------
#                         Timing Point                          Flags    Arc    Edge          Cell            Fanout Load Trans Delay Arrival Instance 
#                                                                                                                    (fF)  (ps)  (ps)   (ps)  Location 
#------------------------------------------------------------------------------------------------------------------------------------------------------
  PIPELINES[5].ROUNDS[6].U_ROUND_U_KEY_data_out_reg[73]/CLK     -       -       R     (arrival)                47792    -     0     0       0    (-,-) 
  PIPELINES[5].ROUNDS[6].U_ROUND_U_KEY_data_out_reg[73]/QN      -       CLK->QN F     DFFASRHQNx1_ASAP7_75t_L     18 13.8    92    86      86    (-,-) 
  g933934/Y                                                     -       A->Y    R     INVx1_ASAP7_75t_L           14  9.8    90    62     147    (-,-) 
  g933947/Y                                                     -       B->Y    F     NOR2xp33_ASAP7_75t_L        20 14.2   252   146     293    (-,-) 
  g933946/Y                                                     -       A->Y    R     INVx1_ASAP7_75t_L           17 11.7   142   103     395    (-,-) 
  g934004/Y                                                     -       A->Y    F     NOR2xp33_ASAP7_75t_L         3  2.3    73    52     448    (-,-) 
  g276058/Y                                                     -       B->Y    R     NAND2xp5_ASAP7_75t_L         1  1.0    29    22     470    (-,-) 
  g933998/Y                                                     -       C->Y    F     A2O1A1Ixp33_ASAP7_75t_L      1  0.9    34    18     488    (-,-) 
  g933988/Y                                                     -       C->Y    R     AOI321xp33_ASAP7_75t_L       1  0.9    47    26     515    (-,-) 
  g266024/Y                                                     -       A1->Y   F     AOI32xp33_ASAP7_75t_L        1  0.9    41    21     536    (-,-) 
  g264871/Y                                                     -       B1->Y   R     OAI322xp33_ASAP7_75t_L       1  0.9    52    34     570    (-,-) 
  g264235/Y                                                     -       A1->Y   F     AOI22xp5_ASAP7_75t_L         1  1.0    52    15     585    (-,-) 
  PIPELINES[5].ROUNDS[7].U_ROUND_U_SUB_ROM[9].ROM_dout_reg[0]/D -       -       F     DFFASRHQNx1_ASAP7_75t_L      1    -     -     0     585    (-,-) 
#------------------------------------------------------------------------------------------------------------------------------------------------------



Path 41: MET (302 ps) Setup Check with Pin PIPELINES[3].ROUNDS[8].U_ROUND_U_SUB_ROM[6].ROM_dout_reg[0]/CLK->D
          Group: clk
     Startpoint: (R) PIPELINES[3].ROUNDS[7].U_ROUND_U_KEY_data_out_reg[54]/CLK
          Clock: (R) clk
       Endpoint: (F) PIPELINES[3].ROUNDS[8].U_ROUND_U_SUB_ROM[6].ROM_dout_reg[0]/D
          Clock: (R) clk

                     Capture       Launch     
        Clock Edge:+     900            0     
       Src Latency:+       0            0     
       Net Latency:+       0 (I)        0 (I) 
           Arrival:=     900            0     
                                              
             Setup:-      15                  
     Required Time:=     885                  
      Launch Clock:-       0                  
         Data Path:-     584                  
             Slack:=     302                  

#------------------------------------------------------------------------------------------------------------------------------------------------------
#                         Timing Point                          Flags    Arc    Edge          Cell            Fanout Load Trans Delay Arrival Instance 
#                                                                                                                    (fF)  (ps)  (ps)   (ps)  Location 
#------------------------------------------------------------------------------------------------------------------------------------------------------
  PIPELINES[3].ROUNDS[7].U_ROUND_U_KEY_data_out_reg[54]/CLK     -       -       R     (arrival)                47792    -     0     0       0    (-,-) 
  PIPELINES[3].ROUNDS[7].U_ROUND_U_KEY_data_out_reg[54]/QN      -       CLK->QN F     DFFASRHQNx1_ASAP7_75t_L     21 15.3   100    90      90    (-,-) 
  g258243/Y                                                     -       A->Y    R     INVx1_ASAP7_75t_L           10  6.9    72    52     142    (-,-) 
  g828894/Y                                                     -       B->Y    F     NOR2xp33_ASAP7_75t_L        19 13.2   235   132     274    (-,-) 
  g828893/Y                                                     -       A->Y    R     INVx1_ASAP7_75t_L           24 17.0   173   122     396    (-,-) 
  g828971/Y                                                     -       A->Y    F     NOR2xp33_ASAP7_75t_L         2  1.6    67    47     443    (-,-) 
  g828970/Y                                                     -       A->Y    R     INVx1_ASAP7_75t_L            3  2.4    34    25     468    (-,-) 
  g828968/Y                                                     -       B->Y    R     AO21x1_ASAP7_75t_L           1  1.0    13    17     486    (-,-) 
  g828965/Y                                                     -       C->Y    F     A2O1A1Ixp33_ASAP7_75t_L      1  0.9    36    15     500    (-,-) 
  g237595/Y                                                     -       D->Y    R     NOR5xp2_ASAP7_75t_L          1  0.9    64    34     535    (-,-) 
  g237016/Y                                                     -       C->Y    F     AOI221xp5_ASAP7_75t_L        1  0.9    43    19     554    (-,-) 
  g236423/Y                                                     -       B->Y    R     NAND2xp5_ASAP7_75t_L         1  0.9    23    17     571    (-,-) 
  g236042/Y                                                     -       A1->Y   F     AOI22xp5_ASAP7_75t_L         1  1.0    51    13     584    (-,-) 
  PIPELINES[3].ROUNDS[8].U_ROUND_U_SUB_ROM[6].ROM_dout_reg[0]/D -       -       F     DFFASRHQNx1_ASAP7_75t_L      1    -     -     0     584    (-,-) 
#------------------------------------------------------------------------------------------------------------------------------------------------------



Path 42: MET (302 ps) Setup Check with Pin PIPELINES[6].ROUNDS[1].U_ROUND_U_SUB_ROM[3].ROM_dout_reg[4]/CLK->D
          Group: clk
     Startpoint: (R) PIPELINES[6].ROUNDS[0].U_ROUND_U_KEY_data_out_reg[25]/CLK
          Clock: (R) clk
       Endpoint: (R) PIPELINES[6].ROUNDS[1].U_ROUND_U_SUB_ROM[3].ROM_dout_reg[4]/D
          Clock: (R) clk

                     Capture       Launch     
        Clock Edge:+     900            0     
       Src Latency:+       0            0     
       Net Latency:+       0 (I)        0 (I) 
           Arrival:=     900            0     
                                              
             Setup:-      23                  
     Required Time:=     877                  
      Launch Clock:-       0                  
         Data Path:-     574                  
             Slack:=     302                  

#------------------------------------------------------------------------------------------------------------------------------------------------------
#                         Timing Point                          Flags    Arc    Edge          Cell            Fanout Load Trans Delay Arrival Instance 
#                                                                                                                    (fF)  (ps)  (ps)   (ps)  Location 
#------------------------------------------------------------------------------------------------------------------------------------------------------
  PIPELINES[6].ROUNDS[0].U_ROUND_U_KEY_data_out_reg[25]/CLK     -       -       R     (arrival)                47792    -     0     0       0    (-,-) 
  PIPELINES[6].ROUNDS[0].U_ROUND_U_KEY_data_out_reg[25]/QN      -       CLK->QN F     DFFASRHQNx1_ASAP7_75t_L     18 13.4    89    84      84    (-,-) 
  g678758/Y                                                     -       A->Y    R     INVx1_ASAP7_75t_L           15 10.3    92    63     148    (-,-) 
  g301722/Y                                                     -       B->Y    F     NOR2xp33_ASAP7_75t_L        21 14.8   263   151     299    (-,-) 
  g678713/Y                                                     -       A->Y    R     INVx1_ASAP7_75t_L           16 11.5   143   104     402    (-,-) 
  g298500/Y                                                     -       A->Y    R     OR2x2_ASAP7_75t_L            4  3.1    19    37     439    (-,-) 
  g1034502/Y                                                    -       A2->Y   R     OA22x2_ASAP7_75t_L           1  0.9    10    20     459    (-,-) 
  g679693/Y                                                     -       C->Y    F     OAI221xp5_ASAP7_75t_L        1  0.8    40    14     472    (-,-) 
  g278099/Y                                                     -       A->Y    R     NOR2xp33_ASAP7_75t_L         1  0.9    32    19     492    (-,-) 
  g679688/Y                                                     -       C->Y    F     OAI221xp5_ASAP7_75t_L        1  0.9    33    17     509    (-,-) 
  g679687/Y                                                     -       A2->Y   R     AOI221xp5_ASAP7_75t_L        1  1.0    43    23     532    (-,-) 
  g679684/Y                                                     -       C->Y    F     A2O1A1Ixp33_ASAP7_75t_L      1  1.0    34    22     553    (-,-) 
  g381144/Y                                                     -       B1->Y   R     AOI22xp5_ASAP7_75t_L         1  1.0    42    21     574    (-,-) 
  PIPELINES[6].ROUNDS[1].U_ROUND_U_SUB_ROM[3].ROM_dout_reg[4]/D -       -       R     DFFASRHQNx1_ASAP7_75t_L      1    -     -     0     574    (-,-) 
#------------------------------------------------------------------------------------------------------------------------------------------------------



Path 43: MET (302 ps) Setup Check with Pin PIPELINES[3].ROUNDS[8].U_ROUND_U_SUB_ROM[6].ROM_dout_reg[7]/CLK->D
          Group: clk
     Startpoint: (R) PIPELINES[3].ROUNDS[7].U_ROUND_U_KEY_data_out_reg[54]/CLK
          Clock: (R) clk
       Endpoint: (R) PIPELINES[3].ROUNDS[8].U_ROUND_U_SUB_ROM[6].ROM_dout_reg[7]/D
          Clock: (R) clk

                     Capture       Launch     
        Clock Edge:+     900            0     
       Src Latency:+       0            0     
       Net Latency:+       0 (I)        0 (I) 
           Arrival:=     900            0     
                                              
             Setup:-      23                  
     Required Time:=     877                  
      Launch Clock:-       0                  
         Data Path:-     575                  
             Slack:=     302                  

#------------------------------------------------------------------------------------------------------------------------------------------------------
#                         Timing Point                          Flags    Arc    Edge          Cell            Fanout Load Trans Delay Arrival Instance 
#                                                                                                                    (fF)  (ps)  (ps)   (ps)  Location 
#------------------------------------------------------------------------------------------------------------------------------------------------------
  PIPELINES[3].ROUNDS[7].U_ROUND_U_KEY_data_out_reg[54]/CLK     -       -       R     (arrival)                47792    -     0     0       0    (-,-) 
  PIPELINES[3].ROUNDS[7].U_ROUND_U_KEY_data_out_reg[54]/QN      -       CLK->QN F     DFFASRHQNx1_ASAP7_75t_L     21 15.3   100    90      90    (-,-) 
  g258243/Y                                                     -       A->Y    R     INVx1_ASAP7_75t_L           10  6.9    72    52     142    (-,-) 
  g828894/Y                                                     -       B->Y    F     NOR2xp33_ASAP7_75t_L        19 13.2   235   132     274    (-,-) 
  g828893/Y                                                     -       A->Y    R     INVx1_ASAP7_75t_L           24 17.0   173   122     396    (-,-) 
  g254613/Y                                                     -       B->Y    F     NOR2xp33_ASAP7_75t_L         4  3.1    92    66     462    (-,-) 
  g253610/Y                                                     -       A->Y    R     INVx1_ASAP7_75t_L            1  0.9    25    18     481    (-,-) 
  g240785/Y                                                     -       B1->Y   F     OAI221xp5_ASAP7_75t_L        1  1.0    34    18     498    (-,-) 
  g239378/Y                                                     -       B->Y    R     AOI21xp5_ASAP7_75t_L         1  0.9    30    18     516    (-,-) 
  g237004/Y                                                     -       B2->Y   R     OA332x1_ASAP7_75t_L          1  1.0    15    30     546    (-,-) 
  g236438/Y                                                     -       B->Y    F     OAI21xp5_ASAP7_75t_L         1  0.9    25    11     557    (-,-) 
  g236012/Y                                                     -       A1->Y   R     AOI22xp5_ASAP7_75t_L         1  1.0    50    18     575    (-,-) 
  PIPELINES[3].ROUNDS[8].U_ROUND_U_SUB_ROM[6].ROM_dout_reg[7]/D -       -       R     DFFASRHQNx1_ASAP7_75t_L      1    -     -     0     575    (-,-) 
#------------------------------------------------------------------------------------------------------------------------------------------------------



Path 44: MET (303 ps) Setup Check with Pin PIPELINES[2].U_SUB_ROM[5].ROM_dout_reg[3]/CLK->D
          Group: clk
     Startpoint: (R) PIPELINES[2].ROUNDS[8].U_ROUND_U_KEY_data_out_reg[46]/CLK
          Clock: (R) clk
       Endpoint: (R) PIPELINES[2].U_SUB_ROM[5].ROM_dout_reg[3]/D
          Clock: (R) clk

                     Capture       Launch     
        Clock Edge:+     900            0     
       Src Latency:+       0            0     
       Net Latency:+       0 (I)        0 (I) 
           Arrival:=     900            0     
                                              
             Setup:-      23                  
     Required Time:=     877                  
      Launch Clock:-       0                  
         Data Path:-     574                  
             Slack:=     303                  

#--------------------------------------------------------------------------------------------------------------------------------------------------
#                       Timing Point                        Flags    Arc    Edge          Cell            Fanout Load Trans Delay Arrival Instance 
#                                                                                                                (fF)  (ps)  (ps)   (ps)  Location 
#--------------------------------------------------------------------------------------------------------------------------------------------------
  PIPELINES[2].ROUNDS[8].U_ROUND_U_KEY_data_out_reg[46]/CLK -       -       R     (arrival)                47792    -     0     0       0    (-,-) 
  PIPELINES[2].ROUNDS[8].U_ROUND_U_KEY_data_out_reg[46]/QN  -       CLK->QN F     DFFASRHQNx1_ASAP7_75t_L     15 11.5    79    79      79    (-,-) 
  g659977/Y                                                 -       A->Y    R     INVx1_ASAP7_75t_L           16 11.3    96    64     143    (-,-) 
  g301698/Y                                                 -       B->Y    F     NOR2xp33_ASAP7_75t_L        20 13.9   248   145     288    (-,-) 
  g300418/Y                                                 -       A->Y    R     INVx1_ASAP7_75t_L           17 11.9   142   103     391    (-,-) 
  g659921/Y                                                 -       A->Y    F     NOR2xp33_ASAP7_75t_L         3  2.3    73    53     444    (-,-) 
  g292698/Y                                                 -       A->Y    R     INVx1_ASAP7_75t_L            3  2.2    34    25     469    (-,-) 
  g660064/Y                                                 -       B1->Y   F     OAI221xp5_ASAP7_75t_L        1  1.0    34    19     487    (-,-) 
  g660061/Y                                                 -       B->Y    F     OR4x1_ASAP7_75t_L            1  0.9    14    32     519    (-,-) 
  g241915/Y                                                 -       A2->Y   R     AOI322xp5_ASAP7_75t_L        1  1.0    47    24     543    (-,-) 
  g241436/Y                                                 -       B->Y    F     OAI21xp5_ASAP7_75t_L         1  0.9    24    14     556    (-,-) 
  g660056/Y                                                 -       A1->Y   R     AOI22xp5_ASAP7_75t_L         1  1.0    51    18     574    (-,-) 
  PIPELINES[2].U_SUB_ROM[5].ROM_dout_reg[3]/D               -       -       R     DFFASRHQNx1_ASAP7_75t_L      1    -     -     0     574    (-,-) 
#--------------------------------------------------------------------------------------------------------------------------------------------------



Path 45: MET (303 ps) Setup Check with Pin PIPELINES[1].ROUNDS[4].U_ROUND_U_SUB_ROM[11].ROM_dout_reg[2]/CLK->D
          Group: clk
     Startpoint: (R) PIPELINES[1].ROUNDS[3].U_ROUND_U_KEY_data_out_reg[94]/CLK
          Clock: (R) clk
       Endpoint: (R) PIPELINES[1].ROUNDS[4].U_ROUND_U_SUB_ROM[11].ROM_dout_reg[2]/D
          Clock: (R) clk

                     Capture       Launch     
        Clock Edge:+     900            0     
       Src Latency:+       0            0     
       Net Latency:+       0 (I)        0 (I) 
           Arrival:=     900            0     
                                              
             Setup:-      23                  
     Required Time:=     877                  
      Launch Clock:-       0                  
         Data Path:-     574                  
             Slack:=     303                  

#-------------------------------------------------------------------------------------------------------------------------------------------------------
#                         Timing Point                           Flags    Arc    Edge          Cell            Fanout Load Trans Delay Arrival Instance 
#                                                                                                                     (fF)  (ps)  (ps)   (ps)  Location 
#-------------------------------------------------------------------------------------------------------------------------------------------------------
  PIPELINES[1].ROUNDS[3].U_ROUND_U_KEY_data_out_reg[94]/CLK      -       -       R     (arrival)                47792    -     0     0       0    (-,-) 
  PIPELINES[1].ROUNDS[3].U_ROUND_U_KEY_data_out_reg[94]/QN       -       CLK->QN F     DFFASRHQNx1_ASAP7_75t_L     14  9.8    70    74      74    (-,-) 
  g389724/Y                                                      -       A->Y    R     INVx1_ASAP7_75t_L           15 10.5    89    58     132    (-,-) 
  g639339/Y                                                      -       B->Y    F     NOR2xp33_ASAP7_75t_L        19 12.9   230   135     267    (-,-) 
  g639338/Y                                                      -       A->Y    R     INVx1_ASAP7_75t_L           18 12.9   145   104     371    (-,-) 
  g386635/Y                                                      -       A->Y    F     NOR2xp33_ASAP7_75t_L         4  3.1    87    63     433    (-,-) 
  g639654/Y                                                      -       B1->Y   R     AOI221xp5_ASAP7_75t_L        1  0.8    45    31     464    (-,-) 
  g639639/Y                                                      -       A2->Y   F     AOI31xp33_ASAP7_75t_L        1  0.9    28    16     480    (-,-) 
  g639637/Y                                                      -       A->Y    F     OR5x1_ASAP7_75t_L            1  0.8    15    32     513    (-,-) 
  g639616/Y                                                      -       B2->Y   R     AOI32xp33_ASAP7_75t_L        1  0.9    45    22     534    (-,-) 
  g639590/Y                                                      -       C->Y    F     OAI321xp33_ASAP7_75t_L       1  0.9    32    21     555    (-,-) 
  g639586/Y                                                      -       A1->Y   R     AOI22xp5_ASAP7_75t_L         1  1.0    46    19     574    (-,-) 
  PIPELINES[1].ROUNDS[4].U_ROUND_U_SUB_ROM[11].ROM_dout_reg[2]/D -       -       R     DFFASRHQNx1_ASAP7_75t_L      1    -     -     0     574    (-,-) 
#-------------------------------------------------------------------------------------------------------------------------------------------------------



Path 46: MET (303 ps) Setup Check with Pin PIPELINES[7].ROUNDS[5].U_ROUND_U_SUB_ROM[13].ROM_dout_reg[3]/CLK->D
          Group: clk
     Startpoint: (R) PIPELINES[7].ROUNDS[4].U_ROUND_U_KEY_data_out_reg[105]/CLK
          Clock: (R) clk
       Endpoint: (F) PIPELINES[7].ROUNDS[5].U_ROUND_U_SUB_ROM[13].ROM_dout_reg[3]/D
          Clock: (R) clk

                     Capture       Launch     
        Clock Edge:+     900            0     
       Src Latency:+       0            0     
       Net Latency:+       0 (I)        0 (I) 
           Arrival:=     900            0     
                                              
             Setup:-      15                  
     Required Time:=     885                  
      Launch Clock:-       0                  
         Data Path:-     582                  
             Slack:=     303                  

#-------------------------------------------------------------------------------------------------------------------------------------------------------
#                         Timing Point                           Flags    Arc    Edge          Cell            Fanout Load Trans Delay Arrival Instance 
#                                                                                                                     (fF)  (ps)  (ps)   (ps)  Location 
#-------------------------------------------------------------------------------------------------------------------------------------------------------
  PIPELINES[7].ROUNDS[4].U_ROUND_U_KEY_data_out_reg[105]/CLK     -       -       R     (arrival)                47792    -     0     0       0    (-,-) 
  PIPELINES[7].ROUNDS[4].U_ROUND_U_KEY_data_out_reg[105]/QN      -       CLK->QN F     DFFASRHQNx1_ASAP7_75t_L     16 12.2    83    81      81    (-,-) 
  g767701/Y                                                      -       A->Y    R     INVx1_ASAP7_75t_L           15 10.4    91    62     143    (-,-) 
  g767700/Y                                                      -       B->Y    F     NOR2xp33_ASAP7_75t_L        21 14.8   262   151     294    (-,-) 
  g767719/Y                                                      -       A->Y    R     INVx1_ASAP7_75t_L           17 12.0   146   106     400    (-,-) 
  g767847/Y                                                      -       A->Y    F     NOR2xp33_ASAP7_75t_L         3  2.3    74    53     453    (-,-) 
  g767878/Y                                                      -       A->Y    R     INVx1_ASAP7_75t_L            1  0.9    23    17     470    (-,-) 
  g767875/Y                                                      -       B1->Y   F     OAI221xp5_ASAP7_75t_L        1  1.0    44    17     487    (-,-) 
  g767874/Y                                                      -       B->Y    R     A2O1A1Ixp33_ASAP7_75t_L      1  1.0    41    23     509    (-,-) 
  g250242/Y                                                      -       B->Y    F     OAI21xp5_ASAP7_75t_L         1  1.0    25    14     523    (-,-) 
  g767860/Y                                                      -       B2->Y   F     OA33x2_ASAP7_75t_L           1  0.9    15    30     554    (-,-) 
  g248694/Y                                                      -       C->Y    R     OAI221xp5_ASAP7_75t_L        1  0.9    43    14     568    (-,-) 
  g767854/Y                                                      -       A1->Y   F     AOI22xp5_ASAP7_75t_L         1  1.0    48    14     582    (-,-) 
  PIPELINES[7].ROUNDS[5].U_ROUND_U_SUB_ROM[13].ROM_dout_reg[3]/D -       -       F     DFFASRHQNx1_ASAP7_75t_L      1    -     -     0     582    (-,-) 
#-------------------------------------------------------------------------------------------------------------------------------------------------------



Path 47: MET (304 ps) Setup Check with Pin PIPELINES[7].ROUNDS[8].U_ROUND_U_SUB_ROM[8].ROM_dout_reg[4]/CLK->D
          Group: clk
     Startpoint: (R) PIPELINES[7].ROUNDS[7].U_ROUND_U_KEY_data_out_reg[70]/CLK
          Clock: (R) clk
       Endpoint: (R) PIPELINES[7].ROUNDS[8].U_ROUND_U_SUB_ROM[8].ROM_dout_reg[4]/D
          Clock: (R) clk

                     Capture       Launch     
        Clock Edge:+     900            0     
       Src Latency:+       0            0     
       Net Latency:+       0 (I)        0 (I) 
           Arrival:=     900            0     
                                              
             Setup:-      23                  
     Required Time:=     877                  
      Launch Clock:-       0                  
         Data Path:-     573                  
             Slack:=     304                  

#------------------------------------------------------------------------------------------------------------------------------------------------------
#                         Timing Point                          Flags    Arc    Edge          Cell            Fanout Load Trans Delay Arrival Instance 
#                                                                                                                    (fF)  (ps)  (ps)   (ps)  Location 
#------------------------------------------------------------------------------------------------------------------------------------------------------
  PIPELINES[7].ROUNDS[7].U_ROUND_U_KEY_data_out_reg[70]/CLK     -       -       R     (arrival)                47792    -     0     0       0    (-,-) 
  PIPELINES[7].ROUNDS[7].U_ROUND_U_KEY_data_out_reg[70]/QN      -       CLK->QN F     DFFASRHQNx1_ASAP7_75t_L     22 15.6   102    91      91    (-,-) 
  g779024/Y                                                     -       A->Y    R     INVx1_ASAP7_75t_L           14  9.5    90    63     153    (-,-) 
  g779042/Y                                                     -       B->Y    F     NOR2xp33_ASAP7_75t_L        18 12.5   224   132     285    (-,-) 
  g779041/Y                                                     -       A->Y    R     INVx1_ASAP7_75t_L           24 17.0   170   120     405    (-,-) 
  g270514/Y                                                     -       B->Y    F     NOR2xp33_ASAP7_75t_L         1  0.9    50    33     437    (-,-) 
  g779227/Y                                                     -       C->Y    R     AOI221xp5_ASAP7_75t_L        1  1.0    54    27     464    (-,-) 
  g779226/Y                                                     -       B->Y    F     OAI21xp5_ASAP7_75t_L         1  1.0    28    15     479    (-,-) 
  g250683/Y                                                     -       B2->Y   R     AOI22xp5_ASAP7_75t_L         1  0.9    26    18     497    (-,-) 
  g250202/Y                                                     -       C->Y    F     OAI221xp5_ASAP7_75t_L        1  0.9    43    16     514    (-,-) 
  g779213/Y                                                     -       B1->Y   R     AOI322xp5_ASAP7_75t_L        1  0.9    48    28     542    (-,-) 
  g779207/Y                                                     -       B->Y    F     NAND2xp5_ASAP7_75t_L         1  0.9    22    14     556    (-,-) 
  g779206/Y                                                     -       A1->Y   R     AOI22xp5_ASAP7_75t_L         1  1.0    47    17     573    (-,-) 
  PIPELINES[7].ROUNDS[8].U_ROUND_U_SUB_ROM[8].ROM_dout_reg[4]/D -       -       R     DFFASRHQNx1_ASAP7_75t_L      1    -     -     0     573    (-,-) 
#------------------------------------------------------------------------------------------------------------------------------------------------------



Path 48: MET (305 ps) Setup Check with Pin PIPELINES[2].ROUNDS[6].U_ROUND_U_SUB_ROM[8].ROM_dout_reg[6]/CLK->D
          Group: clk
     Startpoint: (R) PIPELINES[2].ROUNDS[5].U_ROUND_U_KEY_data_out_reg[70]/CLK
          Clock: (R) clk
       Endpoint: (R) PIPELINES[2].ROUNDS[6].U_ROUND_U_SUB_ROM[8].ROM_dout_reg[6]/D
          Clock: (R) clk

                     Capture       Launch     
        Clock Edge:+     900            0     
       Src Latency:+       0            0     
       Net Latency:+       0 (I)        0 (I) 
           Arrival:=     900            0     
                                              
             Setup:-      23                  
     Required Time:=     877                  
      Launch Clock:-       0                  
         Data Path:-     572                  
             Slack:=     305                  

#------------------------------------------------------------------------------------------------------------------------------------------------------
#                         Timing Point                          Flags    Arc    Edge          Cell            Fanout Load Trans Delay Arrival Instance 
#                                                                                                                    (fF)  (ps)  (ps)   (ps)  Location 
#------------------------------------------------------------------------------------------------------------------------------------------------------
  PIPELINES[2].ROUNDS[5].U_ROUND_U_KEY_data_out_reg[70]/CLK     -       -       R     (arrival)                47792    -     0     0       0    (-,-) 
  PIPELINES[2].ROUNDS[5].U_ROUND_U_KEY_data_out_reg[70]/QN      -       CLK->QN R     DFFASRHQNx1_ASAP7_75t_L     18 13.4   107    88      88    (-,-) 
  g347916/Y                                                     -       A->Y    F     INVx1_ASAP7_75t_L           13  9.1    74    52     140    (-,-) 
  g413345/Y                                                     -       B->Y    R     NOR2xp33_ASAP7_75t_L        21 14.6   311   159     299    (-,-) 
  g413354/Y                                                     -       A->Y    F     INVx1_ASAP7_75t_L           18 12.7   139    92     391    (-,-) 
  g413428/Y                                                     -       A->Y    R     NOR2xp33_ASAP7_75t_L         3  2.5    78    48     440    (-,-) 
  g413888/Y                                                     -       A1->Y   F     AOI321xp33_ASAP7_75t_L       1  1.0    44    29     468    (-,-) 
  g413881/Y                                                     -       C->Y    R     A2O1A1Ixp33_ASAP7_75t_L      1  0.9    30    18     487    (-,-) 
  g413876/Y                                                     -       B1->Y   F     AOI221xp5_ASAP7_75t_L        1  0.8    36    18     504    (-,-) 
  g413869/Y                                                     -       B2->Y   R     AOI32xp33_ASAP7_75t_L        1  0.9    46    27     532    (-,-) 
  g413861/Y                                                     -       C->Y    F     OAI221xp5_ASAP7_75t_L        1  1.0    33    19     551    (-,-) 
  g413860/Y                                                     -       B1->Y   R     AOI22xp5_ASAP7_75t_L         1  1.0    42    21     572    (-,-) 
  PIPELINES[2].ROUNDS[6].U_ROUND_U_SUB_ROM[8].ROM_dout_reg[6]/D -       -       R     DFFASRHQNx1_ASAP7_75t_L      1    -     -     0     572    (-,-) 
#------------------------------------------------------------------------------------------------------------------------------------------------------



Path 49: MET (305 ps) Setup Check with Pin PIPELINES[6].ROUNDS[4].U_ROUND_U_SUB_ROM[13].ROM_dout_reg[4]/CLK->D
          Group: clk
     Startpoint: (R) PIPELINES[6].ROUNDS[3].U_ROUND_U_KEY_data_out_reg[105]/CLK
          Clock: (R) clk
       Endpoint: (R) PIPELINES[6].ROUNDS[4].U_ROUND_U_SUB_ROM[13].ROM_dout_reg[4]/D
          Clock: (R) clk

                     Capture       Launch     
        Clock Edge:+     900            0     
       Src Latency:+       0            0     
       Net Latency:+       0 (I)        0 (I) 
           Arrival:=     900            0     
                                              
             Setup:-      20                  
     Required Time:=     880                  
      Launch Clock:-       0                  
         Data Path:-     575                  
             Slack:=     305                  

#-------------------------------------------------------------------------------------------------------------------------------------------------------
#                         Timing Point                           Flags    Arc    Edge          Cell            Fanout Load Trans Delay Arrival Instance 
#                                                                                                                     (fF)  (ps)  (ps)   (ps)  Location 
#-------------------------------------------------------------------------------------------------------------------------------------------------------
  PIPELINES[6].ROUNDS[3].U_ROUND_U_KEY_data_out_reg[105]/CLK     -       -       R     (arrival)                47792    -     0     0       0    (-,-) 
  PIPELINES[6].ROUNDS[3].U_ROUND_U_KEY_data_out_reg[105]/QN      -       CLK->QN F     DFFASRHQNx1_ASAP7_75t_L     14 10.2    72    75      75    (-,-) 
  g262447/Y                                                      -       A->Y    R     INVx1_ASAP7_75t_L           19 13.2   108    68     143    (-,-) 
  g941436/Y                                                      -       B->Y    F     NOR2xp33_ASAP7_75t_L        15 10.9   200   124     267    (-,-) 
  g941435/Y                                                      -       A->Y    R     INVx1_ASAP7_75t_L           26 18.9   177   122     389    (-,-) 
  g941434/Y                                                      -       A->Y    F     NOR2xp33_ASAP7_75t_L         2  1.7    70    49     438    (-,-) 
  g941433/Y                                                      -       A->Y    R     INVx1_ASAP7_75t_L            4  3.1    40    29     467    (-,-) 
  g941661/Y                                                      -       A2->Y   F     OAI22xp5_ASAP7_75t_L         1  0.9    22    16     483    (-,-) 
  g941650/Y                                                      -       C->Y    R     NOR3xp33_ASAP7_75t_L         1  1.0    35    20     503    (-,-) 
  g941649/Y                                                      -       A1->Y   F     OAI22xp5_ASAP7_75t_L         1  0.9    30    16     519    (-,-) 
  g236801/Y                                                      -       C->Y    R     AOI221xp5_ASAP7_75t_L        1  1.0    48    24     543    (-,-) 
  g941642/Y                                                      -       B->Y    F     OAI21xp5_ASAP7_75t_L         1  0.9    31    14     556    (-,-) 
  g941641/Y                                                      -       A1->Y   R     AOI22xp5_ASAP7_75t_L         1  1.0    27    19     575    (-,-) 
  PIPELINES[6].ROUNDS[4].U_ROUND_U_SUB_ROM[13].ROM_dout_reg[4]/D -       -       R     DFFASRHQNx1_ASAP7_75t_L      1    -     -     0     575    (-,-) 
#-------------------------------------------------------------------------------------------------------------------------------------------------------



Path 50: MET (305 ps) Setup Check with Pin PIPELINES[3].ROUNDS[8].U_ROUND_U_SUB_ROM[4].ROM_dout_reg[3]/CLK->D
          Group: clk
     Startpoint: (R) PIPELINES[3].ROUNDS[7].U_ROUND_U_KEY_data_out_reg[38]/CLK
          Clock: (R) clk
       Endpoint: (R) PIPELINES[3].ROUNDS[8].U_ROUND_U_SUB_ROM[4].ROM_dout_reg[3]/D
          Clock: (R) clk

                     Capture       Launch     
        Clock Edge:+     900            0     
       Src Latency:+       0            0     
       Net Latency:+       0 (I)        0 (I) 
           Arrival:=     900            0     
                                              
             Setup:-      23                  
     Required Time:=     877                  
      Launch Clock:-       0                  
         Data Path:-     572                  
             Slack:=     305                  

#------------------------------------------------------------------------------------------------------------------------------------------------------
#                         Timing Point                          Flags    Arc    Edge          Cell            Fanout Load Trans Delay Arrival Instance 
#                                                                                                                    (fF)  (ps)  (ps)   (ps)  Location 
#------------------------------------------------------------------------------------------------------------------------------------------------------
  PIPELINES[3].ROUNDS[7].U_ROUND_U_KEY_data_out_reg[38]/CLK     -       -       R     (arrival)                47792    -     0     0       0    (-,-) 
  PIPELINES[3].ROUNDS[7].U_ROUND_U_KEY_data_out_reg[38]/QN      -       CLK->QN F     DFFASRHQNx1_ASAP7_75t_L     18 13.3    89    84      84    (-,-) 
  g258155/Y                                                     -       A->Y    R     INVx1_ASAP7_75t_L           12  8.4    80    56     140    (-,-) 
  g828212/Y                                                     -       B->Y    F     NOR2xp33_ASAP7_75t_L        21 14.6   258   146     286    (-,-) 
  g828211/Y                                                     -       A->Y    R     INVx1_ASAP7_75t_L           16 11.1   138   101     386    (-,-) 
  g828276/Y                                                     -       A->Y    F     NOR2xp33_ASAP7_75t_L         2  1.7    62    44     431    (-,-) 
  g828275/Y                                                     -       A->Y    R     INVx1_ASAP7_75t_L            4  3.3    39    29     459    (-,-) 
  g828425/Y                                                     -       A2->Y   F     OAI22xp5_ASAP7_75t_L         1  0.8    28    15     474    (-,-) 
  g828424/Y                                                     -       A->Y    R     NOR2xp33_ASAP7_75t_L         1  0.9    31    17     492    (-,-) 
  g828423/Y                                                     -       A1->Y   F     AOI31xp33_ASAP7_75t_L        1  1.0    27    17     509    (-,-) 
  g828418/Y                                                     -       C->Y    R     O2A1O1Ixp33_ASAP7_75t_L      1  0.9    36    21     530    (-,-) 
  g828396/Y                                                     -       C->Y    F     OAI321xp33_ASAP7_75t_L       1  1.0    36    20     550    (-,-) 
  g828395/Y                                                     -       B1->Y   R     AOI22xp5_ASAP7_75t_L         1  1.0    42    21     572    (-,-) 
  PIPELINES[3].ROUNDS[8].U_ROUND_U_SUB_ROM[4].ROM_dout_reg[3]/D -       -       R     DFFASRHQNx1_ASAP7_75t_L      1    -     -     0     572    (-,-) 
#------------------------------------------------------------------------------------------------------------------------------------------------------

