============================================================
  Generated by:           Genus(TM) Synthesis Solution 21.17-s066_1
  Generated on:           Jul 29 2025  12:04:52 pm
  Module:                 Top_PipelinedMultiCipher
  Operating conditions:   PVT_0P7V_25C 
  Interconnect mode:      global
  Area mode:              physical library
============================================================


Path 1: MET (590 ps) Setup Check with Pin PIPELINES[4].ROUNDS[7].U_ROUND_U_SUB_ROM[8].ROM_dout_reg[6]/clk->d
          Group: clk
     Startpoint: (R) PIPELINES[4].ROUNDS[6].U_ROUND_U_KEY_data_out_reg[68]/clk
          Clock: (R) clk
       Endpoint: (R) PIPELINES[4].ROUNDS[7].U_ROUND_U_SUB_ROM[8].ROM_dout_reg[6]/d
          Clock: (R) clk

                     Capture       Launch     
        Clock Edge:+     900            0     
       Src Latency:+       0            0     
       Net Latency:+       0 (I)        0 (I) 
           Arrival:=     900            0     
                                              
             Setup:-      24                  
     Required Time:=     876                  
      Launch Clock:-       0                  
         Data Path:-     286                  
             Slack:=     590                  

#------------------------------------------------------------------------------------------------------------------------------------------------
#                         Timing Point                          Flags    Arc    Edge       Cell         Fanout Load Trans Delay Arrival Instance 
#                                                                                                              (fF)  (ps)  (ps)   (ps)  Location 
#------------------------------------------------------------------------------------------------------------------------------------------------
  PIPELINES[4].ROUNDS[6].U_ROUND_U_KEY_data_out_reg[68]/clk     -       -       R     (arrival)          47792    -     0     0       0    (-,-) 
  PIPELINES[4].ROUNDS[6].U_ROUND_U_KEY_data_out_reg[68]/q       (u)     clk->q  R     unmapped_d_flop       20 20.0     0    85      85    (-,-) 
  g127153/z                                                     (u)     in_0->z F     unmapped_nand2        20 20.0     0    32     117    (-,-) 
  g127159/z                                                     (u)     in_0->z R     unmapped_nand2        14 14.0     0    29     146    (-,-) 
  g127158/z                                                     (u)     in_1->z F     unmapped_nand2        13 13.0     0    28     174    (-,-) 
  g127161/z                                                     (u)     in_0->z R     unmapped_nand2         4  4.0     0    18     192    (-,-) 
  g458464/z                                                     (u)     in_0->z R     unmapped_or2           1  1.0     0     9     200    (-,-) 
  g127450/z                                                     (u)     in_0->z F     unmapped_complex4      1  1.0     0    13     213    (-,-) 
  g446800/z                                                     (u)     in_0->z R     unmapped_nand2         1  1.0     0     9     222    (-,-) 
  g127449/z                                                     (u)     in_0->z F     unmapped_complex4      1  1.0     0    13     235    (-,-) 
  g441567/z                                                     (u)     in_1->z R     unmapped_complex2      1  1.0     0     9     244    (-,-) 
  g127448/z                                                     (u)     in_0->z F     unmapped_complex4      1  1.0     0    17     261    (-,-) 
  g127447/z                                                     (u)     in_1->z F     unmapped_complex2      1  1.0     0     9     270    (-,-) 
  g127446/z                                                     (u)     in_0->z R     unmapped_nand4         1  1.0     0    17     286    (-,-) 
  PIPELINES[4].ROUNDS[7].U_ROUND_U_SUB_ROM[8].ROM_dout_reg[6]/d -       -       R     unmapped_d_flop        1    -     -     0     286    (-,-) 
#------------------------------------------------------------------------------------------------------------------------------------------------

(u) : Net has unmapped pin(s).



Path 2: MET (591 ps) Setup Check with Pin PIPELINES[5].U_SUB_ROM[9].ROM_dout_reg[6]/clk->d
          Group: clk
     Startpoint: (R) PIPELINES[5].ROUNDS[8].U_ROUND_U_KEY_data_out_reg[76]/clk
          Clock: (R) clk
       Endpoint: (R) PIPELINES[5].U_SUB_ROM[9].ROM_dout_reg[6]/d
          Clock: (R) clk

                     Capture       Launch     
        Clock Edge:+     900            0     
       Src Latency:+       0            0     
       Net Latency:+       0 (I)        0 (I) 
           Arrival:=     900            0     
                                              
             Setup:-      24                  
     Required Time:=     876                  
      Launch Clock:-       0                  
         Data Path:-     285                  
             Slack:=     591                  

#--------------------------------------------------------------------------------------------------------------------------------------------
#                       Timing Point                        Flags    Arc    Edge       Cell         Fanout Load Trans Delay Arrival Instance 
#                                                                                                          (fF)  (ps)  (ps)   (ps)  Location 
#--------------------------------------------------------------------------------------------------------------------------------------------
  PIPELINES[5].ROUNDS[8].U_ROUND_U_KEY_data_out_reg[76]/clk -       -       R     (arrival)          47792    -     0     0       0    (-,-) 
  PIPELINES[5].ROUNDS[8].U_ROUND_U_KEY_data_out_reg[76]/q   (u)     clk->q  R     unmapped_d_flop       21 21.0     0    85      85    (-,-) 
  g480150/z                                                 (u)     in_0->z F     unmapped_nand2        18 18.0     0    31     117    (-,-) 
  g177882/z                                                 (u)     in_0->z R     unmapped_nand2        15 15.0     0    30     146    (-,-) 
  g177880/z                                                 (u)     in_1->z F     unmapped_nand2        11 11.0     0    26     172    (-,-) 
  g465452/z                                                 (u)     in_0->z R     unmapped_nand2         4  4.0     0    18     190    (-,-) 
  g458208/z                                                 (u)     in_1->z R     unmapped_or2           1  1.0     0     9     199    (-,-) 
  g178134/z                                                 (u)     in_0->z F     unmapped_complex4      1  1.0     0    13     212    (-,-) 
  g443297/z                                                 (u)     in_0->z R     unmapped_nand2         1  1.0     0     9     221    (-,-) 
  g178133/z                                                 (u)     in_0->z F     unmapped_complex4      1  1.0     0    13     234    (-,-) 
  g178128/z                                                 (u)     in_3->z F     unmapped_complex4      1  1.0     0    22     256    (-,-) 
  g178127/z                                                 (u)     in_1->z F     unmapped_complex3      1  1.0     0    13     268    (-,-) 
  g178126/z                                                 (u)     in_0->z R     unmapped_nand4         1  1.0     0    17     285    (-,-) 
  PIPELINES[5].U_SUB_ROM[9].ROM_dout_reg[6]/d               -       -       R     unmapped_d_flop        1    -     -     0     285    (-,-) 
#--------------------------------------------------------------------------------------------------------------------------------------------

(u) : Net has unmapped pin(s).



Path 3: MET (593 ps) Setup Check with Pin PIPELINES[5].ROUNDS[6].U_ROUND_U_SUB_ROM[0].ROM_dout_reg[6]/clk->d
          Group: clk
     Startpoint: (R) PIPELINES[5].ROUNDS[5].U_ROUND_U_KEY_data_out_reg[4]/clk
          Clock: (R) clk
       Endpoint: (R) PIPELINES[5].ROUNDS[6].U_ROUND_U_SUB_ROM[0].ROM_dout_reg[6]/d
          Clock: (R) clk

                     Capture       Launch     
        Clock Edge:+     900            0     
       Src Latency:+       0            0     
       Net Latency:+       0 (I)        0 (I) 
           Arrival:=     900            0     
                                              
             Setup:-      24                  
     Required Time:=     876                  
      Launch Clock:-       0                  
         Data Path:-     284                  
             Slack:=     593                  

#------------------------------------------------------------------------------------------------------------------------------------------------
#                         Timing Point                          Flags    Arc    Edge       Cell         Fanout Load Trans Delay Arrival Instance 
#                                                                                                              (fF)  (ps)  (ps)   (ps)  Location 
#------------------------------------------------------------------------------------------------------------------------------------------------
  PIPELINES[5].ROUNDS[5].U_ROUND_U_KEY_data_out_reg[4]/clk      -       -       R     (arrival)          47792    -     0     0       0    (-,-) 
  PIPELINES[5].ROUNDS[5].U_ROUND_U_KEY_data_out_reg[4]/q        (u)     clk->q  R     unmapped_d_flop       20 20.0     0    85      85    (-,-) 
  g5396/z                                                       (u)     in_0->z F     unmapped_nand2        21 21.0     0    33     118    (-,-) 
  g499486/z                                                     (u)     in_0->z R     unmapped_nand2        15 15.0     0    30     147    (-,-) 
  g493241/z                                                     (u)     in_1->z F     unmapped_nand2        13 13.0     0    28     175    (-,-) 
  g5502/z                                                       (u)     in_0->z R     unmapped_nand2         4  4.0     0    18     193    (-,-) 
  g529753/z                                                     (u)     in_2->z R     unmapped_complex4      1  1.0     0    27     220    (-,-) 
  g532952/z                                                     (u)     in_0->z F     unmapped_complex4      1  1.0     0    13     232    (-,-) 
  g455392/z                                                     (u)     in_1->z R     unmapped_complex2      1  1.0     0     9     241    (-,-) 
  g534968/z                                                     (u)     in_0->z F     unmapped_complex4      1  1.0     0    17     258    (-,-) 
  g453888/z                                                     (u)     in_1->z F     unmapped_complex2      1  1.0     0     9     267    (-,-) 
  g535839/z                                                     (u)     in_0->z R     unmapped_nand4         1  1.0     0    17     284    (-,-) 
  PIPELINES[5].ROUNDS[6].U_ROUND_U_SUB_ROM[0].ROM_dout_reg[6]/d -       -       R     unmapped_d_flop        1    -     -     0     284    (-,-) 
#------------------------------------------------------------------------------------------------------------------------------------------------

(u) : Net has unmapped pin(s).



Path 4: MET (593 ps) Setup Check with Pin PIPELINES[5].ROUNDS[3].U_ROUND_U_SUB_ROM[10].ROM_dout_reg[6]/clk->d
          Group: clk
     Startpoint: (R) PIPELINES[5].ROUNDS[2].U_ROUND_U_KEY_data_out_reg[84]/clk
          Clock: (R) clk
       Endpoint: (R) PIPELINES[5].ROUNDS[3].U_ROUND_U_SUB_ROM[10].ROM_dout_reg[6]/d
          Clock: (R) clk

                     Capture       Launch     
        Clock Edge:+     900            0     
       Src Latency:+       0            0     
       Net Latency:+       0 (I)        0 (I) 
           Arrival:=     900            0     
                                              
             Setup:-      24                  
     Required Time:=     876                  
      Launch Clock:-       0                  
         Data Path:-     284                  
             Slack:=     593                  

#-------------------------------------------------------------------------------------------------------------------------------------------------
#                         Timing Point                           Flags    Arc    Edge       Cell         Fanout Load Trans Delay Arrival Instance 
#                                                                                                               (fF)  (ps)  (ps)   (ps)  Location 
#-------------------------------------------------------------------------------------------------------------------------------------------------
  PIPELINES[5].ROUNDS[2].U_ROUND_U_KEY_data_out_reg[84]/clk      -       -       R     (arrival)          47792    -     0     0       0    (-,-) 
  PIPELINES[5].ROUNDS[2].U_ROUND_U_KEY_data_out_reg[84]/q        (u)     clk->q  R     unmapped_d_flop       21 21.0     0    85      85    (-,-) 
  g286867/z                                                      (u)     in_0->z F     unmapped_nand2        18 18.0     0    31     117    (-,-) 
  g286715/z                                                      (u)     in_0->z R     unmapped_nand2        16 16.0     0    30     147    (-,-) 
  g286546/z                                                      (u)     in_1->z F     unmapped_nand2        11 11.0     0    26     173    (-,-) 
  g275407/z                                                      (u)     in_0->z R     unmapped_nand2         5  5.0     0    19     192    (-,-) 
  g320248/z                                                      (u)     in_0->z F     unmapped_complex4      1  1.0     0    22     214    (-,-) 
  g274267/z                                                      (u)     in_1->z R     unmapped_nand2         1  1.0     0     9     223    (-,-) 
  g323163/z                                                      (u)     in_0->z F     unmapped_complex4      1  1.0     0    13     236    (-,-) 
  g274266/z                                                      (u)     in_1->z R     unmapped_complex2      1  1.0     0     9     245    (-,-) 
  g274265/z                                                      (u)     in_0->z F     unmapped_complex4      1  1.0     0    13     258    (-,-) 
  g274264/z                                                      (u)     in_1->z F     unmapped_complex2      1  1.0     0     9     267    (-,-) 
  g325151/z                                                      (u)     in_0->z R     unmapped_nand4         1  1.0     0    17     284    (-,-) 
  PIPELINES[5].ROUNDS[3].U_ROUND_U_SUB_ROM[10].ROM_dout_reg[6]/d -       -       R     unmapped_d_flop        1    -     -     0     284    (-,-) 
#-------------------------------------------------------------------------------------------------------------------------------------------------

(u) : Net has unmapped pin(s).



Path 5: MET (594 ps) Setup Check with Pin PIPELINES[5].ROUNDS[4].U_ROUND_U_SUB_ROM[12].ROM_dout_reg[6]/clk->d
          Group: clk
     Startpoint: (R) PIPELINES[5].ROUNDS[3].U_ROUND_U_KEY_data_out_reg[100]/clk
          Clock: (R) clk
       Endpoint: (R) PIPELINES[5].ROUNDS[4].U_ROUND_U_SUB_ROM[12].ROM_dout_reg[6]/d
          Clock: (R) clk

                     Capture       Launch     
        Clock Edge:+     900            0     
       Src Latency:+       0            0     
       Net Latency:+       0 (I)        0 (I) 
           Arrival:=     900            0     
                                              
             Setup:-      24                  
     Required Time:=     876                  
      Launch Clock:-       0                  
         Data Path:-     283                  
             Slack:=     594                  

#-------------------------------------------------------------------------------------------------------------------------------------------------
#                         Timing Point                           Flags    Arc    Edge       Cell         Fanout Load Trans Delay Arrival Instance 
#                                                                                                               (fF)  (ps)  (ps)   (ps)  Location 
#-------------------------------------------------------------------------------------------------------------------------------------------------
  PIPELINES[5].ROUNDS[3].U_ROUND_U_KEY_data_out_reg[100]/clk     -       -       R     (arrival)          47792    -     0     0       0    (-,-) 
  PIPELINES[5].ROUNDS[3].U_ROUND_U_KEY_data_out_reg[100]/q       (u)     clk->q  R     unmapped_d_flop       21 21.0     0    85      85    (-,-) 
  g274659/z                                                      (u)     in_0->z F     unmapped_nand2        19 19.0     0    32     117    (-,-) 
  g286673/z                                                      (u)     in_0->z R     unmapped_nand2        14 14.0     0    29     146    (-,-) 
  g286577/z                                                      (u)     in_1->z F     unmapped_nand2        11 11.0     0    26     172    (-,-) 
  g275392/z                                                      (u)     in_0->z R     unmapped_nand2         3  3.0     0    15     187    (-,-) 
  g274191/z                                                      (u)     in_2->z R     unmapped_complex4      1  1.0     0    27     214    (-,-) 
  g313808/z                                                      (u)     in_0->z F     unmapped_complex4      1  1.0     0     9     223    (-,-) 
  g274090/z                                                      (u)     in_1->z R     unmapped_complex3      1  1.0     0    18     240    (-,-) 
  g274089/z                                                      (u)     in_0->z F     unmapped_complex4      1  1.0     0    17     257    (-,-) 
  g273155/z                                                      (u)     in_1->z F     unmapped_complex2      1  1.0     0     9     266    (-,-) 
  g325346/z                                                      (u)     in_0->z R     unmapped_complex4      1  1.0     0    17     283    (-,-) 
  PIPELINES[5].ROUNDS[4].U_ROUND_U_SUB_ROM[12].ROM_dout_reg[6]/d -       -       R     unmapped_d_flop        1    -     -     0     283    (-,-) 
#-------------------------------------------------------------------------------------------------------------------------------------------------

(u) : Net has unmapped pin(s).



Path 6: MET (594 ps) Setup Check with Pin PIPELINES[2].U_SUB_ROM[7].ROM_dout_reg[6]/clk->d
          Group: clk
     Startpoint: (R) PIPELINES[2].ROUNDS[8].U_ROUND_U_KEY_data_out_reg[60]/clk
          Clock: (R) clk
       Endpoint: (R) PIPELINES[2].U_SUB_ROM[7].ROM_dout_reg[6]/d
          Clock: (R) clk

                     Capture       Launch     
        Clock Edge:+     900            0     
       Src Latency:+       0            0     
       Net Latency:+       0 (I)        0 (I) 
           Arrival:=     900            0     
                                              
             Setup:-      24                  
     Required Time:=     876                  
      Launch Clock:-       0                  
         Data Path:-     283                  
             Slack:=     594                  

#--------------------------------------------------------------------------------------------------------------------------------------------
#                       Timing Point                        Flags    Arc    Edge       Cell         Fanout Load Trans Delay Arrival Instance 
#                                                                                                          (fF)  (ps)  (ps)   (ps)  Location 
#--------------------------------------------------------------------------------------------------------------------------------------------
  PIPELINES[2].ROUNDS[8].U_ROUND_U_KEY_data_out_reg[60]/clk -       -       R     (arrival)          47792    -     0     0       0    (-,-) 
  PIPELINES[2].ROUNDS[8].U_ROUND_U_KEY_data_out_reg[60]/q   (u)     clk->q  R     unmapped_d_flop       21 21.0     0    85      85    (-,-) 
  g106861/z                                                 (u)     in_0->z F     unmapped_nand2        16 16.0     0    30     116    (-,-) 
  g106879/z                                                 (u)     in_0->z R     unmapped_nand2        10 10.0     0    25     141    (-,-) 
  g173109/z                                                 (u)     in_0->z R     unmapped_or2           9  9.0     0    24     165    (-,-) 
  g106976/z                                                 (u)     in_0->z F     unmapped_nand2         2  2.0     0    13     178    (-,-) 
  g107115/z                                                 (u)     in_1->z R     unmapped_nand2         1  1.0     0     9     187    (-,-) 
  g509275/z                                                 (u)     in_0->z F     unmapped_complex4      1  1.0     0     9     196    (-,-) 
  g107113/z                                                 (u)     in_3->z R     unmapped_complex4      1  1.0     0    27     222    (-,-) 
  g107112/z                                                 (u)     in_1->z R     unmapped_complex4      1  1.0     0    22     244    (-,-) 
  g107111/z                                                 (u)     in_0->z F     unmapped_complex4      1  1.0     0    13     257    (-,-) 
  g439849/z                                                 (u)     in_1->z F     unmapped_complex2      1  1.0     0     9     266    (-,-) 
  g107110/z                                                 (u)     in_0->z R     unmapped_nand4         1  1.0     0    17     283    (-,-) 
  PIPELINES[2].U_SUB_ROM[7].ROM_dout_reg[6]/d               -       -       R     unmapped_d_flop        1    -     -     0     283    (-,-) 
#--------------------------------------------------------------------------------------------------------------------------------------------

(u) : Net has unmapped pin(s).



Path 7: MET (594 ps) Setup Check with Pin U_KEYEXP_ROUND_KEY_GEN[5].RKGEN_U_SUB_U_ROM[0].ROM_dout_reg[6]/clk->d
          Group: clk
     Startpoint: (R) U_KEYEXP_ROUND_KEY_GEN[5].RKGEN_U_Key_FirstStage_reg[28]/clk
          Clock: (R) clk
       Endpoint: (R) U_KEYEXP_ROUND_KEY_GEN[5].RKGEN_U_SUB_U_ROM[0].ROM_dout_reg[6]/d
          Clock: (R) clk

                     Capture       Launch     
        Clock Edge:+     900            0     
       Src Latency:+       0            0     
       Net Latency:+       0 (I)        0 (I) 
           Arrival:=     900            0     
                                              
             Setup:-      24                  
     Required Time:=     876                  
      Launch Clock:-       0                  
         Data Path:-     283                  
             Slack:=     594                  

#---------------------------------------------------------------------------------------------------------------------------------------------------
#                          Timing Point                            Flags    Arc    Edge       Cell         Fanout Load Trans Delay Arrival Instance 
#                                                                                                                 (fF)  (ps)  (ps)   (ps)  Location 
#---------------------------------------------------------------------------------------------------------------------------------------------------
  U_KEYEXP_ROUND_KEY_GEN[5].RKGEN_U_Key_FirstStage_reg[28]/clk     -       -       R     (arrival)          47792    -     0     0       0    (-,-) 
  U_KEYEXP_ROUND_KEY_GEN[5].RKGEN_U_Key_FirstStage_reg[28]/q       (u)     clk->q  F     unmapped_d_flop       18 18.0     0    84      84    (-,-) 
  g203336/z                                                        (u)     in_0->z R     unmapped_nand2        21 21.0     0    33     117    (-,-) 
  g203359/z                                                        (u)     in_0->z F     unmapped_nand2        12 12.0     0    27     144    (-,-) 
  g476002/z                                                        (u)     in_1->z R     unmapped_nand2        10 10.0     0    25     169    (-,-) 
  g461663/z                                                        (u)     in_0->z F     unmapped_nand2         3  3.0     0    15     184    (-,-) 
  g453209/z                                                        (u)     in_0->z R     unmapped_complex2      3  3.0     0    15     199    (-,-) 
  g203636/z                                                        (u)     in_1->z R     unmapped_complex4      1  1.0     0    18     217    (-,-) 
  g511803/z                                                        (u)     in_0->z F     unmapped_complex3      1  1.0     0    13     230    (-,-) 
  g203635/z                                                        (u)     in_0->z F     unmapped_complex4      1  1.0     0    13     243    (-,-) 
  g439099/z                                                        (u)     in_1->z R     unmapped_nand2         1  1.0     0     9     252    (-,-) 
  g203633/z                                                        (u)     in_0->z F     unmapped_complex4      1  1.0     0    13     265    (-,-) 
  g203615/z                                                        (u)     in_1->z R     unmapped_complex3      1  1.0     0    18     283    (-,-) 
  U_KEYEXP_ROUND_KEY_GEN[5].RKGEN_U_SUB_U_ROM[0].ROM_dout_reg[6]/d -       -       R     unmapped_d_flop        1    -     -     0     283    (-,-) 
#---------------------------------------------------------------------------------------------------------------------------------------------------

(u) : Net has unmapped pin(s).



Path 8: MET (594 ps) Setup Check with Pin PIPELINES[4].ROUNDS[6].U_ROUND_U_SUB_ROM[9].ROM_dout_reg[6]/clk->d
          Group: clk
     Startpoint: (R) PIPELINES[4].ROUNDS[5].U_ROUND_U_KEY_data_out_reg[76]/clk
          Clock: (R) clk
       Endpoint: (R) PIPELINES[4].ROUNDS[6].U_ROUND_U_SUB_ROM[9].ROM_dout_reg[6]/d
          Clock: (R) clk

                     Capture       Launch     
        Clock Edge:+     900            0     
       Src Latency:+       0            0     
       Net Latency:+       0 (I)        0 (I) 
           Arrival:=     900            0     
                                              
             Setup:-      24                  
     Required Time:=     876                  
      Launch Clock:-       0                  
         Data Path:-     282                  
             Slack:=     594                  

#------------------------------------------------------------------------------------------------------------------------------------------------
#                         Timing Point                          Flags    Arc    Edge       Cell         Fanout Load Trans Delay Arrival Instance 
#                                                                                                              (fF)  (ps)  (ps)   (ps)  Location 
#------------------------------------------------------------------------------------------------------------------------------------------------
  PIPELINES[4].ROUNDS[5].U_ROUND_U_KEY_data_out_reg[76]/clk     -       -       R     (arrival)          47792    -     0     0       0    (-,-) 
  PIPELINES[4].ROUNDS[5].U_ROUND_U_KEY_data_out_reg[76]/q       (u)     clk->q  R     unmapped_d_flop       20 20.0     0    85      85    (-,-) 
  g123872/z                                                     (u)     in_0->z F     unmapped_nand2        20 20.0     0    32     117    (-,-) 
  g123869/z                                                     (u)     in_0->z R     unmapped_nand2        14 14.0     0    29     146    (-,-) 
  g123929/z                                                     (u)     in_1->z F     unmapped_nand2        13 13.0     0    28     174    (-,-) 
  g123956/z                                                     (u)     in_0->z R     unmapped_nand2         4  4.0     0    18     192    (-,-) 
  g124114/z                                                     (u)     in_2->z R     unmapped_complex4      1  1.0     0    27     218    (-,-) 
  g124113/z                                                     (u)     in_0->z F     unmapped_complex4      1  1.0     0    13     231    (-,-) 
  g441600/z                                                     (u)     in_1->z R     unmapped_complex2      1  1.0     0     9     240    (-,-) 
  g124112/z                                                     (u)     in_0->z F     unmapped_complex4      1  1.0     0    17     257    (-,-) 
  g440166/z                                                     (u)     in_1->z F     unmapped_complex2      1  1.0     0     9     266    (-,-) 
  g124111/z                                                     (u)     in_0->z R     unmapped_nand4         1  1.0     0    17     282    (-,-) 
  PIPELINES[4].ROUNDS[6].U_ROUND_U_SUB_ROM[9].ROM_dout_reg[6]/d -       -       R     unmapped_d_flop        1    -     -     0     282    (-,-) 
#------------------------------------------------------------------------------------------------------------------------------------------------

(u) : Net has unmapped pin(s).



Path 9: MET (594 ps) Setup Check with Pin PIPELINES[3].ROUNDS[2].U_ROUND_U_SUB_ROM[4].ROM_dout_reg[6]/clk->d
          Group: clk
     Startpoint: (R) PIPELINES[3].ROUNDS[1].U_ROUND_U_KEY_data_out_reg[36]/clk
          Clock: (R) clk
       Endpoint: (R) PIPELINES[3].ROUNDS[2].U_ROUND_U_SUB_ROM[4].ROM_dout_reg[6]/d
          Clock: (R) clk

                     Capture       Launch     
        Clock Edge:+     900            0     
       Src Latency:+       0            0     
       Net Latency:+       0 (I)        0 (I) 
           Arrival:=     900            0     
                                              
             Setup:-      24                  
     Required Time:=     876                  
      Launch Clock:-       0                  
         Data Path:-     282                  
             Slack:=     594                  

#------------------------------------------------------------------------------------------------------------------------------------------------
#                         Timing Point                          Flags    Arc    Edge       Cell         Fanout Load Trans Delay Arrival Instance 
#                                                                                                              (fF)  (ps)  (ps)   (ps)  Location 
#------------------------------------------------------------------------------------------------------------------------------------------------
  PIPELINES[3].ROUNDS[1].U_ROUND_U_KEY_data_out_reg[36]/clk     -       -       R     (arrival)          47792    -     0     0       0    (-,-) 
  PIPELINES[3].ROUNDS[1].U_ROUND_U_KEY_data_out_reg[36]/q       (u)     clk->q  R     unmapped_d_flop       21 21.0     0    85      85    (-,-) 
  g392086/z                                                     (u)     in_0->z F     unmapped_nand2        17 17.0     0    31     116    (-,-) 
  g392088/z                                                     (u)     in_0->z R     unmapped_nand2         9  9.0     0    24     140    (-,-) 
  g350115/z                                                     (u)     in_0->z R     unmapped_or2           9  9.0     0    24     165    (-,-) 
  g379107/z                                                     (u)     in_0->z F     unmapped_nand2         2  2.0     0    13     178    (-,-) 
  g368021/z                                                     (u)     in_1->z R     unmapped_nand2         1  1.0     0     9     186    (-,-) 
  g409444/z                                                     (u)     in_0->z F     unmapped_complex4      1  1.0     0     9     195    (-,-) 
  g417654/z                                                     (u)     in_3->z R     unmapped_complex4      1  1.0     0    27     222    (-,-) 
  g350416/z                                                     (u)     in_1->z R     unmapped_complex4      1  1.0     0    22     244    (-,-) 
  g350415/z                                                     (u)     in_0->z F     unmapped_complex4      1  1.0     0    17     260    (-,-) 
  g350414/z                                                     (u)     in_1->z F     unmapped_complex2      1  1.0     0     9     269    (-,-) 
  g350413/z                                                     (u)     in_0->z R     unmapped_complex4      1  1.0     0    13     282    (-,-) 
  PIPELINES[3].ROUNDS[2].U_ROUND_U_SUB_ROM[4].ROM_dout_reg[6]/d -       -       R     unmapped_d_flop        1    -     -     0     282    (-,-) 
#------------------------------------------------------------------------------------------------------------------------------------------------

(u) : Net has unmapped pin(s).



Path 10: MET (594 ps) Setup Check with Pin PIPELINES[5].U_SUB_ROM[5].ROM_dout_reg[6]/clk->d
          Group: clk
     Startpoint: (R) PIPELINES[5].ROUNDS[8].U_ROUND_U_KEY_data_out_reg[44]/clk
          Clock: (R) clk
       Endpoint: (R) PIPELINES[5].U_SUB_ROM[5].ROM_dout_reg[6]/d
          Clock: (R) clk

                     Capture       Launch     
        Clock Edge:+     900            0     
       Src Latency:+       0            0     
       Net Latency:+       0 (I)        0 (I) 
           Arrival:=     900            0     
                                              
             Setup:-      24                  
     Required Time:=     876                  
      Launch Clock:-       0                  
         Data Path:-     282                  
             Slack:=     594                  

#--------------------------------------------------------------------------------------------------------------------------------------------
#                       Timing Point                        Flags    Arc    Edge       Cell         Fanout Load Trans Delay Arrival Instance 
#                                                                                                          (fF)  (ps)  (ps)   (ps)  Location 
#--------------------------------------------------------------------------------------------------------------------------------------------
  PIPELINES[5].ROUNDS[8].U_ROUND_U_KEY_data_out_reg[44]/clk -       -       R     (arrival)          47792    -     0     0       0    (-,-) 
  PIPELINES[5].ROUNDS[8].U_ROUND_U_KEY_data_out_reg[44]/q   (u)     clk->q  R     unmapped_d_flop       19 19.0     0    84      84    (-,-) 
  g184759/z                                                 (u)     in_0->z F     unmapped_nand2        21 21.0     0    33     117    (-,-) 
  g480101/z                                                 (u)     in_0->z R     unmapped_nand2        14 14.0     0    29     146    (-,-) 
  g184768/z                                                 (u)     in_1->z F     unmapped_nand2        13 13.0     0    28     174    (-,-) 
  g184964/z                                                 (u)     in_0->z R     unmapped_nand2         4  4.0     0    18     191    (-,-) 
  g184986/z                                                 (u)     in_0->z R     unmapped_or2           1  1.0     0     9     200    (-,-) 
  g184985/z                                                 (u)     in_0->z F     unmapped_complex4      1  1.0     0    13     213    (-,-) 
  g184982/z                                                 (u)     in_2->z R     unmapped_complex4      1  1.0     0    27     240    (-,-) 
  g184981/z                                                 (u)     in_0->z F     unmapped_complex4      1  1.0     0    17     257    (-,-) 
  g435439/z                                                 (u)     in_1->z F     unmapped_complex2      1  1.0     0     9     266    (-,-) 
  g184980/z                                                 (u)     in_0->z R     unmapped_nand4         1  1.0     0    17     282    (-,-) 
  PIPELINES[5].U_SUB_ROM[5].ROM_dout_reg[6]/d               -       -       R     unmapped_d_flop        1    -     -     0     282    (-,-) 
#--------------------------------------------------------------------------------------------------------------------------------------------

(u) : Net has unmapped pin(s).



Path 11: MET (595 ps) Setup Check with Pin PIPELINES[7].ROUNDS[0].U_ROUND_U_SUB_ROM[11].ROM_dout_reg[6]/clk->d
          Group: clk
     Startpoint: (R) PIPELINES[7].U0_ARK_data_out_reg[92]/clk
          Clock: (R) clk
       Endpoint: (R) PIPELINES[7].ROUNDS[0].U_ROUND_U_SUB_ROM[11].ROM_dout_reg[6]/d
          Clock: (R) clk

                     Capture       Launch     
        Clock Edge:+     900            0     
       Src Latency:+       0            0     
       Net Latency:+       0 (I)        0 (I) 
           Arrival:=     900            0     
                                              
             Setup:-      24                  
     Required Time:=     876                  
      Launch Clock:-       0                  
         Data Path:-     281                  
             Slack:=     595                  

#-------------------------------------------------------------------------------------------------------------------------------------------------
#                         Timing Point                           Flags    Arc    Edge       Cell         Fanout Load Trans Delay Arrival Instance 
#                                                                                                               (fF)  (ps)  (ps)   (ps)  Location 
#-------------------------------------------------------------------------------------------------------------------------------------------------
  PIPELINES[7].U0_ARK_data_out_reg[92]/clk                       -       -       R     (arrival)          47792    -     0     0       0    (-,-) 
  PIPELINES[7].U0_ARK_data_out_reg[92]/q                         (u)     clk->q  F     unmapped_d_flop       21 21.0     0    85      85    (-,-) 
  g305592/z                                                      (u)     in_0->z R     unmapped_nand2        19 19.0     0    32     117    (-,-) 
  g303569/z                                                      (u)     in_0->z F     unmapped_nand2        14 14.0     0    29     146    (-,-) 
  g300514/z                                                      (u)     in_1->z F     unmapped_or2           7  7.0     0    22     168    (-,-) 
  g287445/z                                                      (u)     in_1->z R     unmapped_nand2         4  4.0     0    18     186    (-,-) 
  g162884/z                                                      (u)     in_2->z F     unmapped_complex4      1  1.0     0    18     204    (-,-) 
  g339543/z                                                      (u)     in_1->z R     unmapped_complex3      1  1.0     0    18     221    (-,-) 
  g340501/z                                                      (u)     in_1->z R     unmapped_complex4      1  1.0     0    18     239    (-,-) 
  g338149/z                                                      (u)     in_0->z F     unmapped_complex4      1  1.0     0    17     256    (-,-) 
  g253667/z                                                      (u)     in_1->z F     unmapped_complex2      1  1.0     0     9     265    (-,-) 
  g340886/z                                                      (u)     in_0->z R     unmapped_nand4         1  1.0     0    17     281    (-,-) 
  PIPELINES[7].ROUNDS[0].U_ROUND_U_SUB_ROM[11].ROM_dout_reg[6]/d -       -       R     unmapped_d_flop        1    -     -     0     281    (-,-) 
#-------------------------------------------------------------------------------------------------------------------------------------------------

(u) : Net has unmapped pin(s).



Path 12: MET (596 ps) Setup Check with Pin PIPELINES[3].ROUNDS[8].U_ROUND_U_SUB_ROM[9].ROM_dout_reg[6]/clk->d
          Group: clk
     Startpoint: (R) PIPELINES[3].ROUNDS[7].U_ROUND_U_KEY_data_out_reg[76]/clk
          Clock: (R) clk
       Endpoint: (R) PIPELINES[3].ROUNDS[8].U_ROUND_U_SUB_ROM[9].ROM_dout_reg[6]/d
          Clock: (R) clk

                     Capture       Launch     
        Clock Edge:+     900            0     
       Src Latency:+       0            0     
       Net Latency:+       0 (I)        0 (I) 
           Arrival:=     900            0     
                                              
             Setup:-      24                  
     Required Time:=     876                  
      Launch Clock:-       0                  
         Data Path:-     281                  
             Slack:=     596                  

#------------------------------------------------------------------------------------------------------------------------------------------------
#                         Timing Point                          Flags    Arc    Edge       Cell         Fanout Load Trans Delay Arrival Instance 
#                                                                                                              (fF)  (ps)  (ps)   (ps)  Location 
#------------------------------------------------------------------------------------------------------------------------------------------------
  PIPELINES[3].ROUNDS[7].U_ROUND_U_KEY_data_out_reg[76]/clk     -       -       R     (arrival)          47792    -     0     0       0    (-,-) 
  PIPELINES[3].ROUNDS[7].U_ROUND_U_KEY_data_out_reg[76]/q       (u)     clk->q  R     unmapped_d_flop       23 23.0     0    86      86    (-,-) 
  g115472/z                                                     (u)     in_0->z F     unmapped_nand2        16 16.0     0    30     117    (-,-) 
  g115471/z                                                     (u)     in_0->z R     unmapped_nand2        11 11.0     0    26     143    (-,-) 
  g115487/z                                                     (u)     in_0->z R     unmapped_or2           9  9.0     0    24     167    (-,-) 
  g352889/z                                                     (u)     in_0->z F     unmapped_nand2         2  2.0     0    13     180    (-,-) 
  g462532/z                                                     (u)     in_1->z R     unmapped_nand2         1  1.0     0     9     189    (-,-) 
  g116160/z                                                     (u)     in_0->z F     unmapped_complex4      1  1.0     0     9     198    (-,-) 
  g116158/z                                                     (u)     in_3->z R     unmapped_complex4      1  1.0     0    27     224    (-,-) 
  g116157/z                                                     (u)     in_0->z F     unmapped_complex4      1  1.0     0    13     237    (-,-) 
  g441197/z                                                     (u)     in_1->z R     unmapped_nand2         1  1.0     0     9     246    (-,-) 
  g116156/z                                                     (u)     in_0->z F     unmapped_complex4      1  1.0     0    13     259    (-,-) 
  g439906/z                                                     (u)     in_1->z F     unmapped_complex2      1  1.0     0     9     268    (-,-) 
  g116155/z                                                     (u)     in_0->z R     unmapped_complex4      1  1.0     0    13     281    (-,-) 
  PIPELINES[3].ROUNDS[8].U_ROUND_U_SUB_ROM[9].ROM_dout_reg[6]/d -       -       R     unmapped_d_flop        1    -     -     0     281    (-,-) 
#------------------------------------------------------------------------------------------------------------------------------------------------

(u) : Net has unmapped pin(s).



Path 13: MET (596 ps) Setup Check with Pin PIPELINES[7].ROUNDS[6].U_ROUND_U_SUB_ROM[15].ROM_dout_reg[6]/clk->d
          Group: clk
     Startpoint: (R) PIPELINES[7].ROUNDS[5].U_ROUND_U_KEY_data_out_reg[124]/clk
          Clock: (R) clk
       Endpoint: (R) PIPELINES[7].ROUNDS[6].U_ROUND_U_SUB_ROM[15].ROM_dout_reg[6]/d
          Clock: (R) clk

                     Capture       Launch     
        Clock Edge:+     900            0     
       Src Latency:+       0            0     
       Net Latency:+       0 (I)        0 (I) 
           Arrival:=     900            0     
                                              
             Setup:-      24                  
     Required Time:=     876                  
      Launch Clock:-       0                  
         Data Path:-     281                  
             Slack:=     596                  

#-------------------------------------------------------------------------------------------------------------------------------------------------
#                         Timing Point                           Flags    Arc    Edge       Cell         Fanout Load Trans Delay Arrival Instance 
#                                                                                                               (fF)  (ps)  (ps)   (ps)  Location 
#-------------------------------------------------------------------------------------------------------------------------------------------------
  PIPELINES[7].ROUNDS[5].U_ROUND_U_KEY_data_out_reg[124]/clk     -       -       R     (arrival)          47792    -     0     0       0    (-,-) 
  PIPELINES[7].ROUNDS[5].U_ROUND_U_KEY_data_out_reg[124]/q       (u)     clk->q  R     unmapped_d_flop       20 20.0     0    85      85    (-,-) 
  g84482/z                                                       (u)     in_0->z F     unmapped_nand2        18 18.0     0    31     116    (-,-) 
  g495024/z                                                      (u)     in_0->z R     unmapped_nand2        15 15.0     0    30     146    (-,-) 
  g84478/z                                                       (u)     in_1->z F     unmapped_nand2        11 11.0     0    26     172    (-,-) 
  g84511/z                                                       (u)     in_0->z R     unmapped_nand2         4  4.0     0    18     190    (-,-) 
  g85641/z                                                       (u)     in_2->z R     unmapped_complex4      1  1.0     0    27     216    (-,-) 
  g85640/z                                                       (u)     in_0->z F     unmapped_complex4      1  1.0     0    13     229    (-,-) 
  g449824/z                                                      (u)     in_1->z R     unmapped_complex2      1  1.0     0     9     238    (-,-) 
  g85639/z                                                       (u)     in_0->z F     unmapped_complex4      1  1.0     0    17     255    (-,-) 
  g448881/z                                                      (u)     in_1->z F     unmapped_complex2      1  1.0     0     9     264    (-,-) 
  g85638/z                                                       (u)     in_0->z R     unmapped_nand4         1  1.0     0    17     281    (-,-) 
  PIPELINES[7].ROUNDS[6].U_ROUND_U_SUB_ROM[15].ROM_dout_reg[6]/d -       -       R     unmapped_d_flop        1    -     -     0     281    (-,-) 
#-------------------------------------------------------------------------------------------------------------------------------------------------

(u) : Net has unmapped pin(s).



Path 14: MET (596 ps) Setup Check with Pin PIPELINES[0].ROUNDS[0].U_ROUND_U_SUB_ROM[11].ROM_dout_reg[7]/clk->d
          Group: clk
     Startpoint: (R) PIPELINES[0].U0_ARK_data_out_reg[92]/clk
          Clock: (R) clk
       Endpoint: (R) PIPELINES[0].ROUNDS[0].U_ROUND_U_SUB_ROM[11].ROM_dout_reg[7]/d
          Clock: (R) clk

                     Capture       Launch     
        Clock Edge:+     900            0     
       Src Latency:+       0            0     
       Net Latency:+       0 (I)        0 (I) 
           Arrival:=     900            0     
                                              
             Setup:-      24                  
     Required Time:=     876                  
      Launch Clock:-       0                  
         Data Path:-     280                  
             Slack:=     596                  

#-------------------------------------------------------------------------------------------------------------------------------------------------
#                         Timing Point                           Flags    Arc    Edge       Cell         Fanout Load Trans Delay Arrival Instance 
#                                                                                                               (fF)  (ps)  (ps)   (ps)  Location 
#-------------------------------------------------------------------------------------------------------------------------------------------------
  PIPELINES[0].U0_ARK_data_out_reg[92]/clk                       -       -       R     (arrival)          47792    -     0     0       0    (-,-) 
  PIPELINES[0].U0_ARK_data_out_reg[92]/q                         (u)     clk->q  F     unmapped_d_flop       20 20.0     0    85      85    (-,-) 
  g495204/z                                                      (u)     in_0->z R     unmapped_nand2        17 17.0     0    31     116    (-,-) 
  g495206/z                                                      (u)     in_0->z F     unmapped_nand2         9  9.0     0    24     140    (-,-) 
  g176733/z                                                      (u)     in_0->z F     unmapped_or2           9  9.0     0    24     164    (-,-) 
  g480482/z                                                      (u)     in_0->z R     unmapped_nand2         2  2.0     0    13     177    (-,-) 
  g472480/z                                                      (u)     in_0->z F     unmapped_complex2      3  3.0     0    15     192    (-,-) 
  g526450/z                                                      (u)     in_1->z F     unmapped_complex4      1  1.0     0    18     210    (-,-) 
  g526376/z                                                      (u)     in_0->z R     unmapped_complex3      1  1.0     0    13     223    (-,-) 
  g531055/z                                                      (u)     in_1->z F     unmapped_complex4      1  1.0     0    18     241    (-,-) 
  g525627/z                                                      (u)     in_0->z R     unmapped_complex4      1  1.0     0    13     254    (-,-) 
  g531910/z                                                      (u)     in_2->z R     unmapped_complex3      1  1.0     0    18     272    (-,-) 
  g531483/z                                                      (u)     in_0->z R     unmapped_complex3      1  1.0     0     9     280    (-,-) 
  PIPELINES[0].ROUNDS[0].U_ROUND_U_SUB_ROM[11].ROM_dout_reg[7]/d -       -       R     unmapped_d_flop        1    -     -     0     280    (-,-) 
#-------------------------------------------------------------------------------------------------------------------------------------------------

(u) : Net has unmapped pin(s).



Path 15: MET (596 ps) Setup Check with Pin PIPELINES[6].ROUNDS[0].U_ROUND_U_SUB_ROM[10].ROM_dout_reg[6]/clk->d
          Group: clk
     Startpoint: (R) PIPELINES[6].U0_ARK_data_out_reg[84]/clk
          Clock: (R) clk
       Endpoint: (R) PIPELINES[6].ROUNDS[0].U_ROUND_U_SUB_ROM[10].ROM_dout_reg[6]/d
          Clock: (R) clk

                     Capture       Launch     
        Clock Edge:+     900            0     
       Src Latency:+       0            0     
       Net Latency:+       0 (I)        0 (I) 
           Arrival:=     900            0     
                                              
             Setup:-      24                  
     Required Time:=     876                  
      Launch Clock:-       0                  
         Data Path:-     280                  
             Slack:=     596                  

#-------------------------------------------------------------------------------------------------------------------------------------------------
#                         Timing Point                           Flags    Arc    Edge       Cell         Fanout Load Trans Delay Arrival Instance 
#                                                                                                               (fF)  (ps)  (ps)   (ps)  Location 
#-------------------------------------------------------------------------------------------------------------------------------------------------
  PIPELINES[6].U0_ARK_data_out_reg[84]/clk                       -       -       R     (arrival)          47792    -     0     0       0    (-,-) 
  PIPELINES[6].U0_ARK_data_out_reg[84]/q                         (u)     clk->q  R     unmapped_d_flop       19 19.0     0    84      84    (-,-) 
  g29175/z                                                       (u)     in_0->z F     unmapped_nand2        20 20.0     0    32     117    (-,-) 
  g29174/z                                                       (u)     in_0->z R     unmapped_nand2        14 14.0     0    29     145    (-,-) 
  g487229/z                                                      (u)     in_1->z F     unmapped_nand2        11 11.0     0    26     171    (-,-) 
  g29173/z                                                       (u)     in_0->z R     unmapped_nand2         4  4.0     0    18     189    (-,-) 
  g29167/z                                                       (u)     in_2->z R     unmapped_complex4      1  1.0     0    27     216    (-,-) 
  g29166/z                                                       (u)     in_0->z F     unmapped_complex4      1  1.0     0    13     229    (-,-) 
  g451048/z                                                      (u)     in_1->z R     unmapped_complex2      1  1.0     0     9     238    (-,-) 
  g29165/z                                                       (u)     in_0->z F     unmapped_complex4      1  1.0     0    17     254    (-,-) 
  g29164/z                                                       (u)     in_1->z F     unmapped_complex2      1  1.0     0     9     263    (-,-) 
  g29163/z                                                       (u)     in_0->z R     unmapped_nand4         1  1.0     0    17     280    (-,-) 
  PIPELINES[6].ROUNDS[0].U_ROUND_U_SUB_ROM[10].ROM_dout_reg[6]/d -       -       R     unmapped_d_flop        1    -     -     0     280    (-,-) 
#-------------------------------------------------------------------------------------------------------------------------------------------------

(u) : Net has unmapped pin(s).



Path 16: MET (596 ps) Setup Check with Pin PIPELINES[0].ROUNDS[0].U_ROUND_U_SUB_ROM[5].ROM_dout_reg[6]/clk->d
          Group: clk
     Startpoint: (R) PIPELINES[0].U0_ARK_data_out_reg[44]/clk
          Clock: (R) clk
       Endpoint: (R) PIPELINES[0].ROUNDS[0].U_ROUND_U_SUB_ROM[5].ROM_dout_reg[6]/d
          Clock: (R) clk

                     Capture       Launch     
        Clock Edge:+     900            0     
       Src Latency:+       0            0     
       Net Latency:+       0 (I)        0 (I) 
           Arrival:=     900            0     
                                              
             Setup:-      24                  
     Required Time:=     876                  
      Launch Clock:-       0                  
         Data Path:-     280                  
             Slack:=     596                  

#------------------------------------------------------------------------------------------------------------------------------------------------
#                         Timing Point                          Flags    Arc    Edge       Cell         Fanout Load Trans Delay Arrival Instance 
#                                                                                                              (fF)  (ps)  (ps)   (ps)  Location 
#------------------------------------------------------------------------------------------------------------------------------------------------
  PIPELINES[0].U0_ARK_data_out_reg[44]/clk                      -       -       R     (arrival)          47792    -     0     0       0    (-,-) 
  PIPELINES[0].U0_ARK_data_out_reg[44]/q                        (u)     clk->q  R     unmapped_d_flop       21 21.0     0    85      85    (-,-) 
  g224919/z                                                     (u)     in_0->z F     unmapped_nand2        21 21.0     0    33     118    (-,-) 
  g224918/z                                                     (u)     in_0->z R     unmapped_nand2         9  9.0     0    24     142    (-,-) 
  g224924/z                                                     (u)     in_0->z R     unmapped_or2          10 10.0     0    25     167    (-,-) 
  g225058/z                                                     (u)     in_0->z F     unmapped_nand2         2  2.0     0    13     180    (-,-) 
  g225425/z                                                     (u)     in_1->z R     unmapped_nand2         1  1.0     0     9     189    (-,-) 
  g225424/z                                                     (u)     in_0->z F     unmapped_complex4      1  1.0     0    13     202    (-,-) 
  g225423/z                                                     (u)     in_3->z R     unmapped_complex4      1  1.0     0    27     229    (-,-) 
  g640961/z                                                     (u)     in_1->z R     unmapped_complex4      1  1.0     0    22     250    (-,-) 
  g225422/z                                                     (u)     in_1->z F     unmapped_nand4         1  1.0     0    17     267    (-,-) 
  g641993/z                                                     (u)     in_0->z R     unmapped_complex4      1  1.0     0    13     280    (-,-) 
  PIPELINES[0].ROUNDS[0].U_ROUND_U_SUB_ROM[5].ROM_dout_reg[6]/d -       -       R     unmapped_d_flop        1    -     -     0     280    (-,-) 
#------------------------------------------------------------------------------------------------------------------------------------------------

(u) : Net has unmapped pin(s).



Path 17: MET (597 ps) Setup Check with Pin PIPELINES[7].ROUNDS[5].U_ROUND_U_SUB_ROM[10].ROM_dout_reg[3]/clk->d
          Group: clk
     Startpoint: (R) PIPELINES[7].ROUNDS[4].U_ROUND_U_KEY_data_out_reg[80]/clk
          Clock: (R) clk
       Endpoint: (R) PIPELINES[7].ROUNDS[5].U_ROUND_U_SUB_ROM[10].ROM_dout_reg[3]/d
          Clock: (R) clk

                     Capture       Launch     
        Clock Edge:+     900            0     
       Src Latency:+       0            0     
       Net Latency:+       0 (I)        0 (I) 
           Arrival:=     900            0     
                                              
             Setup:-      24                  
     Required Time:=     876                  
      Launch Clock:-       0                  
         Data Path:-     280                  
             Slack:=     597                  

#-------------------------------------------------------------------------------------------------------------------------------------------------
#                         Timing Point                           Flags    Arc    Edge       Cell         Fanout Load Trans Delay Arrival Instance 
#                                                                                                               (fF)  (ps)  (ps)   (ps)  Location 
#-------------------------------------------------------------------------------------------------------------------------------------------------
  PIPELINES[7].ROUNDS[4].U_ROUND_U_KEY_data_out_reg[80]/clk      -       -       R     (arrival)          47792    -     0     0       0    (-,-) 
  PIPELINES[7].ROUNDS[4].U_ROUND_U_KEY_data_out_reg[80]/q        (u)     clk->q  R     unmapped_d_flop       21 21.0     0    85      85    (-,-) 
  g79732/z                                                       (u)     in_0->z F     unmapped_nand2        20 20.0     0    32     118    (-,-) 
  g79760/z                                                       (u)     in_0->z R     unmapped_nand2        12 12.0     0    27     144    (-,-) 
  g79774/z                                                       (u)     in_1->z F     unmapped_nand2         9  9.0     0    24     169    (-,-) 
  g79881/z                                                       (u)     in_0->z R     unmapped_nand2         4  4.0     0    18     187    (-,-) 
  g80028/z                                                       (u)     in_2->z R     unmapped_complex4      1  1.0     0    27     213    (-,-) 
  g80027/z                                                       (u)     in_1->z R     unmapped_complex4      1  1.0     0    18     231    (-,-) 
  g80026/z                                                       (u)     in_0->z F     unmapped_complex4      1  1.0     0    13     244    (-,-) 
  g80021/z                                                       (u)     in_2->z F     unmapped_complex4      1  1.0     0    27     271    (-,-) 
  g80007/z                                                       (u)     in_1->z R     unmapped_nand2         1  1.0     0     9     280    (-,-) 
  PIPELINES[7].ROUNDS[5].U_ROUND_U_SUB_ROM[10].ROM_dout_reg[3]/d -       -       R     unmapped_d_flop        1    -     -     0     280    (-,-) 
#-------------------------------------------------------------------------------------------------------------------------------------------------

(u) : Net has unmapped pin(s).



Path 18: MET (597 ps) Setup Check with Pin PIPELINES[5].ROUNDS[2].U_ROUND_U_SUB_ROM[13].ROM_dout_reg[1]/clk->d
          Group: clk
     Startpoint: (R) PIPELINES[5].ROUNDS[1].U_ROUND_U_KEY_data_out_reg[106]/clk
          Clock: (R) clk
       Endpoint: (R) PIPELINES[5].ROUNDS[2].U_ROUND_U_SUB_ROM[13].ROM_dout_reg[1]/d
          Clock: (R) clk

                     Capture       Launch     
        Clock Edge:+     900            0     
       Src Latency:+       0            0     
       Net Latency:+       0 (I)        0 (I) 
           Arrival:=     900            0     
                                              
             Setup:-      24                  
     Required Time:=     876                  
      Launch Clock:-       0                  
         Data Path:-     280                  
             Slack:=     597                  

#-------------------------------------------------------------------------------------------------------------------------------------------------
#                         Timing Point                           Flags    Arc    Edge       Cell         Fanout Load Trans Delay Arrival Instance 
#                                                                                                               (fF)  (ps)  (ps)   (ps)  Location 
#-------------------------------------------------------------------------------------------------------------------------------------------------
  PIPELINES[5].ROUNDS[1].U_ROUND_U_KEY_data_out_reg[106]/clk     -       -       R     (arrival)          47792    -     0     0       0    (-,-) 
  PIPELINES[5].ROUNDS[1].U_ROUND_U_KEY_data_out_reg[106]/q       (u)     clk->q  F     unmapped_d_flop       38 38.0     0    91      91    (-,-) 
  g290373/z                                                      (u)     in_0->z F     unmapped_or2          14 14.0     0    29     120    (-,-) 
  g273276/z                                                      (u)     in_1->z F     unmapped_complex2     12 12.0     0    27     147    (-,-) 
  g273275/z                                                      (u)     in_1->z F     unmapped_complex2      3  3.0     0    15     162    (-,-) 
  g273365/z                                                      (u)     in_2->z F     unmapped_or3           1  1.0     0    13     175    (-,-) 
  g273364/z                                                      (u)     in_0->z R     unmapped_complex3      1  1.0     0     9     184    (-,-) 
  g316482/z                                                      (u)     in_0->z R     unmapped_complex3      1  1.0     0     9     193    (-,-) 
  g313022/z                                                      (u)     in_0->z R     unmapped_complex3      1  1.0     0     9     202    (-,-) 
  g313813/z                                                      (u)     in_0->z R     unmapped_complex4      1  1.0     0     9     210    (-,-) 
  g312926/z                                                      (u)     in_0->z R     unmapped_complex3      1  1.0     0     9     219    (-,-) 
  g273362/z                                                      (u)     in_1->z R     unmapped_complex4      1  1.0     0    13     232    (-,-) 
  g273361/z                                                      (u)     in_0->z R     unmapped_complex3      1  1.0     0     9     241    (-,-) 
  g325294/z                                                      (u)     in_0->z R     unmapped_or4           1  1.0     0    17     258    (-,-) 
  g273352/z                                                      (u)     in_1->z R     unmapped_or2           1  1.0     0     9     267    (-,-) 
  g273351/z                                                      (u)     in_0->z R     unmapped_complex4      1  1.0     0    13     280    (-,-) 
  PIPELINES[5].ROUNDS[2].U_ROUND_U_SUB_ROM[13].ROM_dout_reg[1]/d -       -       R     unmapped_d_flop        1    -     -     0     280    (-,-) 
#-------------------------------------------------------------------------------------------------------------------------------------------------

(u) : Net has unmapped pin(s).



Path 19: MET (597 ps) Setup Check with Pin PIPELINES[7].ROUNDS[1].U_ROUND_U_SUB_ROM[6].ROM_dout_reg[6]/clk->d
          Group: clk
     Startpoint: (R) PIPELINES[7].ROUNDS[0].U_ROUND_U_KEY_data_out_reg[52]/clk
          Clock: (R) clk
       Endpoint: (R) PIPELINES[7].ROUNDS[1].U_ROUND_U_SUB_ROM[6].ROM_dout_reg[6]/d
          Clock: (R) clk

                     Capture       Launch     
        Clock Edge:+     900            0     
       Src Latency:+       0            0     
       Net Latency:+       0 (I)        0 (I) 
           Arrival:=     900            0     
                                              
             Setup:-      24                  
     Required Time:=     876                  
      Launch Clock:-       0                  
         Data Path:-     280                  
             Slack:=     597                  

#------------------------------------------------------------------------------------------------------------------------------------------------
#                         Timing Point                          Flags    Arc    Edge       Cell         Fanout Load Trans Delay Arrival Instance 
#                                                                                                              (fF)  (ps)  (ps)   (ps)  Location 
#------------------------------------------------------------------------------------------------------------------------------------------------
  PIPELINES[7].ROUNDS[0].U_ROUND_U_KEY_data_out_reg[52]/clk     -       -       R     (arrival)          47792    -     0     0       0    (-,-) 
  PIPELINES[7].ROUNDS[0].U_ROUND_U_KEY_data_out_reg[52]/q       (u)     clk->q  R     unmapped_d_flop       21 21.0     0    85      85    (-,-) 
  g305582/z                                                     (u)     in_0->z F     unmapped_nand2        18 18.0     0    31     117    (-,-) 
  g303551/z                                                     (u)     in_0->z R     unmapped_nand2        16 16.0     0    30     147    (-,-) 
  g293764/z                                                     (u)     in_1->z F     unmapped_nand2        11 11.0     0    26     173    (-,-) 
  g289144/z                                                     (u)     in_0->z R     unmapped_nand2         5  5.0     0    19     192    (-,-) 
  g335364/z                                                     (u)     in_2->z F     unmapped_complex4      1  1.0     0    22     214    (-,-) 
  g339868/z                                                     (u)     in_3->z R     unmapped_complex4      1  1.0     0    27     241    (-,-) 
  g340220/z                                                     (u)     in_0->z F     unmapped_complex4      1  1.0     0    13     254    (-,-) 
  g163296/z                                                     (u)     in_1->z F     unmapped_complex2      1  1.0     0     9     263    (-,-) 
  g340365/z                                                     (u)     in_0->z R     unmapped_nand4         1  1.0     0    17     280    (-,-) 
  PIPELINES[7].ROUNDS[1].U_ROUND_U_SUB_ROM[6].ROM_dout_reg[6]/d -       -       R     unmapped_d_flop        1    -     -     0     280    (-,-) 
#------------------------------------------------------------------------------------------------------------------------------------------------

(u) : Net has unmapped pin(s).



Path 20: MET (597 ps) Setup Check with Pin PIPELINES[0].ROUNDS[4].U_ROUND_U_SUB_ROM[8].ROM_dout_reg[7]/clk->d
          Group: clk
     Startpoint: (R) PIPELINES[0].ROUNDS[3].U_ROUND_U_KEY_data_out_reg[65]/clk
          Clock: (R) clk
       Endpoint: (R) PIPELINES[0].ROUNDS[4].U_ROUND_U_SUB_ROM[8].ROM_dout_reg[7]/d
          Clock: (R) clk

                     Capture       Launch     
        Clock Edge:+     900            0     
       Src Latency:+       0            0     
       Net Latency:+       0 (I)        0 (I) 
           Arrival:=     900            0     
                                              
             Setup:-      24                  
     Required Time:=     876                  
      Launch Clock:-       0                  
         Data Path:-     280                  
             Slack:=     597                  

#------------------------------------------------------------------------------------------------------------------------------------------------
#                         Timing Point                          Flags    Arc    Edge       Cell         Fanout Load Trans Delay Arrival Instance 
#                                                                                                              (fF)  (ps)  (ps)   (ps)  Location 
#------------------------------------------------------------------------------------------------------------------------------------------------
  PIPELINES[0].ROUNDS[3].U_ROUND_U_KEY_data_out_reg[65]/clk     -       -       R     (arrival)          47792    -     0     0       0    (-,-) 
  PIPELINES[0].ROUNDS[3].U_ROUND_U_KEY_data_out_reg[65]/q       (u)     clk->q  R     unmapped_d_flop       20 20.0     0    85      85    (-,-) 
  g14950/z                                                      (u)     in_0->z F     unmapped_nand2        16 16.0     0    30     115    (-,-) 
  g14949/z                                                      (u)     in_0->z R     unmapped_nand2        12 12.0     0    27     142    (-,-) 
  g352986/z                                                     (u)     in_1->z R     unmapped_or2           6  6.0     0    21     163    (-,-) 
  g14957/z                                                      (u)     in_0->z F     unmapped_nand2         5  5.0     0    19     182    (-,-) 
  g15059/z                                                      (u)     in_2->z R     unmapped_complex4      1  1.0     0    27     209    (-,-) 
  g15058/z                                                      (u)     in_0->z F     unmapped_complex4      1  1.0     0     9     218    (-,-) 
  g15055/z                                                      (u)     in_1->z F     unmapped_complex4      1  1.0     0    13     231    (-,-) 
  g15054/z                                                      (u)     in_0->z F     unmapped_complex4      1  1.0     0    13     244    (-,-) 
  g532551/z                                                     (u)     in_3->z F     unmapped_complex4      1  1.0     0    27     271    (-,-) 
  g15046/z                                                      (u)     in_0->z R     unmapped_complex3      1  1.0     0     9     280    (-,-) 
  PIPELINES[0].ROUNDS[4].U_ROUND_U_SUB_ROM[8].ROM_dout_reg[7]/d -       -       R     unmapped_d_flop        1    -     -     0     280    (-,-) 
#------------------------------------------------------------------------------------------------------------------------------------------------

(u) : Net has unmapped pin(s).



Path 21: MET (597 ps) Setup Check with Pin PIPELINES[7].ROUNDS[6].U_ROUND_U_SUB_ROM[5].ROM_dout_reg[6]/clk->d
          Group: clk
     Startpoint: (R) PIPELINES[7].ROUNDS[5].U_ROUND_U_KEY_data_out_reg[44]/clk
          Clock: (R) clk
       Endpoint: (R) PIPELINES[7].ROUNDS[6].U_ROUND_U_SUB_ROM[5].ROM_dout_reg[6]/d
          Clock: (R) clk

                     Capture       Launch     
        Clock Edge:+     900            0     
       Src Latency:+       0            0     
       Net Latency:+       0 (I)        0 (I) 
           Arrival:=     900            0     
                                              
             Setup:-      24                  
     Required Time:=     876                  
      Launch Clock:-       0                  
         Data Path:-     279                  
             Slack:=     597                  

#------------------------------------------------------------------------------------------------------------------------------------------------
#                         Timing Point                          Flags    Arc    Edge       Cell         Fanout Load Trans Delay Arrival Instance 
#                                                                                                              (fF)  (ps)  (ps)   (ps)  Location 
#------------------------------------------------------------------------------------------------------------------------------------------------
  PIPELINES[7].ROUNDS[5].U_ROUND_U_KEY_data_out_reg[44]/clk     -       -       R     (arrival)          47792    -     0     0       0    (-,-) 
  PIPELINES[7].ROUNDS[5].U_ROUND_U_KEY_data_out_reg[44]/q       (u)     clk->q  R     unmapped_d_flop       19 19.0     0    84      84    (-,-) 
  g84589/z                                                      (u)     in_0->z F     unmapped_nand2        21 21.0     0    33     117    (-,-) 
  g84604/z                                                      (u)     in_0->z R     unmapped_nand2        15 15.0     0    30     147    (-,-) 
  g84628/z                                                      (u)     in_1->z F     unmapped_nand2        13 13.0     0    28     174    (-,-) 
  g475993/z                                                     (u)     in_0->z R     unmapped_nand2         4  4.0     0    18     192    (-,-) 
  g465710/z                                                     (u)     in_0->z R     unmapped_or2           1  1.0     0     9     201    (-,-) 
  g84627/z                                                      (u)     in_0->z F     unmapped_complex4      1  1.0     0    13     214    (-,-) 
  g455781/z                                                     (u)     in_0->z R     unmapped_nand2         1  1.0     0     9     223    (-,-) 
  g84626/z                                                      (u)     in_0->z F     unmapped_complex4      1  1.0     0    13     236    (-,-) 
  g450880/z                                                     (u)     in_1->z R     unmapped_complex2      1  1.0     0     9     245    (-,-) 
  g84625/z                                                      (u)     in_0->z F     unmapped_complex4      1  1.0     0    17     262    (-,-) 
  g84551/z                                                      (u)     in_2->z R     unmapped_complex3      1  1.0     0    18     279    (-,-) 
  PIPELINES[7].ROUNDS[6].U_ROUND_U_SUB_ROM[5].ROM_dout_reg[6]/d -       -       R     unmapped_d_flop        1    -     -     0     279    (-,-) 
#------------------------------------------------------------------------------------------------------------------------------------------------

(u) : Net has unmapped pin(s).



Path 22: MET (598 ps) Setup Check with Pin PIPELINES[6].ROUNDS[3].U_ROUND_U_SUB_ROM[1].ROM_dout_reg[6]/clk->d
          Group: clk
     Startpoint: (R) PIPELINES[6].ROUNDS[2].U_ROUND_U_KEY_data_out_reg[12]/clk
          Clock: (R) clk
       Endpoint: (R) PIPELINES[6].ROUNDS[3].U_ROUND_U_SUB_ROM[1].ROM_dout_reg[6]/d
          Clock: (R) clk

                     Capture       Launch     
        Clock Edge:+     900            0     
       Src Latency:+       0            0     
       Net Latency:+       0 (I)        0 (I) 
           Arrival:=     900            0     
                                              
             Setup:-      24                  
     Required Time:=     876                  
      Launch Clock:-       0                  
         Data Path:-     279                  
             Slack:=     598                  

#------------------------------------------------------------------------------------------------------------------------------------------------
#                         Timing Point                          Flags    Arc    Edge       Cell         Fanout Load Trans Delay Arrival Instance 
#                                                                                                              (fF)  (ps)  (ps)   (ps)  Location 
#------------------------------------------------------------------------------------------------------------------------------------------------
  PIPELINES[6].ROUNDS[2].U_ROUND_U_KEY_data_out_reg[12]/clk     -       -       R     (arrival)          47792    -     0     0       0    (-,-) 
  PIPELINES[6].ROUNDS[2].U_ROUND_U_KEY_data_out_reg[12]/q       (u)     clk->q  R     unmapped_d_flop       21 21.0     0    85      85    (-,-) 
  g42600/z                                                      (u)     in_0->z F     unmapped_nand2        19 19.0     0    32     117    (-,-) 
  g42599/z                                                      (u)     in_0->z R     unmapped_nand2        16 16.0     0    30     148    (-,-) 
  g379929/z                                                     (u)     in_1->z F     unmapped_complex2      2  2.0     0    13     160    (-,-) 
  g42770/z                                                      (u)     in_2->z F     unmapped_complex3      1  1.0     0    18     178    (-,-) 
  g42769/z                                                      (u)     in_0->z R     unmapped_complex4      1  1.0     0     9     187    (-,-) 
  g42768/z                                                      (u)     in_1->z F     unmapped_nand2         1  1.0     0     9     196    (-,-) 
  g42767/z                                                      (u)     in_0->z R     unmapped_complex4      1  1.0     0    13     209    (-,-) 
  g451448/z                                                     (u)     in_1->z F     unmapped_nand2         1  1.0     0     9     218    (-,-) 
  g42766/z                                                      (u)     in_0->z R     unmapped_complex4      1  1.0     0    13     230    (-,-) 
  g42765/z                                                      (u)     in_1->z F     unmapped_complex2      1  1.0     0     9     239    (-,-) 
  g528841/z                                                     (u)     in_0->z R     unmapped_complex4      1  1.0     0    13     252    (-,-) 
  g42761/z                                                      (u)     in_2->z R     unmapped_complex3      1  1.0     0    18     270    (-,-) 
  g42760/z                                                      (u)     in_0->z R     unmapped_complex4      1  1.0     0     9     279    (-,-) 
  PIPELINES[6].ROUNDS[3].U_ROUND_U_SUB_ROM[1].ROM_dout_reg[6]/d -       -       R     unmapped_d_flop        1    -     -     0     279    (-,-) 
#------------------------------------------------------------------------------------------------------------------------------------------------

(u) : Net has unmapped pin(s).



Path 23: MET (598 ps) Setup Check with Pin PIPELINES[0].ROUNDS[3].U_ROUND_U_SUB_ROM[6].ROM_dout_reg[6]/clk->d
          Group: clk
     Startpoint: (R) PIPELINES[0].ROUNDS[2].U_ROUND_U_KEY_data_out_reg[52]/clk
          Clock: (R) clk
       Endpoint: (R) PIPELINES[0].ROUNDS[3].U_ROUND_U_SUB_ROM[6].ROM_dout_reg[6]/d
          Clock: (R) clk

                     Capture       Launch     
        Clock Edge:+     900            0     
       Src Latency:+       0            0     
       Net Latency:+       0 (I)        0 (I) 
           Arrival:=     900            0     
                                              
             Setup:-      24                  
     Required Time:=     876                  
      Launch Clock:-       0                  
         Data Path:-     279                  
             Slack:=     598                  

#------------------------------------------------------------------------------------------------------------------------------------------------
#                         Timing Point                          Flags    Arc    Edge       Cell         Fanout Load Trans Delay Arrival Instance 
#                                                                                                              (fF)  (ps)  (ps)   (ps)  Location 
#------------------------------------------------------------------------------------------------------------------------------------------------
  PIPELINES[0].ROUNDS[2].U_ROUND_U_KEY_data_out_reg[52]/clk     -       -       R     (arrival)          47792    -     0     0       0    (-,-) 
  PIPELINES[0].ROUNDS[2].U_ROUND_U_KEY_data_out_reg[52]/q       (u)     clk->q  F     unmapped_d_flop       19 19.0     0    84      84    (-,-) 
  g495479/z                                                     (u)     in_0->z R     unmapped_nand2        19 19.0     0    32     116    (-,-) 
  g495268/z                                                     (u)     in_0->z F     unmapped_nand2        13 13.0     0    28     144    (-,-) 
  g486801/z                                                     (u)     in_1->z R     unmapped_nand2        11 11.0     0    26     170    (-,-) 
  g476385/z                                                     (u)     in_0->z F     unmapped_nand2         3  3.0     0    15     185    (-,-) 
  g469467/z                                                     (u)     in_0->z R     unmapped_complex2      3  3.0     0    15     201    (-,-) 
  g526681/z                                                     (u)     in_1->z R     unmapped_complex4      1  1.0     0    22     222    (-,-) 
  g529066/z                                                     (u)     in_0->z F     unmapped_complex4      1  1.0     0     9     231    (-,-) 
  g526722/z                                                     (u)     in_0->z F     unmapped_complex4      1  1.0     0    17     248    (-,-) 
  g531568/z                                                     (u)     in_3->z R     unmapped_complex4      1  1.0     0    22     270    (-,-) 
  g531662/z                                                     (u)     in_0->z R     unmapped_complex3      1  1.0     0     9     279    (-,-) 
  PIPELINES[0].ROUNDS[3].U_ROUND_U_SUB_ROM[6].ROM_dout_reg[6]/d -       -       R     unmapped_d_flop        1    -     -     0     279    (-,-) 
#------------------------------------------------------------------------------------------------------------------------------------------------

(u) : Net has unmapped pin(s).



Path 24: MET (598 ps) Setup Check with Pin PIPELINES[7].ROUNDS[2].U_ROUND_U_SUB_ROM[12].ROM_dout_reg[1]/clk->d
          Group: clk
     Startpoint: (R) PIPELINES[7].ROUNDS[1].U_ROUND_U_KEY_data_out_reg[100]/clk
          Clock: (R) clk
       Endpoint: (R) PIPELINES[7].ROUNDS[2].U_ROUND_U_SUB_ROM[12].ROM_dout_reg[1]/d
          Clock: (R) clk

                     Capture       Launch     
        Clock Edge:+     900            0     
       Src Latency:+       0            0     
       Net Latency:+       0 (I)        0 (I) 
           Arrival:=     900            0     
                                              
             Setup:-      24                  
     Required Time:=     876                  
      Launch Clock:-       0                  
         Data Path:-     279                  
             Slack:=     598                  

#-------------------------------------------------------------------------------------------------------------------------------------------------
#                         Timing Point                           Flags    Arc    Edge       Cell         Fanout Load Trans Delay Arrival Instance 
#                                                                                                               (fF)  (ps)  (ps)   (ps)  Location 
#-------------------------------------------------------------------------------------------------------------------------------------------------
  PIPELINES[7].ROUNDS[1].U_ROUND_U_KEY_data_out_reg[100]/clk     -       -       R     (arrival)          47792    -     0     0       0    (-,-) 
  PIPELINES[7].ROUNDS[1].U_ROUND_U_KEY_data_out_reg[100]/q       (u)     clk->q  R     unmapped_d_flop       21 21.0     0    85      85    (-,-) 
  g305576/z                                                      (u)     in_0->z F     unmapped_nand2        18 18.0     0    31     117    (-,-) 
  g303541/z                                                      (u)     in_0->z R     unmapped_nand2        14 14.0     0    29     145    (-,-) 
  g300519/z                                                      (u)     in_1->z R     unmapped_or2           7  7.0     0    22     167    (-,-) 
  g288616/z                                                      (u)     in_0->z F     unmapped_nand2         3  3.0     0    15     183    (-,-) 
  g277278/z                                                      (u)     in_0->z F     unmapped_or2           2  2.0     0    13     195    (-,-) 
  g331732/z                                                      (u)     in_0->z R     unmapped_complex4      1  1.0     0    13     208    (-,-) 
  g311799/z                                                      (u)     in_0->z F     unmapped_complex2      1  1.0     0     9     217    (-,-) 
  g338802/z                                                      (u)     in_0->z R     unmapped_complex4      1  1.0     0    13     230    (-,-) 
  g255435/z                                                      (u)     in_1->z R     unmapped_complex2      1  1.0     0     9     239    (-,-) 
  g338313/z                                                      (u)     in_0->z R     unmapped_complex4      1  1.0     0     9     248    (-,-) 
  g253596/z                                                      (u)     in_1->z F     unmapped_complex2      1  1.0     0     9     257    (-,-) 
  g338939/z                                                      (u)     in_0->z R     unmapped_complex4      1  1.0     0    13     270    (-,-) 
  g340961/z                                                      (u)     in_0->z R     unmapped_complex3      1  1.0     0     9     279    (-,-) 
  PIPELINES[7].ROUNDS[2].U_ROUND_U_SUB_ROM[12].ROM_dout_reg[1]/d -       -       R     unmapped_d_flop        1    -     -     0     279    (-,-) 
#-------------------------------------------------------------------------------------------------------------------------------------------------

(u) : Net has unmapped pin(s).



Path 25: MET (598 ps) Setup Check with Pin PIPELINES[4].ROUNDS[7].U_ROUND_U_SUB_ROM[4].ROM_dout_reg[1]/clk->d
          Group: clk
     Startpoint: (R) PIPELINES[4].ROUNDS[6].U_ROUND_U_KEY_data_out_reg[36]/clk
          Clock: (R) clk
       Endpoint: (R) PIPELINES[4].ROUNDS[7].U_ROUND_U_SUB_ROM[4].ROM_dout_reg[1]/d
          Clock: (R) clk

                     Capture       Launch     
        Clock Edge:+     900            0     
       Src Latency:+       0            0     
       Net Latency:+       0 (I)        0 (I) 
           Arrival:=     900            0     
                                              
             Setup:-      24                  
     Required Time:=     876                  
      Launch Clock:-       0                  
         Data Path:-     279                  
             Slack:=     598                  

#------------------------------------------------------------------------------------------------------------------------------------------------
#                         Timing Point                          Flags    Arc    Edge       Cell         Fanout Load Trans Delay Arrival Instance 
#                                                                                                              (fF)  (ps)  (ps)   (ps)  Location 
#------------------------------------------------------------------------------------------------------------------------------------------------
  PIPELINES[4].ROUNDS[6].U_ROUND_U_KEY_data_out_reg[36]/clk     -       -       R     (arrival)          47792    -     0     0       0    (-,-) 
  PIPELINES[4].ROUNDS[6].U_ROUND_U_KEY_data_out_reg[36]/q       (u)     clk->q  R     unmapped_d_flop       21 21.0     0    85      85    (-,-) 
  g125368/z                                                     (u)     in_0->z F     unmapped_nand2        18 18.0     0    31     117    (-,-) 
  g125659/z                                                     (u)     in_0->z R     unmapped_nand2        14 14.0     0    29     145    (-,-) 
  g125845/z                                                     (u)     in_1->z R     unmapped_or2           7  7.0     0    22     167    (-,-) 
  g125844/z                                                     (u)     in_0->z F     unmapped_nand2         3  3.0     0    15     183    (-,-) 
  g126512/z                                                     (u)     in_0->z F     unmapped_or2           2  2.0     0    13     195    (-,-) 
  g126511/z                                                     (u)     in_1->z F     unmapped_complex4      1  1.0     0    22     217    (-,-) 
  g126510/z                                                     (u)     in_0->z R     unmapped_complex4      1  1.0     0    13     230    (-,-) 
  g441942/z                                                     (u)     in_1->z R     unmapped_complex2      1  1.0     0     9     239    (-,-) 
  g126506/z                                                     (u)     in_0->z R     unmapped_complex4      1  1.0     0     9     248    (-,-) 
  g439804/z                                                     (u)     in_1->z F     unmapped_complex2      1  1.0     0     9     257    (-,-) 
  g126505/z                                                     (u)     in_0->z R     unmapped_complex4      1  1.0     0    13     270    (-,-) 
  g126504/z                                                     (u)     in_0->z R     unmapped_complex3      1  1.0     0     9     279    (-,-) 
  PIPELINES[4].ROUNDS[7].U_ROUND_U_SUB_ROM[4].ROM_dout_reg[1]/d -       -       R     unmapped_d_flop        1    -     -     0     279    (-,-) 
#------------------------------------------------------------------------------------------------------------------------------------------------

(u) : Net has unmapped pin(s).



Path 26: MET (598 ps) Setup Check with Pin PIPELINES[3].ROUNDS[3].U_ROUND_U_SUB_ROM[0].ROM_dout_reg[6]/clk->d
          Group: clk
     Startpoint: (R) PIPELINES[3].ROUNDS[2].U_ROUND_U_KEY_data_out_reg[4]/clk
          Clock: (R) clk
       Endpoint: (R) PIPELINES[3].ROUNDS[3].U_ROUND_U_SUB_ROM[0].ROM_dout_reg[6]/d
          Clock: (R) clk

                     Capture       Launch     
        Clock Edge:+     900            0     
       Src Latency:+       0            0     
       Net Latency:+       0 (I)        0 (I) 
           Arrival:=     900            0     
                                              
             Setup:-      24                  
     Required Time:=     876                  
      Launch Clock:-       0                  
         Data Path:-     278                  
             Slack:=     598                  

#------------------------------------------------------------------------------------------------------------------------------------------------
#                         Timing Point                          Flags    Arc    Edge       Cell         Fanout Load Trans Delay Arrival Instance 
#                                                                                                              (fF)  (ps)  (ps)   (ps)  Location 
#------------------------------------------------------------------------------------------------------------------------------------------------
  PIPELINES[3].ROUNDS[2].U_ROUND_U_KEY_data_out_reg[4]/clk      -       -       R     (arrival)          47792    -     0     0       0    (-,-) 
  PIPELINES[3].ROUNDS[2].U_ROUND_U_KEY_data_out_reg[4]/q        (u)     clk->q  R     unmapped_d_flop       21 21.0     0    85      85    (-,-) 
  g392068/z                                                     (u)     in_0->z F     unmapped_nand2        17 17.0     0    31     116    (-,-) 
  g392070/z                                                     (u)     in_0->z R     unmapped_nand2         9  9.0     0    24     140    (-,-) 
  g351704/z                                                     (u)     in_0->z R     unmapped_or2           9  9.0     0    24     165    (-,-) 
  g379140/z                                                     (u)     in_0->z F     unmapped_nand2         2  2.0     0    13     178    (-,-) 
  g367695/z                                                     (u)     in_1->z R     unmapped_nand2         1  1.0     0     9     186    (-,-) 
  g408378/z                                                     (u)     in_0->z F     unmapped_complex4      1  1.0     0     9     195    (-,-) 
  g418874/z                                                     (u)     in_3->z R     unmapped_complex4      1  1.0     0    27     222    (-,-) 
  g420261/z                                                     (u)     in_1->z R     unmapped_complex4      1  1.0     0    22     244    (-,-) 
  g419960/z                                                     (u)     in_0->z F     unmapped_complex4      1  1.0     0    13     257    (-,-) 
  g420713/z                                                     (u)     in_3->z R     unmapped_complex4      1  1.0     0    22     278    (-,-) 
  PIPELINES[3].ROUNDS[3].U_ROUND_U_SUB_ROM[0].ROM_dout_reg[6]/d -       -       R     unmapped_d_flop        1    -     -     0     278    (-,-) 
#------------------------------------------------------------------------------------------------------------------------------------------------

(u) : Net has unmapped pin(s).



Path 27: MET (598 ps) Setup Check with Pin PIPELINES[3].ROUNDS[0].U_ROUND_U_SUB_ROM[3].ROM_dout_reg[6]/clk->d
          Group: clk
     Startpoint: (R) PIPELINES[3].U0_ARK_data_out_reg[28]/clk
          Clock: (R) clk
       Endpoint: (R) PIPELINES[3].ROUNDS[0].U_ROUND_U_SUB_ROM[3].ROM_dout_reg[6]/d
          Clock: (R) clk

                     Capture       Launch     
        Clock Edge:+     900            0     
       Src Latency:+       0            0     
       Net Latency:+       0 (I)        0 (I) 
           Arrival:=     900            0     
                                              
             Setup:-      24                  
     Required Time:=     876                  
      Launch Clock:-       0                  
         Data Path:-     278                  
             Slack:=     598                  

#------------------------------------------------------------------------------------------------------------------------------------------------
#                         Timing Point                          Flags    Arc    Edge       Cell         Fanout Load Trans Delay Arrival Instance 
#                                                                                                              (fF)  (ps)  (ps)   (ps)  Location 
#------------------------------------------------------------------------------------------------------------------------------------------------
  PIPELINES[3].U0_ARK_data_out_reg[28]/clk                      -       -       R     (arrival)          47792    -     0     0       0    (-,-) 
  PIPELINES[3].U0_ARK_data_out_reg[28]/q                        (u)     clk->q  R     unmapped_d_flop       21 21.0     0    85      85    (-,-) 
  g53809/z                                                      (u)     in_0->z F     unmapped_nand2        17 17.0     0    31     116    (-,-) 
  g493096/z                                                     (u)     in_0->z R     unmapped_nand2         9  9.0     0    24     140    (-,-) 
  g174756/z                                                     (u)     in_0->z R     unmapped_or2           9  9.0     0    24     165    (-,-) 
  g53867/z                                                      (u)     in_0->z F     unmapped_nand2         2  2.0     0    13     178    (-,-) 
  g471701/z                                                     (u)     in_1->z R     unmapped_nand2         1  1.0     0     9     186    (-,-) 
  g54603/z                                                      (u)     in_0->z F     unmapped_complex4      1  1.0     0     9     195    (-,-) 
  g54601/z                                                      (u)     in_3->z R     unmapped_complex4      1  1.0     0    27     222    (-,-) 
  g54600/z                                                      (u)     in_1->z R     unmapped_complex4      1  1.0     0    22     244    (-,-) 
  g54599/z                                                      (u)     in_0->z F     unmapped_complex4      1  1.0     0    13     257    (-,-) 
  g54598/z                                                      (u)     in_1->z F     unmapped_complex2      1  1.0     0     9     266    (-,-) 
  g54597/z                                                      (u)     in_0->z R     unmapped_complex4      1  1.0     0    13     278    (-,-) 
  PIPELINES[3].ROUNDS[0].U_ROUND_U_SUB_ROM[3].ROM_dout_reg[6]/d -       -       R     unmapped_d_flop        1    -     -     0     278    (-,-) 
#------------------------------------------------------------------------------------------------------------------------------------------------

(u) : Net has unmapped pin(s).



Path 28: MET (598 ps) Setup Check with Pin U_KEYEXP_ROUND_KEY_GEN[5].RKGEN_U_SUB_U_ROM[2].ROM_dout_reg[1]/clk->d
          Group: clk
     Startpoint: (R) U_KEYEXP_ROUND_KEY_GEN[5].RKGEN_U_Key_FirstStage_reg[9]/clk
          Clock: (R) clk
       Endpoint: (R) U_KEYEXP_ROUND_KEY_GEN[5].RKGEN_U_SUB_U_ROM[2].ROM_dout_reg[1]/d
          Clock: (R) clk

                     Capture       Launch     
        Clock Edge:+     900            0     
       Src Latency:+       0            0     
       Net Latency:+       0 (I)        0 (I) 
           Arrival:=     900            0     
                                              
             Setup:-      24                  
     Required Time:=     876                  
      Launch Clock:-       0                  
         Data Path:-     278                  
             Slack:=     598                  

#---------------------------------------------------------------------------------------------------------------------------------------------------
#                          Timing Point                            Flags    Arc    Edge       Cell         Fanout Load Trans Delay Arrival Instance 
#                                                                                                                 (fF)  (ps)  (ps)   (ps)  Location 
#---------------------------------------------------------------------------------------------------------------------------------------------------
  U_KEYEXP_ROUND_KEY_GEN[5].RKGEN_U_Key_FirstStage_reg[9]/clk      -       -       R     (arrival)          47792    -     0     0       0    (-,-) 
  U_KEYEXP_ROUND_KEY_GEN[5].RKGEN_U_Key_FirstStage_reg[9]/q        (u)     clk->q  F     unmapped_d_flop       23 23.0     0    86      86    (-,-) 
  g499721/z                                                        (u)     in_0->z R     unmapped_nand2        13 13.0     0    28     114    (-,-) 
  g13591/z                                                         (u)     in_0->z F     unmapped_nand2        12 12.0     0    27     141    (-,-) 
  g13590/z                                                         (u)     in_1->z F     unmapped_or2           8  8.0     0    23     164    (-,-) 
  g13601/z                                                         (u)     in_0->z R     unmapped_nand2         4  4.0     0    18     182    (-,-) 
  g528970/z                                                        (u)     in_3->z F     unmapped_complex4      1  1.0     0    18     200    (-,-) 
  g532987/z                                                        (u)     in_1->z F     unmapped_complex4      1  1.0     0    13     213    (-,-) 
  g456589/z                                                        (u)     in_1->z F     unmapped_or2           1  1.0     0     9     222    (-,-) 
  g13613/z                                                         (u)     in_0->z R     unmapped_complex4      1  1.0     0    13     235    (-,-) 
  g536647/z                                                        (u)     in_3->z R     unmapped_complex4      1  1.0     0    22     256    (-,-) 
  g453430/z                                                        (u)     in_0->z F     unmapped_complex2      1  1.0     0     9     265    (-,-) 
  g536360/z                                                        (u)     in_0->z R     unmapped_complex4      1  1.0     0    13     278    (-,-) 
  U_KEYEXP_ROUND_KEY_GEN[5].RKGEN_U_SUB_U_ROM[2].ROM_dout_reg[1]/d -       -       R     unmapped_d_flop        1    -     -     0     278    (-,-) 
#---------------------------------------------------------------------------------------------------------------------------------------------------

(u) : Net has unmapped pin(s).



Path 29: MET (598 ps) Setup Check with Pin PIPELINES[2].ROUNDS[1].U_ROUND_U_SUB_ROM[12].ROM_dout_reg[6]/clk->d
          Group: clk
     Startpoint: (R) PIPELINES[2].ROUNDS[0].U_ROUND_U_KEY_data_out_reg[100]/clk
          Clock: (R) clk
       Endpoint: (R) PIPELINES[2].ROUNDS[1].U_ROUND_U_SUB_ROM[12].ROM_dout_reg[6]/d
          Clock: (R) clk

                     Capture       Launch     
        Clock Edge:+     900            0     
       Src Latency:+       0            0     
       Net Latency:+       0 (I)        0 (I) 
           Arrival:=     900            0     
                                              
             Setup:-      24                  
     Required Time:=     876                  
      Launch Clock:-       0                  
         Data Path:-     278                  
             Slack:=     598                  

#-------------------------------------------------------------------------------------------------------------------------------------------------
#                         Timing Point                           Flags    Arc    Edge       Cell         Fanout Load Trans Delay Arrival Instance 
#                                                                                                               (fF)  (ps)  (ps)   (ps)  Location 
#-------------------------------------------------------------------------------------------------------------------------------------------------
  PIPELINES[2].ROUNDS[0].U_ROUND_U_KEY_data_out_reg[100]/clk     -       -       R     (arrival)          47792    -     0     0       0    (-,-) 
  PIPELINES[2].ROUNDS[0].U_ROUND_U_KEY_data_out_reg[100]/q       (u)     clk->q  R     unmapped_d_flop       21 21.0     0    85      85    (-,-) 
  g493145/z                                                      (u)     in_0->z F     unmapped_nand2        16 16.0     0    30     116    (-,-) 
  g52441/z                                                       (u)     in_0->z R     unmapped_nand2         9  9.0     0    24     140    (-,-) 
  g174648/z                                                      (u)     in_0->z R     unmapped_or2           9  9.0     0    24     164    (-,-) 
  g52486/z                                                       (u)     in_0->z F     unmapped_nand2         2  2.0     0    13     177    (-,-) 
  g52911/z                                                       (u)     in_1->z R     unmapped_nand2         1  1.0     0     9     186    (-,-) 
  g52910/z                                                       (u)     in_0->z F     unmapped_complex4      1  1.0     0     9     195    (-,-) 
  g52908/z                                                       (u)     in_3->z R     unmapped_complex4      1  1.0     0    27     222    (-,-) 
  g52907/z                                                       (u)     in_1->z R     unmapped_complex4      1  1.0     0    22     243    (-,-) 
  g52906/z                                                       (u)     in_0->z F     unmapped_complex4      1  1.0     0    13     256    (-,-) 
  g52889/z                                                       (u)     in_3->z R     unmapped_complex4      1  1.0     0    22     278    (-,-) 
  PIPELINES[2].ROUNDS[1].U_ROUND_U_SUB_ROM[12].ROM_dout_reg[6]/d -       -       R     unmapped_d_flop        1    -     -     0     278    (-,-) 
#-------------------------------------------------------------------------------------------------------------------------------------------------

(u) : Net has unmapped pin(s).



Path 30: MET (598 ps) Setup Check with Pin PIPELINES[1].ROUNDS[7].U_ROUND_U_SUB_ROM[10].ROM_dout_reg[7]/clk->d
          Group: clk
     Startpoint: (R) PIPELINES[1].ROUNDS[6].U_ROUND_U_KEY_data_out_reg[84]/clk
          Clock: (R) clk
       Endpoint: (R) PIPELINES[1].ROUNDS[7].U_ROUND_U_SUB_ROM[10].ROM_dout_reg[7]/d
          Clock: (R) clk

                     Capture       Launch     
        Clock Edge:+     900            0     
       Src Latency:+       0            0     
       Net Latency:+       0 (I)        0 (I) 
           Arrival:=     900            0     
                                              
             Setup:-      24                  
     Required Time:=     876                  
      Launch Clock:-       0                  
         Data Path:-     278                  
             Slack:=     598                  

#-------------------------------------------------------------------------------------------------------------------------------------------------
#                         Timing Point                           Flags    Arc    Edge       Cell         Fanout Load Trans Delay Arrival Instance 
#                                                                                                               (fF)  (ps)  (ps)   (ps)  Location 
#-------------------------------------------------------------------------------------------------------------------------------------------------
  PIPELINES[1].ROUNDS[6].U_ROUND_U_KEY_data_out_reg[84]/clk      -       -       R     (arrival)          47792    -     0     0       0    (-,-) 
  PIPELINES[1].ROUNDS[6].U_ROUND_U_KEY_data_out_reg[84]/q        (u)     clk->q  F     unmapped_d_flop       22 22.0     0    86      86    (-,-) 
  g266729/z                                                      (u)     in_0->z R     unmapped_nand2        19 19.0     0    32     117    (-,-) 
  g266728/z                                                      (u)     in_0->z F     unmapped_nand2         9  9.0     0    24     142    (-,-) 
  g266727/z                                                      (u)     in_0->z F     unmapped_or2          10 10.0     0    25     167    (-,-) 
  g585037/z                                                      (u)     in_0->z R     unmapped_nand2         2  2.0     0    13     180    (-,-) 
  g574987/z                                                      (u)     in_0->z F     unmapped_complex2      3  3.0     0    15     195    (-,-) 
  g266724/z                                                      (u)     in_1->z F     unmapped_complex4      1  1.0     0    18     213    (-,-) 
  g266723/z                                                      (u)     in_0->z R     unmapped_complex3      1  1.0     0    13     226    (-,-) 
  g635392/z                                                      (u)     in_1->z F     unmapped_complex4      1  1.0     0    18     243    (-,-) 
  g266718/z                                                      (u)     in_0->z R     unmapped_complex4      1  1.0     0    13     256    (-,-) 
  g550793/z                                                      (u)     in_1->z F     unmapped_complex2      1  1.0     0     9     265    (-,-) 
  g636146/z                                                      (u)     in_0->z R     unmapped_complex4      1  1.0     0    13     278    (-,-) 
  PIPELINES[1].ROUNDS[7].U_ROUND_U_SUB_ROM[10].ROM_dout_reg[7]/d -       -       R     unmapped_d_flop        1    -     -     0     278    (-,-) 
#-------------------------------------------------------------------------------------------------------------------------------------------------

(u) : Net has unmapped pin(s).



Path 31: MET (599 ps) Setup Check with Pin PIPELINES[5].ROUNDS[7].U_ROUND_U_SUB_ROM[12].ROM_dout_reg[1]/clk->d
          Group: clk
     Startpoint: (R) PIPELINES[5].ROUNDS[6].U_ROUND_U_KEY_data_out_reg[100]/clk
          Clock: (R) clk
       Endpoint: (R) PIPELINES[5].ROUNDS[7].U_ROUND_U_SUB_ROM[12].ROM_dout_reg[1]/d
          Clock: (R) clk

                     Capture       Launch     
        Clock Edge:+     900            0     
       Src Latency:+       0            0     
       Net Latency:+       0 (I)        0 (I) 
           Arrival:=     900            0     
                                              
             Setup:-      24                  
     Required Time:=     876                  
      Launch Clock:-       0                  
         Data Path:-     278                  
             Slack:=     599                  

#-------------------------------------------------------------------------------------------------------------------------------------------------
#                         Timing Point                           Flags    Arc    Edge       Cell         Fanout Load Trans Delay Arrival Instance 
#                                                                                                               (fF)  (ps)  (ps)   (ps)  Location 
#-------------------------------------------------------------------------------------------------------------------------------------------------
  PIPELINES[5].ROUNDS[6].U_ROUND_U_KEY_data_out_reg[100]/clk     -       -       R     (arrival)          47792    -     0     0       0    (-,-) 
  PIPELINES[5].ROUNDS[6].U_ROUND_U_KEY_data_out_reg[100]/q       (u)     clk->q  R     unmapped_d_flop       19 19.0     0    84      84    (-,-) 
  g168970/z                                                      (u)     in_0->z F     unmapped_nand2        20 20.0     0    32     117    (-,-) 
  g168999/z                                                      (u)     in_0->z R     unmapped_nand2        13 13.0     0    28     144    (-,-) 
  g169020/z                                                      (u)     in_1->z R     unmapped_or2           7  7.0     0    22     166    (-,-) 
  g464084/z                                                      (u)     in_1->z F     unmapped_nand2         3  3.0     0    15     182    (-,-) 
  g454715/z                                                      (u)     in_1->z F     unmapped_or2           2  2.0     0    13     194    (-,-) 
  g504250/z                                                      (u)     in_0->z R     unmapped_complex4      1  1.0     0    13     207    (-,-) 
  g170650/z                                                      (u)     in_1->z R     unmapped_complex3      1  1.0     0    18     225    (-,-) 
  g170648/z                                                      (u)     in_0->z R     unmapped_complex4      1  1.0     0    13     238    (-,-) 
  g170646/z                                                      (u)     in_0->z R     unmapped_complex4      1  1.0     0     9     247    (-,-) 
  g434985/z                                                      (u)     in_1->z F     unmapped_complex2      1  1.0     0     9     256    (-,-) 
  g170645/z                                                      (u)     in_0->z R     unmapped_complex4      1  1.0     0    13     269    (-,-) 
  g170644/z                                                      (u)     in_0->z R     unmapped_complex4      1  1.0     0     9     278    (-,-) 
  PIPELINES[5].ROUNDS[7].U_ROUND_U_SUB_ROM[12].ROM_dout_reg[1]/d -       -       R     unmapped_d_flop        1    -     -     0     278    (-,-) 
#-------------------------------------------------------------------------------------------------------------------------------------------------

(u) : Net has unmapped pin(s).



Path 32: MET (599 ps) Setup Check with Pin PIPELINES[3].ROUNDS[7].U_ROUND_U_SUB_ROM[6].ROM_dout_reg[5]/clk->d
          Group: clk
     Startpoint: (R) PIPELINES[3].ROUNDS[6].U_ROUND_U_KEY_data_out_reg[48]/clk
          Clock: (R) clk
       Endpoint: (R) PIPELINES[3].ROUNDS[7].U_ROUND_U_SUB_ROM[6].ROM_dout_reg[5]/d
          Clock: (R) clk

                     Capture       Launch     
        Clock Edge:+     900            0     
       Src Latency:+       0            0     
       Net Latency:+       0 (I)        0 (I) 
           Arrival:=     900            0     
                                              
             Setup:-      24                  
     Required Time:=     876                  
      Launch Clock:-       0                  
         Data Path:-     278                  
             Slack:=     599                  

#------------------------------------------------------------------------------------------------------------------------------------------------
#                         Timing Point                          Flags    Arc    Edge       Cell         Fanout Load Trans Delay Arrival Instance 
#                                                                                                              (fF)  (ps)  (ps)   (ps)  Location 
#------------------------------------------------------------------------------------------------------------------------------------------------
  PIPELINES[3].ROUNDS[6].U_ROUND_U_KEY_data_out_reg[48]/clk     -       -       R     (arrival)          47792    -     0     0       0    (-,-) 
  PIPELINES[3].ROUNDS[6].U_ROUND_U_KEY_data_out_reg[48]/q       (u)     clk->q  R     unmapped_d_flop       17 17.0     0    84      84    (-,-) 
  g110338/z                                                     (u)     in_0->z F     unmapped_nand2        14 14.0     0    29     112    (-,-) 
  g110337/z                                                     (u)     in_0->z R     unmapped_nand2         9  9.0     0    24     137    (-,-) 
  g168518/z                                                     (u)     in_1->z R     unmapped_or2           6  6.0     0    21     157    (-,-) 
  g110367/z                                                     (u)     in_1->z F     unmapped_nand2         5  5.0     0    19     177    (-,-) 
  g110365/z                                                     (u)     in_2->z F     unmapped_complex3      1  1.0     0    18     194    (-,-) 
  g110364/z                                                     (u)     in_0->z R     unmapped_complex2      1  1.0     0     9     203    (-,-) 
  g110363/z                                                     (u)     in_0->z F     unmapped_complex4      1  1.0     0     9     212    (-,-) 
  g443448/z                                                     (u)     in_0->z R     unmapped_nand2         1  1.0     0     9     221    (-,-) 
  g110362/z                                                     (u)     in_0->z F     unmapped_complex4      1  1.0     0    13     234    (-,-) 
  g110333/z                                                     (u)     in_3->z F     unmapped_complex4      1  1.0     0    22     256    (-,-) 
  g110332/z                                                     (u)     in_0->z F     unmapped_or2           1  1.0     0     9     265    (-,-) 
  g110331/z                                                     (u)     in_0->z R     unmapped_complex4      1  1.0     0    13     278    (-,-) 
  PIPELINES[3].ROUNDS[7].U_ROUND_U_SUB_ROM[6].ROM_dout_reg[5]/d -       -       R     unmapped_d_flop        1    -     -     0     278    (-,-) 
#------------------------------------------------------------------------------------------------------------------------------------------------

(u) : Net has unmapped pin(s).



Path 33: MET (599 ps) Setup Check with Pin PIPELINES[7].ROUNDS[4].U_ROUND_U_SUB_ROM[12].ROM_dout_reg[6]/clk->d
          Group: clk
     Startpoint: (R) PIPELINES[7].ROUNDS[3].U_ROUND_U_KEY_data_out_reg[100]/clk
          Clock: (R) clk
       Endpoint: (R) PIPELINES[7].ROUNDS[4].U_ROUND_U_SUB_ROM[12].ROM_dout_reg[6]/d
          Clock: (R) clk

                     Capture       Launch     
        Clock Edge:+     900            0     
       Src Latency:+       0            0     
       Net Latency:+       0 (I)        0 (I) 
           Arrival:=     900            0     
                                              
             Setup:-      24                  
     Required Time:=     876                  
      Launch Clock:-       0                  
         Data Path:-     278                  
             Slack:=     599                  

#-------------------------------------------------------------------------------------------------------------------------------------------------
#                         Timing Point                           Flags    Arc    Edge       Cell         Fanout Load Trans Delay Arrival Instance 
#                                                                                                               (fF)  (ps)  (ps)   (ps)  Location 
#-------------------------------------------------------------------------------------------------------------------------------------------------
  PIPELINES[7].ROUNDS[3].U_ROUND_U_KEY_data_out_reg[100]/clk     -       -       R     (arrival)          47792    -     0     0       0    (-,-) 
  PIPELINES[7].ROUNDS[3].U_ROUND_U_KEY_data_out_reg[100]/q       (u)     clk->q  R     unmapped_d_flop       22 22.0     0    86      86    (-,-) 
  g502903/z                                                      (u)     in_0->z F     unmapped_nand2        20 20.0     0    32     118    (-,-) 
  g67945/z                                                       (u)     in_0->z R     unmapped_nand2        15 15.0     0    30     148    (-,-) 
  g67949/z                                                       (u)     in_1->z F     unmapped_nand2        13 13.0     0    28     175    (-,-) 
  g69724/z                                                       (u)     in_0->z R     unmapped_nand2         3  3.0     0    15     191    (-,-) 
  g533687/z                                                      (u)     in_1->z F     unmapped_complex4      1  1.0     0    22     212    (-,-) 
  g535846/z                                                      (u)     in_2->z F     unmapped_complex4      1  1.0     0    22     234    (-,-) 
  g459601/z                                                      (u)     in_1->z F     unmapped_complex2      1  1.0     0     9     243    (-,-) 
  g69822/z                                                       (u)     in_0->z F     unmapped_complex4      1  1.0     0     9     252    (-,-) 
  g457162/z                                                      (u)     in_1->z F     unmapped_complex2      1  1.0     0     9     261    (-,-) 
  g539315/z                                                      (u)     in_0->z R     unmapped_nand4         1  1.0     0    17     278    (-,-) 
  PIPELINES[7].ROUNDS[4].U_ROUND_U_SUB_ROM[12].ROM_dout_reg[6]/d -       -       R     unmapped_d_flop        1    -     -     0     278    (-,-) 
#-------------------------------------------------------------------------------------------------------------------------------------------------

(u) : Net has unmapped pin(s).



Path 34: MET (599 ps) Setup Check with Pin PIPELINES[7].ROUNDS[3].U_ROUND_U_SUB_ROM[13].ROM_dout_reg[6]/clk->d
          Group: clk
     Startpoint: (R) PIPELINES[7].ROUNDS[2].U_ROUND_U_KEY_data_out_reg[108]/clk
          Clock: (R) clk
       Endpoint: (R) PIPELINES[7].ROUNDS[3].U_ROUND_U_SUB_ROM[13].ROM_dout_reg[6]/d
          Clock: (R) clk

                     Capture       Launch     
        Clock Edge:+     900            0     
       Src Latency:+       0            0     
       Net Latency:+       0 (I)        0 (I) 
           Arrival:=     900            0     
                                              
             Setup:-      24                  
     Required Time:=     876                  
      Launch Clock:-       0                  
         Data Path:-     278                  
             Slack:=     599                  

#-------------------------------------------------------------------------------------------------------------------------------------------------
#                         Timing Point                           Flags    Arc    Edge       Cell         Fanout Load Trans Delay Arrival Instance 
#                                                                                                               (fF)  (ps)  (ps)   (ps)  Location 
#-------------------------------------------------------------------------------------------------------------------------------------------------
  PIPELINES[7].ROUNDS[2].U_ROUND_U_KEY_data_out_reg[108]/clk     -       -       R     (arrival)          47792    -     0     0       0    (-,-) 
  PIPELINES[7].ROUNDS[2].U_ROUND_U_KEY_data_out_reg[108]/q       (u)     clk->q  R     unmapped_d_flop       22 22.0     0    86      86    (-,-) 
  g68050/z                                                       (u)     in_0->z F     unmapped_nand2        20 20.0     0    32     118    (-,-) 
  g502573/z                                                      (u)     in_0->z R     unmapped_nand2        15 15.0     0    30     148    (-,-) 
  g68055/z                                                       (u)     in_1->z F     unmapped_nand2        13 13.0     0    28     175    (-,-) 
  g68094/z                                                       (u)     in_0->z R     unmapped_nand2         3  3.0     0    15     191    (-,-) 
  g68279/z                                                       (u)     in_1->z F     unmapped_complex4      1  1.0     0    22     212    (-,-) 
  g68278/z                                                       (u)     in_0->z R     unmapped_complex2      1  1.0     0     9     221    (-,-) 
  g68277/z                                                       (u)     in_0->z F     unmapped_complex4      1  1.0     0    13     234    (-,-) 
  g68270/z                                                       (u)     in_1->z F     unmapped_complex2      1  1.0     0     9     243    (-,-) 
  g536580/z                                                      (u)     in_0->z F     unmapped_complex4      1  1.0     0     9     252    (-,-) 
  g457127/z                                                      (u)     in_1->z F     unmapped_complex2      1  1.0     0     9     261    (-,-) 
  g539407/z                                                      (u)     in_0->z R     unmapped_nand4         1  1.0     0    17     278    (-,-) 
  PIPELINES[7].ROUNDS[3].U_ROUND_U_SUB_ROM[13].ROM_dout_reg[6]/d -       -       R     unmapped_d_flop        1    -     -     0     278    (-,-) 
#-------------------------------------------------------------------------------------------------------------------------------------------------

(u) : Net has unmapped pin(s).



Path 35: MET (599 ps) Setup Check with Pin PIPELINES[2].ROUNDS[3].U_ROUND_U_SUB_ROM[1].ROM_dout_reg[6]/clk->d
          Group: clk
     Startpoint: (R) PIPELINES[2].ROUNDS[2].U_ROUND_U_KEY_data_out_reg[12]/clk
          Clock: (R) clk
       Endpoint: (R) PIPELINES[2].ROUNDS[3].U_ROUND_U_SUB_ROM[1].ROM_dout_reg[6]/d
          Clock: (R) clk

                     Capture       Launch     
        Clock Edge:+     900            0     
       Src Latency:+       0            0     
       Net Latency:+       0 (I)        0 (I) 
           Arrival:=     900            0     
                                              
             Setup:-      24                  
     Required Time:=     876                  
      Launch Clock:-       0                  
         Data Path:-     278                  
             Slack:=     599                  

#------------------------------------------------------------------------------------------------------------------------------------------------
#                         Timing Point                          Flags    Arc    Edge       Cell         Fanout Load Trans Delay Arrival Instance 
#                                                                                                              (fF)  (ps)  (ps)   (ps)  Location 
#------------------------------------------------------------------------------------------------------------------------------------------------
  PIPELINES[2].ROUNDS[2].U_ROUND_U_KEY_data_out_reg[12]/clk     -       -       R     (arrival)          47792    -     0     0       0    (-,-) 
  PIPELINES[2].ROUNDS[2].U_ROUND_U_KEY_data_out_reg[12]/q       (u)     clk->q  R     unmapped_d_flop       22 22.0     0    86      86    (-,-) 
  g150968/z                                                     (u)     in_0->z F     unmapped_nand2        15 15.0     0    30     115    (-,-) 
  g150967/z                                                     (u)     in_0->z R     unmapped_nand2         9  9.0     0    24     140    (-,-) 
  g151313/z                                                     (u)     in_0->z R     unmapped_or2           9  9.0     0    24     164    (-,-) 
  g484807/z                                                     (u)     in_0->z F     unmapped_nand2         2  2.0     0    13     177    (-,-) 
  g152232/z                                                     (u)     in_1->z R     unmapped_nand2         1  1.0     0     9     186    (-,-) 
  g152230/z                                                     (u)     in_0->z F     unmapped_complex4      1  1.0     0     9     194    (-,-) 
  g152228/z                                                     (u)     in_3->z R     unmapped_complex4      1  1.0     0    27     221    (-,-) 
  g152227/z                                                     (u)     in_1->z R     unmapped_complex4      1  1.0     0    22     243    (-,-) 
  g152226/z                                                     (u)     in_0->z F     unmapped_complex4      1  1.0     0    13     256    (-,-) 
  g455006/z                                                     (u)     in_1->z F     unmapped_complex2      1  1.0     0     9     265    (-,-) 
  g538636/z                                                     (u)     in_0->z R     unmapped_complex4      1  1.0     0    13     278    (-,-) 
  PIPELINES[2].ROUNDS[3].U_ROUND_U_SUB_ROM[1].ROM_dout_reg[6]/d -       -       R     unmapped_d_flop        1    -     -     0     278    (-,-) 
#------------------------------------------------------------------------------------------------------------------------------------------------

(u) : Net has unmapped pin(s).



Path 36: MET (599 ps) Setup Check with Pin PIPELINES[7].ROUNDS[0].U_ROUND_U_SUB_ROM[2].ROM_dout_reg[1]/clk->d
          Group: clk
     Startpoint: (R) PIPELINES[7].U0_ARK_data_out_reg[20]/clk
          Clock: (R) clk
       Endpoint: (R) PIPELINES[7].ROUNDS[0].U_ROUND_U_SUB_ROM[2].ROM_dout_reg[1]/d
          Clock: (R) clk

                     Capture       Launch     
        Clock Edge:+     900            0     
       Src Latency:+       0            0     
       Net Latency:+       0 (I)        0 (I) 
           Arrival:=     900            0     
                                              
             Setup:-      24                  
     Required Time:=     876                  
      Launch Clock:-       0                  
         Data Path:-     277                  
             Slack:=     599                  

#------------------------------------------------------------------------------------------------------------------------------------------------
#                         Timing Point                          Flags    Arc    Edge       Cell         Fanout Load Trans Delay Arrival Instance 
#                                                                                                              (fF)  (ps)  (ps)   (ps)  Location 
#------------------------------------------------------------------------------------------------------------------------------------------------
  PIPELINES[7].U0_ARK_data_out_reg[20]/clk                      -       -       R     (arrival)          47792    -     0     0       0    (-,-) 
  PIPELINES[7].U0_ARK_data_out_reg[20]/q                        (u)     clk->q  R     unmapped_d_flop       21 21.0     0    85      85    (-,-) 
  g303638/z                                                     (u)     in_0->z F     unmapped_nand2        17 17.0     0    31     116    (-,-) 
  g303518/z                                                     (u)     in_0->z R     unmapped_nand2        13 13.0     0    28     144    (-,-) 
  g300513/z                                                     (u)     in_1->z R     unmapped_or2           7  7.0     0    22     166    (-,-) 
  g288596/z                                                     (u)     in_0->z F     unmapped_nand2         3  3.0     0    15     181    (-,-) 
  g278784/z                                                     (u)     in_0->z F     unmapped_or2           2  2.0     0    13     194    (-,-) 
  g163090/z                                                     (u)     in_1->z F     unmapped_complex4      1  1.0     0    22     216    (-,-) 
  g339401/z                                                     (u)     in_0->z R     unmapped_complex4      1  1.0     0    13     229    (-,-) 
  g255504/z                                                     (u)     in_1->z R     unmapped_complex2      1  1.0     0     9     238    (-,-) 
  g338302/z                                                     (u)     in_0->z R     unmapped_complex4      1  1.0     0     9     247    (-,-) 
  g253626/z                                                     (u)     in_1->z F     unmapped_complex2      1  1.0     0     9     256    (-,-) 
  g339011/z                                                     (u)     in_0->z R     unmapped_complex4      1  1.0     0    13     268    (-,-) 
  g340795/z                                                     (u)     in_0->z R     unmapped_complex4      1  1.0     0     9     277    (-,-) 
  PIPELINES[7].ROUNDS[0].U_ROUND_U_SUB_ROM[2].ROM_dout_reg[1]/d -       -       R     unmapped_d_flop        1    -     -     0     277    (-,-) 
#------------------------------------------------------------------------------------------------------------------------------------------------

(u) : Net has unmapped pin(s).



Path 37: MET (599 ps) Setup Check with Pin PIPELINES[3].ROUNDS[1].U_ROUND_U_SUB_ROM[0].ROM_dout_reg[0]/clk->d
          Group: clk
     Startpoint: (R) PIPELINES[3].ROUNDS[0].U_ROUND_U_KEY_data_out_reg[4]/clk
          Clock: (R) clk
       Endpoint: (R) PIPELINES[3].ROUNDS[1].U_ROUND_U_SUB_ROM[0].ROM_dout_reg[0]/d
          Clock: (R) clk

                     Capture       Launch     
        Clock Edge:+     900            0     
       Src Latency:+       0            0     
       Net Latency:+       0 (I)        0 (I) 
           Arrival:=     900            0     
                                              
             Setup:-      24                  
     Required Time:=     876                  
      Launch Clock:-       0                  
         Data Path:-     277                  
             Slack:=     599                  

#------------------------------------------------------------------------------------------------------------------------------------------------
#                         Timing Point                          Flags    Arc    Edge       Cell         Fanout Load Trans Delay Arrival Instance 
#                                                                                                              (fF)  (ps)  (ps)   (ps)  Location 
#------------------------------------------------------------------------------------------------------------------------------------------------
  PIPELINES[3].ROUNDS[0].U_ROUND_U_KEY_data_out_reg[4]/clk      -       -       R     (arrival)          47792    -     0     0       0    (-,-) 
  PIPELINES[3].ROUNDS[0].U_ROUND_U_KEY_data_out_reg[4]/q        (u)     clk->q  F     unmapped_d_flop       22 22.0     0    86      86    (-,-) 
  g349560/z                                                     (u)     in_0->z R     unmapped_nand2        19 19.0     0    32     117    (-,-) 
  g392092/z                                                     (u)     in_0->z F     unmapped_nand2        11 11.0     0    26     144    (-,-) 
  g349581/z                                                     (u)     in_1->z F     unmapped_or2           6  6.0     0    21     164    (-,-) 
  g380934/z                                                     (u)     in_1->z R     unmapped_nand2         6  6.0     0    21     185    (-,-) 
  g368603/z                                                     (u)     in_1->z F     unmapped_complex2      1  1.0     0     9     194    (-,-) 
  g407800/z                                                     (u)     in_0->z R     unmapped_complex4      1  1.0     0     9     203    (-,-) 
  g349634/z                                                     (u)     in_2->z R     unmapped_complex4      1  1.0     0    22     225    (-,-) 
  g420283/z                                                     (u)     in_1->z R     unmapped_complex3      1  1.0     0    18     242    (-,-) 
  g417978/z                                                     (u)     in_0->z F     unmapped_complex4      1  1.0     0    13     255    (-,-) 
  g355234/z                                                     (u)     in_0->z F     unmapped_complex2      1  1.0     0     9     264    (-,-) 
  g349633/z                                                     (u)     in_0->z R     unmapped_complex4      1  1.0     0    13     277    (-,-) 
  PIPELINES[3].ROUNDS[1].U_ROUND_U_SUB_ROM[0].ROM_dout_reg[0]/d -       -       R     unmapped_d_flop        1    -     -     0     277    (-,-) 
#------------------------------------------------------------------------------------------------------------------------------------------------

(u) : Net has unmapped pin(s).



Path 38: MET (599 ps) Setup Check with Pin PIPELINES[2].ROUNDS[3].U_ROUND_U_SUB_ROM[15].ROM_dout_reg[6]/clk->d
          Group: clk
     Startpoint: (R) PIPELINES[2].ROUNDS[2].U_ROUND_U_KEY_data_out_reg[124]/clk
          Clock: (R) clk
       Endpoint: (R) PIPELINES[2].ROUNDS[3].U_ROUND_U_SUB_ROM[15].ROM_dout_reg[6]/d
          Clock: (R) clk

                     Capture       Launch     
        Clock Edge:+     900            0     
       Src Latency:+       0            0     
       Net Latency:+       0 (I)        0 (I) 
           Arrival:=     900            0     
                                              
             Setup:-      24                  
     Required Time:=     876                  
      Launch Clock:-       0                  
         Data Path:-     277                  
             Slack:=     599                  

#-------------------------------------------------------------------------------------------------------------------------------------------------
#                         Timing Point                           Flags    Arc    Edge       Cell         Fanout Load Trans Delay Arrival Instance 
#                                                                                                               (fF)  (ps)  (ps)   (ps)  Location 
#-------------------------------------------------------------------------------------------------------------------------------------------------
  PIPELINES[2].ROUNDS[2].U_ROUND_U_KEY_data_out_reg[124]/clk     -       -       R     (arrival)          47792    -     0     0       0    (-,-) 
  PIPELINES[2].ROUNDS[2].U_ROUND_U_KEY_data_out_reg[124]/q       (u)     clk->q  R     unmapped_d_flop       21 21.0     0    85      85    (-,-) 
  g147165/z                                                      (u)     in_0->z F     unmapped_nand2        15 15.0     0    30     115    (-,-) 
  g147164/z                                                      (u)     in_0->z R     unmapped_nand2         9  9.0     0    24     139    (-,-) 
  g170927/z                                                      (u)     in_0->z R     unmapped_or2           9  9.0     0    24     164    (-,-) 
  g482823/z                                                      (u)     in_0->z F     unmapped_nand2         2  2.0     0    13     176    (-,-) 
  g147976/z                                                      (u)     in_1->z R     unmapped_nand2         1  1.0     0     9     185    (-,-) 
  g147975/z                                                      (u)     in_0->z F     unmapped_complex4      1  1.0     0     9     194    (-,-) 
  g147973/z                                                      (u)     in_3->z R     unmapped_complex4      1  1.0     0    27     221    (-,-) 
  g147971/z                                                      (u)     in_1->z R     unmapped_complex4      1  1.0     0    22     242    (-,-) 
  g147969/z                                                      (u)     in_0->z F     unmapped_complex4      1  1.0     0    13     255    (-,-) 
  g538742/z                                                      (u)     in_3->z R     unmapped_complex4      1  1.0     0    22     277    (-,-) 
  PIPELINES[2].ROUNDS[3].U_ROUND_U_SUB_ROM[15].ROM_dout_reg[6]/d -       -       R     unmapped_d_flop        1    -     -     0     277    (-,-) 
#-------------------------------------------------------------------------------------------------------------------------------------------------

(u) : Net has unmapped pin(s).



Path 39: MET (599 ps) Setup Check with Pin PIPELINES[7].ROUNDS[8].U_ROUND_U_SUB_ROM[0].ROM_dout_reg[6]/clk->d
          Group: clk
     Startpoint: (R) PIPELINES[7].ROUNDS[7].U_ROUND_U_KEY_data_out_reg[4]/clk
          Clock: (R) clk
       Endpoint: (R) PIPELINES[7].ROUNDS[8].U_ROUND_U_SUB_ROM[0].ROM_dout_reg[6]/d
          Clock: (R) clk

                     Capture       Launch     
        Clock Edge:+     900            0     
       Src Latency:+       0            0     
       Net Latency:+       0 (I)        0 (I) 
           Arrival:=     900            0     
                                              
             Setup:-      24                  
     Required Time:=     876                  
      Launch Clock:-       0                  
         Data Path:-     277                  
             Slack:=     599                  

#------------------------------------------------------------------------------------------------------------------------------------------------
#                         Timing Point                          Flags    Arc    Edge       Cell         Fanout Load Trans Delay Arrival Instance 
#                                                                                                              (fF)  (ps)  (ps)   (ps)  Location 
#------------------------------------------------------------------------------------------------------------------------------------------------
  PIPELINES[7].ROUNDS[7].U_ROUND_U_KEY_data_out_reg[4]/clk      -       -       R     (arrival)          47792    -     0     0       0    (-,-) 
  PIPELINES[7].ROUNDS[7].U_ROUND_U_KEY_data_out_reg[4]/q        (u)     clk->q  R     unmapped_d_flop       23 23.0     0    86      86    (-,-) 
  g94137/z                                                      (u)     in_0->z F     unmapped_nand2        17 17.0     0    31     117    (-,-) 
  g94154/z                                                      (u)     in_0->z R     unmapped_nand2        11 11.0     0    26     143    (-,-) 
  g175461/z                                                     (u)     in_1->z R     unmapped_or2           9  9.0     0    24     167    (-,-) 
  g94152/z                                                      (u)     in_1->z F     unmapped_nand2         2  2.0     0    13     180    (-,-) 
  g94769/z                                                      (u)     in_1->z R     unmapped_nand2         1  1.0     0     9     189    (-,-) 
  g94768/z                                                      (u)     in_0->z F     unmapped_complex4      1  1.0     0     9     198    (-,-) 
  g94765/z                                                      (u)     in_3->z R     unmapped_complex4      1  1.0     0    27     225    (-,-) 
  g94764/z                                                      (u)     in_0->z F     unmapped_complex4      1  1.0     0    13     238    (-,-) 
  g94754/z                                                      (u)     in_3->z R     unmapped_complex4      1  1.0     0    22     259    (-,-) 
  g448826/z                                                     (u)     in_0->z F     unmapped_nand2         1  1.0     0     9     268    (-,-) 
  g532674/z                                                     (u)     in_0->z R     unmapped_complex4      1  1.0     0     9     277    (-,-) 
  PIPELINES[7].ROUNDS[8].U_ROUND_U_SUB_ROM[0].ROM_dout_reg[6]/d -       -       R     unmapped_d_flop        1    -     -     0     277    (-,-) 
#------------------------------------------------------------------------------------------------------------------------------------------------

(u) : Net has unmapped pin(s).



Path 40: MET (599 ps) Setup Check with Pin PIPELINES[1].ROUNDS[7].U_ROUND_U_SUB_ROM[2].ROM_dout_reg[0]/clk->d
          Group: clk
     Startpoint: (R) PIPELINES[1].ROUNDS[6].U_ROUND_U_KEY_data_out_reg[20]/clk
          Clock: (R) clk
       Endpoint: (R) PIPELINES[1].ROUNDS[7].U_ROUND_U_SUB_ROM[2].ROM_dout_reg[0]/d
          Clock: (R) clk

                     Capture       Launch     
        Clock Edge:+     900            0     
       Src Latency:+       0            0     
       Net Latency:+       0 (I)        0 (I) 
           Arrival:=     900            0     
                                              
             Setup:-      24                  
     Required Time:=     876                  
      Launch Clock:-       0                  
         Data Path:-     277                  
             Slack:=     599                  

#------------------------------------------------------------------------------------------------------------------------------------------------
#                         Timing Point                          Flags    Arc    Edge       Cell         Fanout Load Trans Delay Arrival Instance 
#                                                                                                              (fF)  (ps)  (ps)   (ps)  Location 
#------------------------------------------------------------------------------------------------------------------------------------------------
  PIPELINES[1].ROUNDS[6].U_ROUND_U_KEY_data_out_reg[20]/clk     -       -       R     (arrival)          47792    -     0     0       0    (-,-) 
  PIPELINES[1].ROUNDS[6].U_ROUND_U_KEY_data_out_reg[20]/q       (u)     clk->q  F     unmapped_d_flop       20 20.0     0    85      85    (-,-) 
  g263506/z                                                     (u)     in_0->z R     unmapped_nand2        12 12.0     0    27     112    (-,-) 
  g263505/z                                                     (u)     in_0->z F     unmapped_nand2         9  9.0     0    24     136    (-,-) 
  g596633/z                                                     (u)     in_1->z F     unmapped_or2           5  5.0     0    19     156    (-,-) 
  g263563/z                                                     (u)     in_0->z R     unmapped_nand2         4  4.0     0    18     173    (-,-) 
  g263578/z                                                     (u)     in_1->z R     unmapped_complex3      2  2.0     0    22     195    (-,-) 
  g263577/z                                                     (u)     in_0->z R     unmapped_complex4      1  1.0     0    13     208    (-,-) 
  g263576/z                                                     (u)     in_1->z R     unmapped_complex2      1  1.0     0     9     217    (-,-) 
  g263575/z                                                     (u)     in_0->z F     unmapped_complex4      1  1.0     0    13     230    (-,-) 
  g552563/z                                                     (u)     in_1->z R     unmapped_complex2      1  1.0     0     9     239    (-,-) 
  g263574/z                                                     (u)     in_0->z F     unmapped_complex4      1  1.0     0    17     255    (-,-) 
  g550804/z                                                     (u)     in_1->z F     unmapped_or2           1  1.0     0     9     264    (-,-) 
  g263573/z                                                     (u)     in_0->z R     unmapped_complex4      1  1.0     0    13     277    (-,-) 
  PIPELINES[1].ROUNDS[7].U_ROUND_U_SUB_ROM[2].ROM_dout_reg[0]/d -       -       R     unmapped_d_flop        1    -     -     0     277    (-,-) 
#------------------------------------------------------------------------------------------------------------------------------------------------

(u) : Net has unmapped pin(s).



Path 41: MET (600 ps) Setup Check with Pin U_KEYEXP_ROUND_KEY_GEN[6].RKGEN_U_SUB_U_ROM[2].ROM_dout_reg[6]/clk->d
          Group: clk
     Startpoint: (R) U_KEYEXP_ROUND_KEY_GEN[6].RKGEN_U_Key_FirstStage_reg[12]/clk
          Clock: (R) clk
       Endpoint: (R) U_KEYEXP_ROUND_KEY_GEN[6].RKGEN_U_SUB_U_ROM[2].ROM_dout_reg[6]/d
          Clock: (R) clk

                     Capture       Launch     
        Clock Edge:+     900            0     
       Src Latency:+       0            0     
       Net Latency:+       0 (I)        0 (I) 
           Arrival:=     900            0     
                                              
             Setup:-      24                  
     Required Time:=     876                  
      Launch Clock:-       0                  
         Data Path:-     277                  
             Slack:=     600                  

#---------------------------------------------------------------------------------------------------------------------------------------------------
#                          Timing Point                            Flags    Arc    Edge       Cell         Fanout Load Trans Delay Arrival Instance 
#                                                                                                                 (fF)  (ps)  (ps)   (ps)  Location 
#---------------------------------------------------------------------------------------------------------------------------------------------------
  U_KEYEXP_ROUND_KEY_GEN[6].RKGEN_U_Key_FirstStage_reg[12]/clk     -       -       R     (arrival)          47792    -     0     0       0    (-,-) 
  U_KEYEXP_ROUND_KEY_GEN[6].RKGEN_U_Key_FirstStage_reg[12]/q       (u)     clk->q  F     unmapped_d_flop       22 22.0     0    86      86    (-,-) 
  g98183/z                                                         (u)     in_0->z R     unmapped_nand2        19 19.0     0    32     117    (-,-) 
  g98223/z                                                         (u)     in_0->z F     unmapped_nand2        14 14.0     0    29     146    (-,-) 
  g98225/z                                                         (u)     in_1->z R     unmapped_nand2        11 11.0     0    26     172    (-,-) 
  g476480/z                                                        (u)     in_0->z F     unmapped_nand2         3  3.0     0    15     188    (-,-) 
  g471659/z                                                        (u)     in_0->z R     unmapped_complex2      3  3.0     0    15     203    (-,-) 
  g98422/z                                                         (u)     in_1->z R     unmapped_complex4      1  1.0     0    18     221    (-,-) 
  g98420/z                                                         (u)     in_0->z F     unmapped_complex4      1  1.0     0    13     234    (-,-) 
  g450885/z                                                        (u)     in_1->z R     unmapped_complex2      1  1.0     0     9     242    (-,-) 
  g98419/z                                                         (u)     in_0->z F     unmapped_complex4      1  1.0     0    17     259    (-,-) 
  g532631/z                                                        (u)     in_2->z R     unmapped_complex3      1  1.0     0    18     277    (-,-) 
  U_KEYEXP_ROUND_KEY_GEN[6].RKGEN_U_SUB_U_ROM[2].ROM_dout_reg[6]/d -       -       R     unmapped_d_flop        1    -     -     0     277    (-,-) 
#---------------------------------------------------------------------------------------------------------------------------------------------------

(u) : Net has unmapped pin(s).



Path 42: MET (600 ps) Setup Check with Pin PIPELINES[5].ROUNDS[3].U_ROUND_U_SUB_ROM[14].ROM_dout_reg[6]/clk->d
          Group: clk
     Startpoint: (R) PIPELINES[5].ROUNDS[2].U_ROUND_U_KEY_data_out_reg[116]/clk
          Clock: (R) clk
       Endpoint: (R) PIPELINES[5].ROUNDS[3].U_ROUND_U_SUB_ROM[14].ROM_dout_reg[6]/d
          Clock: (R) clk

                     Capture       Launch     
        Clock Edge:+     900            0     
       Src Latency:+       0            0     
       Net Latency:+       0 (I)        0 (I) 
           Arrival:=     900            0     
                                              
             Setup:-      24                  
     Required Time:=     876                  
      Launch Clock:-       0                  
         Data Path:-     277                  
             Slack:=     600                  

#-------------------------------------------------------------------------------------------------------------------------------------------------
#                         Timing Point                           Flags    Arc    Edge       Cell         Fanout Load Trans Delay Arrival Instance 
#                                                                                                               (fF)  (ps)  (ps)   (ps)  Location 
#-------------------------------------------------------------------------------------------------------------------------------------------------
  PIPELINES[5].ROUNDS[2].U_ROUND_U_KEY_data_out_reg[116]/clk     -       -       R     (arrival)          47792    -     0     0       0    (-,-) 
  PIPELINES[5].ROUNDS[2].U_ROUND_U_KEY_data_out_reg[116]/q       (u)     clk->q  R     unmapped_d_flop       20 20.0     0    85      85    (-,-) 
  g286818/z                                                      (u)     in_0->z F     unmapped_nand2        17 17.0     0    31     116    (-,-) 
  g286653/z                                                      (u)     in_0->z R     unmapped_nand2        13 13.0     0    28     144    (-,-) 
  g286630/z                                                      (u)     in_1->z F     unmapped_nand2        11 11.0     0    26     170    (-,-) 
  g275435/z                                                      (u)     in_0->z R     unmapped_nand2         3  3.0     0    15     185    (-,-) 
  g275121/z                                                      (u)     in_2->z F     unmapped_complex4      1  1.0     0    22     207    (-,-) 
  g275120/z                                                      (u)     in_1->z R     unmapped_nand2         1  1.0     0     9     216    (-,-) 
  g308325/z                                                      (u)     in_0->z F     unmapped_complex4      1  1.0     0     9     225    (-,-) 
  g275119/z                                                      (u)     in_1->z R     unmapped_complex3      1  1.0     0    18     242    (-,-) 
  g275117/z                                                      (u)     in_0->z F     unmapped_complex4      1  1.0     0    17     259    (-,-) 
  g325824/z                                                      (u)     in_2->z R     unmapped_complex3      1  1.0     0    18     277    (-,-) 
  PIPELINES[5].ROUNDS[3].U_ROUND_U_SUB_ROM[14].ROM_dout_reg[6]/d -       -       R     unmapped_d_flop        1    -     -     0     277    (-,-) 
#-------------------------------------------------------------------------------------------------------------------------------------------------

(u) : Net has unmapped pin(s).



Path 43: MET (600 ps) Setup Check with Pin PIPELINES[7].ROUNDS[2].U_ROUND_U_SUB_ROM[6].ROM_dout_reg[6]/clk->d
          Group: clk
     Startpoint: (R) PIPELINES[7].ROUNDS[1].U_ROUND_U_KEY_data_out_reg[52]/clk
          Clock: (R) clk
       Endpoint: (R) PIPELINES[7].ROUNDS[2].U_ROUND_U_SUB_ROM[6].ROM_dout_reg[6]/d
          Clock: (R) clk

                     Capture       Launch     
        Clock Edge:+     900            0     
       Src Latency:+       0            0     
       Net Latency:+       0 (I)        0 (I) 
           Arrival:=     900            0     
                                              
             Setup:-      24                  
     Required Time:=     876                  
      Launch Clock:-       0                  
         Data Path:-     277                  
             Slack:=     600                  

#------------------------------------------------------------------------------------------------------------------------------------------------
#                         Timing Point                          Flags    Arc    Edge       Cell         Fanout Load Trans Delay Arrival Instance 
#                                                                                                              (fF)  (ps)  (ps)   (ps)  Location 
#------------------------------------------------------------------------------------------------------------------------------------------------
  PIPELINES[7].ROUNDS[1].U_ROUND_U_KEY_data_out_reg[52]/clk     -       -       R     (arrival)          47792    -     0     0       0    (-,-) 
  PIPELINES[7].ROUNDS[1].U_ROUND_U_KEY_data_out_reg[52]/q       (u)     clk->q  R     unmapped_d_flop       21 21.0     0    85      85    (-,-) 
  g305578/z                                                     (u)     in_0->z F     unmapped_nand2        19 19.0     0    32     117    (-,-) 
  g303544/z                                                     (u)     in_0->z R     unmapped_nand2        16 16.0     0    30     148    (-,-) 
  g293603/z                                                     (u)     in_1->z F     unmapped_nand2        11 11.0     0    26     174    (-,-) 
  g289208/z                                                     (u)     in_0->z R     unmapped_nand2         3  3.0     0    15     189    (-,-) 
  g335930/z                                                     (u)     in_2->z R     unmapped_complex4      1  1.0     0    27     216    (-,-) 
  g322450/z                                                     (u)     in_0->z F     unmapped_complex4      1  1.0     0     9     224    (-,-) 
  g340235/z                                                     (u)     in_1->z R     unmapped_complex3      1  1.0     0    18     242    (-,-) 
  g339887/z                                                     (u)     in_0->z F     unmapped_complex4      1  1.0     0    17     259    (-,-) 
  g341184/z                                                     (u)     in_2->z R     unmapped_complex3      1  1.0     0    18     277    (-,-) 
  PIPELINES[7].ROUNDS[2].U_ROUND_U_SUB_ROM[6].ROM_dout_reg[6]/d -       -       R     unmapped_d_flop        1    -     -     0     277    (-,-) 
#------------------------------------------------------------------------------------------------------------------------------------------------

(u) : Net has unmapped pin(s).



Path 44: MET (600 ps) Setup Check with Pin PIPELINES[0].ROUNDS[1].U_ROUND_U_SUB_ROM[14].ROM_dout_reg[4]/clk->d
          Group: clk
     Startpoint: (R) PIPELINES[0].ROUNDS[0].U_ROUND_U_KEY_data_out_reg[116]/clk
          Clock: (R) clk
       Endpoint: (R) PIPELINES[0].ROUNDS[1].U_ROUND_U_SUB_ROM[14].ROM_dout_reg[4]/d
          Clock: (R) clk

                     Capture       Launch     
        Clock Edge:+     900            0     
       Src Latency:+       0            0     
       Net Latency:+       0 (I)        0 (I) 
           Arrival:=     900            0     
                                              
             Setup:-      24                  
     Required Time:=     876                  
      Launch Clock:-       0                  
         Data Path:-     277                  
             Slack:=     600                  

#-------------------------------------------------------------------------------------------------------------------------------------------------
#                         Timing Point                           Flags    Arc    Edge       Cell         Fanout Load Trans Delay Arrival Instance 
#                                                                                                               (fF)  (ps)  (ps)   (ps)  Location 
#-------------------------------------------------------------------------------------------------------------------------------------------------
  PIPELINES[0].ROUNDS[0].U_ROUND_U_KEY_data_out_reg[116]/clk     -       -       R     (arrival)          47792    -     0     0       0    (-,-) 
  PIPELINES[0].ROUNDS[0].U_ROUND_U_KEY_data_out_reg[116]/q       (u)     clk->q  F     unmapped_d_flop       19 19.0     0    84      84    (-,-) 
  g495293/z                                                      (u)     in_0->z R     unmapped_nand2        17 17.0     0    31     115    (-,-) 
  g495295/z                                                      (u)     in_0->z F     unmapped_nand2         9  9.0     0    24     140    (-,-) 
  g488546/z                                                      (u)     in_1->z R     unmapped_nand2         9  9.0     0    24     164    (-,-) 
  g475411/z                                                      (u)     in_0->z F     unmapped_nand2         6  6.0     0    21     185    (-,-) 
  g525588/z                                                      (u)     in_0->z R     unmapped_complex4      1  1.0     0    18     202    (-,-) 
  g1676/z                                                        (u)     in_0->z R     unmapped_complex4      1  1.0     0    13     215    (-,-) 
  g526739/z                                                      (u)     in_0->z R     unmapped_complex3      1  1.0     0     9     224    (-,-) 
  g530544/z                                                      (u)     in_1->z F     unmapped_complex4      1  1.0     0    18     242    (-,-) 
  g531730/z                                                      (u)     in_1->z F     unmapped_complex4      1  1.0     0    22     264    (-,-) 
  g531611/z                                                      (u)     in_0->z R     unmapped_complex4      1  1.0     0    13     277    (-,-) 
  PIPELINES[0].ROUNDS[1].U_ROUND_U_SUB_ROM[14].ROM_dout_reg[4]/d -       -       R     unmapped_d_flop        1    -     -     0     277    (-,-) 
#-------------------------------------------------------------------------------------------------------------------------------------------------

(u) : Net has unmapped pin(s).



Path 45: MET (600 ps) Setup Check with Pin PIPELINES[7].ROUNDS[5].U_ROUND_U_SUB_ROM[0].ROM_dout_reg[6]/clk->d
          Group: clk
     Startpoint: (R) PIPELINES[7].ROUNDS[4].U_ROUND_U_KEY_data_out_reg[4]/clk
          Clock: (R) clk
       Endpoint: (R) PIPELINES[7].ROUNDS[5].U_ROUND_U_SUB_ROM[0].ROM_dout_reg[6]/d
          Clock: (R) clk

                     Capture       Launch     
        Clock Edge:+     900            0     
       Src Latency:+       0            0     
       Net Latency:+       0 (I)        0 (I) 
           Arrival:=     900            0     
                                              
             Setup:-      24                  
     Required Time:=     876                  
      Launch Clock:-       0                  
         Data Path:-     277                  
             Slack:=     600                  

#------------------------------------------------------------------------------------------------------------------------------------------------
#                         Timing Point                          Flags    Arc    Edge       Cell         Fanout Load Trans Delay Arrival Instance 
#                                                                                                              (fF)  (ps)  (ps)   (ps)  Location 
#------------------------------------------------------------------------------------------------------------------------------------------------
  PIPELINES[7].ROUNDS[4].U_ROUND_U_KEY_data_out_reg[4]/clk      -       -       R     (arrival)          47792    -     0     0       0    (-,-) 
  PIPELINES[7].ROUNDS[4].U_ROUND_U_KEY_data_out_reg[4]/q        (u)     clk->q  R     unmapped_d_flop       20 20.0     0    85      85    (-,-) 
  g503167/z                                                     (u)     in_0->z F     unmapped_nand2        21 21.0     0    33     118    (-,-) 
  g502817/z                                                     (u)     in_0->z R     unmapped_nand2        16 16.0     0    30     148    (-,-) 
  g75687/z                                                      (u)     in_1->z F     unmapped_nand2        13 13.0     0    28     176    (-,-) 
  g75755/z                                                      (u)     in_0->z R     unmapped_nand2         4  4.0     0    18     194    (-,-) 
  g75750/z                                                      (u)     in_2->z R     unmapped_complex4      1  1.0     0    27     220    (-,-) 
  g537971/z                                                     (u)     in_0->z F     unmapped_complex4      1  1.0     0    13     233    (-,-) 
  g458761/z                                                     (u)     in_1->z R     unmapped_complex2      1  1.0     0     9     242    (-,-) 
  g537565/z                                                     (u)     in_0->z F     unmapped_complex4      1  1.0     0    17     259    (-,-) 
  g539826/z                                                     (u)     in_2->z R     unmapped_complex3      1  1.0     0    18     277    (-,-) 
  PIPELINES[7].ROUNDS[5].U_ROUND_U_SUB_ROM[0].ROM_dout_reg[6]/d -       -       R     unmapped_d_flop        1    -     -     0     277    (-,-) 
#------------------------------------------------------------------------------------------------------------------------------------------------

(u) : Net has unmapped pin(s).



Path 46: MET (600 ps) Setup Check with Pin PIPELINES[7].ROUNDS[6].U_ROUND_U_SUB_ROM[3].ROM_dout_reg[6]/clk->d
          Group: clk
     Startpoint: (R) PIPELINES[7].ROUNDS[5].U_ROUND_U_KEY_data_out_reg[28]/clk
          Clock: (R) clk
       Endpoint: (R) PIPELINES[7].ROUNDS[6].U_ROUND_U_SUB_ROM[3].ROM_dout_reg[6]/d
          Clock: (R) clk

                     Capture       Launch     
        Clock Edge:+     900            0     
       Src Latency:+       0            0     
       Net Latency:+       0 (I)        0 (I) 
           Arrival:=     900            0     
                                              
             Setup:-      24                  
     Required Time:=     876                  
      Launch Clock:-       0                  
         Data Path:-     276                  
             Slack:=     600                  

#------------------------------------------------------------------------------------------------------------------------------------------------
#                         Timing Point                          Flags    Arc    Edge       Cell         Fanout Load Trans Delay Arrival Instance 
#                                                                                                              (fF)  (ps)  (ps)   (ps)  Location 
#------------------------------------------------------------------------------------------------------------------------------------------------
  PIPELINES[7].ROUNDS[5].U_ROUND_U_KEY_data_out_reg[28]/clk     -       -       R     (arrival)          47792    -     0     0       0    (-,-) 
  PIPELINES[7].ROUNDS[5].U_ROUND_U_KEY_data_out_reg[28]/q       (u)     clk->q  F     unmapped_d_flop       20 20.0     0    85      85    (-,-) 
  g80275/z                                                      (u)     in_0->z R     unmapped_nand2        20 20.0     0    32     117    (-,-) 
  g80274/z                                                      (u)     in_0->z F     unmapped_nand2        15 15.0     0    30     147    (-,-) 
  g80269/z                                                      (u)     in_1->z R     unmapped_nand2        11 11.0     0    26     173    (-,-) 
  g80268/z                                                      (u)     in_0->z F     unmapped_nand2         3  3.0     0    15     188    (-,-) 
  g80267/z                                                      (u)     in_0->z R     unmapped_complex2      3  3.0     0    15     203    (-,-) 
  g80256/z                                                      (u)     in_1->z R     unmapped_complex4      1  1.0     0    22     225    (-,-) 
  g80255/z                                                      (u)     in_0->z F     unmapped_complex4      1  1.0     0     9     234    (-,-) 
  g80254/z                                                      (u)     in_0->z F     unmapped_complex4      1  1.0     0    17     251    (-,-) 
  g449182/z                                                     (u)     in_1->z F     unmapped_complex2      1  1.0     0     9     260    (-,-) 
  g80250/z                                                      (u)     in_0->z R     unmapped_nand4         1  1.0     0    17     276    (-,-) 
  PIPELINES[7].ROUNDS[6].U_ROUND_U_SUB_ROM[3].ROM_dout_reg[6]/d -       -       R     unmapped_d_flop        1    -     -     0     276    (-,-) 
#------------------------------------------------------------------------------------------------------------------------------------------------

(u) : Net has unmapped pin(s).



Path 47: MET (600 ps) Setup Check with Pin PIPELINES[1].ROUNDS[7].U_ROUND_U_SUB_ROM[12].ROM_dout_reg[6]/clk->d
          Group: clk
     Startpoint: (R) PIPELINES[1].ROUNDS[6].U_ROUND_U_KEY_data_out_reg[100]/clk
          Clock: (R) clk
       Endpoint: (R) PIPELINES[1].ROUNDS[7].U_ROUND_U_SUB_ROM[12].ROM_dout_reg[6]/d
          Clock: (R) clk

                     Capture       Launch     
        Clock Edge:+     900            0     
       Src Latency:+       0            0     
       Net Latency:+       0 (I)        0 (I) 
           Arrival:=     900            0     
                                              
             Setup:-      24                  
     Required Time:=     876                  
      Launch Clock:-       0                  
         Data Path:-     276                  
             Slack:=     600                  

#-------------------------------------------------------------------------------------------------------------------------------------------------
#                         Timing Point                           Flags    Arc    Edge       Cell         Fanout Load Trans Delay Arrival Instance 
#                                                                                                               (fF)  (ps)  (ps)   (ps)  Location 
#-------------------------------------------------------------------------------------------------------------------------------------------------
  PIPELINES[1].ROUNDS[6].U_ROUND_U_KEY_data_out_reg[100]/clk     -       -       R     (arrival)          47792    -     0     0       0    (-,-) 
  PIPELINES[1].ROUNDS[6].U_ROUND_U_KEY_data_out_reg[100]/q       (u)     clk->q  R     unmapped_d_flop       22 22.0     0    86      86    (-,-) 
  g264961/z                                                      (u)     in_0->z F     unmapped_nand2        18 18.0     0    31     117    (-,-) 
  g264960/z                                                      (u)     in_0->z R     unmapped_nand2        10 10.0     0    25     142    (-,-) 
  g264959/z                                                      (u)     in_0->z R     unmapped_or2          10 10.0     0    25     167    (-,-) 
  g265188/z                                                      (u)     in_0->z F     unmapped_nand2         2  2.0     0    13     180    (-,-) 
  g265930/z                                                      (u)     in_1->z R     unmapped_nand2         1  1.0     0     9     189    (-,-) 
  g265929/z                                                      (u)     in_0->z F     unmapped_complex4      1  1.0     0     9     198    (-,-) 
  g634208/z                                                      (u)     in_3->z R     unmapped_complex4      1  1.0     0    27     225    (-,-) 
  g265926/z                                                      (u)     in_1->z R     unmapped_complex4      1  1.0     0    22     246    (-,-) 
  g265925/z                                                      (u)     in_1->z F     unmapped_nand4         1  1.0     0    17     263    (-,-) 
  g636024/z                                                      (u)     in_0->z R     unmapped_complex4      1  1.0     0    13     276    (-,-) 
  PIPELINES[1].ROUNDS[7].U_ROUND_U_SUB_ROM[12].ROM_dout_reg[6]/d -       -       R     unmapped_d_flop        1    -     -     0     276    (-,-) 
#-------------------------------------------------------------------------------------------------------------------------------------------------

(u) : Net has unmapped pin(s).



Path 48: MET (601 ps) Setup Check with Pin PIPELINES[6].ROUNDS[1].U_ROUND_U_SUB_ROM[8].ROM_dout_reg[6]/clk->d
          Group: clk
     Startpoint: (R) PIPELINES[6].ROUNDS[0].U_ROUND_U_KEY_data_out_reg[68]/clk
          Clock: (R) clk
       Endpoint: (R) PIPELINES[6].ROUNDS[1].U_ROUND_U_SUB_ROM[8].ROM_dout_reg[6]/d
          Clock: (R) clk

                     Capture       Launch     
        Clock Edge:+     900            0     
       Src Latency:+       0            0     
       Net Latency:+       0 (I)        0 (I) 
           Arrival:=     900            0     
                                              
             Setup:-      24                  
     Required Time:=     876                  
      Launch Clock:-       0                  
         Data Path:-     276                  
             Slack:=     601                  

#------------------------------------------------------------------------------------------------------------------------------------------------
#                         Timing Point                          Flags    Arc    Edge       Cell         Fanout Load Trans Delay Arrival Instance 
#                                                                                                              (fF)  (ps)  (ps)   (ps)  Location 
#------------------------------------------------------------------------------------------------------------------------------------------------
  PIPELINES[6].ROUNDS[0].U_ROUND_U_KEY_data_out_reg[68]/clk     -       -       R     (arrival)          47792    -     0     0       0    (-,-) 
  PIPELINES[6].ROUNDS[0].U_ROUND_U_KEY_data_out_reg[68]/q       (u)     clk->q  F     unmapped_d_flop       21 21.0     0    85      85    (-,-) 
  g33186/z                                                      (u)     in_0->z R     unmapped_nand2        18 18.0     0    31     117    (-,-) 
  g33185/z                                                      (u)     in_0->z F     unmapped_nand2        14 14.0     0    29     145    (-,-) 
  g33179/z                                                      (u)     in_1->z R     unmapped_nand2        12 12.0     0    27     172    (-,-) 
  g478662/z                                                     (u)     in_0->z F     unmapped_nand2         3  3.0     0    15     188    (-,-) 
  g33178/z                                                      (u)     in_0->z R     unmapped_complex2      3  3.0     0    15     203    (-,-) 
  g33171/z                                                      (u)     in_1->z R     unmapped_complex4      1  1.0     0    22     225    (-,-) 
  g33170/z                                                      (u)     in_0->z F     unmapped_complex4      1  1.0     0    17     241    (-,-) 
  g33169/z                                                      (u)     in_0->z F     unmapped_complex4      1  1.0     0     9     250    (-,-) 
  g447153/z                                                     (u)     in_1->z F     unmapped_complex2      1  1.0     0     9     259    (-,-) 
  g33165/z                                                      (u)     in_0->z R     unmapped_nand4         1  1.0     0    17     276    (-,-) 
  PIPELINES[6].ROUNDS[1].U_ROUND_U_SUB_ROM[8].ROM_dout_reg[6]/d -       -       R     unmapped_d_flop        1    -     -     0     276    (-,-) 
#------------------------------------------------------------------------------------------------------------------------------------------------

(u) : Net has unmapped pin(s).



Path 49: MET (601 ps) Setup Check with Pin PIPELINES[5].ROUNDS[3].U_ROUND_U_SUB_ROM[8].ROM_dout_reg[6]/clk->d
          Group: clk
     Startpoint: (R) PIPELINES[5].ROUNDS[2].U_ROUND_U_KEY_data_out_reg[68]/clk
          Clock: (R) clk
       Endpoint: (R) PIPELINES[5].ROUNDS[3].U_ROUND_U_SUB_ROM[8].ROM_dout_reg[6]/d
          Clock: (R) clk

                     Capture       Launch     
        Clock Edge:+     900            0     
       Src Latency:+       0            0     
       Net Latency:+       0 (I)        0 (I) 
           Arrival:=     900            0     
                                              
             Setup:-      24                  
     Required Time:=     876                  
      Launch Clock:-       0                  
         Data Path:-     276                  
             Slack:=     601                  

#------------------------------------------------------------------------------------------------------------------------------------------------
#                         Timing Point                          Flags    Arc    Edge       Cell         Fanout Load Trans Delay Arrival Instance 
#                                                                                                              (fF)  (ps)  (ps)   (ps)  Location 
#------------------------------------------------------------------------------------------------------------------------------------------------
  PIPELINES[5].ROUNDS[2].U_ROUND_U_KEY_data_out_reg[68]/clk     -       -       R     (arrival)          47792    -     0     0       0    (-,-) 
  PIPELINES[5].ROUNDS[2].U_ROUND_U_KEY_data_out_reg[68]/q       (u)     clk->q  F     unmapped_d_flop       21 21.0     0    85      85    (-,-) 
  g286869/z                                                     (u)     in_0->z R     unmapped_nand2        18 18.0     0    31     117    (-,-) 
  g286730/z                                                     (u)     in_0->z F     unmapped_nand2        15 15.0     0    30     146    (-,-) 
  g286542/z                                                     (u)     in_1->z R     unmapped_nand2        11 11.0     0    26     172    (-,-) 
  g277055/z                                                     (u)     in_0->z F     unmapped_nand2         3  3.0     0    15     188    (-,-) 
  g277054/z                                                     (u)     in_0->z R     unmapped_complex2      3  3.0     0    15     203    (-,-) 
  g322480/z                                                     (u)     in_1->z R     unmapped_complex4      1  1.0     0    22     225    (-,-) 
  g277217/z                                                     (u)     in_0->z F     unmapped_complex4      1  1.0     0     9     234    (-,-) 
  g321777/z                                                     (u)     in_0->z F     unmapped_complex4      1  1.0     0    17     250    (-,-) 
  g277216/z                                                     (u)     in_1->z F     unmapped_complex2      1  1.0     0     9     259    (-,-) 
  g277215/z                                                     (u)     in_0->z R     unmapped_nand4         1  1.0     0    17     276    (-,-) 
  PIPELINES[5].ROUNDS[3].U_ROUND_U_SUB_ROM[8].ROM_dout_reg[6]/d -       -       R     unmapped_d_flop        1    -     -     0     276    (-,-) 
#------------------------------------------------------------------------------------------------------------------------------------------------

(u) : Net has unmapped pin(s).



Path 50: MET (601 ps) Setup Check with Pin PIPELINES[6].ROUNDS[0].U_ROUND_U_SUB_ROM[7].ROM_dout_reg[6]/clk->d
          Group: clk
     Startpoint: (R) PIPELINES[6].U0_ARK_data_out_reg[60]/clk
          Clock: (R) clk
       Endpoint: (R) PIPELINES[6].ROUNDS[0].U_ROUND_U_SUB_ROM[7].ROM_dout_reg[6]/d
          Clock: (R) clk

                     Capture       Launch     
        Clock Edge:+     900            0     
       Src Latency:+       0            0     
       Net Latency:+       0 (I)        0 (I) 
           Arrival:=     900            0     
                                              
             Setup:-      24                  
     Required Time:=     876                  
      Launch Clock:-       0                  
         Data Path:-     276                  
             Slack:=     601                  

#------------------------------------------------------------------------------------------------------------------------------------------------
#                         Timing Point                          Flags    Arc    Edge       Cell         Fanout Load Trans Delay Arrival Instance 
#                                                                                                              (fF)  (ps)  (ps)   (ps)  Location 
#------------------------------------------------------------------------------------------------------------------------------------------------
  PIPELINES[6].U0_ARK_data_out_reg[60]/clk                      -       -       R     (arrival)          47792    -     0     0       0    (-,-) 
  PIPELINES[6].U0_ARK_data_out_reg[60]/q                        (u)     clk->q  R     unmapped_d_flop       20 20.0     0    85      85    (-,-) 
  g31494/z                                                      (u)     in_0->z F     unmapped_nand2        21 21.0     0    33     118    (-,-) 
  g31493/z                                                      (u)     in_0->z R     unmapped_nand2        15 15.0     0    30     147    (-,-) 
  g489570/z                                                     (u)     in_1->z F     unmapped_nand2        13 13.0     0    28     175    (-,-) 
  g31514/z                                                      (u)     in_0->z R     unmapped_nand2         4  4.0     0    18     193    (-,-) 
  g31636/z                                                      (u)     in_2->z R     unmapped_complex4      1  1.0     0    27     220    (-,-) 
  g31635/z                                                      (u)     in_0->z F     unmapped_complex4      1  1.0     0    13     232    (-,-) 
  g449714/z                                                     (u)     in_1->z R     unmapped_complex2      1  1.0     0     9     241    (-,-) 
  g31634/z                                                      (u)     in_0->z F     unmapped_complex4      1  1.0     0    17     258    (-,-) 
  g31609/z                                                      (u)     in_2->z R     unmapped_complex3      1  1.0     0    18     276    (-,-) 
  PIPELINES[6].ROUNDS[0].U_ROUND_U_SUB_ROM[7].ROM_dout_reg[6]/d -       -       R     unmapped_d_flop        1    -     -     0     276    (-,-) 
#------------------------------------------------------------------------------------------------------------------------------------------------

(u) : Net has unmapped pin(s).

