============================================================
  Generated by:           Genus(TM) Synthesis Solution 21.17-s066_1
  Generated on:           Jul 29 2025  12:24:10 pm
  Module:                 Top_PipelinedMultiCipher
  Operating conditions:   PVT_0P7V_25C 
  Interconnect mode:      global
  Area mode:              physical library
============================================================


Path 1: MET (132 ps) Setup Check with Pin PIPELINES[7].ROUNDS[0].U_ROUND_U_KEY_data_out_reg[112]/CLK->D
          Group: clk
     Startpoint: (R) U_KEYEXP_RKGEN_U0_valid_out_reg/CLK
          Clock: (R) clk
       Endpoint: (R) PIPELINES[7].ROUNDS[0].U_ROUND_U_KEY_data_out_reg[112]/D
          Clock: (R) clk

                     Capture       Launch     
        Clock Edge:+     900            0     
       Src Latency:+       0            0     
       Net Latency:+       0 (I)        0 (I) 
           Arrival:=     900            0     
                                              
             Setup:-      23                  
     Required Time:=     877                  
      Launch Clock:-       0                  
         Data Path:-     745                  
             Slack:=     132                  

#--------------------------------------------------------------------------------------------------------------------------------------------------
#                      Timing Point                        Flags    Arc    Edge          Cell            Fanout  Load Trans Delay Arrival Instance 
#                                                                                                                (fF)  (ps)  (ps)   (ps)  Location 
#--------------------------------------------------------------------------------------------------------------------------------------------------
  U_KEYEXP_RKGEN_U0_valid_out_reg/CLK                      -       -       R     (arrival)                47792     -     0     0       0    (-,-) 
  U_KEYEXP_RKGEN_U0_valid_out_reg/QN                       -       CLK->QN R     DFFASRHQNx1_ASAP7_75t_L    139 113.9   851   418     418    (-,-) 
  g760109/Y                                                -       A->Y    R     AND2x4_ASAP7_75t_L         131  96.4   197   110     528    (-,-) 
  g760118/Y                                                -       A->Y    F     INVx1_ASAP7_75t_L           53  41.6   266   171     699    (-,-) 
  g255913/Y                                                -       B2->Y   R     AOI22xp5_ASAP7_75t_L         1   1.0    64    46     745    (-,-) 
  PIPELINES[7].ROUNDS[0].U_ROUND_U_KEY_data_out_reg[112]/D -       -       R     DFFASRHQNx1_ASAP7_75t_L      1     -     -     0     745    (-,-) 
#--------------------------------------------------------------------------------------------------------------------------------------------------



Path 2: MET (132 ps) Setup Check with Pin PIPELINES[7].ROUNDS[0].U_ROUND_U_KEY_data_out_reg[113]/CLK->D
          Group: clk
     Startpoint: (R) U_KEYEXP_RKGEN_U0_valid_out_reg/CLK
          Clock: (R) clk
       Endpoint: (R) PIPELINES[7].ROUNDS[0].U_ROUND_U_KEY_data_out_reg[113]/D
          Clock: (R) clk

                     Capture       Launch     
        Clock Edge:+     900            0     
       Src Latency:+       0            0     
       Net Latency:+       0 (I)        0 (I) 
           Arrival:=     900            0     
                                              
             Setup:-      23                  
     Required Time:=     877                  
      Launch Clock:-       0                  
         Data Path:-     745                  
             Slack:=     132                  

#--------------------------------------------------------------------------------------------------------------------------------------------------
#                      Timing Point                        Flags    Arc    Edge          Cell            Fanout  Load Trans Delay Arrival Instance 
#                                                                                                                (fF)  (ps)  (ps)   (ps)  Location 
#--------------------------------------------------------------------------------------------------------------------------------------------------
  U_KEYEXP_RKGEN_U0_valid_out_reg/CLK                      -       -       R     (arrival)                47792     -     0     0       0    (-,-) 
  U_KEYEXP_RKGEN_U0_valid_out_reg/QN                       -       CLK->QN R     DFFASRHQNx1_ASAP7_75t_L    139 113.9   851   418     418    (-,-) 
  g760109/Y                                                -       A->Y    R     AND2x4_ASAP7_75t_L         131  96.4   197   110     528    (-,-) 
  g760118/Y                                                -       A->Y    F     INVx1_ASAP7_75t_L           53  41.6   266   171     699    (-,-) 
  g765091/Y                                                -       B2->Y   R     AOI22xp5_ASAP7_75t_L         1   1.0    64    46     745    (-,-) 
  PIPELINES[7].ROUNDS[0].U_ROUND_U_KEY_data_out_reg[113]/D -       -       R     DFFASRHQNx1_ASAP7_75t_L      1     -     -     0     745    (-,-) 
#--------------------------------------------------------------------------------------------------------------------------------------------------



Path 3: MET (132 ps) Setup Check with Pin PIPELINES[7].ROUNDS[0].U_ROUND_U_KEY_data_out_reg[115]/CLK->D
          Group: clk
     Startpoint: (R) U_KEYEXP_RKGEN_U0_valid_out_reg/CLK
          Clock: (R) clk
       Endpoint: (R) PIPELINES[7].ROUNDS[0].U_ROUND_U_KEY_data_out_reg[115]/D
          Clock: (R) clk

                     Capture       Launch     
        Clock Edge:+     900            0     
       Src Latency:+       0            0     
       Net Latency:+       0 (I)        0 (I) 
           Arrival:=     900            0     
                                              
             Setup:-      23                  
     Required Time:=     877                  
      Launch Clock:-       0                  
         Data Path:-     745                  
             Slack:=     132                  

#--------------------------------------------------------------------------------------------------------------------------------------------------
#                      Timing Point                        Flags    Arc    Edge          Cell            Fanout  Load Trans Delay Arrival Instance 
#                                                                                                                (fF)  (ps)  (ps)   (ps)  Location 
#--------------------------------------------------------------------------------------------------------------------------------------------------
  U_KEYEXP_RKGEN_U0_valid_out_reg/CLK                      -       -       R     (arrival)                47792     -     0     0       0    (-,-) 
  U_KEYEXP_RKGEN_U0_valid_out_reg/QN                       -       CLK->QN R     DFFASRHQNx1_ASAP7_75t_L    139 113.9   851   418     418    (-,-) 
  g760109/Y                                                -       A->Y    R     AND2x4_ASAP7_75t_L         131  96.4   197   110     528    (-,-) 
  g760118/Y                                                -       A->Y    F     INVx1_ASAP7_75t_L           53  41.6   266   171     699    (-,-) 
  g765089/Y                                                -       B2->Y   R     AOI22xp5_ASAP7_75t_L         1   1.0    64    46     745    (-,-) 
  PIPELINES[7].ROUNDS[0].U_ROUND_U_KEY_data_out_reg[115]/D -       -       R     DFFASRHQNx1_ASAP7_75t_L      1     -     -     0     745    (-,-) 
#--------------------------------------------------------------------------------------------------------------------------------------------------



Path 4: MET (132 ps) Setup Check with Pin PIPELINES[7].ROUNDS[0].U_ROUND_U_KEY_data_out_reg[110]/CLK->D
          Group: clk
     Startpoint: (R) U_KEYEXP_RKGEN_U0_valid_out_reg/CLK
          Clock: (R) clk
       Endpoint: (R) PIPELINES[7].ROUNDS[0].U_ROUND_U_KEY_data_out_reg[110]/D
          Clock: (R) clk

                     Capture       Launch     
        Clock Edge:+     900            0     
       Src Latency:+       0            0     
       Net Latency:+       0 (I)        0 (I) 
           Arrival:=     900            0     
                                              
             Setup:-      23                  
     Required Time:=     877                  
      Launch Clock:-       0                  
         Data Path:-     745                  
             Slack:=     132                  

#--------------------------------------------------------------------------------------------------------------------------------------------------
#                      Timing Point                        Flags    Arc    Edge          Cell            Fanout  Load Trans Delay Arrival Instance 
#                                                                                                                (fF)  (ps)  (ps)   (ps)  Location 
#--------------------------------------------------------------------------------------------------------------------------------------------------
  U_KEYEXP_RKGEN_U0_valid_out_reg/CLK                      -       -       R     (arrival)                47792     -     0     0       0    (-,-) 
  U_KEYEXP_RKGEN_U0_valid_out_reg/QN                       -       CLK->QN R     DFFASRHQNx1_ASAP7_75t_L    139 113.9   851   418     418    (-,-) 
  g760109/Y                                                -       A->Y    R     AND2x4_ASAP7_75t_L         131  96.4   197   110     528    (-,-) 
  g760118/Y                                                -       A->Y    F     INVx1_ASAP7_75t_L           53  41.6   266   171     699    (-,-) 
  g764715/Y                                                -       B2->Y   R     AOI22xp5_ASAP7_75t_L         1   1.0    64    46     745    (-,-) 
  PIPELINES[7].ROUNDS[0].U_ROUND_U_KEY_data_out_reg[110]/D -       -       R     DFFASRHQNx1_ASAP7_75t_L      1     -     -     0     745    (-,-) 
#--------------------------------------------------------------------------------------------------------------------------------------------------



Path 5: MET (132 ps) Setup Check with Pin PIPELINES[7].ROUNDS[0].U_ROUND_U_KEY_data_out_reg[111]/CLK->D
          Group: clk
     Startpoint: (R) U_KEYEXP_RKGEN_U0_valid_out_reg/CLK
          Clock: (R) clk
       Endpoint: (R) PIPELINES[7].ROUNDS[0].U_ROUND_U_KEY_data_out_reg[111]/D
          Clock: (R) clk

                     Capture       Launch     
        Clock Edge:+     900            0     
       Src Latency:+       0            0     
       Net Latency:+       0 (I)        0 (I) 
           Arrival:=     900            0     
                                              
             Setup:-      23                  
     Required Time:=     877                  
      Launch Clock:-       0                  
         Data Path:-     745                  
             Slack:=     132                  

#--------------------------------------------------------------------------------------------------------------------------------------------------
#                      Timing Point                        Flags    Arc    Edge          Cell            Fanout  Load Trans Delay Arrival Instance 
#                                                                                                                (fF)  (ps)  (ps)   (ps)  Location 
#--------------------------------------------------------------------------------------------------------------------------------------------------
  U_KEYEXP_RKGEN_U0_valid_out_reg/CLK                      -       -       R     (arrival)                47792     -     0     0       0    (-,-) 
  U_KEYEXP_RKGEN_U0_valid_out_reg/QN                       -       CLK->QN R     DFFASRHQNx1_ASAP7_75t_L    139 113.9   851   418     418    (-,-) 
  g760109/Y                                                -       A->Y    R     AND2x4_ASAP7_75t_L         131  96.4   197   110     528    (-,-) 
  g760118/Y                                                -       A->Y    F     INVx1_ASAP7_75t_L           53  41.6   266   171     699    (-,-) 
  g764705/Y                                                -       B2->Y   R     AOI22xp5_ASAP7_75t_L         1   1.0    64    46     745    (-,-) 
  PIPELINES[7].ROUNDS[0].U_ROUND_U_KEY_data_out_reg[111]/D -       -       R     DFFASRHQNx1_ASAP7_75t_L      1     -     -     0     745    (-,-) 
#--------------------------------------------------------------------------------------------------------------------------------------------------



Path 6: MET (132 ps) Setup Check with Pin PIPELINES[7].ROUNDS[0].U_ROUND_U_KEY_data_out_reg[104]/CLK->D
          Group: clk
     Startpoint: (R) U_KEYEXP_RKGEN_U0_valid_out_reg/CLK
          Clock: (R) clk
       Endpoint: (R) PIPELINES[7].ROUNDS[0].U_ROUND_U_KEY_data_out_reg[104]/D
          Clock: (R) clk

                     Capture       Launch     
        Clock Edge:+     900            0     
       Src Latency:+       0            0     
       Net Latency:+       0 (I)        0 (I) 
           Arrival:=     900            0     
                                              
             Setup:-      23                  
     Required Time:=     877                  
      Launch Clock:-       0                  
         Data Path:-     745                  
             Slack:=     132                  

#--------------------------------------------------------------------------------------------------------------------------------------------------
#                      Timing Point                        Flags    Arc    Edge          Cell            Fanout  Load Trans Delay Arrival Instance 
#                                                                                                                (fF)  (ps)  (ps)   (ps)  Location 
#--------------------------------------------------------------------------------------------------------------------------------------------------
  U_KEYEXP_RKGEN_U0_valid_out_reg/CLK                      -       -       R     (arrival)                47792     -     0     0       0    (-,-) 
  U_KEYEXP_RKGEN_U0_valid_out_reg/QN                       -       CLK->QN R     DFFASRHQNx1_ASAP7_75t_L    139 113.9   851   418     418    (-,-) 
  g760109/Y                                                -       A->Y    R     AND2x4_ASAP7_75t_L         131  96.4   197   110     528    (-,-) 
  g760118/Y                                                -       A->Y    F     INVx1_ASAP7_75t_L           53  41.6   266   171     699    (-,-) 
  g764702/Y                                                -       B2->Y   R     AOI22xp5_ASAP7_75t_L         1   1.0    64    46     745    (-,-) 
  PIPELINES[7].ROUNDS[0].U_ROUND_U_KEY_data_out_reg[104]/D -       -       R     DFFASRHQNx1_ASAP7_75t_L      1     -     -     0     745    (-,-) 
#--------------------------------------------------------------------------------------------------------------------------------------------------



Path 7: MET (132 ps) Setup Check with Pin PIPELINES[7].ROUNDS[0].U_ROUND_U_KEY_data_out_reg[97]/CLK->D
          Group: clk
     Startpoint: (R) U_KEYEXP_RKGEN_U0_valid_out_reg/CLK
          Clock: (R) clk
       Endpoint: (R) PIPELINES[7].ROUNDS[0].U_ROUND_U_KEY_data_out_reg[97]/D
          Clock: (R) clk

                     Capture       Launch     
        Clock Edge:+     900            0     
       Src Latency:+       0            0     
       Net Latency:+       0 (I)        0 (I) 
           Arrival:=     900            0     
                                              
             Setup:-      23                  
     Required Time:=     877                  
      Launch Clock:-       0                  
         Data Path:-     745                  
             Slack:=     132                  

#-------------------------------------------------------------------------------------------------------------------------------------------------
#                      Timing Point                       Flags    Arc    Edge          Cell            Fanout  Load Trans Delay Arrival Instance 
#                                                                                                               (fF)  (ps)  (ps)   (ps)  Location 
#-------------------------------------------------------------------------------------------------------------------------------------------------
  U_KEYEXP_RKGEN_U0_valid_out_reg/CLK                     -       -       R     (arrival)                47792     -     0     0       0    (-,-) 
  U_KEYEXP_RKGEN_U0_valid_out_reg/QN                      -       CLK->QN R     DFFASRHQNx1_ASAP7_75t_L    139 113.9   851   418     418    (-,-) 
  g760109/Y                                               -       A->Y    R     AND2x4_ASAP7_75t_L         131  96.4   197   110     528    (-,-) 
  g760118/Y                                               -       A->Y    F     INVx1_ASAP7_75t_L           53  41.6   266   171     699    (-,-) 
  g764417/Y                                               -       B2->Y   R     AOI22xp5_ASAP7_75t_L         1   1.0    64    46     745    (-,-) 
  PIPELINES[7].ROUNDS[0].U_ROUND_U_KEY_data_out_reg[97]/D -       -       R     DFFASRHQNx1_ASAP7_75t_L      1     -     -     0     745    (-,-) 
#-------------------------------------------------------------------------------------------------------------------------------------------------



Path 8: MET (132 ps) Setup Check with Pin PIPELINES[7].ROUNDS[0].U_ROUND_U_KEY_data_out_reg[100]/CLK->D
          Group: clk
     Startpoint: (R) U_KEYEXP_RKGEN_U0_valid_out_reg/CLK
          Clock: (R) clk
       Endpoint: (R) PIPELINES[7].ROUNDS[0].U_ROUND_U_KEY_data_out_reg[100]/D
          Clock: (R) clk

                     Capture       Launch     
        Clock Edge:+     900            0     
       Src Latency:+       0            0     
       Net Latency:+       0 (I)        0 (I) 
           Arrival:=     900            0     
                                              
             Setup:-      23                  
     Required Time:=     877                  
      Launch Clock:-       0                  
         Data Path:-     745                  
             Slack:=     132                  

#--------------------------------------------------------------------------------------------------------------------------------------------------
#                      Timing Point                        Flags    Arc    Edge          Cell            Fanout  Load Trans Delay Arrival Instance 
#                                                                                                                (fF)  (ps)  (ps)   (ps)  Location 
#--------------------------------------------------------------------------------------------------------------------------------------------------
  U_KEYEXP_RKGEN_U0_valid_out_reg/CLK                      -       -       R     (arrival)                47792     -     0     0       0    (-,-) 
  U_KEYEXP_RKGEN_U0_valid_out_reg/QN                       -       CLK->QN R     DFFASRHQNx1_ASAP7_75t_L    139 113.9   851   418     418    (-,-) 
  g760109/Y                                                -       A->Y    R     AND2x4_ASAP7_75t_L         131  96.4   197   110     528    (-,-) 
  g760118/Y                                                -       A->Y    F     INVx1_ASAP7_75t_L           53  41.6   266   171     699    (-,-) 
  g764355/Y                                                -       B2->Y   R     AOI22xp5_ASAP7_75t_L         1   1.0    64    46     745    (-,-) 
  PIPELINES[7].ROUNDS[0].U_ROUND_U_KEY_data_out_reg[100]/D -       -       R     DFFASRHQNx1_ASAP7_75t_L      1     -     -     0     745    (-,-) 
#--------------------------------------------------------------------------------------------------------------------------------------------------



Path 9: MET (132 ps) Setup Check with Pin PIPELINES[7].ROUNDS[0].U_ROUND_U_KEY_data_out_reg[101]/CLK->D
          Group: clk
     Startpoint: (R) U_KEYEXP_RKGEN_U0_valid_out_reg/CLK
          Clock: (R) clk
       Endpoint: (R) PIPELINES[7].ROUNDS[0].U_ROUND_U_KEY_data_out_reg[101]/D
          Clock: (R) clk

                     Capture       Launch     
        Clock Edge:+     900            0     
       Src Latency:+       0            0     
       Net Latency:+       0 (I)        0 (I) 
           Arrival:=     900            0     
                                              
             Setup:-      23                  
     Required Time:=     877                  
      Launch Clock:-       0                  
         Data Path:-     745                  
             Slack:=     132                  

#--------------------------------------------------------------------------------------------------------------------------------------------------
#                      Timing Point                        Flags    Arc    Edge          Cell            Fanout  Load Trans Delay Arrival Instance 
#                                                                                                                (fF)  (ps)  (ps)   (ps)  Location 
#--------------------------------------------------------------------------------------------------------------------------------------------------
  U_KEYEXP_RKGEN_U0_valid_out_reg/CLK                      -       -       R     (arrival)                47792     -     0     0       0    (-,-) 
  U_KEYEXP_RKGEN_U0_valid_out_reg/QN                       -       CLK->QN R     DFFASRHQNx1_ASAP7_75t_L    139 113.9   851   418     418    (-,-) 
  g760109/Y                                                -       A->Y    R     AND2x4_ASAP7_75t_L         131  96.4   197   110     528    (-,-) 
  g760118/Y                                                -       A->Y    F     INVx1_ASAP7_75t_L           53  41.6   266   171     699    (-,-) 
  g764351/Y                                                -       B2->Y   R     AOI22xp5_ASAP7_75t_L         1   1.0    64    46     745    (-,-) 
  PIPELINES[7].ROUNDS[0].U_ROUND_U_KEY_data_out_reg[101]/D -       -       R     DFFASRHQNx1_ASAP7_75t_L      1     -     -     0     745    (-,-) 
#--------------------------------------------------------------------------------------------------------------------------------------------------



Path 10: MET (132 ps) Setup Check with Pin PIPELINES[7].ROUNDS[0].U_ROUND_U_KEY_data_out_reg[94]/CLK->D
          Group: clk
     Startpoint: (R) U_KEYEXP_RKGEN_U0_valid_out_reg/CLK
          Clock: (R) clk
       Endpoint: (R) PIPELINES[7].ROUNDS[0].U_ROUND_U_KEY_data_out_reg[94]/D
          Clock: (R) clk

                     Capture       Launch     
        Clock Edge:+     900            0     
       Src Latency:+       0            0     
       Net Latency:+       0 (I)        0 (I) 
           Arrival:=     900            0     
                                              
             Setup:-      23                  
     Required Time:=     877                  
      Launch Clock:-       0                  
         Data Path:-     745                  
             Slack:=     132                  

#-------------------------------------------------------------------------------------------------------------------------------------------------
#                      Timing Point                       Flags    Arc    Edge          Cell            Fanout  Load Trans Delay Arrival Instance 
#                                                                                                               (fF)  (ps)  (ps)   (ps)  Location 
#-------------------------------------------------------------------------------------------------------------------------------------------------
  U_KEYEXP_RKGEN_U0_valid_out_reg/CLK                     -       -       R     (arrival)                47792     -     0     0       0    (-,-) 
  U_KEYEXP_RKGEN_U0_valid_out_reg/QN                      -       CLK->QN R     DFFASRHQNx1_ASAP7_75t_L    139 113.9   851   418     418    (-,-) 
  g760109/Y                                               -       A->Y    R     AND2x4_ASAP7_75t_L         131  96.4   197   110     528    (-,-) 
  g760118/Y                                               -       A->Y    F     INVx1_ASAP7_75t_L           53  41.6   266   171     699    (-,-) 
  g764031/Y                                               -       B2->Y   R     AOI22xp5_ASAP7_75t_L         1   1.0    64    46     745    (-,-) 
  PIPELINES[7].ROUNDS[0].U_ROUND_U_KEY_data_out_reg[94]/D -       -       R     DFFASRHQNx1_ASAP7_75t_L      1     -     -     0     745    (-,-) 
#-------------------------------------------------------------------------------------------------------------------------------------------------



Path 11: MET (132 ps) Setup Check with Pin PIPELINES[7].ROUNDS[0].U_ROUND_U_KEY_data_out_reg[75]/CLK->D
          Group: clk
     Startpoint: (R) U_KEYEXP_RKGEN_U0_valid_out_reg/CLK
          Clock: (R) clk
       Endpoint: (R) PIPELINES[7].ROUNDS[0].U_ROUND_U_KEY_data_out_reg[75]/D
          Clock: (R) clk

                     Capture       Launch     
        Clock Edge:+     900            0     
       Src Latency:+       0            0     
       Net Latency:+       0 (I)        0 (I) 
           Arrival:=     900            0     
                                              
             Setup:-      23                  
     Required Time:=     877                  
      Launch Clock:-       0                  
         Data Path:-     745                  
             Slack:=     132                  

#-------------------------------------------------------------------------------------------------------------------------------------------------
#                      Timing Point                       Flags    Arc    Edge          Cell            Fanout  Load Trans Delay Arrival Instance 
#                                                                                                               (fF)  (ps)  (ps)   (ps)  Location 
#-------------------------------------------------------------------------------------------------------------------------------------------------
  U_KEYEXP_RKGEN_U0_valid_out_reg/CLK                     -       -       R     (arrival)                47792     -     0     0       0    (-,-) 
  U_KEYEXP_RKGEN_U0_valid_out_reg/QN                      -       CLK->QN R     DFFASRHQNx1_ASAP7_75t_L    139 113.9   851   418     418    (-,-) 
  g760109/Y                                               -       A->Y    R     AND2x4_ASAP7_75t_L         131  96.4   197   110     528    (-,-) 
  g760118/Y                                               -       A->Y    F     INVx1_ASAP7_75t_L           53  41.6   266   171     699    (-,-) 
  g763292/Y                                               -       B2->Y   R     AOI22xp5_ASAP7_75t_L         1   1.0    64    46     745    (-,-) 
  PIPELINES[7].ROUNDS[0].U_ROUND_U_KEY_data_out_reg[75]/D -       -       R     DFFASRHQNx1_ASAP7_75t_L      1     -     -     0     745    (-,-) 
#-------------------------------------------------------------------------------------------------------------------------------------------------



Path 12: MET (132 ps) Setup Check with Pin PIPELINES[7].ROUNDS[0].U_ROUND_U_KEY_data_out_reg[77]/CLK->D
          Group: clk
     Startpoint: (R) U_KEYEXP_RKGEN_U0_valid_out_reg/CLK
          Clock: (R) clk
       Endpoint: (R) PIPELINES[7].ROUNDS[0].U_ROUND_U_KEY_data_out_reg[77]/D
          Clock: (R) clk

                     Capture       Launch     
        Clock Edge:+     900            0     
       Src Latency:+       0            0     
       Net Latency:+       0 (I)        0 (I) 
           Arrival:=     900            0     
                                              
             Setup:-      23                  
     Required Time:=     877                  
      Launch Clock:-       0                  
         Data Path:-     745                  
             Slack:=     132                  

#-------------------------------------------------------------------------------------------------------------------------------------------------
#                      Timing Point                       Flags    Arc    Edge          Cell            Fanout  Load Trans Delay Arrival Instance 
#                                                                                                               (fF)  (ps)  (ps)   (ps)  Location 
#-------------------------------------------------------------------------------------------------------------------------------------------------
  U_KEYEXP_RKGEN_U0_valid_out_reg/CLK                     -       -       R     (arrival)                47792     -     0     0       0    (-,-) 
  U_KEYEXP_RKGEN_U0_valid_out_reg/QN                      -       CLK->QN R     DFFASRHQNx1_ASAP7_75t_L    139 113.9   851   418     418    (-,-) 
  g760109/Y                                               -       A->Y    R     AND2x4_ASAP7_75t_L         131  96.4   197   110     528    (-,-) 
  g760118/Y                                               -       A->Y    F     INVx1_ASAP7_75t_L           53  41.6   266   171     699    (-,-) 
  g763277/Y                                               -       B2->Y   R     AOI22xp5_ASAP7_75t_L         1   1.0    64    46     745    (-,-) 
  PIPELINES[7].ROUNDS[0].U_ROUND_U_KEY_data_out_reg[77]/D -       -       R     DFFASRHQNx1_ASAP7_75t_L      1     -     -     0     745    (-,-) 
#-------------------------------------------------------------------------------------------------------------------------------------------------



Path 13: MET (132 ps) Setup Check with Pin PIPELINES[7].ROUNDS[0].U_ROUND_U_KEY_data_out_reg[64]/CLK->D
          Group: clk
     Startpoint: (R) U_KEYEXP_RKGEN_U0_valid_out_reg/CLK
          Clock: (R) clk
       Endpoint: (R) PIPELINES[7].ROUNDS[0].U_ROUND_U_KEY_data_out_reg[64]/D
          Clock: (R) clk

                     Capture       Launch     
        Clock Edge:+     900            0     
       Src Latency:+       0            0     
       Net Latency:+       0 (I)        0 (I) 
           Arrival:=     900            0     
                                              
             Setup:-      23                  
     Required Time:=     877                  
      Launch Clock:-       0                  
         Data Path:-     745                  
             Slack:=     132                  

#-------------------------------------------------------------------------------------------------------------------------------------------------
#                      Timing Point                       Flags    Arc    Edge          Cell            Fanout  Load Trans Delay Arrival Instance 
#                                                                                                               (fF)  (ps)  (ps)   (ps)  Location 
#-------------------------------------------------------------------------------------------------------------------------------------------------
  U_KEYEXP_RKGEN_U0_valid_out_reg/CLK                     -       -       R     (arrival)                47792     -     0     0       0    (-,-) 
  U_KEYEXP_RKGEN_U0_valid_out_reg/QN                      -       CLK->QN R     DFFASRHQNx1_ASAP7_75t_L    139 113.9   851   418     418    (-,-) 
  g760109/Y                                               -       A->Y    R     AND2x4_ASAP7_75t_L         131  96.4   197   110     528    (-,-) 
  g760118/Y                                               -       A->Y    F     INVx1_ASAP7_75t_L           53  41.6   266   171     699    (-,-) 
  g762968/Y                                               -       B2->Y   R     AOI22xp5_ASAP7_75t_L         1   1.0    64    46     745    (-,-) 
  PIPELINES[7].ROUNDS[0].U_ROUND_U_KEY_data_out_reg[64]/D -       -       R     DFFASRHQNx1_ASAP7_75t_L      1     -     -     0     745    (-,-) 
#-------------------------------------------------------------------------------------------------------------------------------------------------



Path 14: MET (132 ps) Setup Check with Pin PIPELINES[7].ROUNDS[0].U_ROUND_U_KEY_data_out_reg[67]/CLK->D
          Group: clk
     Startpoint: (R) U_KEYEXP_RKGEN_U0_valid_out_reg/CLK
          Clock: (R) clk
       Endpoint: (R) PIPELINES[7].ROUNDS[0].U_ROUND_U_KEY_data_out_reg[67]/D
          Clock: (R) clk

                     Capture       Launch     
        Clock Edge:+     900            0     
       Src Latency:+       0            0     
       Net Latency:+       0 (I)        0 (I) 
           Arrival:=     900            0     
                                              
             Setup:-      23                  
     Required Time:=     877                  
      Launch Clock:-       0                  
         Data Path:-     745                  
             Slack:=     132                  

#-------------------------------------------------------------------------------------------------------------------------------------------------
#                      Timing Point                       Flags    Arc    Edge          Cell            Fanout  Load Trans Delay Arrival Instance 
#                                                                                                               (fF)  (ps)  (ps)   (ps)  Location 
#-------------------------------------------------------------------------------------------------------------------------------------------------
  U_KEYEXP_RKGEN_U0_valid_out_reg/CLK                     -       -       R     (arrival)                47792     -     0     0       0    (-,-) 
  U_KEYEXP_RKGEN_U0_valid_out_reg/QN                      -       CLK->QN R     DFFASRHQNx1_ASAP7_75t_L    139 113.9   851   418     418    (-,-) 
  g760109/Y                                               -       A->Y    R     AND2x4_ASAP7_75t_L         131  96.4   197   110     528    (-,-) 
  g760118/Y                                               -       A->Y    F     INVx1_ASAP7_75t_L           53  41.6   266   171     699    (-,-) 
  g762945/Y                                               -       B2->Y   R     AOI22xp5_ASAP7_75t_L         1   1.0    64    46     745    (-,-) 
  PIPELINES[7].ROUNDS[0].U_ROUND_U_KEY_data_out_reg[67]/D -       -       R     DFFASRHQNx1_ASAP7_75t_L      1     -     -     0     745    (-,-) 
#-------------------------------------------------------------------------------------------------------------------------------------------------



Path 15: MET (132 ps) Setup Check with Pin PIPELINES[7].ROUNDS[0].U_ROUND_U_KEY_data_out_reg[65]/CLK->D
          Group: clk
     Startpoint: (R) U_KEYEXP_RKGEN_U0_valid_out_reg/CLK
          Clock: (R) clk
       Endpoint: (R) PIPELINES[7].ROUNDS[0].U_ROUND_U_KEY_data_out_reg[65]/D
          Clock: (R) clk

                     Capture       Launch     
        Clock Edge:+     900            0     
       Src Latency:+       0            0     
       Net Latency:+       0 (I)        0 (I) 
           Arrival:=     900            0     
                                              
             Setup:-      23                  
     Required Time:=     877                  
      Launch Clock:-       0                  
         Data Path:-     745                  
             Slack:=     132                  

#-------------------------------------------------------------------------------------------------------------------------------------------------
#                      Timing Point                       Flags    Arc    Edge          Cell            Fanout  Load Trans Delay Arrival Instance 
#                                                                                                               (fF)  (ps)  (ps)   (ps)  Location 
#-------------------------------------------------------------------------------------------------------------------------------------------------
  U_KEYEXP_RKGEN_U0_valid_out_reg/CLK                     -       -       R     (arrival)                47792     -     0     0       0    (-,-) 
  U_KEYEXP_RKGEN_U0_valid_out_reg/QN                      -       CLK->QN R     DFFASRHQNx1_ASAP7_75t_L    139 113.9   851   418     418    (-,-) 
  g760109/Y                                               -       A->Y    R     AND2x4_ASAP7_75t_L         131  96.4   197   110     528    (-,-) 
  g760118/Y                                               -       A->Y    F     INVx1_ASAP7_75t_L           53  41.6   266   171     699    (-,-) 
  g762940/Y                                               -       B2->Y   R     AOI22xp5_ASAP7_75t_L         1   1.0    64    46     745    (-,-) 
  PIPELINES[7].ROUNDS[0].U_ROUND_U_KEY_data_out_reg[65]/D -       -       R     DFFASRHQNx1_ASAP7_75t_L      1     -     -     0     745    (-,-) 
#-------------------------------------------------------------------------------------------------------------------------------------------------



Path 16: MET (132 ps) Setup Check with Pin PIPELINES[7].ROUNDS[0].U_ROUND_U_KEY_data_out_reg[60]/CLK->D
          Group: clk
     Startpoint: (R) U_KEYEXP_RKGEN_U0_valid_out_reg/CLK
          Clock: (R) clk
       Endpoint: (R) PIPELINES[7].ROUNDS[0].U_ROUND_U_KEY_data_out_reg[60]/D
          Clock: (R) clk

                     Capture       Launch     
        Clock Edge:+     900            0     
       Src Latency:+       0            0     
       Net Latency:+       0 (I)        0 (I) 
           Arrival:=     900            0     
                                              
             Setup:-      23                  
     Required Time:=     877                  
      Launch Clock:-       0                  
         Data Path:-     745                  
             Slack:=     132                  

#-------------------------------------------------------------------------------------------------------------------------------------------------
#                      Timing Point                       Flags    Arc    Edge          Cell            Fanout  Load Trans Delay Arrival Instance 
#                                                                                                               (fF)  (ps)  (ps)   (ps)  Location 
#-------------------------------------------------------------------------------------------------------------------------------------------------
  U_KEYEXP_RKGEN_U0_valid_out_reg/CLK                     -       -       R     (arrival)                47792     -     0     0       0    (-,-) 
  U_KEYEXP_RKGEN_U0_valid_out_reg/QN                      -       CLK->QN R     DFFASRHQNx1_ASAP7_75t_L    139 113.9   851   418     418    (-,-) 
  g760109/Y                                               -       A->Y    R     AND2x4_ASAP7_75t_L         131  96.4   197   110     528    (-,-) 
  g760118/Y                                               -       A->Y    F     INVx1_ASAP7_75t_L           53  41.6   266   171     699    (-,-) 
  g762563/Y                                               -       B2->Y   R     AOI22xp5_ASAP7_75t_L         1   1.0    64    46     745    (-,-) 
  PIPELINES[7].ROUNDS[0].U_ROUND_U_KEY_data_out_reg[60]/D -       -       R     DFFASRHQNx1_ASAP7_75t_L      1     -     -     0     745    (-,-) 
#-------------------------------------------------------------------------------------------------------------------------------------------------



Path 17: MET (132 ps) Setup Check with Pin PIPELINES[7].ROUNDS[0].U_ROUND_U_KEY_data_out_reg[58]/CLK->D
          Group: clk
     Startpoint: (R) U_KEYEXP_RKGEN_U0_valid_out_reg/CLK
          Clock: (R) clk
       Endpoint: (R) PIPELINES[7].ROUNDS[0].U_ROUND_U_KEY_data_out_reg[58]/D
          Clock: (R) clk

                     Capture       Launch     
        Clock Edge:+     900            0     
       Src Latency:+       0            0     
       Net Latency:+       0 (I)        0 (I) 
           Arrival:=     900            0     
                                              
             Setup:-      23                  
     Required Time:=     877                  
      Launch Clock:-       0                  
         Data Path:-     745                  
             Slack:=     132                  

#-------------------------------------------------------------------------------------------------------------------------------------------------
#                      Timing Point                       Flags    Arc    Edge          Cell            Fanout  Load Trans Delay Arrival Instance 
#                                                                                                               (fF)  (ps)  (ps)   (ps)  Location 
#-------------------------------------------------------------------------------------------------------------------------------------------------
  U_KEYEXP_RKGEN_U0_valid_out_reg/CLK                     -       -       R     (arrival)                47792     -     0     0       0    (-,-) 
  U_KEYEXP_RKGEN_U0_valid_out_reg/QN                      -       CLK->QN R     DFFASRHQNx1_ASAP7_75t_L    139 113.9   851   418     418    (-,-) 
  g760109/Y                                               -       A->Y    R     AND2x4_ASAP7_75t_L         131  96.4   197   110     528    (-,-) 
  g760118/Y                                               -       A->Y    F     INVx1_ASAP7_75t_L           53  41.6   266   171     699    (-,-) 
  g762548/Y                                               -       B2->Y   R     AOI22xp5_ASAP7_75t_L         1   1.0    64    46     745    (-,-) 
  PIPELINES[7].ROUNDS[0].U_ROUND_U_KEY_data_out_reg[58]/D -       -       R     DFFASRHQNx1_ASAP7_75t_L      1     -     -     0     745    (-,-) 
#-------------------------------------------------------------------------------------------------------------------------------------------------



Path 18: MET (132 ps) Setup Check with Pin PIPELINES[7].ROUNDS[0].U_ROUND_U_KEY_data_out_reg[57]/CLK->D
          Group: clk
     Startpoint: (R) U_KEYEXP_RKGEN_U0_valid_out_reg/CLK
          Clock: (R) clk
       Endpoint: (R) PIPELINES[7].ROUNDS[0].U_ROUND_U_KEY_data_out_reg[57]/D
          Clock: (R) clk

                     Capture       Launch     
        Clock Edge:+     900            0     
       Src Latency:+       0            0     
       Net Latency:+       0 (I)        0 (I) 
           Arrival:=     900            0     
                                              
             Setup:-      23                  
     Required Time:=     877                  
      Launch Clock:-       0                  
         Data Path:-     745                  
             Slack:=     132                  

#-------------------------------------------------------------------------------------------------------------------------------------------------
#                      Timing Point                       Flags    Arc    Edge          Cell            Fanout  Load Trans Delay Arrival Instance 
#                                                                                                               (fF)  (ps)  (ps)   (ps)  Location 
#-------------------------------------------------------------------------------------------------------------------------------------------------
  U_KEYEXP_RKGEN_U0_valid_out_reg/CLK                     -       -       R     (arrival)                47792     -     0     0       0    (-,-) 
  U_KEYEXP_RKGEN_U0_valid_out_reg/QN                      -       CLK->QN R     DFFASRHQNx1_ASAP7_75t_L    139 113.9   851   418     418    (-,-) 
  g760109/Y                                               -       A->Y    R     AND2x4_ASAP7_75t_L         131  96.4   197   110     528    (-,-) 
  g760118/Y                                               -       A->Y    F     INVx1_ASAP7_75t_L           53  41.6   266   171     699    (-,-) 
  g762545/Y                                               -       B2->Y   R     AOI22xp5_ASAP7_75t_L         1   1.0    64    46     745    (-,-) 
  PIPELINES[7].ROUNDS[0].U_ROUND_U_KEY_data_out_reg[57]/D -       -       R     DFFASRHQNx1_ASAP7_75t_L      1     -     -     0     745    (-,-) 
#-------------------------------------------------------------------------------------------------------------------------------------------------



Path 19: MET (132 ps) Setup Check with Pin PIPELINES[7].ROUNDS[0].U_ROUND_U_KEY_data_out_reg[54]/CLK->D
          Group: clk
     Startpoint: (R) U_KEYEXP_RKGEN_U0_valid_out_reg/CLK
          Clock: (R) clk
       Endpoint: (R) PIPELINES[7].ROUNDS[0].U_ROUND_U_KEY_data_out_reg[54]/D
          Clock: (R) clk

                     Capture       Launch     
        Clock Edge:+     900            0     
       Src Latency:+       0            0     
       Net Latency:+       0 (I)        0 (I) 
           Arrival:=     900            0     
                                              
             Setup:-      23                  
     Required Time:=     877                  
      Launch Clock:-       0                  
         Data Path:-     745                  
             Slack:=     132                  

#-------------------------------------------------------------------------------------------------------------------------------------------------
#                      Timing Point                       Flags    Arc    Edge          Cell            Fanout  Load Trans Delay Arrival Instance 
#                                                                                                               (fF)  (ps)  (ps)   (ps)  Location 
#-------------------------------------------------------------------------------------------------------------------------------------------------
  U_KEYEXP_RKGEN_U0_valid_out_reg/CLK                     -       -       R     (arrival)                47792     -     0     0       0    (-,-) 
  U_KEYEXP_RKGEN_U0_valid_out_reg/QN                      -       CLK->QN R     DFFASRHQNx1_ASAP7_75t_L    139 113.9   851   418     418    (-,-) 
  g760109/Y                                               -       A->Y    R     AND2x4_ASAP7_75t_L         131  96.4   197   110     528    (-,-) 
  g760118/Y                                               -       A->Y    F     INVx1_ASAP7_75t_L           53  41.6   266   171     699    (-,-) 
  g762231/Y                                               -       B2->Y   R     AOI22xp5_ASAP7_75t_L         1   1.0    64    46     745    (-,-) 
  PIPELINES[7].ROUNDS[0].U_ROUND_U_KEY_data_out_reg[54]/D -       -       R     DFFASRHQNx1_ASAP7_75t_L      1     -     -     0     745    (-,-) 
#-------------------------------------------------------------------------------------------------------------------------------------------------



Path 20: MET (132 ps) Setup Check with Pin PIPELINES[7].ROUNDS[0].U_ROUND_U_KEY_data_out_reg[48]/CLK->D
          Group: clk
     Startpoint: (R) U_KEYEXP_RKGEN_U0_valid_out_reg/CLK
          Clock: (R) clk
       Endpoint: (R) PIPELINES[7].ROUNDS[0].U_ROUND_U_KEY_data_out_reg[48]/D
          Clock: (R) clk

                     Capture       Launch     
        Clock Edge:+     900            0     
       Src Latency:+       0            0     
       Net Latency:+       0 (I)        0 (I) 
           Arrival:=     900            0     
                                              
             Setup:-      23                  
     Required Time:=     877                  
      Launch Clock:-       0                  
         Data Path:-     745                  
             Slack:=     132                  

#-------------------------------------------------------------------------------------------------------------------------------------------------
#                      Timing Point                       Flags    Arc    Edge          Cell            Fanout  Load Trans Delay Arrival Instance 
#                                                                                                               (fF)  (ps)  (ps)   (ps)  Location 
#-------------------------------------------------------------------------------------------------------------------------------------------------
  U_KEYEXP_RKGEN_U0_valid_out_reg/CLK                     -       -       R     (arrival)                47792     -     0     0       0    (-,-) 
  U_KEYEXP_RKGEN_U0_valid_out_reg/QN                      -       CLK->QN R     DFFASRHQNx1_ASAP7_75t_L    139 113.9   851   418     418    (-,-) 
  g760109/Y                                               -       A->Y    R     AND2x4_ASAP7_75t_L         131  96.4   197   110     528    (-,-) 
  g760118/Y                                               -       A->Y    F     INVx1_ASAP7_75t_L           53  41.6   266   171     699    (-,-) 
  g762229/Y                                               -       B2->Y   R     AOI22xp5_ASAP7_75t_L         1   1.0    64    46     745    (-,-) 
  PIPELINES[7].ROUNDS[0].U_ROUND_U_KEY_data_out_reg[48]/D -       -       R     DFFASRHQNx1_ASAP7_75t_L      1     -     -     0     745    (-,-) 
#-------------------------------------------------------------------------------------------------------------------------------------------------



Path 21: MET (132 ps) Setup Check with Pin PIPELINES[7].ROUNDS[0].U_ROUND_U_KEY_data_out_reg[52]/CLK->D
          Group: clk
     Startpoint: (R) U_KEYEXP_RKGEN_U0_valid_out_reg/CLK
          Clock: (R) clk
       Endpoint: (R) PIPELINES[7].ROUNDS[0].U_ROUND_U_KEY_data_out_reg[52]/D
          Clock: (R) clk

                     Capture       Launch     
        Clock Edge:+     900            0     
       Src Latency:+       0            0     
       Net Latency:+       0 (I)        0 (I) 
           Arrival:=     900            0     
                                              
             Setup:-      23                  
     Required Time:=     877                  
      Launch Clock:-       0                  
         Data Path:-     745                  
             Slack:=     132                  

#-------------------------------------------------------------------------------------------------------------------------------------------------
#                      Timing Point                       Flags    Arc    Edge          Cell            Fanout  Load Trans Delay Arrival Instance 
#                                                                                                               (fF)  (ps)  (ps)   (ps)  Location 
#-------------------------------------------------------------------------------------------------------------------------------------------------
  U_KEYEXP_RKGEN_U0_valid_out_reg/CLK                     -       -       R     (arrival)                47792     -     0     0       0    (-,-) 
  U_KEYEXP_RKGEN_U0_valid_out_reg/QN                      -       CLK->QN R     DFFASRHQNx1_ASAP7_75t_L    139 113.9   851   418     418    (-,-) 
  g760109/Y                                               -       A->Y    R     AND2x4_ASAP7_75t_L         131  96.4   197   110     528    (-,-) 
  g760118/Y                                               -       A->Y    F     INVx1_ASAP7_75t_L           53  41.6   266   171     699    (-,-) 
  g762212/Y                                               -       B2->Y   R     AOI22xp5_ASAP7_75t_L         1   1.0    64    46     745    (-,-) 
  PIPELINES[7].ROUNDS[0].U_ROUND_U_KEY_data_out_reg[52]/D -       -       R     DFFASRHQNx1_ASAP7_75t_L      1     -     -     0     745    (-,-) 
#-------------------------------------------------------------------------------------------------------------------------------------------------



Path 22: MET (132 ps) Setup Check with Pin PIPELINES[7].ROUNDS[0].U_ROUND_U_KEY_data_out_reg[36]/CLK->D
          Group: clk
     Startpoint: (R) U_KEYEXP_RKGEN_U0_valid_out_reg/CLK
          Clock: (R) clk
       Endpoint: (R) PIPELINES[7].ROUNDS[0].U_ROUND_U_KEY_data_out_reg[36]/D
          Clock: (R) clk

                     Capture       Launch     
        Clock Edge:+     900            0     
       Src Latency:+       0            0     
       Net Latency:+       0 (I)        0 (I) 
           Arrival:=     900            0     
                                              
             Setup:-      23                  
     Required Time:=     877                  
      Launch Clock:-       0                  
         Data Path:-     745                  
             Slack:=     132                  

#-------------------------------------------------------------------------------------------------------------------------------------------------
#                      Timing Point                       Flags    Arc    Edge          Cell            Fanout  Load Trans Delay Arrival Instance 
#                                                                                                               (fF)  (ps)  (ps)   (ps)  Location 
#-------------------------------------------------------------------------------------------------------------------------------------------------
  U_KEYEXP_RKGEN_U0_valid_out_reg/CLK                     -       -       R     (arrival)                47792     -     0     0       0    (-,-) 
  U_KEYEXP_RKGEN_U0_valid_out_reg/QN                      -       CLK->QN R     DFFASRHQNx1_ASAP7_75t_L    139 113.9   851   418     418    (-,-) 
  g760109/Y                                               -       A->Y    R     AND2x4_ASAP7_75t_L         131  96.4   197   110     528    (-,-) 
  g760118/Y                                               -       A->Y    F     INVx1_ASAP7_75t_L           53  41.6   266   171     699    (-,-) 
  g761465/Y                                               -       B2->Y   R     AOI22xp5_ASAP7_75t_L         1   1.0    64    46     745    (-,-) 
  PIPELINES[7].ROUNDS[0].U_ROUND_U_KEY_data_out_reg[36]/D -       -       R     DFFASRHQNx1_ASAP7_75t_L      1     -     -     0     745    (-,-) 
#-------------------------------------------------------------------------------------------------------------------------------------------------



Path 23: MET (132 ps) Setup Check with Pin PIPELINES[7].ROUNDS[0].U_ROUND_U_KEY_data_out_reg[37]/CLK->D
          Group: clk
     Startpoint: (R) U_KEYEXP_RKGEN_U0_valid_out_reg/CLK
          Clock: (R) clk
       Endpoint: (R) PIPELINES[7].ROUNDS[0].U_ROUND_U_KEY_data_out_reg[37]/D
          Clock: (R) clk

                     Capture       Launch     
        Clock Edge:+     900            0     
       Src Latency:+       0            0     
       Net Latency:+       0 (I)        0 (I) 
           Arrival:=     900            0     
                                              
             Setup:-      23                  
     Required Time:=     877                  
      Launch Clock:-       0                  
         Data Path:-     745                  
             Slack:=     132                  

#-------------------------------------------------------------------------------------------------------------------------------------------------
#                      Timing Point                       Flags    Arc    Edge          Cell            Fanout  Load Trans Delay Arrival Instance 
#                                                                                                               (fF)  (ps)  (ps)   (ps)  Location 
#-------------------------------------------------------------------------------------------------------------------------------------------------
  U_KEYEXP_RKGEN_U0_valid_out_reg/CLK                     -       -       R     (arrival)                47792     -     0     0       0    (-,-) 
  U_KEYEXP_RKGEN_U0_valid_out_reg/QN                      -       CLK->QN R     DFFASRHQNx1_ASAP7_75t_L    139 113.9   851   418     418    (-,-) 
  g760109/Y                                               -       A->Y    R     AND2x4_ASAP7_75t_L         131  96.4   197   110     528    (-,-) 
  g760118/Y                                               -       A->Y    F     INVx1_ASAP7_75t_L           53  41.6   266   171     699    (-,-) 
  g761459/Y                                               -       B2->Y   R     AOI22xp5_ASAP7_75t_L         1   1.0    64    46     745    (-,-) 
  PIPELINES[7].ROUNDS[0].U_ROUND_U_KEY_data_out_reg[37]/D -       -       R     DFFASRHQNx1_ASAP7_75t_L      1     -     -     0     745    (-,-) 
#-------------------------------------------------------------------------------------------------------------------------------------------------



Path 24: MET (132 ps) Setup Check with Pin PIPELINES[7].ROUNDS[0].U_ROUND_U_KEY_data_out_reg[34]/CLK->D
          Group: clk
     Startpoint: (R) U_KEYEXP_RKGEN_U0_valid_out_reg/CLK
          Clock: (R) clk
       Endpoint: (R) PIPELINES[7].ROUNDS[0].U_ROUND_U_KEY_data_out_reg[34]/D
          Clock: (R) clk

                     Capture       Launch     
        Clock Edge:+     900            0     
       Src Latency:+       0            0     
       Net Latency:+       0 (I)        0 (I) 
           Arrival:=     900            0     
                                              
             Setup:-      23                  
     Required Time:=     877                  
      Launch Clock:-       0                  
         Data Path:-     745                  
             Slack:=     132                  

#-------------------------------------------------------------------------------------------------------------------------------------------------
#                      Timing Point                       Flags    Arc    Edge          Cell            Fanout  Load Trans Delay Arrival Instance 
#                                                                                                               (fF)  (ps)  (ps)   (ps)  Location 
#-------------------------------------------------------------------------------------------------------------------------------------------------
  U_KEYEXP_RKGEN_U0_valid_out_reg/CLK                     -       -       R     (arrival)                47792     -     0     0       0    (-,-) 
  U_KEYEXP_RKGEN_U0_valid_out_reg/QN                      -       CLK->QN R     DFFASRHQNx1_ASAP7_75t_L    139 113.9   851   418     418    (-,-) 
  g760109/Y                                               -       A->Y    R     AND2x4_ASAP7_75t_L         131  96.4   197   110     528    (-,-) 
  g760118/Y                                               -       A->Y    F     INVx1_ASAP7_75t_L           53  41.6   266   171     699    (-,-) 
  g761452/Y                                               -       B2->Y   R     AOI22xp5_ASAP7_75t_L         1   1.0    64    46     745    (-,-) 
  PIPELINES[7].ROUNDS[0].U_ROUND_U_KEY_data_out_reg[34]/D -       -       R     DFFASRHQNx1_ASAP7_75t_L      1     -     -     0     745    (-,-) 
#-------------------------------------------------------------------------------------------------------------------------------------------------



Path 25: MET (132 ps) Setup Check with Pin PIPELINES[7].ROUNDS[0].U_ROUND_U_KEY_data_out_reg[26]/CLK->D
          Group: clk
     Startpoint: (R) U_KEYEXP_RKGEN_U0_valid_out_reg/CLK
          Clock: (R) clk
       Endpoint: (R) PIPELINES[7].ROUNDS[0].U_ROUND_U_KEY_data_out_reg[26]/D
          Clock: (R) clk

                     Capture       Launch     
        Clock Edge:+     900            0     
       Src Latency:+       0            0     
       Net Latency:+       0 (I)        0 (I) 
           Arrival:=     900            0     
                                              
             Setup:-      23                  
     Required Time:=     877                  
      Launch Clock:-       0                  
         Data Path:-     745                  
             Slack:=     132                  

#-------------------------------------------------------------------------------------------------------------------------------------------------
#                      Timing Point                       Flags    Arc    Edge          Cell            Fanout  Load Trans Delay Arrival Instance 
#                                                                                                               (fF)  (ps)  (ps)   (ps)  Location 
#-------------------------------------------------------------------------------------------------------------------------------------------------
  U_KEYEXP_RKGEN_U0_valid_out_reg/CLK                     -       -       R     (arrival)                47792     -     0     0       0    (-,-) 
  U_KEYEXP_RKGEN_U0_valid_out_reg/QN                      -       CLK->QN R     DFFASRHQNx1_ASAP7_75t_L    139 113.9   851   418     418    (-,-) 
  g760109/Y                                               -       A->Y    R     AND2x4_ASAP7_75t_L         131  96.4   197   110     528    (-,-) 
  g760118/Y                                               -       A->Y    F     INVx1_ASAP7_75t_L           53  41.6   266   171     699    (-,-) 
  g761138/Y                                               -       B2->Y   R     AOI22xp5_ASAP7_75t_L         1   1.0    64    46     745    (-,-) 
  PIPELINES[7].ROUNDS[0].U_ROUND_U_KEY_data_out_reg[26]/D -       -       R     DFFASRHQNx1_ASAP7_75t_L      1     -     -     0     745    (-,-) 
#-------------------------------------------------------------------------------------------------------------------------------------------------



Path 26: MET (132 ps) Setup Check with Pin PIPELINES[7].ROUNDS[0].U_ROUND_U_KEY_data_out_reg[21]/CLK->D
          Group: clk
     Startpoint: (R) U_KEYEXP_RKGEN_U0_valid_out_reg/CLK
          Clock: (R) clk
       Endpoint: (R) PIPELINES[7].ROUNDS[0].U_ROUND_U_KEY_data_out_reg[21]/D
          Clock: (R) clk

                     Capture       Launch     
        Clock Edge:+     900            0     
       Src Latency:+       0            0     
       Net Latency:+       0 (I)        0 (I) 
           Arrival:=     900            0     
                                              
             Setup:-      23                  
     Required Time:=     877                  
      Launch Clock:-       0                  
         Data Path:-     745                  
             Slack:=     132                  

#-------------------------------------------------------------------------------------------------------------------------------------------------
#                      Timing Point                       Flags    Arc    Edge          Cell            Fanout  Load Trans Delay Arrival Instance 
#                                                                                                               (fF)  (ps)  (ps)   (ps)  Location 
#-------------------------------------------------------------------------------------------------------------------------------------------------
  U_KEYEXP_RKGEN_U0_valid_out_reg/CLK                     -       -       R     (arrival)                47792     -     0     0       0    (-,-) 
  U_KEYEXP_RKGEN_U0_valid_out_reg/QN                      -       CLK->QN R     DFFASRHQNx1_ASAP7_75t_L    139 113.9   851   418     418    (-,-) 
  g760109/Y                                               -       A->Y    R     AND2x4_ASAP7_75t_L         131  96.4   197   110     528    (-,-) 
  g760118/Y                                               -       A->Y    F     INVx1_ASAP7_75t_L           53  41.6   266   171     699    (-,-) 
  g760788/Y                                               -       B2->Y   R     AOI22xp5_ASAP7_75t_L         1   1.0    64    46     745    (-,-) 
  PIPELINES[7].ROUNDS[0].U_ROUND_U_KEY_data_out_reg[21]/D -       -       R     DFFASRHQNx1_ASAP7_75t_L      1     -     -     0     745    (-,-) 
#-------------------------------------------------------------------------------------------------------------------------------------------------



Path 27: MET (132 ps) Setup Check with Pin PIPELINES[7].ROUNDS[0].U_ROUND_U_KEY_data_out_reg[16]/CLK->D
          Group: clk
     Startpoint: (R) U_KEYEXP_RKGEN_U0_valid_out_reg/CLK
          Clock: (R) clk
       Endpoint: (R) PIPELINES[7].ROUNDS[0].U_ROUND_U_KEY_data_out_reg[16]/D
          Clock: (R) clk

                     Capture       Launch     
        Clock Edge:+     900            0     
       Src Latency:+       0            0     
       Net Latency:+       0 (I)        0 (I) 
           Arrival:=     900            0     
                                              
             Setup:-      23                  
     Required Time:=     877                  
      Launch Clock:-       0                  
         Data Path:-     745                  
             Slack:=     132                  

#-------------------------------------------------------------------------------------------------------------------------------------------------
#                      Timing Point                       Flags    Arc    Edge          Cell            Fanout  Load Trans Delay Arrival Instance 
#                                                                                                               (fF)  (ps)  (ps)   (ps)  Location 
#-------------------------------------------------------------------------------------------------------------------------------------------------
  U_KEYEXP_RKGEN_U0_valid_out_reg/CLK                     -       -       R     (arrival)                47792     -     0     0       0    (-,-) 
  U_KEYEXP_RKGEN_U0_valid_out_reg/QN                      -       CLK->QN R     DFFASRHQNx1_ASAP7_75t_L    139 113.9   851   418     418    (-,-) 
  g760109/Y                                               -       A->Y    R     AND2x4_ASAP7_75t_L         131  96.4   197   110     528    (-,-) 
  g760118/Y                                               -       A->Y    F     INVx1_ASAP7_75t_L           53  41.6   266   171     699    (-,-) 
  g760785/Y                                               -       B2->Y   R     AOI22xp5_ASAP7_75t_L         1   1.0    64    46     745    (-,-) 
  PIPELINES[7].ROUNDS[0].U_ROUND_U_KEY_data_out_reg[16]/D -       -       R     DFFASRHQNx1_ASAP7_75t_L      1     -     -     0     745    (-,-) 
#-------------------------------------------------------------------------------------------------------------------------------------------------



Path 28: MET (132 ps) Setup Check with Pin PIPELINES[7].ROUNDS[0].U_ROUND_U_KEY_data_out_reg[11]/CLK->D
          Group: clk
     Startpoint: (R) U_KEYEXP_RKGEN_U0_valid_out_reg/CLK
          Clock: (R) clk
       Endpoint: (R) PIPELINES[7].ROUNDS[0].U_ROUND_U_KEY_data_out_reg[11]/D
          Clock: (R) clk

                     Capture       Launch     
        Clock Edge:+     900            0     
       Src Latency:+       0            0     
       Net Latency:+       0 (I)        0 (I) 
           Arrival:=     900            0     
                                              
             Setup:-      23                  
     Required Time:=     877                  
      Launch Clock:-       0                  
         Data Path:-     745                  
             Slack:=     132                  

#-------------------------------------------------------------------------------------------------------------------------------------------------
#                      Timing Point                       Flags    Arc    Edge          Cell            Fanout  Load Trans Delay Arrival Instance 
#                                                                                                               (fF)  (ps)  (ps)   (ps)  Location 
#-------------------------------------------------------------------------------------------------------------------------------------------------
  U_KEYEXP_RKGEN_U0_valid_out_reg/CLK                     -       -       R     (arrival)                47792     -     0     0       0    (-,-) 
  U_KEYEXP_RKGEN_U0_valid_out_reg/QN                      -       CLK->QN R     DFFASRHQNx1_ASAP7_75t_L    139 113.9   851   418     418    (-,-) 
  g760109/Y                                               -       A->Y    R     AND2x4_ASAP7_75t_L         131  96.4   197   110     528    (-,-) 
  g760118/Y                                               -       A->Y    F     INVx1_ASAP7_75t_L           53  41.6   266   171     699    (-,-) 
  g760455/Y                                               -       B2->Y   R     AOI22xp5_ASAP7_75t_L         1   1.0    64    46     745    (-,-) 
  PIPELINES[7].ROUNDS[0].U_ROUND_U_KEY_data_out_reg[11]/D -       -       R     DFFASRHQNx1_ASAP7_75t_L      1     -     -     0     745    (-,-) 
#-------------------------------------------------------------------------------------------------------------------------------------------------



Path 29: MET (132 ps) Setup Check with Pin PIPELINES[7].ROUNDS[0].U_ROUND_U_KEY_data_out_reg[15]/CLK->D
          Group: clk
     Startpoint: (R) U_KEYEXP_RKGEN_U0_valid_out_reg/CLK
          Clock: (R) clk
       Endpoint: (R) PIPELINES[7].ROUNDS[0].U_ROUND_U_KEY_data_out_reg[15]/D
          Clock: (R) clk

                     Capture       Launch     
        Clock Edge:+     900            0     
       Src Latency:+       0            0     
       Net Latency:+       0 (I)        0 (I) 
           Arrival:=     900            0     
                                              
             Setup:-      23                  
     Required Time:=     877                  
      Launch Clock:-       0                  
         Data Path:-     745                  
             Slack:=     132                  

#-------------------------------------------------------------------------------------------------------------------------------------------------
#                      Timing Point                       Flags    Arc    Edge          Cell            Fanout  Load Trans Delay Arrival Instance 
#                                                                                                               (fF)  (ps)  (ps)   (ps)  Location 
#-------------------------------------------------------------------------------------------------------------------------------------------------
  U_KEYEXP_RKGEN_U0_valid_out_reg/CLK                     -       -       R     (arrival)                47792     -     0     0       0    (-,-) 
  U_KEYEXP_RKGEN_U0_valid_out_reg/QN                      -       CLK->QN R     DFFASRHQNx1_ASAP7_75t_L    139 113.9   851   418     418    (-,-) 
  g760109/Y                                               -       A->Y    R     AND2x4_ASAP7_75t_L         131  96.4   197   110     528    (-,-) 
  g760118/Y                                               -       A->Y    F     INVx1_ASAP7_75t_L           53  41.6   266   171     699    (-,-) 
  g760438/Y                                               -       B2->Y   R     AOI22xp5_ASAP7_75t_L         1   1.0    64    46     745    (-,-) 
  PIPELINES[7].ROUNDS[0].U_ROUND_U_KEY_data_out_reg[15]/D -       -       R     DFFASRHQNx1_ASAP7_75t_L      1     -     -     0     745    (-,-) 
#-------------------------------------------------------------------------------------------------------------------------------------------------



Path 30: MET (132 ps) Setup Check with Pin PIPELINES[7].ROUNDS[0].U_ROUND_U_KEY_data_out_reg[1]/CLK->D
          Group: clk
     Startpoint: (R) U_KEYEXP_RKGEN_U0_valid_out_reg/CLK
          Clock: (R) clk
       Endpoint: (R) PIPELINES[7].ROUNDS[0].U_ROUND_U_KEY_data_out_reg[1]/D
          Clock: (R) clk

                     Capture       Launch     
        Clock Edge:+     900            0     
       Src Latency:+       0            0     
       Net Latency:+       0 (I)        0 (I) 
           Arrival:=     900            0     
                                              
             Setup:-      23                  
     Required Time:=     877                  
      Launch Clock:-       0                  
         Data Path:-     745                  
             Slack:=     132                  

#------------------------------------------------------------------------------------------------------------------------------------------------
#                     Timing Point                       Flags    Arc    Edge          Cell            Fanout  Load Trans Delay Arrival Instance 
#                                                                                                              (fF)  (ps)  (ps)   (ps)  Location 
#------------------------------------------------------------------------------------------------------------------------------------------------
  U_KEYEXP_RKGEN_U0_valid_out_reg/CLK                    -       -       R     (arrival)                47792     -     0     0       0    (-,-) 
  U_KEYEXP_RKGEN_U0_valid_out_reg/QN                     -       CLK->QN R     DFFASRHQNx1_ASAP7_75t_L    139 113.9   851   418     418    (-,-) 
  g760109/Y                                              -       A->Y    R     AND2x4_ASAP7_75t_L         131  96.4   197   110     528    (-,-) 
  g760118/Y                                              -       A->Y    F     INVx1_ASAP7_75t_L           53  41.6   266   171     699    (-,-) 
  g760126/Y                                              -       B2->Y   R     AOI22xp5_ASAP7_75t_L         1   1.0    64    46     745    (-,-) 
  PIPELINES[7].ROUNDS[0].U_ROUND_U_KEY_data_out_reg[1]/D -       -       R     DFFASRHQNx1_ASAP7_75t_L      1     -     -     0     745    (-,-) 
#------------------------------------------------------------------------------------------------------------------------------------------------



Path 31: MET (132 ps) Setup Check with Pin PIPELINES[7].ROUNDS[0].U_ROUND_U_KEY_data_out_reg[0]/CLK->D
          Group: clk
     Startpoint: (R) U_KEYEXP_RKGEN_U0_valid_out_reg/CLK
          Clock: (R) clk
       Endpoint: (R) PIPELINES[7].ROUNDS[0].U_ROUND_U_KEY_data_out_reg[0]/D
          Clock: (R) clk

                     Capture       Launch     
        Clock Edge:+     900            0     
       Src Latency:+       0            0     
       Net Latency:+       0 (I)        0 (I) 
           Arrival:=     900            0     
                                              
             Setup:-      23                  
     Required Time:=     877                  
      Launch Clock:-       0                  
         Data Path:-     745                  
             Slack:=     132                  

#------------------------------------------------------------------------------------------------------------------------------------------------
#                     Timing Point                       Flags    Arc    Edge          Cell            Fanout  Load Trans Delay Arrival Instance 
#                                                                                                              (fF)  (ps)  (ps)   (ps)  Location 
#------------------------------------------------------------------------------------------------------------------------------------------------
  U_KEYEXP_RKGEN_U0_valid_out_reg/CLK                    -       -       R     (arrival)                47792     -     0     0       0    (-,-) 
  U_KEYEXP_RKGEN_U0_valid_out_reg/QN                     -       CLK->QN R     DFFASRHQNx1_ASAP7_75t_L    139 113.9   851   418     418    (-,-) 
  g760109/Y                                              -       A->Y    R     AND2x4_ASAP7_75t_L         131  96.4   197   110     528    (-,-) 
  g760118/Y                                              -       A->Y    F     INVx1_ASAP7_75t_L           53  41.6   266   171     699    (-,-) 
  g760116/Y                                              -       B2->Y   R     AOI22xp5_ASAP7_75t_L         1   1.0    64    46     745    (-,-) 
  PIPELINES[7].ROUNDS[0].U_ROUND_U_KEY_data_out_reg[0]/D -       -       R     DFFASRHQNx1_ASAP7_75t_L      1     -     -     0     745    (-,-) 
#------------------------------------------------------------------------------------------------------------------------------------------------



Path 32: MET (133 ps) Setup Check with Pin PIPELINES[0].ROUNDS[2].U_ROUND_U_KEY_data_out_reg[113]/CLK->D
          Group: clk
     Startpoint: (R) U_KEYEXP_ROUND_KEY_GEN[2].RKGEN_U_valid_out_reg/CLK
          Clock: (R) clk
       Endpoint: (R) PIPELINES[0].ROUNDS[2].U_ROUND_U_KEY_data_out_reg[113]/D
          Clock: (R) clk

                     Capture       Launch     
        Clock Edge:+     900            0     
       Src Latency:+       0            0     
       Net Latency:+       0 (I)        0 (I) 
           Arrival:=     900            0     
                                              
             Setup:-      23                  
     Required Time:=     877                  
      Launch Clock:-       0                  
         Data Path:-     744                  
             Slack:=     133                  

#--------------------------------------------------------------------------------------------------------------------------------------------------
#                      Timing Point                        Flags    Arc    Edge          Cell            Fanout  Load Trans Delay Arrival Instance 
#                                                                                                                (fF)  (ps)  (ps)   (ps)  Location 
#--------------------------------------------------------------------------------------------------------------------------------------------------
  U_KEYEXP_ROUND_KEY_GEN[2].RKGEN_U_valid_out_reg/CLK      -       -       R     (arrival)                47792     -     0     0       0    (-,-) 
  U_KEYEXP_ROUND_KEY_GEN[2].RKGEN_U_valid_out_reg/QN       -       CLK->QN R     DFFASRHQNx1_ASAP7_75t_L    139 113.8   850   418     418    (-,-) 
  g702035/Y                                                -       A->Y    R     AND2x4_ASAP7_75t_L         131  96.2   197   110     528    (-,-) 
  g702037/Y                                                -       A->Y    F     INVx1_ASAP7_75t_L           53  41.6   266   170     698    (-,-) 
  g702215/Y                                                -       B2->Y   R     AOI22xp5_ASAP7_75t_L         1   1.0    64    46     744    (-,-) 
  PIPELINES[0].ROUNDS[2].U_ROUND_U_KEY_data_out_reg[113]/D -       -       R     DFFASRHQNx1_ASAP7_75t_L      1     -     -     0     744    (-,-) 
#--------------------------------------------------------------------------------------------------------------------------------------------------



Path 33: MET (133 ps) Setup Check with Pin PIPELINES[0].ROUNDS[2].U_ROUND_U_KEY_data_out_reg[112]/CLK->D
          Group: clk
     Startpoint: (R) U_KEYEXP_ROUND_KEY_GEN[2].RKGEN_U_valid_out_reg/CLK
          Clock: (R) clk
       Endpoint: (R) PIPELINES[0].ROUNDS[2].U_ROUND_U_KEY_data_out_reg[112]/D
          Clock: (R) clk

                     Capture       Launch     
        Clock Edge:+     900            0     
       Src Latency:+       0            0     
       Net Latency:+       0 (I)        0 (I) 
           Arrival:=     900            0     
                                              
             Setup:-      23                  
     Required Time:=     877                  
      Launch Clock:-       0                  
         Data Path:-     744                  
             Slack:=     133                  

#--------------------------------------------------------------------------------------------------------------------------------------------------
#                      Timing Point                        Flags    Arc    Edge          Cell            Fanout  Load Trans Delay Arrival Instance 
#                                                                                                                (fF)  (ps)  (ps)   (ps)  Location 
#--------------------------------------------------------------------------------------------------------------------------------------------------
  U_KEYEXP_ROUND_KEY_GEN[2].RKGEN_U_valid_out_reg/CLK      -       -       R     (arrival)                47792     -     0     0       0    (-,-) 
  U_KEYEXP_ROUND_KEY_GEN[2].RKGEN_U_valid_out_reg/QN       -       CLK->QN R     DFFASRHQNx1_ASAP7_75t_L    139 113.8   850   418     418    (-,-) 
  g702035/Y                                                -       A->Y    R     AND2x4_ASAP7_75t_L         131  96.2   197   110     528    (-,-) 
  g702037/Y                                                -       A->Y    F     INVx1_ASAP7_75t_L           53  41.6   266   170     698    (-,-) 
  g702213/Y                                                -       B2->Y   R     AOI22xp5_ASAP7_75t_L         1   1.0    64    46     744    (-,-) 
  PIPELINES[0].ROUNDS[2].U_ROUND_U_KEY_data_out_reg[112]/D -       -       R     DFFASRHQNx1_ASAP7_75t_L      1     -     -     0     744    (-,-) 
#--------------------------------------------------------------------------------------------------------------------------------------------------



Path 34: MET (133 ps) Setup Check with Pin PIPELINES[0].ROUNDS[2].U_ROUND_U_KEY_data_out_reg[103]/CLK->D
          Group: clk
     Startpoint: (R) U_KEYEXP_ROUND_KEY_GEN[2].RKGEN_U_valid_out_reg/CLK
          Clock: (R) clk
       Endpoint: (R) PIPELINES[0].ROUNDS[2].U_ROUND_U_KEY_data_out_reg[103]/D
          Clock: (R) clk

                     Capture       Launch     
        Clock Edge:+     900            0     
       Src Latency:+       0            0     
       Net Latency:+       0 (I)        0 (I) 
           Arrival:=     900            0     
                                              
             Setup:-      23                  
     Required Time:=     877                  
      Launch Clock:-       0                  
         Data Path:-     744                  
             Slack:=     133                  

#--------------------------------------------------------------------------------------------------------------------------------------------------
#                      Timing Point                        Flags    Arc    Edge          Cell            Fanout  Load Trans Delay Arrival Instance 
#                                                                                                                (fF)  (ps)  (ps)   (ps)  Location 
#--------------------------------------------------------------------------------------------------------------------------------------------------
  U_KEYEXP_ROUND_KEY_GEN[2].RKGEN_U_valid_out_reg/CLK      -       -       R     (arrival)                47792     -     0     0       0    (-,-) 
  U_KEYEXP_ROUND_KEY_GEN[2].RKGEN_U_valid_out_reg/QN       -       CLK->QN R     DFFASRHQNx1_ASAP7_75t_L    139 113.8   850   418     418    (-,-) 
  g702035/Y                                                -       A->Y    R     AND2x4_ASAP7_75t_L         131  96.2   197   110     528    (-,-) 
  g702037/Y                                                -       A->Y    F     INVx1_ASAP7_75t_L           53  41.6   266   170     698    (-,-) 
  g347626/Y                                                -       B2->Y   R     AOI22xp5_ASAP7_75t_L         1   1.0    64    46     744    (-,-) 
  PIPELINES[0].ROUNDS[2].U_ROUND_U_KEY_data_out_reg[103]/D -       -       R     DFFASRHQNx1_ASAP7_75t_L      1     -     -     0     744    (-,-) 
#--------------------------------------------------------------------------------------------------------------------------------------------------



Path 35: MET (133 ps) Setup Check with Pin PIPELINES[0].ROUNDS[2].U_ROUND_U_KEY_data_out_reg[101]/CLK->D
          Group: clk
     Startpoint: (R) U_KEYEXP_ROUND_KEY_GEN[2].RKGEN_U_valid_out_reg/CLK
          Clock: (R) clk
       Endpoint: (R) PIPELINES[0].ROUNDS[2].U_ROUND_U_KEY_data_out_reg[101]/D
          Clock: (R) clk

                     Capture       Launch     
        Clock Edge:+     900            0     
       Src Latency:+       0            0     
       Net Latency:+       0 (I)        0 (I) 
           Arrival:=     900            0     
                                              
             Setup:-      23                  
     Required Time:=     877                  
      Launch Clock:-       0                  
         Data Path:-     744                  
             Slack:=     133                  

#--------------------------------------------------------------------------------------------------------------------------------------------------
#                      Timing Point                        Flags    Arc    Edge          Cell            Fanout  Load Trans Delay Arrival Instance 
#                                                                                                                (fF)  (ps)  (ps)   (ps)  Location 
#--------------------------------------------------------------------------------------------------------------------------------------------------
  U_KEYEXP_ROUND_KEY_GEN[2].RKGEN_U_valid_out_reg/CLK      -       -       R     (arrival)                47792     -     0     0       0    (-,-) 
  U_KEYEXP_ROUND_KEY_GEN[2].RKGEN_U_valid_out_reg/QN       -       CLK->QN R     DFFASRHQNx1_ASAP7_75t_L    139 113.8   850   418     418    (-,-) 
  g702035/Y                                                -       A->Y    R     AND2x4_ASAP7_75t_L         131  96.2   197   110     528    (-,-) 
  g702037/Y                                                -       A->Y    F     INVx1_ASAP7_75t_L           53  41.6   266   170     698    (-,-) 
  g702199/Y                                                -       B2->Y   R     AOI22xp5_ASAP7_75t_L         1   1.0    64    46     744    (-,-) 
  PIPELINES[0].ROUNDS[2].U_ROUND_U_KEY_data_out_reg[101]/D -       -       R     DFFASRHQNx1_ASAP7_75t_L      1     -     -     0     744    (-,-) 
#--------------------------------------------------------------------------------------------------------------------------------------------------



Path 36: MET (133 ps) Setup Check with Pin PIPELINES[0].ROUNDS[2].U_ROUND_U_KEY_data_out_reg[99]/CLK->D
          Group: clk
     Startpoint: (R) U_KEYEXP_ROUND_KEY_GEN[2].RKGEN_U_valid_out_reg/CLK
          Clock: (R) clk
       Endpoint: (R) PIPELINES[0].ROUNDS[2].U_ROUND_U_KEY_data_out_reg[99]/D
          Clock: (R) clk

                     Capture       Launch     
        Clock Edge:+     900            0     
       Src Latency:+       0            0     
       Net Latency:+       0 (I)        0 (I) 
           Arrival:=     900            0     
                                              
             Setup:-      23                  
     Required Time:=     877                  
      Launch Clock:-       0                  
         Data Path:-     744                  
             Slack:=     133                  

#-------------------------------------------------------------------------------------------------------------------------------------------------
#                      Timing Point                       Flags    Arc    Edge          Cell            Fanout  Load Trans Delay Arrival Instance 
#                                                                                                               (fF)  (ps)  (ps)   (ps)  Location 
#-------------------------------------------------------------------------------------------------------------------------------------------------
  U_KEYEXP_ROUND_KEY_GEN[2].RKGEN_U_valid_out_reg/CLK     -       -       R     (arrival)                47792     -     0     0       0    (-,-) 
  U_KEYEXP_ROUND_KEY_GEN[2].RKGEN_U_valid_out_reg/QN      -       CLK->QN R     DFFASRHQNx1_ASAP7_75t_L    139 113.8   850   418     418    (-,-) 
  g702035/Y                                               -       A->Y    R     AND2x4_ASAP7_75t_L         131  96.2   197   110     528    (-,-) 
  g702037/Y                                               -       A->Y    F     INVx1_ASAP7_75t_L           53  41.6   266   170     698    (-,-) 
  g702195/Y                                               -       B2->Y   R     AOI22xp5_ASAP7_75t_L         1   1.0    64    46     744    (-,-) 
  PIPELINES[0].ROUNDS[2].U_ROUND_U_KEY_data_out_reg[99]/D -       -       R     DFFASRHQNx1_ASAP7_75t_L      1     -     -     0     744    (-,-) 
#-------------------------------------------------------------------------------------------------------------------------------------------------



Path 37: MET (133 ps) Setup Check with Pin PIPELINES[0].ROUNDS[2].U_ROUND_U_KEY_data_out_reg[95]/CLK->D
          Group: clk
     Startpoint: (R) U_KEYEXP_ROUND_KEY_GEN[2].RKGEN_U_valid_out_reg/CLK
          Clock: (R) clk
       Endpoint: (R) PIPELINES[0].ROUNDS[2].U_ROUND_U_KEY_data_out_reg[95]/D
          Clock: (R) clk

                     Capture       Launch     
        Clock Edge:+     900            0     
       Src Latency:+       0            0     
       Net Latency:+       0 (I)        0 (I) 
           Arrival:=     900            0     
                                              
             Setup:-      23                  
     Required Time:=     877                  
      Launch Clock:-       0                  
         Data Path:-     744                  
             Slack:=     133                  

#-------------------------------------------------------------------------------------------------------------------------------------------------
#                      Timing Point                       Flags    Arc    Edge          Cell            Fanout  Load Trans Delay Arrival Instance 
#                                                                                                               (fF)  (ps)  (ps)   (ps)  Location 
#-------------------------------------------------------------------------------------------------------------------------------------------------
  U_KEYEXP_ROUND_KEY_GEN[2].RKGEN_U_valid_out_reg/CLK     -       -       R     (arrival)                47792     -     0     0       0    (-,-) 
  U_KEYEXP_ROUND_KEY_GEN[2].RKGEN_U_valid_out_reg/QN      -       CLK->QN R     DFFASRHQNx1_ASAP7_75t_L    139 113.8   850   418     418    (-,-) 
  g702035/Y                                               -       A->Y    R     AND2x4_ASAP7_75t_L         131  96.2   197   110     528    (-,-) 
  g702037/Y                                               -       A->Y    F     INVx1_ASAP7_75t_L           53  41.6   266   170     698    (-,-) 
  g702188/Y                                               -       B2->Y   R     AOI22xp5_ASAP7_75t_L         1   1.0    64    46     744    (-,-) 
  PIPELINES[0].ROUNDS[2].U_ROUND_U_KEY_data_out_reg[95]/D -       -       R     DFFASRHQNx1_ASAP7_75t_L      1     -     -     0     744    (-,-) 
#-------------------------------------------------------------------------------------------------------------------------------------------------



Path 38: MET (133 ps) Setup Check with Pin PIPELINES[0].ROUNDS[2].U_ROUND_U_KEY_data_out_reg[84]/CLK->D
          Group: clk
     Startpoint: (R) U_KEYEXP_ROUND_KEY_GEN[2].RKGEN_U_valid_out_reg/CLK
          Clock: (R) clk
       Endpoint: (R) PIPELINES[0].ROUNDS[2].U_ROUND_U_KEY_data_out_reg[84]/D
          Clock: (R) clk

                     Capture       Launch     
        Clock Edge:+     900            0     
       Src Latency:+       0            0     
       Net Latency:+       0 (I)        0 (I) 
           Arrival:=     900            0     
                                              
             Setup:-      23                  
     Required Time:=     877                  
      Launch Clock:-       0                  
         Data Path:-     744                  
             Slack:=     133                  

#-------------------------------------------------------------------------------------------------------------------------------------------------
#                      Timing Point                       Flags    Arc    Edge          Cell            Fanout  Load Trans Delay Arrival Instance 
#                                                                                                               (fF)  (ps)  (ps)   (ps)  Location 
#-------------------------------------------------------------------------------------------------------------------------------------------------
  U_KEYEXP_ROUND_KEY_GEN[2].RKGEN_U_valid_out_reg/CLK     -       -       R     (arrival)                47792     -     0     0       0    (-,-) 
  U_KEYEXP_ROUND_KEY_GEN[2].RKGEN_U_valid_out_reg/QN      -       CLK->QN R     DFFASRHQNx1_ASAP7_75t_L    139 113.8   850   418     418    (-,-) 
  g702035/Y                                               -       A->Y    R     AND2x4_ASAP7_75t_L         131  96.2   197   110     528    (-,-) 
  g702037/Y                                               -       A->Y    F     INVx1_ASAP7_75t_L           53  41.6   266   170     698    (-,-) 
  g702172/Y                                               -       B2->Y   R     AOI22xp5_ASAP7_75t_L         1   1.0    64    46     744    (-,-) 
  PIPELINES[0].ROUNDS[2].U_ROUND_U_KEY_data_out_reg[84]/D -       -       R     DFFASRHQNx1_ASAP7_75t_L      1     -     -     0     744    (-,-) 
#-------------------------------------------------------------------------------------------------------------------------------------------------



Path 39: MET (133 ps) Setup Check with Pin PIPELINES[0].ROUNDS[2].U_ROUND_U_KEY_data_out_reg[83]/CLK->D
          Group: clk
     Startpoint: (R) U_KEYEXP_ROUND_KEY_GEN[2].RKGEN_U_valid_out_reg/CLK
          Clock: (R) clk
       Endpoint: (R) PIPELINES[0].ROUNDS[2].U_ROUND_U_KEY_data_out_reg[83]/D
          Clock: (R) clk

                     Capture       Launch     
        Clock Edge:+     900            0     
       Src Latency:+       0            0     
       Net Latency:+       0 (I)        0 (I) 
           Arrival:=     900            0     
                                              
             Setup:-      23                  
     Required Time:=     877                  
      Launch Clock:-       0                  
         Data Path:-     744                  
             Slack:=     133                  

#-------------------------------------------------------------------------------------------------------------------------------------------------
#                      Timing Point                       Flags    Arc    Edge          Cell            Fanout  Load Trans Delay Arrival Instance 
#                                                                                                               (fF)  (ps)  (ps)   (ps)  Location 
#-------------------------------------------------------------------------------------------------------------------------------------------------
  U_KEYEXP_ROUND_KEY_GEN[2].RKGEN_U_valid_out_reg/CLK     -       -       R     (arrival)                47792     -     0     0       0    (-,-) 
  U_KEYEXP_ROUND_KEY_GEN[2].RKGEN_U_valid_out_reg/QN      -       CLK->QN R     DFFASRHQNx1_ASAP7_75t_L    139 113.8   850   418     418    (-,-) 
  g702035/Y                                               -       A->Y    R     AND2x4_ASAP7_75t_L         131  96.2   197   110     528    (-,-) 
  g702037/Y                                               -       A->Y    F     INVx1_ASAP7_75t_L           53  41.6   266   170     698    (-,-) 
  g702170/Y                                               -       B2->Y   R     AOI22xp5_ASAP7_75t_L         1   1.0    64    46     744    (-,-) 
  PIPELINES[0].ROUNDS[2].U_ROUND_U_KEY_data_out_reg[83]/D -       -       R     DFFASRHQNx1_ASAP7_75t_L      1     -     -     0     744    (-,-) 
#-------------------------------------------------------------------------------------------------------------------------------------------------



Path 40: MET (133 ps) Setup Check with Pin PIPELINES[0].ROUNDS[2].U_ROUND_U_KEY_data_out_reg[82]/CLK->D
          Group: clk
     Startpoint: (R) U_KEYEXP_ROUND_KEY_GEN[2].RKGEN_U_valid_out_reg/CLK
          Clock: (R) clk
       Endpoint: (R) PIPELINES[0].ROUNDS[2].U_ROUND_U_KEY_data_out_reg[82]/D
          Clock: (R) clk

                     Capture       Launch     
        Clock Edge:+     900            0     
       Src Latency:+       0            0     
       Net Latency:+       0 (I)        0 (I) 
           Arrival:=     900            0     
                                              
             Setup:-      23                  
     Required Time:=     877                  
      Launch Clock:-       0                  
         Data Path:-     744                  
             Slack:=     133                  

#-------------------------------------------------------------------------------------------------------------------------------------------------
#                      Timing Point                       Flags    Arc    Edge          Cell            Fanout  Load Trans Delay Arrival Instance 
#                                                                                                               (fF)  (ps)  (ps)   (ps)  Location 
#-------------------------------------------------------------------------------------------------------------------------------------------------
  U_KEYEXP_ROUND_KEY_GEN[2].RKGEN_U_valid_out_reg/CLK     -       -       R     (arrival)                47792     -     0     0       0    (-,-) 
  U_KEYEXP_ROUND_KEY_GEN[2].RKGEN_U_valid_out_reg/QN      -       CLK->QN R     DFFASRHQNx1_ASAP7_75t_L    139 113.8   850   418     418    (-,-) 
  g702035/Y                                               -       A->Y    R     AND2x4_ASAP7_75t_L         131  96.2   197   110     528    (-,-) 
  g702037/Y                                               -       A->Y    F     INVx1_ASAP7_75t_L           53  41.6   266   170     698    (-,-) 
  g702168/Y                                               -       B2->Y   R     AOI22xp5_ASAP7_75t_L         1   1.0    64    46     744    (-,-) 
  PIPELINES[0].ROUNDS[2].U_ROUND_U_KEY_data_out_reg[82]/D -       -       R     DFFASRHQNx1_ASAP7_75t_L      1     -     -     0     744    (-,-) 
#-------------------------------------------------------------------------------------------------------------------------------------------------



Path 41: MET (133 ps) Setup Check with Pin PIPELINES[0].ROUNDS[2].U_ROUND_U_KEY_data_out_reg[74]/CLK->D
          Group: clk
     Startpoint: (R) U_KEYEXP_ROUND_KEY_GEN[2].RKGEN_U_valid_out_reg/CLK
          Clock: (R) clk
       Endpoint: (R) PIPELINES[0].ROUNDS[2].U_ROUND_U_KEY_data_out_reg[74]/D
          Clock: (R) clk

                     Capture       Launch     
        Clock Edge:+     900            0     
       Src Latency:+       0            0     
       Net Latency:+       0 (I)        0 (I) 
           Arrival:=     900            0     
                                              
             Setup:-      23                  
     Required Time:=     877                  
      Launch Clock:-       0                  
         Data Path:-     744                  
             Slack:=     133                  

#-------------------------------------------------------------------------------------------------------------------------------------------------
#                      Timing Point                       Flags    Arc    Edge          Cell            Fanout  Load Trans Delay Arrival Instance 
#                                                                                                               (fF)  (ps)  (ps)   (ps)  Location 
#-------------------------------------------------------------------------------------------------------------------------------------------------
  U_KEYEXP_ROUND_KEY_GEN[2].RKGEN_U_valid_out_reg/CLK     -       -       R     (arrival)                47792     -     0     0       0    (-,-) 
  U_KEYEXP_ROUND_KEY_GEN[2].RKGEN_U_valid_out_reg/QN      -       CLK->QN R     DFFASRHQNx1_ASAP7_75t_L    139 113.8   850   418     418    (-,-) 
  g702035/Y                                               -       A->Y    R     AND2x4_ASAP7_75t_L         131  96.2   197   110     528    (-,-) 
  g702037/Y                                               -       A->Y    F     INVx1_ASAP7_75t_L           53  41.6   266   170     698    (-,-) 
  g702156/Y                                               -       B2->Y   R     AOI22xp5_ASAP7_75t_L         1   1.0    64    46     744    (-,-) 
  PIPELINES[0].ROUNDS[2].U_ROUND_U_KEY_data_out_reg[74]/D -       -       R     DFFASRHQNx1_ASAP7_75t_L      1     -     -     0     744    (-,-) 
#-------------------------------------------------------------------------------------------------------------------------------------------------



Path 42: MET (133 ps) Setup Check with Pin PIPELINES[0].ROUNDS[2].U_ROUND_U_KEY_data_out_reg[72]/CLK->D
          Group: clk
     Startpoint: (R) U_KEYEXP_ROUND_KEY_GEN[2].RKGEN_U_valid_out_reg/CLK
          Clock: (R) clk
       Endpoint: (R) PIPELINES[0].ROUNDS[2].U_ROUND_U_KEY_data_out_reg[72]/D
          Clock: (R) clk

                     Capture       Launch     
        Clock Edge:+     900            0     
       Src Latency:+       0            0     
       Net Latency:+       0 (I)        0 (I) 
           Arrival:=     900            0     
                                              
             Setup:-      23                  
     Required Time:=     877                  
      Launch Clock:-       0                  
         Data Path:-     744                  
             Slack:=     133                  

#-------------------------------------------------------------------------------------------------------------------------------------------------
#                      Timing Point                       Flags    Arc    Edge          Cell            Fanout  Load Trans Delay Arrival Instance 
#                                                                                                               (fF)  (ps)  (ps)   (ps)  Location 
#-------------------------------------------------------------------------------------------------------------------------------------------------
  U_KEYEXP_ROUND_KEY_GEN[2].RKGEN_U_valid_out_reg/CLK     -       -       R     (arrival)                47792     -     0     0       0    (-,-) 
  U_KEYEXP_ROUND_KEY_GEN[2].RKGEN_U_valid_out_reg/QN      -       CLK->QN R     DFFASRHQNx1_ASAP7_75t_L    139 113.8   850   418     418    (-,-) 
  g702035/Y                                               -       A->Y    R     AND2x4_ASAP7_75t_L         131  96.2   197   110     528    (-,-) 
  g702037/Y                                               -       A->Y    F     INVx1_ASAP7_75t_L           53  41.6   266   170     698    (-,-) 
  g702152/Y                                               -       B2->Y   R     AOI22xp5_ASAP7_75t_L         1   1.0    64    46     744    (-,-) 
  PIPELINES[0].ROUNDS[2].U_ROUND_U_KEY_data_out_reg[72]/D -       -       R     DFFASRHQNx1_ASAP7_75t_L      1     -     -     0     744    (-,-) 
#-------------------------------------------------------------------------------------------------------------------------------------------------



Path 43: MET (133 ps) Setup Check with Pin PIPELINES[0].ROUNDS[2].U_ROUND_U_KEY_data_out_reg[66]/CLK->D
          Group: clk
     Startpoint: (R) U_KEYEXP_ROUND_KEY_GEN[2].RKGEN_U_valid_out_reg/CLK
          Clock: (R) clk
       Endpoint: (R) PIPELINES[0].ROUNDS[2].U_ROUND_U_KEY_data_out_reg[66]/D
          Clock: (R) clk

                     Capture       Launch     
        Clock Edge:+     900            0     
       Src Latency:+       0            0     
       Net Latency:+       0 (I)        0 (I) 
           Arrival:=     900            0     
                                              
             Setup:-      23                  
     Required Time:=     877                  
      Launch Clock:-       0                  
         Data Path:-     744                  
             Slack:=     133                  

#-------------------------------------------------------------------------------------------------------------------------------------------------
#                      Timing Point                       Flags    Arc    Edge          Cell            Fanout  Load Trans Delay Arrival Instance 
#                                                                                                               (fF)  (ps)  (ps)   (ps)  Location 
#-------------------------------------------------------------------------------------------------------------------------------------------------
  U_KEYEXP_ROUND_KEY_GEN[2].RKGEN_U_valid_out_reg/CLK     -       -       R     (arrival)                47792     -     0     0       0    (-,-) 
  U_KEYEXP_ROUND_KEY_GEN[2].RKGEN_U_valid_out_reg/QN      -       CLK->QN R     DFFASRHQNx1_ASAP7_75t_L    139 113.8   850   418     418    (-,-) 
  g702035/Y                                               -       A->Y    R     AND2x4_ASAP7_75t_L         131  96.2   197   110     528    (-,-) 
  g702037/Y                                               -       A->Y    F     INVx1_ASAP7_75t_L           53  41.6   266   170     698    (-,-) 
  g702144/Y                                               -       B2->Y   R     AOI22xp5_ASAP7_75t_L         1   1.0    64    46     744    (-,-) 
  PIPELINES[0].ROUNDS[2].U_ROUND_U_KEY_data_out_reg[66]/D -       -       R     DFFASRHQNx1_ASAP7_75t_L      1     -     -     0     744    (-,-) 
#-------------------------------------------------------------------------------------------------------------------------------------------------



Path 44: MET (133 ps) Setup Check with Pin PIPELINES[0].ROUNDS[2].U_ROUND_U_KEY_data_out_reg[62]/CLK->D
          Group: clk
     Startpoint: (R) U_KEYEXP_ROUND_KEY_GEN[2].RKGEN_U_valid_out_reg/CLK
          Clock: (R) clk
       Endpoint: (R) PIPELINES[0].ROUNDS[2].U_ROUND_U_KEY_data_out_reg[62]/D
          Clock: (R) clk

                     Capture       Launch     
        Clock Edge:+     900            0     
       Src Latency:+       0            0     
       Net Latency:+       0 (I)        0 (I) 
           Arrival:=     900            0     
                                              
             Setup:-      23                  
     Required Time:=     877                  
      Launch Clock:-       0                  
         Data Path:-     744                  
             Slack:=     133                  

#-------------------------------------------------------------------------------------------------------------------------------------------------
#                      Timing Point                       Flags    Arc    Edge          Cell            Fanout  Load Trans Delay Arrival Instance 
#                                                                                                               (fF)  (ps)  (ps)   (ps)  Location 
#-------------------------------------------------------------------------------------------------------------------------------------------------
  U_KEYEXP_ROUND_KEY_GEN[2].RKGEN_U_valid_out_reg/CLK     -       -       R     (arrival)                47792     -     0     0       0    (-,-) 
  U_KEYEXP_ROUND_KEY_GEN[2].RKGEN_U_valid_out_reg/QN      -       CLK->QN R     DFFASRHQNx1_ASAP7_75t_L    139 113.8   850   418     418    (-,-) 
  g702035/Y                                               -       A->Y    R     AND2x4_ASAP7_75t_L         131  96.2   197   110     528    (-,-) 
  g702037/Y                                               -       A->Y    F     INVx1_ASAP7_75t_L           53  41.6   266   170     698    (-,-) 
  g702137/Y                                               -       B2->Y   R     AOI22xp5_ASAP7_75t_L         1   1.0    64    46     744    (-,-) 
  PIPELINES[0].ROUNDS[2].U_ROUND_U_KEY_data_out_reg[62]/D -       -       R     DFFASRHQNx1_ASAP7_75t_L      1     -     -     0     744    (-,-) 
#-------------------------------------------------------------------------------------------------------------------------------------------------



Path 45: MET (133 ps) Setup Check with Pin PIPELINES[0].ROUNDS[2].U_ROUND_U_KEY_data_out_reg[57]/CLK->D
          Group: clk
     Startpoint: (R) U_KEYEXP_ROUND_KEY_GEN[2].RKGEN_U_valid_out_reg/CLK
          Clock: (R) clk
       Endpoint: (R) PIPELINES[0].ROUNDS[2].U_ROUND_U_KEY_data_out_reg[57]/D
          Clock: (R) clk

                     Capture       Launch     
        Clock Edge:+     900            0     
       Src Latency:+       0            0     
       Net Latency:+       0 (I)        0 (I) 
           Arrival:=     900            0     
                                              
             Setup:-      23                  
     Required Time:=     877                  
      Launch Clock:-       0                  
         Data Path:-     744                  
             Slack:=     133                  

#-------------------------------------------------------------------------------------------------------------------------------------------------
#                      Timing Point                       Flags    Arc    Edge          Cell            Fanout  Load Trans Delay Arrival Instance 
#                                                                                                               (fF)  (ps)  (ps)   (ps)  Location 
#-------------------------------------------------------------------------------------------------------------------------------------------------
  U_KEYEXP_ROUND_KEY_GEN[2].RKGEN_U_valid_out_reg/CLK     -       -       R     (arrival)                47792     -     0     0       0    (-,-) 
  U_KEYEXP_ROUND_KEY_GEN[2].RKGEN_U_valid_out_reg/QN      -       CLK->QN R     DFFASRHQNx1_ASAP7_75t_L    139 113.8   850   418     418    (-,-) 
  g702035/Y                                               -       A->Y    R     AND2x4_ASAP7_75t_L         131  96.2   197   110     528    (-,-) 
  g702037/Y                                               -       A->Y    F     INVx1_ASAP7_75t_L           53  41.6   266   170     698    (-,-) 
  g702129/Y                                               -       B2->Y   R     AOI22xp5_ASAP7_75t_L         1   1.0    64    46     744    (-,-) 
  PIPELINES[0].ROUNDS[2].U_ROUND_U_KEY_data_out_reg[57]/D -       -       R     DFFASRHQNx1_ASAP7_75t_L      1     -     -     0     744    (-,-) 
#-------------------------------------------------------------------------------------------------------------------------------------------------



Path 46: MET (133 ps) Setup Check with Pin PIPELINES[0].ROUNDS[2].U_ROUND_U_KEY_data_out_reg[53]/CLK->D
          Group: clk
     Startpoint: (R) U_KEYEXP_ROUND_KEY_GEN[2].RKGEN_U_valid_out_reg/CLK
          Clock: (R) clk
       Endpoint: (R) PIPELINES[0].ROUNDS[2].U_ROUND_U_KEY_data_out_reg[53]/D
          Clock: (R) clk

                     Capture       Launch     
        Clock Edge:+     900            0     
       Src Latency:+       0            0     
       Net Latency:+       0 (I)        0 (I) 
           Arrival:=     900            0     
                                              
             Setup:-      23                  
     Required Time:=     877                  
      Launch Clock:-       0                  
         Data Path:-     744                  
             Slack:=     133                  

#-------------------------------------------------------------------------------------------------------------------------------------------------
#                      Timing Point                       Flags    Arc    Edge          Cell            Fanout  Load Trans Delay Arrival Instance 
#                                                                                                               (fF)  (ps)  (ps)   (ps)  Location 
#-------------------------------------------------------------------------------------------------------------------------------------------------
  U_KEYEXP_ROUND_KEY_GEN[2].RKGEN_U_valid_out_reg/CLK     -       -       R     (arrival)                47792     -     0     0       0    (-,-) 
  U_KEYEXP_ROUND_KEY_GEN[2].RKGEN_U_valid_out_reg/QN      -       CLK->QN R     DFFASRHQNx1_ASAP7_75t_L    139 113.8   850   418     418    (-,-) 
  g702035/Y                                               -       A->Y    R     AND2x4_ASAP7_75t_L         131  96.2   197   110     528    (-,-) 
  g702037/Y                                               -       A->Y    F     INVx1_ASAP7_75t_L           53  41.6   266   170     698    (-,-) 
  g702121/Y                                               -       B2->Y   R     AOI22xp5_ASAP7_75t_L         1   1.0    64    46     744    (-,-) 
  PIPELINES[0].ROUNDS[2].U_ROUND_U_KEY_data_out_reg[53]/D -       -       R     DFFASRHQNx1_ASAP7_75t_L      1     -     -     0     744    (-,-) 
#-------------------------------------------------------------------------------------------------------------------------------------------------



Path 47: MET (133 ps) Setup Check with Pin PIPELINES[0].ROUNDS[2].U_ROUND_U_KEY_data_out_reg[52]/CLK->D
          Group: clk
     Startpoint: (R) U_KEYEXP_ROUND_KEY_GEN[2].RKGEN_U_valid_out_reg/CLK
          Clock: (R) clk
       Endpoint: (R) PIPELINES[0].ROUNDS[2].U_ROUND_U_KEY_data_out_reg[52]/D
          Clock: (R) clk

                     Capture       Launch     
        Clock Edge:+     900            0     
       Src Latency:+       0            0     
       Net Latency:+       0 (I)        0 (I) 
           Arrival:=     900            0     
                                              
             Setup:-      23                  
     Required Time:=     877                  
      Launch Clock:-       0                  
         Data Path:-     744                  
             Slack:=     133                  

#-------------------------------------------------------------------------------------------------------------------------------------------------
#                      Timing Point                       Flags    Arc    Edge          Cell            Fanout  Load Trans Delay Arrival Instance 
#                                                                                                               (fF)  (ps)  (ps)   (ps)  Location 
#-------------------------------------------------------------------------------------------------------------------------------------------------
  U_KEYEXP_ROUND_KEY_GEN[2].RKGEN_U_valid_out_reg/CLK     -       -       R     (arrival)                47792     -     0     0       0    (-,-) 
  U_KEYEXP_ROUND_KEY_GEN[2].RKGEN_U_valid_out_reg/QN      -       CLK->QN R     DFFASRHQNx1_ASAP7_75t_L    139 113.8   850   418     418    (-,-) 
  g702035/Y                                               -       A->Y    R     AND2x4_ASAP7_75t_L         131  96.2   197   110     528    (-,-) 
  g702037/Y                                               -       A->Y    F     INVx1_ASAP7_75t_L           53  41.6   266   170     698    (-,-) 
  g702119/Y                                               -       B2->Y   R     AOI22xp5_ASAP7_75t_L         1   1.0    64    46     744    (-,-) 
  PIPELINES[0].ROUNDS[2].U_ROUND_U_KEY_data_out_reg[52]/D -       -       R     DFFASRHQNx1_ASAP7_75t_L      1     -     -     0     744    (-,-) 
#-------------------------------------------------------------------------------------------------------------------------------------------------



Path 48: MET (133 ps) Setup Check with Pin PIPELINES[0].ROUNDS[2].U_ROUND_U_KEY_data_out_reg[47]/CLK->D
          Group: clk
     Startpoint: (R) U_KEYEXP_ROUND_KEY_GEN[2].RKGEN_U_valid_out_reg/CLK
          Clock: (R) clk
       Endpoint: (R) PIPELINES[0].ROUNDS[2].U_ROUND_U_KEY_data_out_reg[47]/D
          Clock: (R) clk

                     Capture       Launch     
        Clock Edge:+     900            0     
       Src Latency:+       0            0     
       Net Latency:+       0 (I)        0 (I) 
           Arrival:=     900            0     
                                              
             Setup:-      23                  
     Required Time:=     877                  
      Launch Clock:-       0                  
         Data Path:-     744                  
             Slack:=     133                  

#-------------------------------------------------------------------------------------------------------------------------------------------------
#                      Timing Point                       Flags    Arc    Edge          Cell            Fanout  Load Trans Delay Arrival Instance 
#                                                                                                               (fF)  (ps)  (ps)   (ps)  Location 
#-------------------------------------------------------------------------------------------------------------------------------------------------
  U_KEYEXP_ROUND_KEY_GEN[2].RKGEN_U_valid_out_reg/CLK     -       -       R     (arrival)                47792     -     0     0       0    (-,-) 
  U_KEYEXP_ROUND_KEY_GEN[2].RKGEN_U_valid_out_reg/QN      -       CLK->QN R     DFFASRHQNx1_ASAP7_75t_L    139 113.8   850   418     418    (-,-) 
  g702035/Y                                               -       A->Y    R     AND2x4_ASAP7_75t_L         131  96.2   197   110     528    (-,-) 
  g702037/Y                                               -       A->Y    F     INVx1_ASAP7_75t_L           53  41.6   266   170     698    (-,-) 
  g702111/Y                                               -       B2->Y   R     AOI22xp5_ASAP7_75t_L         1   1.0    64    46     744    (-,-) 
  PIPELINES[0].ROUNDS[2].U_ROUND_U_KEY_data_out_reg[47]/D -       -       R     DFFASRHQNx1_ASAP7_75t_L      1     -     -     0     744    (-,-) 
#-------------------------------------------------------------------------------------------------------------------------------------------------



Path 49: MET (133 ps) Setup Check with Pin PIPELINES[0].ROUNDS[2].U_ROUND_U_KEY_data_out_reg[44]/CLK->D
          Group: clk
     Startpoint: (R) U_KEYEXP_ROUND_KEY_GEN[2].RKGEN_U_valid_out_reg/CLK
          Clock: (R) clk
       Endpoint: (R) PIPELINES[0].ROUNDS[2].U_ROUND_U_KEY_data_out_reg[44]/D
          Clock: (R) clk

                     Capture       Launch     
        Clock Edge:+     900            0     
       Src Latency:+       0            0     
       Net Latency:+       0 (I)        0 (I) 
           Arrival:=     900            0     
                                              
             Setup:-      23                  
     Required Time:=     877                  
      Launch Clock:-       0                  
         Data Path:-     744                  
             Slack:=     133                  

#-------------------------------------------------------------------------------------------------------------------------------------------------
#                      Timing Point                       Flags    Arc    Edge          Cell            Fanout  Load Trans Delay Arrival Instance 
#                                                                                                               (fF)  (ps)  (ps)   (ps)  Location 
#-------------------------------------------------------------------------------------------------------------------------------------------------
  U_KEYEXP_ROUND_KEY_GEN[2].RKGEN_U_valid_out_reg/CLK     -       -       R     (arrival)                47792     -     0     0       0    (-,-) 
  U_KEYEXP_ROUND_KEY_GEN[2].RKGEN_U_valid_out_reg/QN      -       CLK->QN R     DFFASRHQNx1_ASAP7_75t_L    139 113.8   850   418     418    (-,-) 
  g702035/Y                                               -       A->Y    R     AND2x4_ASAP7_75t_L         131  96.2   197   110     528    (-,-) 
  g702037/Y                                               -       A->Y    F     INVx1_ASAP7_75t_L           53  41.6   266   170     698    (-,-) 
  g702106/Y                                               -       B2->Y   R     AOI22xp5_ASAP7_75t_L         1   1.0    64    46     744    (-,-) 
  PIPELINES[0].ROUNDS[2].U_ROUND_U_KEY_data_out_reg[44]/D -       -       R     DFFASRHQNx1_ASAP7_75t_L      1     -     -     0     744    (-,-) 
#-------------------------------------------------------------------------------------------------------------------------------------------------



Path 50: MET (133 ps) Setup Check with Pin PIPELINES[0].ROUNDS[2].U_ROUND_U_KEY_data_out_reg[41]/CLK->D
          Group: clk
     Startpoint: (R) U_KEYEXP_ROUND_KEY_GEN[2].RKGEN_U_valid_out_reg/CLK
          Clock: (R) clk
       Endpoint: (R) PIPELINES[0].ROUNDS[2].U_ROUND_U_KEY_data_out_reg[41]/D
          Clock: (R) clk

                     Capture       Launch     
        Clock Edge:+     900            0     
       Src Latency:+       0            0     
       Net Latency:+       0 (I)        0 (I) 
           Arrival:=     900            0     
                                              
             Setup:-      23                  
     Required Time:=     877                  
      Launch Clock:-       0                  
         Data Path:-     744                  
             Slack:=     133                  

#-------------------------------------------------------------------------------------------------------------------------------------------------
#                      Timing Point                       Flags    Arc    Edge          Cell            Fanout  Load Trans Delay Arrival Instance 
#                                                                                                               (fF)  (ps)  (ps)   (ps)  Location 
#-------------------------------------------------------------------------------------------------------------------------------------------------
  U_KEYEXP_ROUND_KEY_GEN[2].RKGEN_U_valid_out_reg/CLK     -       -       R     (arrival)                47792     -     0     0       0    (-,-) 
  U_KEYEXP_ROUND_KEY_GEN[2].RKGEN_U_valid_out_reg/QN      -       CLK->QN R     DFFASRHQNx1_ASAP7_75t_L    139 113.8   850   418     418    (-,-) 
  g702035/Y                                               -       A->Y    R     AND2x4_ASAP7_75t_L         131  96.2   197   110     528    (-,-) 
  g702037/Y                                               -       A->Y    F     INVx1_ASAP7_75t_L           53  41.6   266   170     698    (-,-) 
  g702100/Y                                               -       B2->Y   R     AOI22xp5_ASAP7_75t_L         1   1.0    64    46     744    (-,-) 
  PIPELINES[0].ROUNDS[2].U_ROUND_U_KEY_data_out_reg[41]/D -       -       R     DFFASRHQNx1_ASAP7_75t_L      1     -     -     0     744    (-,-) 
#-------------------------------------------------------------------------------------------------------------------------------------------------

