============================================================
  Generated by:           Genus(TM) Synthesis Solution 21.17-s066_1
  Generated on:           Jul 12 2025  09:41:22 pm
  Module:                 Top_PipelinedMultiCipher
  Operating conditions:   PVT_0P7V_25C 
  Interconnect mode:      global
  Area mode:              physical library
============================================================


Path 1: VIOLATED (-2 ps) Setup Check with Pin PIPELINES[2].ROUNDS[0].U_ROUND_U_SUB_ROM[14].ROM_dout_reg[0]/CLK->D
          Group: clk
     Startpoint: (R) PIPELINES[2].U0_ARK_valid_out_reg/CLK
          Clock: (R) clk
       Endpoint: (R) PIPELINES[2].ROUNDS[0].U_ROUND_U_SUB_ROM[14].ROM_dout_reg[0]/D
          Clock: (R) clk

                     Capture       Launch     
        Clock Edge:+     260            0     
       Src Latency:+       0            0     
       Net Latency:+       0 (I)        0 (I) 
           Arrival:=     260            0     
                                              
             Setup:-      17                  
     Required Time:=     243                  
      Launch Clock:-       0                  
         Data Path:-     245                  
             Slack:=      -2                  

#-------------------------------------------------------------------------------------------------------------------------------------------------------
#                         Timing Point                           Flags    Arc    Edge          Cell            Fanout Load Trans Delay Arrival Instance 
#                                                                                                                     (fF)  (ps)  (ps)   (ps)  Location 
#-------------------------------------------------------------------------------------------------------------------------------------------------------
  PIPELINES[2].U0_ARK_valid_out_reg/CLK                          -       -       R     (arrival)                47792    -     0     0       0    (-,-) 
  PIPELINES[2].U0_ARK_valid_out_reg/QN                           -       CLK->QN F     DFFASRHQNx1_ASAP7_75t_L      1  1.6    24    43      43    (-,-) 
  g1299121/Y                                                     -       A->Y    F     BUFx6f_ASAP7_75t_L           4  8.7    13    21      64    (-,-) 
  g1299120/Y                                                     -       A->Y    F     BUFx12f_ASAP7_75t_L         27 29.3    21    23      87    (-,-) 
  g1299123/Y                                                     -       A->Y    F     BUFx6f_ASAP7_75t_L           7  9.1    14    21     108    (-,-) 
  g1274922/Y                                                     -       B->Y    F     AND2x2_ASAP7_75t_L           4  4.0    16    22     130    (-,-) 
  fopt1274921/Y                                                  -       A->Y    R     INVx3_ASAP7_75t_L            7  5.1    17    12     142    (-,-) 
  fopt16476/Y                                                    -       A->Y    F     INVx1_ASAP7_75t_L            2  1.7    14    11     153    (-,-) 
  g1275111/Y                                                     -       B1->Y   R     AOI322xp5_ASAP7_75t_L        1  0.8    39    24     176    (-,-) 
  g1275110/Y                                                     -       B->Y    R     OA211x2_ASAP7_75t_L          1  0.8    10    25     201    (-,-) 
  g1039204/Y                                                     -       B->Y    R     OA211x2_ASAP7_75t_L          1  1.0    11    21     222    (-,-) 
  g1039043/Y                                                     -       A->Y    R     AND4x1_ASAP7_75t_L           1  1.0    15    23     245    (-,-) 
  PIPELINES[2].ROUNDS[0].U_ROUND_U_SUB_ROM[14].ROM_dout_reg[0]/D -       -       R     DFFASRHQNx1_ASAP7_75t_L      1    -     -     0     245    (-,-) 
#-------------------------------------------------------------------------------------------------------------------------------------------------------



Path 2: VIOLATED (-2 ps) Setup Check with Pin PIPELINES[5].ROUNDS[4].U_ROUND_U_SUB_ROM[13].ROM_dout_reg[1]/CLK->D
          Group: clk
     Startpoint: (R) PIPELINES[5].ROUNDS[3].U_ROUND_U_KEY_valid_out_reg/CLK
          Clock: (R) clk
       Endpoint: (R) PIPELINES[5].ROUNDS[4].U_ROUND_U_SUB_ROM[13].ROM_dout_reg[1]/D
          Clock: (R) clk

                     Capture       Launch     
        Clock Edge:+     260            0     
       Src Latency:+       0            0     
       Net Latency:+       0 (I)        0 (I) 
           Arrival:=     260            0     
                                              
             Setup:-      18                  
     Required Time:=     242                  
      Launch Clock:-       0                  
         Data Path:-     245                  
             Slack:=      -2                  

#-------------------------------------------------------------------------------------------------------------------------------------------------------
#                         Timing Point                           Flags    Arc    Edge          Cell            Fanout Load Trans Delay Arrival Instance 
#                                                                                                                     (fF)  (ps)  (ps)   (ps)  Location 
#-------------------------------------------------------------------------------------------------------------------------------------------------------
  PIPELINES[5].ROUNDS[3].U_ROUND_U_KEY_valid_out_reg/CLK         -       -       R     (arrival)                47792    -     0     0       0    (-,-) 
  PIPELINES[5].ROUNDS[3].U_ROUND_U_KEY_valid_out_reg/QN          -       CLK->QN F     DFFASRHQNx1_ASAP7_75t_L      1  1.6    24    43      43    (-,-) 
  g1256876/Y                                                     -       A->Y    F     BUFx6f_ASAP7_75t_L           7 10.8    15    23      66    (-,-) 
  fopt1154529/Y                                                  -       A->Y    F     BUFx6f_ASAP7_75t_L           7  8.8    13    19      85    (-,-) 
  g968190/Y                                                      -       B->Y    F     AND2x6_ASAP7_75t_L          15 12.4    18    25     110    (-,-) 
  g968189/Y                                                      -       B->Y    F     AND2x4_ASAP7_75t_L          10  7.8    16    23     133    (-,-) 
  g968188/Y                                                      -       B->Y    F     AND2x2_ASAP7_75t_L           3  2.3    11    20     153    (-,-) 
  g968312/Y                                                      -       A->Y    R     INVx1_ASAP7_75t_L            2  2.3    20    13     166    (-,-) 
  g968308/Y                                                      -       B2->Y   F     OAI22x1_ASAP7_75t_L          1  1.2    21    10     176    (-,-) 
  g968307/Y                                                      -       A->Y    R     NOR2xp67_ASAP7_75t_L         1  1.0    21    13     190    (-,-) 
  g968306/Y                                                      -       A->Y    R     AND4x1_ASAP7_75t_L           1  0.9    14    25     214    (-,-) 
  g968286/Y                                                      -       B->Y    R     AND5x1_ASAP7_75t_L           1  1.0    17    31     245    (-,-) 
  PIPELINES[5].ROUNDS[4].U_ROUND_U_SUB_ROM[13].ROM_dout_reg[1]/D -       -       R     DFFASRHQNx1_ASAP7_75t_L      1    -     -     0     245    (-,-) 
#-------------------------------------------------------------------------------------------------------------------------------------------------------



Path 3: VIOLATED (-2 ps) Setup Check with Pin PIPELINES[5].ROUNDS[4].U_ROUND_U_SUB_ROM[3].ROM_dout_reg[2]/CLK->D
          Group: clk
     Startpoint: (R) PIPELINES[5].ROUNDS[3].U_ROUND_U_KEY_valid_out_reg/CLK
          Clock: (R) clk
       Endpoint: (R) PIPELINES[5].ROUNDS[4].U_ROUND_U_SUB_ROM[3].ROM_dout_reg[2]/D
          Clock: (R) clk

                     Capture       Launch     
        Clock Edge:+     260            0     
       Src Latency:+       0            0     
       Net Latency:+       0 (I)        0 (I) 
           Arrival:=     260            0     
                                              
             Setup:-      23                  
     Required Time:=     237                  
      Launch Clock:-       0                  
         Data Path:-     240                  
             Slack:=      -2                  

#------------------------------------------------------------------------------------------------------------------------------------------------------
#                         Timing Point                          Flags    Arc    Edge          Cell            Fanout Load Trans Delay Arrival Instance 
#                                                                                                                    (fF)  (ps)  (ps)   (ps)  Location 
#------------------------------------------------------------------------------------------------------------------------------------------------------
  PIPELINES[5].ROUNDS[3].U_ROUND_U_KEY_valid_out_reg/CLK        -       -       R     (arrival)                47792    -     0     0       0    (-,-) 
  PIPELINES[5].ROUNDS[3].U_ROUND_U_KEY_valid_out_reg/QN         -       CLK->QN F     DFFASRHQNx1_ASAP7_75t_L      1  1.6    24    43      43    (-,-) 
  g1256876/Y                                                    -       A->Y    F     BUFx6f_ASAP7_75t_L           7 10.8    15    23      66    (-,-) 
  g1248246/Y                                                    -       A->Y    F     BUFx6f_ASAP7_75t_L           8  8.8    13    19      85    (-,-) 
  g967355/Y                                                     -       A->Y    F     AND2x4_ASAP7_75t_L           4  4.8    12    20     105    (-,-) 
  fopt18324/Y                                                   -       A->Y    R     INVx4_ASAP7_75t_L           11 10.2    22    14     118    (-,-) 
  g967439/Y                                                     -       A->Y    R     OR2x6_ASAP7_75t_L           10  7.1    14    23     142    (-,-) 
  g967573/Y                                                     -       B->Y    R     OR2x2_ASAP7_75t_L            3  2.4    13    19     161    (-,-) 
  g967570/Y                                                     -       B1->Y   R     OA222x2_ASAP7_75t_L          1  0.9    12    26     187    (-,-) 
  g967569/Y                                                     -       A->Y    F     NAND5xp2_ASAP7_75t_L         1  0.9    40    19     206    (-,-) 
  g967568/Y                                                     -       A->Y    R     NOR5xp2_ASAP7_75t_L          1  1.0    61    34     240    (-,-) 
  PIPELINES[5].ROUNDS[4].U_ROUND_U_SUB_ROM[3].ROM_dout_reg[2]/D -       -       R     DFFASRHQNx1_ASAP7_75t_L      1    -     -     0     240    (-,-) 
#------------------------------------------------------------------------------------------------------------------------------------------------------



Path 4: VIOLATED (-2 ps) Setup Check with Pin PIPELINES[5].ROUNDS[4].U_ROUND_U_SUB_ROM[15].ROM_dout_reg[6]/CLK->D
          Group: clk
     Startpoint: (R) PIPELINES[5].ROUNDS[3].U_ROUND_U_KEY_valid_out_reg/CLK
          Clock: (R) clk
       Endpoint: (R) PIPELINES[5].ROUNDS[4].U_ROUND_U_SUB_ROM[15].ROM_dout_reg[6]/D
          Clock: (R) clk

                     Capture       Launch     
        Clock Edge:+     260            0     
       Src Latency:+       0            0     
       Net Latency:+       0 (I)        0 (I) 
           Arrival:=     260            0     
                                              
             Setup:-      18                  
     Required Time:=     242                  
      Launch Clock:-       0                  
         Data Path:-     245                  
             Slack:=      -2                  

#-------------------------------------------------------------------------------------------------------------------------------------------------------
#                         Timing Point                           Flags    Arc    Edge          Cell            Fanout Load Trans Delay Arrival Instance 
#                                                                                                                     (fF)  (ps)  (ps)   (ps)  Location 
#-------------------------------------------------------------------------------------------------------------------------------------------------------
  PIPELINES[5].ROUNDS[3].U_ROUND_U_KEY_valid_out_reg/CLK         -       -       R     (arrival)                47792    -     0     0       0    (-,-) 
  PIPELINES[5].ROUNDS[3].U_ROUND_U_KEY_valid_out_reg/QN          -       CLK->QN F     DFFASRHQNx1_ASAP7_75t_L      1  1.6    24    43      43    (-,-) 
  g1256876/Y                                                     -       A->Y    F     BUFx6f_ASAP7_75t_L           7 10.8    15    23      66    (-,-) 
  g1248247/Y                                                     -       A->Y    F     BUFx2_ASAP7_75t_L            1  1.4     8    18      83    (-,-) 
  g1269343/Y                                                     -       B->Y    F     AND2x6_ASAP7_75t_L          11 11.1    17    23     106    (-,-) 
  g972506/Y                                                      -       A->Y    R     INVx4_ASAP7_75t_L            8  6.4    16    12     118    (-,-) 
  g1269407/Y                                                     -       B->Y    R     OR2x2_ASAP7_75t_L            5  3.9    19    22     140    (-,-) 
  g972841/Y                                                      -       B1->Y   F     OAI33xp33_ASAP7_75t_L        1  0.9    39    18     159    (-,-) 
  g1269466/Y                                                     -       B->Y    R     AOI311xp33_ASAP7_75t_L       1  1.7    53    33     192    (-,-) 
  g1269465/Y                                                     -       C->Y    F     NAND3x1_ASAP7_75t_L          1  1.8    20    12     204    (-,-) 
  g1269464/Y                                                     -       A->Y    R     NOR3x1_ASAP7_75t_L           1  0.9    20    11     214    (-,-) 
  g972826/Y                                                      -       A->Y    R     AND5x1_ASAP7_75t_L           1  1.0    17    30     245    (-,-) 
  PIPELINES[5].ROUNDS[4].U_ROUND_U_SUB_ROM[15].ROM_dout_reg[6]/D -       -       R     DFFASRHQNx1_ASAP7_75t_L      1    -     -     0     245    (-,-) 
#-------------------------------------------------------------------------------------------------------------------------------------------------------



Path 5: VIOLATED (-2 ps) Setup Check with Pin PIPELINES[5].ROUNDS[2].U_ROUND_U_SUB_ROM[14].ROM_dout_reg[0]/CLK->D
          Group: clk
     Startpoint: (R) PIPELINES[5].ROUNDS[1].U_ROUND_U_KEY_valid_out_reg/CLK
          Clock: (R) clk
       Endpoint: (R) PIPELINES[5].ROUNDS[2].U_ROUND_U_SUB_ROM[14].ROM_dout_reg[0]/D
          Clock: (R) clk

                     Capture       Launch     
        Clock Edge:+     260            0     
       Src Latency:+       0            0     
       Net Latency:+       0 (I)        0 (I) 
           Arrival:=     260            0     
                                              
             Setup:-      18                  
     Required Time:=     242                  
      Launch Clock:-       0                  
         Data Path:-     245                  
             Slack:=      -2                  

#-------------------------------------------------------------------------------------------------------------------------------------------------------
#                         Timing Point                           Flags    Arc    Edge          Cell            Fanout Load Trans Delay Arrival Instance 
#                                                                                                                     (fF)  (ps)  (ps)   (ps)  Location 
#-------------------------------------------------------------------------------------------------------------------------------------------------------
  PIPELINES[5].ROUNDS[1].U_ROUND_U_KEY_valid_out_reg/CLK         -       -       R     (arrival)                47792    -     0     0       0    (-,-) 
  PIPELINES[5].ROUNDS[1].U_ROUND_U_KEY_valid_out_reg/QN          -       CLK->QN F     DFFASRHQNx1_ASAP7_75t_L      1  1.6    24    43      43    (-,-) 
  g1315193/Y                                                     -       A->Y    F     BUFx6f_ASAP7_75t_L           6  8.1    13    21      64    (-,-) 
  g1315192/Y                                                     -       A->Y    F     BUFx6f_ASAP7_75t_L           8 10.5    15    20      84    (-,-) 
  g951614/Y                                                      -       B->Y    R     NAND2x1p5_ASAP7_75t_L        4  5.0    34    18     101    (-,-) 
  fopt1253069/Y                                                  -       A->Y    F     INVx2_ASAP7_75t_L            2  2.8    16    11     112    (-,-) 
  fopt1253068/Y                                                  -       A->Y    R     INVx1_ASAP7_75t_L            2  1.7    17    12     125    (-,-) 
  g1318628/Y                                                     -       B->Y    R     OR2x2_ASAP7_75t_L            3  2.5    14    20     144    (-,-) 
  g952238/Y                                                      -       A->Y    R     BUFx3_ASAP7_75t_L            8  6.2    19    21     165    (-,-) 
  g952323/Y                                                      -       C->Y    F     O2A1O1Ixp33_ASAP7_75t_L      1  0.9    23    13     178    (-,-) 
  g952319/Y                                                      -       C->Y    R     NOR5xp2_ASAP7_75t_L          1  0.9    56    32     210    (-,-) 
  g952273/Y                                                      -       D->Y    R     AND5x1_ASAP7_75t_L           1  1.0    17    35     245    (-,-) 
  PIPELINES[5].ROUNDS[2].U_ROUND_U_SUB_ROM[14].ROM_dout_reg[0]/D -       -       R     DFFASRHQNx1_ASAP7_75t_L      1    -     -     0     245    (-,-) 
#-------------------------------------------------------------------------------------------------------------------------------------------------------



Path 6: VIOLATED (-2 ps) Setup Check with Pin PIPELINES[2].ROUNDS[3].U_ROUND_U_SUB_ROM[4].ROM_dout_reg[3]/CLK->D
          Group: clk
     Startpoint: (R) PIPELINES[2].ROUNDS[2].U_ROUND_U_KEY_valid_out_reg/CLK
          Clock: (R) clk
       Endpoint: (R) PIPELINES[2].ROUNDS[3].U_ROUND_U_SUB_ROM[4].ROM_dout_reg[3]/D
          Clock: (R) clk

                     Capture       Launch     
        Clock Edge:+     260            0     
       Src Latency:+       0            0     
       Net Latency:+       0 (I)        0 (I) 
           Arrival:=     260            0     
                                              
             Setup:-      18                  
     Required Time:=     242                  
      Launch Clock:-       0                  
         Data Path:-     245                  
             Slack:=      -2                  

#------------------------------------------------------------------------------------------------------------------------------------------------------
#                         Timing Point                          Flags    Arc    Edge          Cell            Fanout Load Trans Delay Arrival Instance 
#                                                                                                                    (fF)  (ps)  (ps)   (ps)  Location 
#------------------------------------------------------------------------------------------------------------------------------------------------------
  PIPELINES[2].ROUNDS[2].U_ROUND_U_KEY_valid_out_reg/CLK        -       -       R     (arrival)                47792    -     0     0       0    (-,-) 
  PIPELINES[2].ROUNDS[2].U_ROUND_U_KEY_valid_out_reg/QN         -       CLK->QN F     DFFASRHQNx1_ASAP7_75t_L      1  1.6    24    43      43    (-,-) 
  g1301268/Y                                                    -       A->Y    F     BUFx6f_ASAP7_75t_L           3 11.5    16    23      66    (-,-) 
  fopt1293486/Y                                                 -       A->Y    R     INVx5_ASAP7_75t_L            5  7.2    15    11      77    (-,-) 
  fopt1282254/Y                                                 -       A->Y    F     INVx3_ASAP7_75t_L            4  4.9    13    10      87    (-,-) 
  g1249810/Y                                                    -       B->Y    F     AND2x6_ASAP7_75t_L           9 10.0    16    24     111    (-,-) 
  fopt29720/Y                                                   -       A->Y    R     INVx1_ASAP7_75t_L            3  2.9    25    16     127    (-,-) 
  fopt6632/Y                                                    -       A->Y    F     INVx1_ASAP7_75t_L            1  1.4    15    11     138    (-,-) 
  g1311079/Y                                                    -       A->Y    R     NAND2x1_ASAP7_75t_L          4  3.0    30    19     158    (-,-) 
  g1311078/Y                                                    -       B2->Y   F     OAI322xp33_ASAP7_75t_L       1  0.9    32    19     177    (-,-) 
  g1311077/Y                                                    -       A->Y    F     OR2x2_ASAP7_75t_L            1  1.9    12    24     200    (-,-) 
  g36144/Y                                                      -       A->Y    R     NOR4xp75_ASAP7_75t_L         1  0.9    27    12     212    (-,-) 
  g926579/Y                                                     -       B->Y    R     AND5x1_ASAP7_75t_L           1  1.0    17    33     245    (-,-) 
  PIPELINES[2].ROUNDS[3].U_ROUND_U_SUB_ROM[4].ROM_dout_reg[3]/D -       -       R     DFFASRHQNx1_ASAP7_75t_L      1    -     -     0     245    (-,-) 
#------------------------------------------------------------------------------------------------------------------------------------------------------



Path 7: VIOLATED (-2 ps) Setup Check with Pin PIPELINES[2].ROUNDS[3].U_ROUND_U_SUB_ROM[3].ROM_dout_reg[0]/CLK->D
          Group: clk
     Startpoint: (R) PIPELINES[2].ROUNDS[2].U_ROUND_U_KEY_valid_out_reg/CLK
          Clock: (R) clk
       Endpoint: (R) PIPELINES[2].ROUNDS[3].U_ROUND_U_SUB_ROM[3].ROM_dout_reg[0]/D
          Clock: (R) clk

                     Capture       Launch     
        Clock Edge:+     260            0     
       Src Latency:+       0            0     
       Net Latency:+       0 (I)        0 (I) 
           Arrival:=     260            0     
                                              
             Setup:-      18                  
     Required Time:=     242                  
      Launch Clock:-       0                  
         Data Path:-     245                  
             Slack:=      -2                  

#------------------------------------------------------------------------------------------------------------------------------------------------------
#                         Timing Point                          Flags    Arc    Edge          Cell            Fanout Load Trans Delay Arrival Instance 
#                                                                                                                    (fF)  (ps)  (ps)   (ps)  Location 
#------------------------------------------------------------------------------------------------------------------------------------------------------
  PIPELINES[2].ROUNDS[2].U_ROUND_U_KEY_valid_out_reg/CLK        -       -       R     (arrival)                47792    -     0     0       0    (-,-) 
  PIPELINES[2].ROUNDS[2].U_ROUND_U_KEY_valid_out_reg/QN         -       CLK->QN F     DFFASRHQNx1_ASAP7_75t_L      1  1.6    24    43      43    (-,-) 
  g1301268/Y                                                    -       A->Y    F     BUFx6f_ASAP7_75t_L           3 11.5    16    23      66    (-,-) 
  fopt1293484/Y                                                 -       A->Y    R     INVx8_ASAP7_75t_L           10 16.5    20    14      80    (-,-) 
  fopt1293483/Y                                                 -       A->Y    F     INVx6_ASAP7_75t_L            6  6.5    12     9      88    (-,-) 
  fopt1282255/Y                                                 -       A->Y    R     INVx1_ASAP7_75t_L            1  1.5    15    10      99    (-,-) 
  g923294/Y                                                     -       A->Y    R     OR2x6_ASAP7_75t_L            7  8.3    16    22     121    (-,-) 
  g923293/Y                                                     -       A->Y    F     INVx5_ASAP7_75t_L            9  6.7    12     9     130    (-,-) 
  g923428/Y                                                     -       B->Y    F     AND2x2_ASAP7_75t_L           3  2.7    12    20     150    (-,-) 
  g1310505/Y                                                    -       B1->Y   R     AOI32xp33_ASAP7_75t_L        1  0.9    34    21     171    (-,-) 
  g1310504/Y                                                    -       B1->Y   F     OAI311xp33_ASAP7_75t_L       1  0.9    28    18     189    (-,-) 
  g923411/Y                                                     -       B->Y    R     AOI211xp5_ASAP7_75t_L        1  0.9    34    22     211    (-,-) 
  g921220/Y                                                     -       C->Y    R     AND5x1_ASAP7_75t_L           1  1.0    17    34     245    (-,-) 
  PIPELINES[2].ROUNDS[3].U_ROUND_U_SUB_ROM[3].ROM_dout_reg[0]/D -       -       R     DFFASRHQNx1_ASAP7_75t_L      1    -     -     0     245    (-,-) 
#------------------------------------------------------------------------------------------------------------------------------------------------------



Path 8: VIOLATED (-2 ps) Setup Check with Pin PIPELINES[2].ROUNDS[3].U_ROUND_U_SUB_ROM[12].ROM_dout_reg[0]/CLK->D
          Group: clk
     Startpoint: (R) PIPELINES[2].ROUNDS[2].U_ROUND_U_KEY_valid_out_reg/CLK
          Clock: (R) clk
       Endpoint: (R) PIPELINES[2].ROUNDS[3].U_ROUND_U_SUB_ROM[12].ROM_dout_reg[0]/D
          Clock: (R) clk

                     Capture       Launch     
        Clock Edge:+     260            0     
       Src Latency:+       0            0     
       Net Latency:+       0 (I)        0 (I) 
           Arrival:=     260            0     
                                              
             Setup:-      18                  
     Required Time:=     242                  
      Launch Clock:-       0                  
         Data Path:-     245                  
             Slack:=      -2                  

#-------------------------------------------------------------------------------------------------------------------------------------------------------
#                         Timing Point                           Flags    Arc    Edge          Cell            Fanout Load Trans Delay Arrival Instance 
#                                                                                                                     (fF)  (ps)  (ps)   (ps)  Location 
#-------------------------------------------------------------------------------------------------------------------------------------------------------
  PIPELINES[2].ROUNDS[2].U_ROUND_U_KEY_valid_out_reg/CLK         -       -       R     (arrival)                47792    -     0     0       0    (-,-) 
  PIPELINES[2].ROUNDS[2].U_ROUND_U_KEY_valid_out_reg/QN          -       CLK->QN F     DFFASRHQNx1_ASAP7_75t_L      1  1.6    24    43      43    (-,-) 
  g1301268/Y                                                     -       A->Y    F     BUFx6f_ASAP7_75t_L           3 11.5    16    23      66    (-,-) 
  fopt1293484/Y                                                  -       A->Y    R     INVx8_ASAP7_75t_L           10 16.5    20    14      80    (-,-) 
  fopt1282222/Y                                                  -       A->Y    F     INVx1_ASAP7_75t_L            1  1.4    14    10      90    (-,-) 
  g1248815/Y                                                     -       B->Y    F     AND2x4_ASAP7_75t_L          10 10.6    20    24     114    (-,-) 
  g1286169/Y                                                     -       B->Y    R     NAND2x2_ASAP7_75t_L          2  3.5    21    15     128    (-,-) 
  g1248826/Y                                                     -       A->Y    F     INVx3_ASAP7_75t_L            6  6.1    17    12     141    (-,-) 
  g1248863/Y                                                     -       B->Y    F     AND2x4_ASAP7_75t_L           3  3.4    10    19     160    (-,-) 
  g930411/Y                                                      -       A->Y    R     INVx2_ASAP7_75t_L            3  2.2    11     8     168    (-,-) 
  g930410/Y                                                      -       A2->Y   F     OAI21xp5_ASAP7_75t_L         2  1.7    32    14     182    (-,-) 
  g930409/Y                                                      -       A->Y    R     INVx1_ASAP7_75t_L            1  0.9    15    12     193    (-,-) 
  g1249043/Y                                                     -       B2->Y   F     OAI321xp33_ASAP7_75t_L       1  0.9    30    16     210    (-,-) 
  g1315166/Y                                                     -       B->Y    F     OR2x2_ASAP7_75t_L            1  1.7    11    24     234    (-,-) 
  g1315165/Y                                                     -       B->Y    R     NOR3x1_ASAP7_75t_L           1  1.0    16    11     245    (-,-) 
  PIPELINES[2].ROUNDS[3].U_ROUND_U_SUB_ROM[12].ROM_dout_reg[0]/D -       -       R     DFFASRHQNx1_ASAP7_75t_L      1    -     -     0     245    (-,-) 
#-------------------------------------------------------------------------------------------------------------------------------------------------------



Path 9: VIOLATED (-2 ps) Setup Check with Pin PIPELINES[2].ROUNDS[3].U_ROUND_U_SUB_ROM[12].ROM_dout_reg[5]/CLK->D
          Group: clk
     Startpoint: (R) PIPELINES[2].ROUNDS[2].U_ROUND_U_KEY_valid_out_reg/CLK
          Clock: (R) clk
       Endpoint: (R) PIPELINES[2].ROUNDS[3].U_ROUND_U_SUB_ROM[12].ROM_dout_reg[5]/D
          Clock: (R) clk

                     Capture       Launch     
        Clock Edge:+     260            0     
       Src Latency:+       0            0     
       Net Latency:+       0 (I)        0 (I) 
           Arrival:=     260            0     
                                              
             Setup:-      20                  
     Required Time:=     240                  
      Launch Clock:-       0                  
         Data Path:-     242                  
             Slack:=      -2                  

#-------------------------------------------------------------------------------------------------------------------------------------------------------
#                         Timing Point                           Flags    Arc    Edge          Cell            Fanout Load Trans Delay Arrival Instance 
#                                                                                                                     (fF)  (ps)  (ps)   (ps)  Location 
#-------------------------------------------------------------------------------------------------------------------------------------------------------
  PIPELINES[2].ROUNDS[2].U_ROUND_U_KEY_valid_out_reg/CLK         -       -       R     (arrival)                47792    -     0     0       0    (-,-) 
  PIPELINES[2].ROUNDS[2].U_ROUND_U_KEY_valid_out_reg/QN          -       CLK->QN F     DFFASRHQNx1_ASAP7_75t_L      1  1.6    24    43      43    (-,-) 
  g1301268/Y                                                     -       A->Y    F     BUFx6f_ASAP7_75t_L           3 11.5    16    23      66    (-,-) 
  fopt1293484/Y                                                  -       A->Y    R     INVx8_ASAP7_75t_L           10 16.5    20    14      80    (-,-) 
  fopt1282222/Y                                                  -       A->Y    F     INVx1_ASAP7_75t_L            1  1.4    14    10      90    (-,-) 
  g1248815/Y                                                     -       B->Y    F     AND2x4_ASAP7_75t_L          10 10.6    20    24     114    (-,-) 
  g1248827_0/Y                                                   -       B->Y    R     NAND2xp5_ASAP7_75t_L         1  1.4    22    16     129    (-,-) 
  g930199/Y                                                      -       B->Y    R     OR2x6_ASAP7_75t_L            5  4.3    11    22     151    (-,-) 
  g930299/Y                                                      -       A->Y    F     INVx2_ASAP7_75t_L            2  1.8     8     6     158    (-,-) 
  fopt1306458/Y                                                  -       A->Y    F     BUFx3_ASAP7_75t_L            2  2.1     8    15     173    (-,-) 
  g931256/Y                                                      -       A1->Y   R     AOI21xp5_ASAP7_75t_L         2  1.7    34    17     190    (-,-) 
  g1248968/Y                                                     -       A2->Y   R     OA21x2_ASAP7_75t_L           1  1.9    13    23     213    (-,-) 
  g1248967/Y                                                     -       A->Y    F     NAND4xp75_ASAP7_75t_L        1  1.9    29    13     226    (-,-) 
  g1248966/Y                                                     -       A->Y    R     NOR4xp75_ASAP7_75t_L         1  1.0    28    16     242    (-,-) 
  PIPELINES[2].ROUNDS[3].U_ROUND_U_SUB_ROM[12].ROM_dout_reg[5]/D -       -       R     DFFASRHQNx1_ASAP7_75t_L      1    -     -     0     242    (-,-) 
#-------------------------------------------------------------------------------------------------------------------------------------------------------



Path 10: VIOLATED (-2 ps) Setup Check with Pin PIPELINES[2].ROUNDS[3].U_ROUND_U_SUB_ROM[5].ROM_dout_reg[7]/CLK->D
          Group: clk
     Startpoint: (R) PIPELINES[2].ROUNDS[2].U_ROUND_U_KEY_valid_out_reg/CLK
          Clock: (R) clk
       Endpoint: (R) PIPELINES[2].ROUNDS[3].U_ROUND_U_SUB_ROM[5].ROM_dout_reg[7]/D
          Clock: (R) clk

                     Capture       Launch     
        Clock Edge:+     260            0     
       Src Latency:+       0            0     
       Net Latency:+       0 (I)        0 (I) 
           Arrival:=     260            0     
                                              
             Setup:-      17                  
     Required Time:=     243                  
      Launch Clock:-       0                  
         Data Path:-     245                  
             Slack:=      -2                  

#------------------------------------------------------------------------------------------------------------------------------------------------------
#                         Timing Point                          Flags    Arc    Edge          Cell            Fanout Load Trans Delay Arrival Instance 
#                                                                                                                    (fF)  (ps)  (ps)   (ps)  Location 
#------------------------------------------------------------------------------------------------------------------------------------------------------
  PIPELINES[2].ROUNDS[2].U_ROUND_U_KEY_valid_out_reg/CLK        -       -       R     (arrival)                47792    -     0     0       0    (-,-) 
  PIPELINES[2].ROUNDS[2].U_ROUND_U_KEY_valid_out_reg/QN         -       CLK->QN F     DFFASRHQNx1_ASAP7_75t_L      1  1.6    24    43      43    (-,-) 
  g1301268/Y                                                    -       A->Y    F     BUFx6f_ASAP7_75t_L           3 11.5    16    23      66    (-,-) 
  fopt1293486/Y                                                 -       A->Y    R     INVx5_ASAP7_75t_L            5  7.2    15    11      77    (-,-) 
  g1288579/Y                                                    -       A->Y    F     INVx3_ASAP7_75t_L            5  5.6    14    11      88    (-,-) 
  g1291978/Y                                                    -       B->Y    F     AND2x4_ASAP7_75t_L           8  7.5    15    21     109    (-,-) 
  g1248362/Y                                                    -       A->Y    R     INVx2_ASAP7_75t_L            1  1.5    10     8     117    (-,-) 
  g1248361/Y                                                    -       A->Y    R     OR2x6_ASAP7_75t_L           14 10.8    19    23     140    (-,-) 
  g1248475/Y                                                    -       A->Y    F     INVx2_ASAP7_75t_L            1  2.0    11     8     148    (-,-) 
  g1248474/Y                                                    -       B->Y    R     NAND2x1p5_ASAP7_75t_L        3  2.3    18    11     158    (-,-) 
  g933746/Y                                                     -       C1->Y   F     OAI322xp33_ASAP7_75t_L       1  1.3    38    20     179    (-,-) 
  g1248473/Y                                                    -       B->Y    R     AOI211x1_ASAP7_75t_L         1  1.0    25    16     195    (-,-) 
  g933731/Y                                                     -       C->Y    R     AND4x1_ASAP7_75t_L           1  1.0    15    26     221    (-,-) 
  g933730/Y                                                     -       A->Y    R     AND4x1_ASAP7_75t_L           1  1.0    15    24     245    (-,-) 
  PIPELINES[2].ROUNDS[3].U_ROUND_U_SUB_ROM[5].ROM_dout_reg[7]/D -       -       R     DFFASRHQNx1_ASAP7_75t_L      1    -     -     0     245    (-,-) 
#------------------------------------------------------------------------------------------------------------------------------------------------------



Path 11: VIOLATED (-2 ps) Setup Check with Pin PIPELINES[5].ROUNDS[3].U_ROUND_U_SUB_ROM[15].ROM_dout_reg[3]/CLK->D
          Group: clk
     Startpoint: (R) PIPELINES[5].ROUNDS[2].U_ROUND_U_KEY_valid_out_reg/CLK
          Clock: (R) clk
       Endpoint: (R) PIPELINES[5].ROUNDS[3].U_ROUND_U_SUB_ROM[15].ROM_dout_reg[3]/D
          Clock: (R) clk

                     Capture       Launch     
        Clock Edge:+     260            0     
       Src Latency:+       0            0     
       Net Latency:+       0 (I)        0 (I) 
           Arrival:=     260            0     
                                              
             Setup:-      17                  
     Required Time:=     243                  
      Launch Clock:-       0                  
         Data Path:-     245                  
             Slack:=      -2                  

#--------------------------------------------------------------------------------------------------------------------------------------------------------
#                         Timing Point                           Flags    Arc    Edge           Cell            Fanout Load Trans Delay Arrival Instance 
#                                                                                                                      (fF)  (ps)  (ps)   (ps)  Location 
#--------------------------------------------------------------------------------------------------------------------------------------------------------
  PIPELINES[5].ROUNDS[2].U_ROUND_U_KEY_valid_out_reg/CLK         -       -       R     (arrival)                 47792    -     0     0       0    (-,-) 
  PIPELINES[5].ROUNDS[2].U_ROUND_U_KEY_valid_out_reg/QN          -       CLK->QN F     DFFASRHQNx1_ASAP7_75t_L       1  1.6    24    43      43    (-,-) 
  g1253573/Y                                                     -       A->Y    F     BUFx6f_ASAP7_75t_L            4  9.3    14    22      65    (-,-) 
  g1253572/Y                                                     -       A->Y    R     INVx8_ASAP7_75t_L             9 13.5    17    12      76    (-,-) 
  g1258144/Y                                                     -       B->Y    R     OR2x2_ASAP7_75t_L             4  4.6    21    24     100    (-,-) 
  g963832/Y                                                      -       A->Y    R     OR2x6_ASAP7_75t_L            15 15.3    25    28     128    (-,-) 
  g963899/Y                                                      -       A->Y    F     CKINVDCx6p67_ASAP7_75t_L      4  5.1    11     8     137    (-,-) 
  g963896/Y                                                      -       B->Y    R     NAND2x2_ASAP7_75t_L           6  4.6    26    14     151    (-,-) 
  g965278/Y                                                      -       B->Y    R     AO21x1_ASAP7_75t_L            1  0.9    11    16     167    (-,-) 
  g36872/Y                                                       -       C->Y    F     OAI221xp5_ASAP7_75t_L         1  1.4    34    18     185    (-,-) 
  g36871/Y                                                       -       A->Y    R     NOR2x1_ASAP7_75t_L            1  1.4    22    14     199    (-,-) 
  g965257/Y                                                      -       B->Y    F     NAND2x1_ASAP7_75t_L           1  1.4    14    10     208    (-,-) 
  g965252/Y                                                      -       A->Y    R     NOR2x1_ASAP7_75t_L            1  1.4    16    12     220    (-,-) 
  g965251/Y                                                      -       A->Y    R     AND5x2_ASAP7_75t_L            1  1.0    13    25     245    (-,-) 
  PIPELINES[5].ROUNDS[3].U_ROUND_U_SUB_ROM[15].ROM_dout_reg[3]/D -       -       R     DFFASRHQNx1_ASAP7_75t_L       1    -     -     0     245    (-,-) 
#--------------------------------------------------------------------------------------------------------------------------------------------------------



Path 12: VIOLATED (-2 ps) Setup Check with Pin PIPELINES[5].ROUNDS[3].U_ROUND_U_SUB_ROM[10].ROM_dout_reg[5]/CLK->D
          Group: clk
     Startpoint: (R) PIPELINES[5].ROUNDS[2].U_ROUND_U_KEY_valid_out_reg/CLK
          Clock: (R) clk
       Endpoint: (R) PIPELINES[5].ROUNDS[3].U_ROUND_U_SUB_ROM[10].ROM_dout_reg[5]/D
          Clock: (R) clk

                     Capture       Launch     
        Clock Edge:+     260            0     
       Src Latency:+       0            0     
       Net Latency:+       0 (I)        0 (I) 
           Arrival:=     260            0     
                                              
             Setup:-      18                  
     Required Time:=     242                  
      Launch Clock:-       0                  
         Data Path:-     245                  
             Slack:=      -2                  

#-------------------------------------------------------------------------------------------------------------------------------------------------------
#                         Timing Point                           Flags    Arc    Edge          Cell            Fanout Load Trans Delay Arrival Instance 
#                                                                                                                     (fF)  (ps)  (ps)   (ps)  Location 
#-------------------------------------------------------------------------------------------------------------------------------------------------------
  PIPELINES[5].ROUNDS[2].U_ROUND_U_KEY_valid_out_reg/CLK         -       -       R     (arrival)                47792    -     0     0       0    (-,-) 
  PIPELINES[5].ROUNDS[2].U_ROUND_U_KEY_valid_out_reg/QN          -       CLK->QN F     DFFASRHQNx1_ASAP7_75t_L      1  1.6    24    43      43    (-,-) 
  g1253573/Y                                                     -       A->Y    F     BUFx6f_ASAP7_75t_L           4  9.3    14    22      65    (-,-) 
  g1253572/Y                                                     -       A->Y    R     INVx8_ASAP7_75t_L            9 13.5    17    12      76    (-,-) 
  fopt1150763/Y                                                  -       A->Y    F     INVx6_ASAP7_75t_L            8  8.9    13    10      86    (-,-) 
  g28410/Y                                                       -       B->Y    F     AND2x6_ASAP7_75t_L          14 14.4    20    26     112    (-,-) 
  g1257962/Y                                                     -       B->Y    F     AND2x4_ASAP7_75t_L           7  9.8    19    25     137    (-,-) 
  g28420/Y                                                       -       B->Y    R     NAND2x1_ASAP7_75t_L          7  5.4    48    27     164    (-,-) 
  g315183/Y                                                      -       A2->Y   F     OAI22xp5_ASAP7_75t_L         1  0.9    23    16     181    (-,-) 
  g302358/Y                                                      -       A->Y    R     NOR5xp2_ASAP7_75t_L          1  0.9    56    28     209    (-,-) 
  g301577/Y                                                      -       B->Y    R     AND5x1_ASAP7_75t_L           1  1.0    17    36     245    (-,-) 
  PIPELINES[5].ROUNDS[3].U_ROUND_U_SUB_ROM[10].ROM_dout_reg[5]/D -       -       R     DFFASRHQNx1_ASAP7_75t_L      1    -     -     0     245    (-,-) 
#-------------------------------------------------------------------------------------------------------------------------------------------------------



Path 13: VIOLATED (-2 ps) Setup Check with Pin PIPELINES[7].ROUNDS[4].U_ROUND_U_SUB_ROM[7].ROM_dout_reg[2]/CLK->D
          Group: clk
     Startpoint: (R) PIPELINES[7].ROUNDS[3].U_ROUND_U_KEY_valid_out_reg/CLK
          Clock: (R) clk
       Endpoint: (R) PIPELINES[7].ROUNDS[4].U_ROUND_U_SUB_ROM[7].ROM_dout_reg[2]/D
          Clock: (R) clk

                     Capture       Launch     
        Clock Edge:+     260            0     
       Src Latency:+       0            0     
       Net Latency:+       0 (I)        0 (I) 
           Arrival:=     260            0     
                                              
             Setup:-      18                  
     Required Time:=     242                  
      Launch Clock:-       0                  
         Data Path:-     245                  
             Slack:=      -2                  

#------------------------------------------------------------------------------------------------------------------------------------------------------
#                         Timing Point                          Flags    Arc    Edge          Cell            Fanout Load Trans Delay Arrival Instance 
#                                                                                                                    (fF)  (ps)  (ps)   (ps)  Location 
#------------------------------------------------------------------------------------------------------------------------------------------------------
  PIPELINES[7].ROUNDS[3].U_ROUND_U_KEY_valid_out_reg/CLK        -       -       R     (arrival)                47792    -     0     0       0    (-,-) 
  PIPELINES[7].ROUNDS[3].U_ROUND_U_KEY_valid_out_reg/QN         -       CLK->QN F     DFFASRHQNx1_ASAP7_75t_L      1  1.6    24    43      43    (-,-) 
  fopt1311770/Y                                                 -       A->Y    F     BUFx6f_ASAP7_75t_L           3  8.5    13    21      64    (-,-) 
  fopt1311769/Y                                                 -       A->Y    R     INVx8_ASAP7_75t_L            9 14.6    18    12      76    (-,-) 
  fopt1311768/Y                                                 -       A->Y    F     INVx3_ASAP7_75t_L            6  5.3    15    11      87    (-,-) 
  g25435/Y                                                      -       C->Y    F     AND3x2_ASAP7_75t_L           9  9.2    30    29     116    (-,-) 
  g25434/Y                                                      -       B->Y    R     NAND2xp5_ASAP7_75t_L         4  3.2    42    28     144    (-,-) 
  g694810/Y                                                     -       B->Y    R     OR2x2_ASAP7_75t_L            2  1.7    12    22     167    (-,-) 
  g1233242/Y                                                    -       C->Y    R     AND3x1_ASAP7_75t_L           1  0.9    12    20     186    (-,-) 
  g1233241/Y                                                    -       A->Y    F     NAND2xp5_ASAP7_75t_L         1  0.9    14     9     195    (-,-) 
  g695596/Y                                                     -       A->Y    R     NOR3xp33_ASAP7_75t_L         1  0.9    31    17     212    (-,-) 
  g695595/Y                                                     -       A->Y    R     AND5x1_ASAP7_75t_L           1  1.0    17    33     245    (-,-) 
  PIPELINES[7].ROUNDS[4].U_ROUND_U_SUB_ROM[7].ROM_dout_reg[2]/D -       -       R     DFFASRHQNx1_ASAP7_75t_L      1    -     -     0     245    (-,-) 
#------------------------------------------------------------------------------------------------------------------------------------------------------



Path 14: VIOLATED (-2 ps) Setup Check with Pin PIPELINES[4].ROUNDS[2].U_ROUND_U_SUB_ROM[2].ROM_dout_reg[5]/CLK->D
          Group: clk
     Startpoint: (R) PIPELINES[4].ROUNDS[1].U_ROUND_U_KEY_valid_out_reg/CLK
          Clock: (R) clk
       Endpoint: (R) PIPELINES[4].ROUNDS[2].U_ROUND_U_SUB_ROM[2].ROM_dout_reg[5]/D
          Clock: (R) clk

                     Capture       Launch     
        Clock Edge:+     260            0     
       Src Latency:+       0            0     
       Net Latency:+       0 (I)        0 (I) 
           Arrival:=     260            0     
                                              
             Setup:-      18                  
     Required Time:=     242                  
      Launch Clock:-       0                  
         Data Path:-     245                  
             Slack:=      -2                  

#------------------------------------------------------------------------------------------------------------------------------------------------------
#                         Timing Point                          Flags    Arc    Edge          Cell            Fanout Load Trans Delay Arrival Instance 
#                                                                                                                    (fF)  (ps)  (ps)   (ps)  Location 
#------------------------------------------------------------------------------------------------------------------------------------------------------
  PIPELINES[4].ROUNDS[1].U_ROUND_U_KEY_valid_out_reg/CLK        -       -       R     (arrival)                47792    -     0     0       0    (-,-) 
  PIPELINES[4].ROUNDS[1].U_ROUND_U_KEY_valid_out_reg/QN         -       CLK->QN F     DFFASRHQNx1_ASAP7_75t_L      1  1.6    24    43      43    (-,-) 
  g1314634/Y                                                    -       A->Y    R     INVx2_ASAP7_75t_L            3  4.3    21    16      58    (-,-) 
  g1314608/Y                                                    -       A->Y    R     BUFx6f_ASAP7_75t_L           5  8.0    14    19      78    (-,-) 
  fopt1281828/Y                                                 -       A->Y    F     INVx3_ASAP7_75t_L            4  4.9    13    10      87    (-,-) 
  g33708/Y                                                      -       B->Y    F     AND2x4_ASAP7_75t_L           6  8.0    16    21     109    (-,-) 
  g33707/Y                                                      -       A->Y    F     BUFx6f_ASAP7_75t_L          10  8.4    13    19     128    (-,-) 
  g33719/Y                                                      -       B->Y    F     AND2x2_ASAP7_75t_L           2  1.8    10    18     146    (-,-) 
  g555004/Y                                                     -       A->Y    R     INVx1_ASAP7_75t_L            2  1.7    16    10     157    (-,-) 
  g497469/Y                                                     -       A2->Y   F     OAI22xp5_ASAP7_75t_L         1  1.8    27    16     173    (-,-) 
  g1304857/Y                                                    -       A->Y    R     NOR3x1_ASAP7_75t_L           1  0.9    20    12     185    (-,-) 
  g305835/Y                                                     -       C->Y    F     NAND3xp33_ASAP7_75t_L        1  0.9    23    13     198    (-,-) 
  g305443/Y                                                     -       A->Y    R     NOR3xp33_ASAP7_75t_L         1  1.4    40    24     222    (-,-) 
  g1312416/Y                                                    -       A->Y    F     NAND2x1_ASAP7_75t_L          1  1.8    19    12     234    (-,-) 
  g1308704/Y                                                    -       A->Y    R     NOR3x1_ASAP7_75t_L           1  1.0    17    11     245    (-,-) 
  PIPELINES[4].ROUNDS[2].U_ROUND_U_SUB_ROM[2].ROM_dout_reg[5]/D -       -       R     DFFASRHQNx1_ASAP7_75t_L      1    -     -     0     245    (-,-) 
#------------------------------------------------------------------------------------------------------------------------------------------------------



Path 15: VIOLATED (-2 ps) Setup Check with Pin PIPELINES[4].ROUNDS[1].U_ROUND_U_SUB_ROM[15].ROM_dout_reg[6]/CLK->D
          Group: clk
     Startpoint: (R) PIPELINES[4].ROUNDS[0].U_ROUND_U_KEY_data_out_reg[122]/CLK
          Clock: (R) clk
       Endpoint: (R) PIPELINES[4].ROUNDS[1].U_ROUND_U_SUB_ROM[15].ROM_dout_reg[6]/D
          Clock: (R) clk

                     Capture       Launch     
        Clock Edge:+     260            0     
       Src Latency:+       0            0     
       Net Latency:+       0 (I)        0 (I) 
           Arrival:=     260            0     
                                              
             Setup:-      18                  
     Required Time:=     242                  
      Launch Clock:-       0                  
         Data Path:-     244                  
             Slack:=      -2                  

#-------------------------------------------------------------------------------------------------------------------------------------------------------
#                         Timing Point                           Flags    Arc    Edge          Cell            Fanout Load Trans Delay Arrival Instance 
#                                                                                                                     (fF)  (ps)  (ps)   (ps)  Location 
#-------------------------------------------------------------------------------------------------------------------------------------------------------
  PIPELINES[4].ROUNDS[0].U_ROUND_U_KEY_data_out_reg[122]/CLK     -       -       R     (arrival)                47792    -     0     0       0    (-,-) 
  PIPELINES[4].ROUNDS[0].U_ROUND_U_KEY_data_out_reg[122]/QN      -       CLK->QN R     DFFASRHQNx1_ASAP7_75t_L      3  3.6    38    53      53    (-,-) 
  fopt1123412/Y                                                  -       A->Y    F     INVx3_ASAP7_75t_L            4  5.4    20    14      67    (-,-) 
  fopt1123409/Y                                                  -       A->Y    F     BUFx3_ASAP7_75t_L            3  6.3    16    23      90    (-,-) 
  fopt1123408/Y                                                  -       A->Y    R     INVx5_ASAP7_75t_L            7  6.0    14    10     100    (-,-) 
  g456414/Y                                                      -       A->Y    R     OR2x2_ASAP7_75t_L            6  4.4    20    23     123    (-,-) 
  g476138/Y                                                      -       A->Y    F     NOR2xp33_ASAP7_75t_L         2  1.7    36    24     147    (-,-) 
  g476130/Y                                                      -       B2->Y   R     AOI222xp33_ASAP7_75t_L       1  0.9    39    26     173    (-,-) 
  g476129/Y                                                      -       C->Y    F     OAI221xp5_ASAP7_75t_L        1  0.8    27    17     190    (-,-) 
  g476113/Y                                                      -       B->Y    R     NOR2xp33_ASAP7_75t_L         1  0.9    28    19     209    (-,-) 
  g13926/Y                                                       -       B->Y    F     OAI211xp5_ASAP7_75t_L        1  1.8    38    22     231    (-,-) 
  g13925/Y                                                       -       A->Y    R     NOR3x1_ASAP7_75t_L           1  1.0    22    13     244    (-,-) 
  PIPELINES[4].ROUNDS[1].U_ROUND_U_SUB_ROM[15].ROM_dout_reg[6]/D -       -       R     DFFASRHQNx1_ASAP7_75t_L      1    -     -     0     244    (-,-) 
#-------------------------------------------------------------------------------------------------------------------------------------------------------



Path 16: VIOLATED (-2 ps) Setup Check with Pin PIPELINES[4].ROUNDS[1].U_ROUND_U_SUB_ROM[9].ROM_dout_reg[0]/CLK->D
          Group: clk
     Startpoint: (R) PIPELINES[4].ROUNDS[0].U_ROUND_U_KEY_valid_out_reg/CLK
          Clock: (R) clk
       Endpoint: (R) PIPELINES[4].ROUNDS[1].U_ROUND_U_SUB_ROM[9].ROM_dout_reg[0]/D
          Clock: (R) clk

                     Capture       Launch     
        Clock Edge:+     260            0     
       Src Latency:+       0            0     
       Net Latency:+       0 (I)        0 (I) 
           Arrival:=     260            0     
                                              
             Setup:-      17                  
     Required Time:=     243                  
      Launch Clock:-       0                  
         Data Path:-     245                  
             Slack:=      -2                  

#------------------------------------------------------------------------------------------------------------------------------------------------------
#                         Timing Point                          Flags    Arc    Edge          Cell            Fanout Load Trans Delay Arrival Instance 
#                                                                                                                    (fF)  (ps)  (ps)   (ps)  Location 
#------------------------------------------------------------------------------------------------------------------------------------------------------
  PIPELINES[4].ROUNDS[0].U_ROUND_U_KEY_valid_out_reg/CLK        -       -       R     (arrival)                47792    -     0     0       0    (-,-) 
  PIPELINES[4].ROUNDS[0].U_ROUND_U_KEY_valid_out_reg/QN         -       CLK->QN F     DFFASRHQNx1_ASAP7_75t_L      3  3.8    37    53      53    (-,-) 
  g1315147/Y                                                    -       A->Y    F     BUFx6f_ASAP7_75t_L          11 18.1    23    29      82    (-,-) 
  fopt6983/Y                                                    -       A->Y    R     INVx4_ASAP7_75t_L            3  4.6    15    11      94    (-,-) 
  fopt7569/Y                                                    -       A->Y    F     INVx4_ASAP7_75t_L            3  4.0    10     8     101    (-,-) 
  fopt43668/Y                                                   -       A->Y    R     INVx3_ASAP7_75t_L            3  4.8    15    10     111    (-,-) 
  fopt43671/Y                                                   -       A->Y    R     BUFx12f_ASAP7_75t_L         12 11.8    13    17     128    (-,-) 
  fopt43679/Y                                                   -       A->Y    F     INVx2_ASAP7_75t_L            1  1.9     9     7     135    (-,-) 
  g454714/Y                                                     -       A->Y    R     NAND2x1p5_ASAP7_75t_L        2  1.7    15    10     145    (-,-) 
  g454712/Y                                                     -       B1->Y   F     OAI322xp33_ASAP7_75t_L       1  1.0    33    18     164    (-,-) 
  g454707/Y                                                     -       B->Y    R     AOI21xp5_ASAP7_75t_L         1  0.9    25    18     182    (-,-) 
  g454706/Y                                                     -       A->Y    F     NAND2xp5_ASAP7_75t_L         1  0.9    20    10     192    (-,-) 
  g454695/Y                                                     -       C->Y    R     AOI321xp33_ASAP7_75t_L       1  1.0    39    25     217    (-,-) 
  g454682/Y                                                     -       B->Y    R     AND4x1_ASAP7_75t_L           1  1.0    15    28     245    (-,-) 
  PIPELINES[4].ROUNDS[1].U_ROUND_U_SUB_ROM[9].ROM_dout_reg[0]/D -       -       R     DFFASRHQNx1_ASAP7_75t_L      1    -     -     0     245    (-,-) 
#------------------------------------------------------------------------------------------------------------------------------------------------------



Path 17: VIOLATED (-2 ps) Setup Check with Pin PIPELINES[4].ROUNDS[0].U_ROUND_U_SUB_ROM[8].ROM_dout_reg[7]/CLK->D
          Group: clk
     Startpoint: (R) PIPELINES[4].U0_ARK_valid_out_reg/CLK
          Clock: (R) clk
       Endpoint: (R) PIPELINES[4].ROUNDS[0].U_ROUND_U_SUB_ROM[8].ROM_dout_reg[7]/D
          Clock: (R) clk

                     Capture       Launch     
        Clock Edge:+     260            0     
       Src Latency:+       0            0     
       Net Latency:+       0 (I)        0 (I) 
           Arrival:=     260            0     
                                              
             Setup:-      17                  
     Required Time:=     243                  
      Launch Clock:-       0                  
         Data Path:-     245                  
             Slack:=      -2                  

#------------------------------------------------------------------------------------------------------------------------------------------------------
#                         Timing Point                          Flags    Arc    Edge          Cell            Fanout Load Trans Delay Arrival Instance 
#                                                                                                                    (fF)  (ps)  (ps)   (ps)  Location 
#------------------------------------------------------------------------------------------------------------------------------------------------------
  PIPELINES[4].U0_ARK_valid_out_reg/CLK                         -       -       R     (arrival)                47792    -     0     0       0    (-,-) 
  PIPELINES[4].U0_ARK_valid_out_reg/QN                          -       CLK->QN F     DFFASRHQNx1_ASAP7_75t_L      1  1.6    24    43      43    (-,-) 
  g1303956/Y                                                    -       A->Y    F     BUFx6f_ASAP7_75t_L           5  8.3    13    21      64    (-,-) 
  fopt41945/Y                                                   -       A->Y    F     BUFx6f_ASAP7_75t_L           8  9.8    14    19      83    (-,-) 
  g1224560/Y                                                    -       B->Y    F     AND2x6_ASAP7_75t_L          11 10.4    16    24     108    (-,-) 
  g1224576/Y                                                    -       B->Y    F     AND2x4_ASAP7_75t_L           8  8.6    17    23     130    (-,-) 
  g1064912/Y                                                    -       A->Y    R     INVx4_ASAP7_75t_L            9  6.5    16    12     142    (-,-) 
  g1064911/Y                                                    -       A->Y    R     OR3x1_ASAP7_75t_L            2  1.5    15    16     158    (-,-) 
  g1064874/Y                                                    -       C->Y    F     OAI321xp33_ASAP7_75t_L       1  1.0    32    18     176    (-,-) 
  g1064872/Y                                                    -       A->Y    R     INVx1_ASAP7_75t_L            1  1.0    16    12     188    (-,-) 
  g1064801/Y                                                    -       B->Y    F     OAI21xp5_ASAP7_75t_L         1  0.9    19    11     199    (-,-) 
  g1064797/Y                                                    -       A->Y    R     NOR3xp33_ASAP7_75t_L         1  1.0    35    19     218    (-,-) 
  g1305087/Y                                                    -       C->Y    R     AND4x1_ASAP7_75t_L           1  1.0    15    27     245    (-,-) 
  PIPELINES[4].ROUNDS[0].U_ROUND_U_SUB_ROM[8].ROM_dout_reg[7]/D -       -       R     DFFASRHQNx1_ASAP7_75t_L      1    -     -     0     245    (-,-) 
#------------------------------------------------------------------------------------------------------------------------------------------------------



Path 18: VIOLATED (-2 ps) Setup Check with Pin PIPELINES[4].ROUNDS[0].U_ROUND_U_SUB_ROM[10].ROM_dout_reg[2]/CLK->D
          Group: clk
     Startpoint: (R) PIPELINES[4].U0_ARK_valid_out_reg/CLK
          Clock: (R) clk
       Endpoint: (R) PIPELINES[4].ROUNDS[0].U_ROUND_U_SUB_ROM[10].ROM_dout_reg[2]/D
          Clock: (R) clk

                     Capture       Launch     
        Clock Edge:+     260            0     
       Src Latency:+       0            0     
       Net Latency:+       0 (I)        0 (I) 
           Arrival:=     260            0     
                                              
             Setup:-      21                  
     Required Time:=     239                  
      Launch Clock:-       0                  
         Data Path:-     242                  
             Slack:=      -2                  

#-------------------------------------------------------------------------------------------------------------------------------------------------------
#                         Timing Point                           Flags    Arc    Edge          Cell            Fanout Load Trans Delay Arrival Instance 
#                                                                                                                     (fF)  (ps)  (ps)   (ps)  Location 
#-------------------------------------------------------------------------------------------------------------------------------------------------------
  PIPELINES[4].U0_ARK_valid_out_reg/CLK                          -       -       R     (arrival)                47792    -     0     0       0    (-,-) 
  PIPELINES[4].U0_ARK_valid_out_reg/QN                           -       CLK->QN F     DFFASRHQNx1_ASAP7_75t_L      1  1.6    24    43      43    (-,-) 
  g1303956/Y                                                     -       A->Y    F     BUFx6f_ASAP7_75t_L           5  8.3    13    21      64    (-,-) 
  fopt31289/Y                                                    -       A->Y    F     BUFx6f_ASAP7_75t_L           8 10.7    15    20      84    (-,-) 
  g1289802/Y                                                     -       A->Y    F     BUFx3_ASAP7_75t_L            1  3.0    10    18     102    (-,-) 
  g1289801/Y                                                     -       B->Y    R     NAND3x2_ASAP7_75t_L          8  6.1    44    20     122    (-,-) 
  g1289800/Y                                                     -       A->Y    F     INVx2_ASAP7_75t_L            5  5.9    27    19     142    (-,-) 
  g1074494/Y                                                     -       A1->Y   R     AOI32xp33_ASAP7_75t_L        1  0.9    35    22     164    (-,-) 
  g1074493/Y                                                     -       A->Y    R     AND2x2_ASAP7_75t_L           1  0.8     8    18     181    (-,-) 
  g1299086/Y                                                     -       B->Y    R     OA211x2_ASAP7_75t_L          1  0.9    11    21     202    (-,-) 
  g1299085/Y                                                     -       C->Y    F     NAND5xp2_ASAP7_75t_L         1  0.8    37    20     222    (-,-) 
  g1299084/Y                                                     -       A->Y    R     NOR2xp33_ASAP7_75t_L         1  1.0    30    20     242    (-,-) 
  PIPELINES[4].ROUNDS[0].U_ROUND_U_SUB_ROM[10].ROM_dout_reg[2]/D -       -       R     DFFASRHQNx1_ASAP7_75t_L      1    -     -     0     242    (-,-) 
#-------------------------------------------------------------------------------------------------------------------------------------------------------



Path 19: VIOLATED (-2 ps) Setup Check with Pin PIPELINES[4].ROUNDS[0].U_ROUND_U_SUB_ROM[5].ROM_dout_reg[1]/CLK->D
          Group: clk
     Startpoint: (R) PIPELINES[4].U0_ARK_valid_out_reg/CLK
          Clock: (R) clk
       Endpoint: (R) PIPELINES[4].ROUNDS[0].U_ROUND_U_SUB_ROM[5].ROM_dout_reg[1]/D
          Clock: (R) clk

                     Capture       Launch     
        Clock Edge:+     260            0     
       Src Latency:+       0            0     
       Net Latency:+       0 (I)        0 (I) 
           Arrival:=     260            0     
                                              
             Setup:-      17                  
     Required Time:=     243                  
      Launch Clock:-       0                  
         Data Path:-     245                  
             Slack:=      -2                  

#------------------------------------------------------------------------------------------------------------------------------------------------------
#                         Timing Point                          Flags    Arc    Edge          Cell            Fanout Load Trans Delay Arrival Instance 
#                                                                                                                    (fF)  (ps)  (ps)   (ps)  Location 
#------------------------------------------------------------------------------------------------------------------------------------------------------
  PIPELINES[4].U0_ARK_valid_out_reg/CLK                         -       -       R     (arrival)                47792    -     0     0       0    (-,-) 
  PIPELINES[4].U0_ARK_valid_out_reg/QN                          -       CLK->QN F     DFFASRHQNx1_ASAP7_75t_L      1  1.6    24    43      43    (-,-) 
  g1303956/Y                                                    -       A->Y    F     BUFx6f_ASAP7_75t_L           5  8.3    13    21      64    (-,-) 
  fopt44325/Y                                                   -       A->Y    R     INVx4_ASAP7_75t_L            8  9.6    21    14      78    (-,-) 
  g1073139/Y                                                    -       B->Y    R     OR2x4_ASAP7_75t_L           12  9.5    24    31     109    (-,-) 
  g1303084/Y                                                    -       A->Y    R     OR2x6_ASAP7_75t_L            4  6.8    14    24     132    (-,-) 
  g1073213/Y                                                    -       B->Y    R     OR2x4_ASAP7_75t_L            8  6.8    19    27     159    (-,-) 
  g1074280/Y                                                    -       A->Y    F     INVx2_ASAP7_75t_L            4  3.0    14    10     169    (-,-) 
  g1074279/Y                                                    -       B->Y    R     NAND2xp5_ASAP7_75t_L         2  1.7    24    15     185    (-,-) 
  g1074277/Y                                                    -       A2->Y   F     OAI211xp5_ASAP7_75t_L        1  1.3    32    19     204    (-,-) 
  g1074258/Y                                                    -       B->Y    R     AOI211x1_ASAP7_75t_L         1  1.0    26    16     219    (-,-) 
  g1074257/Y                                                    -       A->Y    R     AND4x1_ASAP7_75t_L           1  1.0    15    26     245    (-,-) 
  PIPELINES[4].ROUNDS[0].U_ROUND_U_SUB_ROM[5].ROM_dout_reg[1]/D -       -       R     DFFASRHQNx1_ASAP7_75t_L      1    -     -     0     245    (-,-) 
#------------------------------------------------------------------------------------------------------------------------------------------------------



Path 20: VIOLATED (-2 ps) Setup Check with Pin PIPELINES[4].ROUNDS[0].U_ROUND_U_SUB_ROM[0].ROM_dout_reg[1]/CLK->D
          Group: clk
     Startpoint: (R) PIPELINES[4].U0_ARK_data_out_reg[2]/CLK
          Clock: (R) clk
       Endpoint: (R) PIPELINES[4].ROUNDS[0].U_ROUND_U_SUB_ROM[0].ROM_dout_reg[1]/D
          Clock: (R) clk

                     Capture       Launch     
        Clock Edge:+     260            0     
       Src Latency:+       0            0     
       Net Latency:+       0 (I)        0 (I) 
           Arrival:=     260            0     
                                              
             Setup:-      18                  
     Required Time:=     242                  
      Launch Clock:-       0                  
         Data Path:-     245                  
             Slack:=      -2                  

#------------------------------------------------------------------------------------------------------------------------------------------------------
#                         Timing Point                          Flags    Arc    Edge          Cell            Fanout Load Trans Delay Arrival Instance 
#                                                                                                                    (fF)  (ps)  (ps)   (ps)  Location 
#------------------------------------------------------------------------------------------------------------------------------------------------------
  PIPELINES[4].U0_ARK_data_out_reg[2]/CLK                       -       -       R     (arrival)                47792    -     0     0       0    (-,-) 
  PIPELINES[4].U0_ARK_data_out_reg[2]/QN                        -       CLK->QN F     DFFASRHQNx1_ASAP7_75t_L      1  1.1    20    40      40    (-,-) 
  g1224208/Y                                                    -       A->Y    F     BUFx3_ASAP7_75t_L            4  4.6    13    22      62    (-,-) 
  g1074005/Y                                                    -       A->Y    F     AND2x2_ASAP7_75t_L           9  9.5    32    31      93    (-,-) 
  g1074022/Y                                                    -       A->Y    R     INVx5_ASAP7_75t_L            9  6.5    18    14     106    (-,-) 
  g1074084/Y                                                    -       B->Y    R     OR2x2_ASAP7_75t_L            3  3.0    15    21     127    (-,-) 
  g1074083/Y                                                    -       B->Y    F     NOR2x1_ASAP7_75t_L           2  1.7    19    12     139    (-,-) 
  g1074618/Y                                                    -       B->Y    R     AOI21xp5_ASAP7_75t_L         1  1.0    23    16     155    (-,-) 
  g1074617/Y                                                    -       A2->Y   R     OA222x2_ASAP7_75t_L          1  1.7    15    31     186    (-,-) 
  g1224416/Y                                                    -       B->Y    F     NAND3x1_ASAP7_75t_L          1  0.9    11     8     194    (-,-) 
  g1074605/Y                                                    -       C->Y    R     NOR3xp33_ASAP7_75t_L         1  0.9    30    18     212    (-,-) 
  g1074588/Y                                                    -       B->Y    R     AND5x1_ASAP7_75t_L           1  1.0    17    33     245    (-,-) 
  PIPELINES[4].ROUNDS[0].U_ROUND_U_SUB_ROM[0].ROM_dout_reg[1]/D -       -       R     DFFASRHQNx1_ASAP7_75t_L      1    -     -     0     245    (-,-) 
#------------------------------------------------------------------------------------------------------------------------------------------------------



Path 21: VIOLATED (-2 ps) Setup Check with Pin PIPELINES[7].ROUNDS[3].U_ROUND_U_SUB_ROM[0].ROM_dout_reg[7]/CLK->D
          Group: clk
     Startpoint: (R) PIPELINES[7].ROUNDS[2].U_ROUND_U_KEY_valid_out_reg/CLK
          Clock: (R) clk
       Endpoint: (R) PIPELINES[7].ROUNDS[3].U_ROUND_U_SUB_ROM[0].ROM_dout_reg[7]/D
          Clock: (R) clk

                     Capture       Launch     
        Clock Edge:+     260            0     
       Src Latency:+       0            0     
       Net Latency:+       0 (I)        0 (I) 
           Arrival:=     260            0     
                                              
             Setup:-      18                  
     Required Time:=     242                  
      Launch Clock:-       0                  
         Data Path:-     244                  
             Slack:=      -2                  

#------------------------------------------------------------------------------------------------------------------------------------------------------
#                         Timing Point                          Flags    Arc    Edge          Cell            Fanout Load Trans Delay Arrival Instance 
#                                                                                                                    (fF)  (ps)  (ps)   (ps)  Location 
#------------------------------------------------------------------------------------------------------------------------------------------------------
  PIPELINES[7].ROUNDS[2].U_ROUND_U_KEY_valid_out_reg/CLK        -       -       R     (arrival)                47792    -     0     0       0    (-,-) 
  PIPELINES[7].ROUNDS[2].U_ROUND_U_KEY_valid_out_reg/QN         -       CLK->QN F     DFFASRHQNx1_ASAP7_75t_L      1  1.6    24    43      43    (-,-) 
  g1313514/Y                                                    -       A->Y    F     BUFx6f_ASAP7_75t_L           4  6.9    12    20      63    (-,-) 
  g1313513/Y                                                    -       A->Y    F     BUFx6f_ASAP7_75t_L           9 11.9    16    20      83    (-,-) 
  g1313516/Y                                                    -       B->Y    R     NAND2xp5_ASAP7_75t_L         2  1.8    30    17     100    (-,-) 
  g1313515/Y                                                    -       A->Y    R     BUFx3_ASAP7_75t_L            6  4.9    17    22     122    (-,-) 
  g33596/Y                                                      -       A->Y    F     NOR2x1_ASAP7_75t_L           2  1.7    17    13     136    (-,-) 
  g294676/Y                                                     -       A->Y    R     INVx1_ASAP7_75t_L            3  2.2    21    14     150    (-,-) 
  g1223395/Y                                                    -       B1->Y   F     OAI32xp33_ASAP7_75t_L        1  1.0    29    19     169    (-,-) 
  g685286/Y                                                     -       B->Y    R     AOI21xp5_ASAP7_75t_L         1  0.9    24    18     187    (-,-) 
  g685282/Y                                                     -       C->Y    F     OAI221xp5_ASAP7_75t_L        1  1.0    28    17     204    (-,-) 
  g1305603/Y                                                    -       A->Y    F     OR3x1_ASAP7_75t_L            1  1.7    16    29     232    (-,-) 
  g1305602/Y                                                    -       B->Y    R     NOR3x1_ASAP7_75t_L           1  1.0    21    12     244    (-,-) 
  PIPELINES[7].ROUNDS[3].U_ROUND_U_SUB_ROM[0].ROM_dout_reg[7]/D -       -       R     DFFASRHQNx1_ASAP7_75t_L      1    -     -     0     244    (-,-) 
#------------------------------------------------------------------------------------------------------------------------------------------------------



Path 22: VIOLATED (-2 ps) Setup Check with Pin PIPELINES[7].ROUNDS[3].U_ROUND_U_SUB_ROM[0].ROM_dout_reg[0]/CLK->D
          Group: clk
     Startpoint: (R) PIPELINES[7].ROUNDS[2].U_ROUND_U_KEY_data_out_reg[6]/CLK
          Clock: (R) clk
       Endpoint: (R) PIPELINES[7].ROUNDS[3].U_ROUND_U_SUB_ROM[0].ROM_dout_reg[0]/D
          Clock: (R) clk

                     Capture       Launch     
        Clock Edge:+     260            0     
       Src Latency:+       0            0     
       Net Latency:+       0 (I)        0 (I) 
           Arrival:=     260            0     
                                              
             Setup:-      17                  
     Required Time:=     243                  
      Launch Clock:-       0                  
         Data Path:-     245                  
             Slack:=      -2                  

#------------------------------------------------------------------------------------------------------------------------------------------------------
#                         Timing Point                          Flags    Arc    Edge          Cell            Fanout Load Trans Delay Arrival Instance 
#                                                                                                                    (fF)  (ps)  (ps)   (ps)  Location 
#------------------------------------------------------------------------------------------------------------------------------------------------------
  PIPELINES[7].ROUNDS[2].U_ROUND_U_KEY_data_out_reg[6]/CLK      -       -       R     (arrival)                47792    -     0     0       0    (-,-) 
  PIPELINES[7].ROUNDS[2].U_ROUND_U_KEY_data_out_reg[6]/QN       -       CLK->QN R     DFFASRHQNx1_ASAP7_75t_L      1  1.6    23    44      44    (-,-) 
  fopt1140375/Y                                                 -       A->Y    R     BUFx6f_ASAP7_75t_L           6 10.6    17    21      65    (-,-) 
  g1301229/Y                                                    -       B->Y    F     NOR2x1p5_ASAP7_75t_L         8  6.0    26    18      83    (-,-) 
  g1301228/Y                                                    -       A->Y    R     INVx2_ASAP7_75t_L            1  1.6    13    10      92    (-,-) 
  g1302089/Y                                                    -       A->Y    R     BUFx6f_ASAP7_75t_L          14 10.4    17    19     111    (-,-) 
  g684069/Y                                                     -       A->Y    R     OR2x2_ASAP7_75t_L            6  4.6    21    24     136    (-,-) 
  g300111/Y                                                     -       A->Y    F     INVx1_ASAP7_75t_L            3  2.7    20    15     151    (-,-) 
  g684068/Y                                                     -       A->Y    R     NAND2xp5_ASAP7_75t_L         2  1.7    26    18     169    (-,-) 
  g685528/Y                                                     -       A->Y    F     INVx1_ASAP7_75t_L            1  0.9    12     9     177    (-,-) 
  g685527/Y                                                     -       A->Y    F     OR5x1_ASAP7_75t_L            1  1.1    16    30     208    (-,-) 
  g685521/Y                                                     -       B->Y    R     NOR2xp67_ASAP7_75t_L         1  1.0    17    12     220    (-,-) 
  g1296488/Y                                                    -       C->Y    R     AND4x1_ASAP7_75t_L           1  1.0    15    25     245    (-,-) 
  PIPELINES[7].ROUNDS[3].U_ROUND_U_SUB_ROM[0].ROM_dout_reg[0]/D -       -       R     DFFASRHQNx1_ASAP7_75t_L      1    -     -     0     245    (-,-) 
#------------------------------------------------------------------------------------------------------------------------------------------------------



Path 23: VIOLATED (-2 ps) Setup Check with Pin PIPELINES[7].ROUNDS[3].U_ROUND_U_SUB_ROM[9].ROM_dout_reg[6]/CLK->D
          Group: clk
     Startpoint: (R) PIPELINES[7].ROUNDS[2].U_ROUND_U_KEY_valid_out_reg/CLK
          Clock: (R) clk
       Endpoint: (R) PIPELINES[7].ROUNDS[3].U_ROUND_U_SUB_ROM[9].ROM_dout_reg[6]/D
          Clock: (R) clk

                     Capture       Launch     
        Clock Edge:+     260            0     
       Src Latency:+       0            0     
       Net Latency:+       0 (I)        0 (I) 
           Arrival:=     260            0     
                                              
             Setup:-      18                  
     Required Time:=     242                  
      Launch Clock:-       0                  
         Data Path:-     245                  
             Slack:=      -2                  

#------------------------------------------------------------------------------------------------------------------------------------------------------
#                         Timing Point                          Flags    Arc    Edge          Cell            Fanout Load Trans Delay Arrival Instance 
#                                                                                                                    (fF)  (ps)  (ps)   (ps)  Location 
#------------------------------------------------------------------------------------------------------------------------------------------------------
  PIPELINES[7].ROUNDS[2].U_ROUND_U_KEY_valid_out_reg/CLK        -       -       R     (arrival)                47792    -     0     0       0    (-,-) 
  PIPELINES[7].ROUNDS[2].U_ROUND_U_KEY_valid_out_reg/QN         -       CLK->QN F     DFFASRHQNx1_ASAP7_75t_L      1  1.6    24    43      43    (-,-) 
  g1313514/Y                                                    -       A->Y    F     BUFx6f_ASAP7_75t_L           4  6.9    12    20      63    (-,-) 
  g1313518/Y                                                    -       A->Y    F     BUFx6f_ASAP7_75t_L          10 13.1    17    20      84    (-,-) 
  g688178/Y                                                     -       B->Y    R     NAND2x1p5_ASAP7_75t_L        3  3.0    26    14      98    (-,-) 
  fopt36388/Y                                                   -       A->Y    R     BUFx3_ASAP7_75t_L            4  4.1    14    21     119    (-,-) 
  g688261/Y                                                     -       B->Y    R     OR2x6_ASAP7_75t_L            5  4.1    11    20     139    (-,-) 
  g299840/Y                                                     -       A->Y    F     INVx1_ASAP7_75t_L            2  2.0    14    10     149    (-,-) 
  g690038/Y                                                     -       B1->Y   R     AOI322xp5_ASAP7_75t_L        1  0.9    40    25     174    (-,-) 
  g1223169/Y                                                    -       C->Y    F     OAI221xp5_ASAP7_75t_L        1  1.4    35    22     196    (-,-) 
  g690035/Y                                                     -       C->Y    R     AOI211x1_ASAP7_75t_L         1  0.9    24    16     212    (-,-) 
  g690017/Y                                                     -       C->Y    R     AND5x1_ASAP7_75t_L           1  1.0    17    33     245    (-,-) 
  PIPELINES[7].ROUNDS[3].U_ROUND_U_SUB_ROM[9].ROM_dout_reg[6]/D -       -       R     DFFASRHQNx1_ASAP7_75t_L      1    -     -     0     245    (-,-) 
#------------------------------------------------------------------------------------------------------------------------------------------------------



Path 24: VIOLATED (-2 ps) Setup Check with Pin PIPELINES[7].ROUNDS[2].U_ROUND_U_SUB_ROM[13].ROM_dout_reg[1]/CLK->D
          Group: clk
     Startpoint: (R) PIPELINES[7].ROUNDS[1].U_ROUND_U_KEY_valid_out_reg/CLK
          Clock: (R) clk
       Endpoint: (R) PIPELINES[7].ROUNDS[2].U_ROUND_U_SUB_ROM[13].ROM_dout_reg[1]/D
          Clock: (R) clk

                     Capture       Launch     
        Clock Edge:+     260            0     
       Src Latency:+       0            0     
       Net Latency:+       0 (I)        0 (I) 
           Arrival:=     260            0     
                                              
             Setup:-      17                  
     Required Time:=     243                  
      Launch Clock:-       0                  
         Data Path:-     245                  
             Slack:=      -2                  

#-------------------------------------------------------------------------------------------------------------------------------------------------------
#                         Timing Point                           Flags    Arc    Edge          Cell            Fanout Load Trans Delay Arrival Instance 
#                                                                                                                     (fF)  (ps)  (ps)   (ps)  Location 
#-------------------------------------------------------------------------------------------------------------------------------------------------------
  PIPELINES[7].ROUNDS[1].U_ROUND_U_KEY_valid_out_reg/CLK         -       -       R     (arrival)                47792    -     0     0       0    (-,-) 
  PIPELINES[7].ROUNDS[1].U_ROUND_U_KEY_valid_out_reg/QN          -       CLK->QN F     DFFASRHQNx1_ASAP7_75t_L      2  3.1    33    50      50    (-,-) 
  fopt49470/Y                                                    -       A->Y    F     BUFx6f_ASAP7_75t_L          18 19.4    24    29      79    (-,-) 
  fopt3167/Y                                                     -       A->Y    R     INVx3_ASAP7_75t_L            2  2.7    13    10      90    (-,-) 
  g1222761/Y                                                     -       A->Y    R     OR2x6_ASAP7_75t_L            5  6.1    13    20     110    (-,-) 
  fopt4519/Y                                                     -       A->Y    R     BUFx4f_ASAP7_75t_L           2  3.4    10    16     126    (-,-) 
  fopt4518/Y                                                     -       A->Y    F     INVx2_ASAP7_75t_L            3  3.0    11     8     135    (-,-) 
  fopt4517/Y                                                     -       A->Y    R     INVx2_ASAP7_75t_L            2  2.9    14    10     144    (-,-) 
  fopt4516/Y                                                     -       A->Y    F     INVx3_ASAP7_75t_L            4  3.6    11     8     152    (-,-) 
  g557027/Y                                                      -       A->Y    R     NAND2x1_ASAP7_75t_L          3  1.9    23    14     167    (-,-) 
  g515649/Y                                                      -       B2->Y   F     OAI22xp33_ASAP7_75t_L        1  0.9    24    15     182    (-,-) 
  g306818/Y                                                      -       E->Y    R     NOR5xp2_ASAP7_75t_L          1  1.1    63    36     218    (-,-) 
  g1307307/Y                                                     -       B->Y    F     NAND2xp67_ASAP7_75t_L        1  1.4    26    16     234    (-,-) 
  g1307306/Y                                                     -       A->Y    R     NOR2x1_ASAP7_75t_L           1  1.0    15    12     245    (-,-) 
  PIPELINES[7].ROUNDS[2].U_ROUND_U_SUB_ROM[13].ROM_dout_reg[1]/D -       -       R     DFFASRHQNx1_ASAP7_75t_L      1    -     -     0     245    (-,-) 
#-------------------------------------------------------------------------------------------------------------------------------------------------------



Path 25: VIOLATED (-2 ps) Setup Check with Pin PIPELINES[7].ROUNDS[2].U_ROUND_U_SUB_ROM[8].ROM_dout_reg[0]/CLK->D
          Group: clk
     Startpoint: (R) PIPELINES[7].ROUNDS[1].U_ROUND_U_KEY_valid_out_reg/CLK
          Clock: (R) clk
       Endpoint: (R) PIPELINES[7].ROUNDS[2].U_ROUND_U_SUB_ROM[8].ROM_dout_reg[0]/D
          Clock: (R) clk

                     Capture       Launch     
        Clock Edge:+     260            0     
       Src Latency:+       0            0     
       Net Latency:+       0 (I)        0 (I) 
           Arrival:=     260            0     
                                              
             Setup:-      17                  
     Required Time:=     243                  
      Launch Clock:-       0                  
         Data Path:-     245                  
             Slack:=      -2                  

#------------------------------------------------------------------------------------------------------------------------------------------------------
#                         Timing Point                          Flags    Arc    Edge          Cell            Fanout Load Trans Delay Arrival Instance 
#                                                                                                                    (fF)  (ps)  (ps)   (ps)  Location 
#------------------------------------------------------------------------------------------------------------------------------------------------------
  PIPELINES[7].ROUNDS[1].U_ROUND_U_KEY_valid_out_reg/CLK        -       -       R     (arrival)                47792    -     0     0       0    (-,-) 
  PIPELINES[7].ROUNDS[1].U_ROUND_U_KEY_valid_out_reg/QN         -       CLK->QN F     DFFASRHQNx1_ASAP7_75t_L      2  3.1    33    50      50    (-,-) 
  fopt49470/Y                                                   -       A->Y    F     BUFx6f_ASAP7_75t_L          18 19.4    24    29      79    (-,-) 
  g569560/Y                                                     -       B->Y    F     AND2x4_ASAP7_75t_L           8  7.5    15    24     103    (-,-) 
  g1314697/Y                                                    -       B->Y    F     AND2x4_ASAP7_75t_L          10  8.2    16    22     126    (-,-) 
  g556808/Y                                                     -       A->Y    R     INVx2_ASAP7_75t_L            5  4.5    20    14     139    (-,-) 
  g551785/Y                                                     -       B->Y    R     OR2x2_ASAP7_75t_L            3  2.5    14    21     160    (-,-) 
  g549389/Y                                                     -       A->Y    F     INVx1_ASAP7_75t_L            4  2.9    20    14     174    (-,-) 
  g546118/Y                                                     -       B->Y    R     NAND2xp5_ASAP7_75t_L         2  1.6    24    17     190    (-,-) 
  g305198/Y                                                     -       D->Y    R     AND5x1_ASAP7_75t_L           1  1.4    19    35     225    (-,-) 
  g1223094/Y                                                    -       B->Y    F     NAND2x1_ASAP7_75t_L          1  1.4    16    10     235    (-,-) 
  g1223093/Y                                                    -       A->Y    R     NOR2x1_ASAP7_75t_L           1  1.0    13    10     245    (-,-) 
  PIPELINES[7].ROUNDS[2].U_ROUND_U_SUB_ROM[8].ROM_dout_reg[0]/D -       -       R     DFFASRHQNx1_ASAP7_75t_L      1    -     -     0     245    (-,-) 
#------------------------------------------------------------------------------------------------------------------------------------------------------



Path 26: VIOLATED (-2 ps) Setup Check with Pin PIPELINES[7].ROUNDS[2].U_ROUND_U_SUB_ROM[8].ROM_dout_reg[3]/CLK->D
          Group: clk
     Startpoint: (R) PIPELINES[7].ROUNDS[1].U_ROUND_U_KEY_valid_out_reg/CLK
          Clock: (R) clk
       Endpoint: (R) PIPELINES[7].ROUNDS[2].U_ROUND_U_SUB_ROM[8].ROM_dout_reg[3]/D
          Clock: (R) clk

                     Capture       Launch     
        Clock Edge:+     260            0     
       Src Latency:+       0            0     
       Net Latency:+       0 (I)        0 (I) 
           Arrival:=     260            0     
                                              
             Setup:-      17                  
     Required Time:=     243                  
      Launch Clock:-       0                  
         Data Path:-     246                  
             Slack:=      -2                  

#------------------------------------------------------------------------------------------------------------------------------------------------------
#                         Timing Point                          Flags    Arc    Edge          Cell            Fanout Load Trans Delay Arrival Instance 
#                                                                                                                    (fF)  (ps)  (ps)   (ps)  Location 
#------------------------------------------------------------------------------------------------------------------------------------------------------
  PIPELINES[7].ROUNDS[1].U_ROUND_U_KEY_valid_out_reg/CLK        -       -       R     (arrival)                47792    -     0     0       0    (-,-) 
  PIPELINES[7].ROUNDS[1].U_ROUND_U_KEY_valid_out_reg/QN         -       CLK->QN F     DFFASRHQNx1_ASAP7_75t_L      2  3.1    33    50      50    (-,-) 
  fopt49470/Y                                                   -       A->Y    F     BUFx6f_ASAP7_75t_L          18 19.4    24    29      79    (-,-) 
  g569560/Y                                                     -       B->Y    F     AND2x4_ASAP7_75t_L           8  7.5    15    24     103    (-,-) 
  g560441/Y                                                     -       B->Y    F     AND2x4_ASAP7_75t_L          11 11.0    20    24     128    (-,-) 
  g1309538/Y                                                    -       A->Y    F     AND3x1_ASAP7_75t_L           1  1.0    10    16     144    (-,-) 
  g1309537/Y                                                    -       B->Y    R     AOI21xp5_ASAP7_75t_L         1  0.9    20    13     156    (-,-) 
  g1309535/Y                                                    -       B->Y    F     NAND2xp5_ASAP7_75t_L         1  0.9    16    11     168    (-,-) 
  g1309534/Y                                                    -       C->Y    R     AOI211xp5_ASAP7_75t_L        1  0.8    31    19     186    (-,-) 
  g1223035/Y                                                    -       B->Y    R     OA211x2_ASAP7_75t_L          1  1.4    12    25     211    (-,-) 
  g1773/Y                                                       -       A->Y    R     AND3x4_ASAP7_75t_L           1  2.5    12    21     233    (-,-) 
  g1312886/Y                                                    -       B->Y    F     NAND2x2_ASAP7_75t_L          1  1.6    11     7     240    (-,-) 
  g1312885/Y                                                    -       A->Y    R     INVx2_ASAP7_75t_L            1  1.0     7     6     246    (-,-) 
  PIPELINES[7].ROUNDS[2].U_ROUND_U_SUB_ROM[8].ROM_dout_reg[3]/D -       -       R     DFFASRHQNx1_ASAP7_75t_L      1    -     -     0     246    (-,-) 
#------------------------------------------------------------------------------------------------------------------------------------------------------



Path 27: VIOLATED (-2 ps) Setup Check with Pin PIPELINES[7].ROUNDS[2].U_ROUND_U_SUB_ROM[14].ROM_dout_reg[1]/CLK->D
          Group: clk
     Startpoint: (R) PIPELINES[7].ROUNDS[1].U_ROUND_U_KEY_valid_out_reg/CLK
          Clock: (R) clk
       Endpoint: (R) PIPELINES[7].ROUNDS[2].U_ROUND_U_SUB_ROM[14].ROM_dout_reg[1]/D
          Clock: (R) clk

                     Capture       Launch     
        Clock Edge:+     260            0     
       Src Latency:+       0            0     
       Net Latency:+       0 (I)        0 (I) 
           Arrival:=     260            0     
                                              
             Setup:-      18                  
     Required Time:=     242                  
      Launch Clock:-       0                  
         Data Path:-     245                  
             Slack:=      -2                  

#-------------------------------------------------------------------------------------------------------------------------------------------------------
#                         Timing Point                           Flags    Arc    Edge          Cell            Fanout Load Trans Delay Arrival Instance 
#                                                                                                                     (fF)  (ps)  (ps)   (ps)  Location 
#-------------------------------------------------------------------------------------------------------------------------------------------------------
  PIPELINES[7].ROUNDS[1].U_ROUND_U_KEY_valid_out_reg/CLK         -       -       R     (arrival)                47792    -     0     0       0    (-,-) 
  PIPELINES[7].ROUNDS[1].U_ROUND_U_KEY_valid_out_reg/QN          -       CLK->QN F     DFFASRHQNx1_ASAP7_75t_L      2  3.1    33    50      50    (-,-) 
  fopt48989/Y                                                    -       A->Y    F     BUFx10_ASAP7_75t_L          33 34.2    28    36      86    (-,-) 
  g1222206/Y                                                     -       B->Y    F     AND2x4_ASAP7_75t_L           3  3.9    11    22     108    (-,-) 
  g1222225/Y                                                     -       B->Y    F     AND2x4_ASAP7_75t_L           5  9.0    18    22     130    (-,-) 
  g554565/Y                                                      -       B->Y    R     NAND2x1_ASAP7_75t_L          6  4.3    42    23     153    (-,-) 
  g546504/Y                                                      -       B->Y    R     OR2x2_ASAP7_75t_L            3  2.3    14    24     176    (-,-) 
  g538975/Y                                                      -       C->Y    F     A2O1A1Ixp33_ASAP7_75t_L      1  0.9    24    15     192    (-,-) 
  g534932/Y                                                      -       B->Y    R     NOR3xp33_ASAP7_75t_L         1  0.9    32    20     211    (-,-) 
  g534080/Y                                                      -       C->Y    R     AND5x1_ASAP7_75t_L           1  1.0    17    34     245    (-,-) 
  PIPELINES[7].ROUNDS[2].U_ROUND_U_SUB_ROM[14].ROM_dout_reg[1]/D -       -       R     DFFASRHQNx1_ASAP7_75t_L      1    -     -     0     245    (-,-) 
#-------------------------------------------------------------------------------------------------------------------------------------------------------



Path 28: VIOLATED (-2 ps) Setup Check with Pin PIPELINES[7].ROUNDS[2].U_ROUND_U_SUB_ROM[11].ROM_dout_reg[4]/CLK->D
          Group: clk
     Startpoint: (R) PIPELINES[7].ROUNDS[1].U_ROUND_U_KEY_valid_out_reg/CLK
          Clock: (R) clk
       Endpoint: (F) PIPELINES[7].ROUNDS[2].U_ROUND_U_SUB_ROM[11].ROM_dout_reg[4]/D
          Clock: (R) clk

                     Capture       Launch     
        Clock Edge:+     260            0     
       Src Latency:+       0            0     
       Net Latency:+       0 (I)        0 (I) 
           Arrival:=     260            0     
                                              
             Setup:-       7                  
     Required Time:=     253                  
      Launch Clock:-       0                  
         Data Path:-     255                  
             Slack:=      -2                  

#-------------------------------------------------------------------------------------------------------------------------------------------------------
#                         Timing Point                           Flags    Arc    Edge          Cell            Fanout Load Trans Delay Arrival Instance 
#                                                                                                                     (fF)  (ps)  (ps)   (ps)  Location 
#-------------------------------------------------------------------------------------------------------------------------------------------------------
  PIPELINES[7].ROUNDS[1].U_ROUND_U_KEY_valid_out_reg/CLK         -       -       R     (arrival)                47792    -     0     0       0    (-,-) 
  PIPELINES[7].ROUNDS[1].U_ROUND_U_KEY_valid_out_reg/QN          -       CLK->QN R     DFFASRHQNx1_ASAP7_75t_L      2  3.1    35    51      51    (-,-) 
  fopt48989/Y                                                    -       A->Y    R     BUFx10_ASAP7_75t_L          33 34.2    34    35      85    (-,-) 
  g46882/Y                                                       -       B->Y    R     AND2x4_ASAP7_75t_L           8  7.6    19    25     110    (-,-) 
  g1221585/Y                                                     -       A->Y    F     INVx4_ASAP7_75t_L            3  2.9     9     7     117    (-,-) 
  g20981_dup/Y                                                   -       A->Y    F     OR2x2_ASAP7_75t_L            4  4.3    18    24     142    (-,-) 
  fopt47286/Y                                                    -       A->Y    R     INVx3_ASAP7_75t_L            4  3.6    14    11     152    (-,-) 
  fopt6577/Y                                                     -       A->Y    F     INVx1_ASAP7_75t_L            2  1.6    13    10     162    (-,-) 
  fopt6576/Y                                                     -       A->Y    F     BUFx3_ASAP7_75t_L            3  3.0    10    18     180    (-,-) 
  g2614/Y                                                        -       A1->Y   R     OAI321xp33_ASAP7_75t_L       1  0.7    38    20     200    (-,-) 
  g517325/Y                                                      -       A->Y    F     NOR2xp33_ASAP7_75t_L         1  0.9    27    21     220    (-,-) 
  g1314671/Y                                                     -       B->Y    R     NAND2xp5_ASAP7_75t_L         1  1.6    27    19     239    (-,-) 
  g1314670/Y                                                     -       C->Y    F     NOR3x1_ASAP7_75t_L           1  1.0    20    16     255    (-,-) 
  PIPELINES[7].ROUNDS[2].U_ROUND_U_SUB_ROM[11].ROM_dout_reg[4]/D -       -       F     DFFASRHQNx1_ASAP7_75t_L      1    -     -     0     255    (-,-) 
#-------------------------------------------------------------------------------------------------------------------------------------------------------



Path 29: VIOLATED (-2 ps) Setup Check with Pin PIPELINES[7].ROUNDS[2].U_ROUND_U_SUB_ROM[15].ROM_dout_reg[0]/CLK->D
          Group: clk
     Startpoint: (R) PIPELINES[7].ROUNDS[1].U_ROUND_U_KEY_valid_out_reg/CLK
          Clock: (R) clk
       Endpoint: (R) PIPELINES[7].ROUNDS[2].U_ROUND_U_SUB_ROM[15].ROM_dout_reg[0]/D
          Clock: (R) clk

                     Capture       Launch     
        Clock Edge:+     260            0     
       Src Latency:+       0            0     
       Net Latency:+       0 (I)        0 (I) 
           Arrival:=     260            0     
                                              
             Setup:-      18                  
     Required Time:=     242                  
      Launch Clock:-       0                  
         Data Path:-     245                  
             Slack:=      -2                  

#-------------------------------------------------------------------------------------------------------------------------------------------------------
#                         Timing Point                           Flags    Arc    Edge          Cell            Fanout Load Trans Delay Arrival Instance 
#                                                                                                                     (fF)  (ps)  (ps)   (ps)  Location 
#-------------------------------------------------------------------------------------------------------------------------------------------------------
  PIPELINES[7].ROUNDS[1].U_ROUND_U_KEY_valid_out_reg/CLK         -       -       R     (arrival)                47792    -     0     0       0    (-,-) 
  PIPELINES[7].ROUNDS[1].U_ROUND_U_KEY_valid_out_reg/QN          -       CLK->QN F     DFFASRHQNx1_ASAP7_75t_L      2  3.1    33    50      50    (-,-) 
  fopt49470/Y                                                    -       A->Y    F     BUFx6f_ASAP7_75t_L          18 19.4    24    29      79    (-,-) 
  g1219919/Y                                                     -       B->Y    F     AND2x4_ASAP7_75t_L          10 11.7    22    27     107    (-,-) 
  g560410_dup41260/Y                                             -       B->Y    R     NAND2x1p5_ASAP7_75t_L        7  6.3    36    22     129    (-,-) 
  g6296/Y                                                        -       A->Y    F     INVx3_ASAP7_75t_L            4  4.0    16    11     140    (-,-) 
  g551501/Y                                                      -       B->Y    R     NAND2xp5_ASAP7_75t_L         1  1.1    24    13     153    (-,-) 
  g20748/Y                                                       -       A->Y    R     BUFx3_ASAP7_75t_L            6  4.6    16    21     174    (-,-) 
  g543076/Y                                                      -       A2->Y   R     OA22x2_ASAP7_75t_L           1  0.8     9    19     193    (-,-) 
  g538470/Y                                                      -       B->Y    R     OA211x2_ASAP7_75t_L          1  0.9    11    21     213    (-,-) 
  g534499/Y                                                      -       C->Y    R     AND5x1_ASAP7_75t_L           1  1.0    16    32     245    (-,-) 
  PIPELINES[7].ROUNDS[2].U_ROUND_U_SUB_ROM[15].ROM_dout_reg[0]/D -       -       R     DFFASRHQNx1_ASAP7_75t_L      1    -     -     0     245    (-,-) 
#-------------------------------------------------------------------------------------------------------------------------------------------------------



Path 30: VIOLATED (-2 ps) Setup Check with Pin PIPELINES[7].ROUNDS[2].U_ROUND_U_SUB_ROM[10].ROM_dout_reg[5]/CLK->D
          Group: clk
     Startpoint: (R) PIPELINES[7].ROUNDS[1].U_ROUND_U_KEY_valid_out_reg/CLK
          Clock: (R) clk
       Endpoint: (R) PIPELINES[7].ROUNDS[2].U_ROUND_U_SUB_ROM[10].ROM_dout_reg[5]/D
          Clock: (R) clk

                     Capture       Launch     
        Clock Edge:+     260            0     
       Src Latency:+       0            0     
       Net Latency:+       0 (I)        0 (I) 
           Arrival:=     260            0     
                                              
             Setup:-      17                  
     Required Time:=     243                  
      Launch Clock:-       0                  
         Data Path:-     245                  
             Slack:=      -2                  

#-------------------------------------------------------------------------------------------------------------------------------------------------------
#                         Timing Point                           Flags    Arc    Edge          Cell            Fanout Load Trans Delay Arrival Instance 
#                                                                                                                     (fF)  (ps)  (ps)   (ps)  Location 
#-------------------------------------------------------------------------------------------------------------------------------------------------------
  PIPELINES[7].ROUNDS[1].U_ROUND_U_KEY_valid_out_reg/CLK         -       -       R     (arrival)                47792    -     0     0       0    (-,-) 
  PIPELINES[7].ROUNDS[1].U_ROUND_U_KEY_valid_out_reg/QN          -       CLK->QN F     DFFASRHQNx1_ASAP7_75t_L      2  3.1    33    50      50    (-,-) 
  fopt48989/Y                                                    -       A->Y    F     BUFx10_ASAP7_75t_L          33 34.2    28    36      86    (-,-) 
  g1220346/Y                                                     -       B->Y    F     AND2x4_ASAP7_75t_L           7  7.2    15    25     111    (-,-) 
  g1286643/Y                                                     -       B->Y    F     AND2x4_ASAP7_75t_L           5  8.2    16    22     133    (-,-) 
  g1220400/Y                                                     -       B->Y    R     NAND2x1p5_ASAP7_75t_L        3  2.2    18    12     145    (-,-) 
  g3428/Y                                                        -       A->Y    F     INVx1_ASAP7_75t_L            2  2.1    17    12     157    (-,-) 
  g324645/Y                                                      -       A->Y    R     INVx1_ASAP7_75t_L            3  2.4    22    15     172    (-,-) 
  g310524/Y                                                      -       B2->Y   F     OAI322xp33_ASAP7_75t_L       1  0.9    34    19     191    (-,-) 
  g307040/Y                                                      -       D->Y    R     NOR4xp25_ASAP7_75t_L         1  1.0    46    28     219    (-,-) 
  g1221290/Y                                                     -       D->Y    R     AND4x1_ASAP7_75t_L           1  1.0    16    26     245    (-,-) 
  PIPELINES[7].ROUNDS[2].U_ROUND_U_SUB_ROM[10].ROM_dout_reg[5]/D -       -       R     DFFASRHQNx1_ASAP7_75t_L      1    -     -     0     245    (-,-) 
#-------------------------------------------------------------------------------------------------------------------------------------------------------



Path 31: VIOLATED (-2 ps) Setup Check with Pin PIPELINES[7].ROUNDS[1].U_ROUND_U_SUB_ROM[4].ROM_dout_reg[0]/CLK->D
          Group: clk
     Startpoint: (R) PIPELINES[7].ROUNDS[0].U_ROUND_U_KEY_valid_out_reg/CLK
          Clock: (R) clk
       Endpoint: (R) PIPELINES[7].ROUNDS[1].U_ROUND_U_SUB_ROM[4].ROM_dout_reg[0]/D
          Clock: (R) clk

                     Capture       Launch     
        Clock Edge:+     260            0     
       Src Latency:+       0            0     
       Net Latency:+       0 (I)        0 (I) 
           Arrival:=     260            0     
                                              
             Setup:-      17                  
     Required Time:=     243                  
      Launch Clock:-       0                  
         Data Path:-     245                  
             Slack:=      -2                  

#------------------------------------------------------------------------------------------------------------------------------------------------------
#                         Timing Point                          Flags    Arc    Edge          Cell            Fanout Load Trans Delay Arrival Instance 
#                                                                                                                    (fF)  (ps)  (ps)   (ps)  Location 
#------------------------------------------------------------------------------------------------------------------------------------------------------
  PIPELINES[7].ROUNDS[0].U_ROUND_U_KEY_valid_out_reg/CLK        -       -       R     (arrival)                47792    -     0     0       0    (-,-) 
  PIPELINES[7].ROUNDS[0].U_ROUND_U_KEY_valid_out_reg/QN         -       CLK->QN F     DFFASRHQNx1_ASAP7_75t_L      1  1.6    24    43      43    (-,-) 
  fopt1303456/Y                                                 -       A->Y    F     BUFx6f_ASAP7_75t_L           6 10.2    15    22      65    (-,-) 
  fopt1303455/Y                                                 -       A->Y    F     BUFx6f_ASAP7_75t_L          14 17.0    21    23      89    (-,-) 
  g1220804/Y                                                    -       B->Y    R     NAND2x1p5_ASAP7_75t_L        4  4.8    28    19     108    (-,-) 
  g567546/Y                                                     -       A->Y    F     INVx2_ASAP7_75t_L            4  2.9    15    11     119    (-,-) 
  g567545/Y                                                     -       A->Y    F     BUFx2_ASAP7_75t_L            4  4.8    18    23     142    (-,-) 
  g567544/Y                                                     -       A->Y    R     INVx4_ASAP7_75t_L            9  6.6    17    12     154    (-,-) 
  g514617/Y                                                     -       A1->Y   R     OA22x2_ASAP7_75t_L           1  1.0    10    20     174    (-,-) 
  g310103/Y                                                     -       A2->Y   F     OAI22xp5_ASAP7_75t_L         1  0.9    21    11     185    (-,-) 
  g306516/Y                                                     -       B->Y    R     NOR5xp2_ASAP7_75t_L          1  1.0    60    31     216    (-,-) 
  g1221137/Y                                                    -       C->Y    R     AND4x1_ASAP7_75t_L           1  1.0    16    29     245    (-,-) 
  PIPELINES[7].ROUNDS[1].U_ROUND_U_SUB_ROM[4].ROM_dout_reg[0]/D -       -       R     DFFASRHQNx1_ASAP7_75t_L      1    -     -     0     245    (-,-) 
#------------------------------------------------------------------------------------------------------------------------------------------------------



Path 32: VIOLATED (-2 ps) Setup Check with Pin PIPELINES[7].ROUNDS[1].U_ROUND_U_SUB_ROM[2].ROM_dout_reg[2]/CLK->D
          Group: clk
     Startpoint: (R) PIPELINES[7].ROUNDS[0].U_ROUND_U_KEY_valid_out_reg/CLK
          Clock: (R) clk
       Endpoint: (R) PIPELINES[7].ROUNDS[1].U_ROUND_U_SUB_ROM[2].ROM_dout_reg[2]/D
          Clock: (R) clk

                     Capture       Launch     
        Clock Edge:+     260            0     
       Src Latency:+       0            0     
       Net Latency:+       0 (I)        0 (I) 
           Arrival:=     260            0     
                                              
             Setup:-      19                  
     Required Time:=     241                  
      Launch Clock:-       0                  
         Data Path:-     244                  
             Slack:=      -2                  

#------------------------------------------------------------------------------------------------------------------------------------------------------
#                         Timing Point                          Flags    Arc    Edge          Cell            Fanout Load Trans Delay Arrival Instance 
#                                                                                                                    (fF)  (ps)  (ps)   (ps)  Location 
#------------------------------------------------------------------------------------------------------------------------------------------------------
  PIPELINES[7].ROUNDS[0].U_ROUND_U_KEY_valid_out_reg/CLK        -       -       R     (arrival)                47792    -     0     0       0    (-,-) 
  PIPELINES[7].ROUNDS[0].U_ROUND_U_KEY_valid_out_reg/QN         -       CLK->QN F     DFFASRHQNx1_ASAP7_75t_L      1  1.6    24    43      43    (-,-) 
  fopt1303456/Y                                                 -       A->Y    F     BUFx6f_ASAP7_75t_L           6 10.2    15    22      65    (-,-) 
  fopt41394/Y                                                   -       A->Y    F     BUFx12f_ASAP7_75t_L         16 20.2    16    20      86    (-,-) 
  g568969/Y                                                     -       B->Y    F     AND2x4_ASAP7_75t_L           3  3.9    11    19     105    (-,-) 
  g559823/Y                                                     -       B->Y    F     AND2x4_ASAP7_75t_L           5  7.0    15    20     124    (-,-) 
  g555822/Y                                                     -       A->Y    R     INVx2_ASAP7_75t_L            3  2.3    12    10     134    (-,-) 
  g551538/Y                                                     -       B->Y    R     OR2x2_ASAP7_75t_L            9  6.6    28    26     160    (-,-) 
  g544234/Y                                                     -       A2->Y   R     OA21x2_ASAP7_75t_L           2  1.5    11    21     181    (-,-) 
  g538299/Y                                                     -       B->Y    R     OA211x2_ASAP7_75t_L          1  0.9    10    21     202    (-,-) 
  g534370/Y                                                     -       A->Y    F     NAND5xp2_ASAP7_75t_L         1  1.7    58    27     229    (-,-) 
  g577818/Y                                                     -       B->Y    R     NOR3x1_ASAP7_75t_L           1  1.0    23    15     244    (-,-) 
  PIPELINES[7].ROUNDS[1].U_ROUND_U_SUB_ROM[2].ROM_dout_reg[2]/D -       -       R     DFFASRHQNx1_ASAP7_75t_L      1    -     -     0     244    (-,-) 
#------------------------------------------------------------------------------------------------------------------------------------------------------



Path 33: VIOLATED (-2 ps) Setup Check with Pin PIPELINES[7].ROUNDS[0].U_ROUND_U_SUB_ROM[14].ROM_dout_reg[1]/CLK->D
          Group: clk
     Startpoint: (R) PIPELINES[7].U0_ARK_data_out_reg[117]/CLK
          Clock: (R) clk
       Endpoint: (R) PIPELINES[7].ROUNDS[0].U_ROUND_U_SUB_ROM[14].ROM_dout_reg[1]/D
          Clock: (R) clk

                     Capture       Launch     
        Clock Edge:+     260            0     
       Src Latency:+       0            0     
       Net Latency:+       0 (I)        0 (I) 
           Arrival:=     260            0     
                                              
             Setup:-      18                  
     Required Time:=     242                  
      Launch Clock:-       0                  
         Data Path:-     245                  
             Slack:=      -2                  

#-------------------------------------------------------------------------------------------------------------------------------------------------------
#                         Timing Point                           Flags    Arc    Edge          Cell            Fanout Load Trans Delay Arrival Instance 
#                                                                                                                     (fF)  (ps)  (ps)   (ps)  Location 
#-------------------------------------------------------------------------------------------------------------------------------------------------------
  PIPELINES[7].U0_ARK_data_out_reg[117]/CLK                      -       -       R     (arrival)                47792    -     0     0       0    (-,-) 
  PIPELINES[7].U0_ARK_data_out_reg[117]/QN                       -       CLK->QN R     DFFASRHQNx1_ASAP7_75t_L      4  3.8    40    54      54    (-,-) 
  g1095497/Y                                                     -       A->Y    F     INVx2_ASAP7_75t_L            2  2.8    17    12      66    (-,-) 
  g1095552/Y                                                     -       A->Y    F     BUFx6f_ASAP7_75t_L          10 10.3    14    21      86    (-,-) 
  g1095551/Y                                                     -       A->Y    R     INVx4_ASAP7_75t_L            4  3.0    10     8      94    (-,-) 
  g1095622/Y                                                     -       A->Y    R     OR2x2_ASAP7_75t_L            3  2.1    12    18     112    (-,-) 
  g1095656/Y                                                     -       A->Y    F     INVx1_ASAP7_75t_L            1  1.0     9     7     120    (-,-) 
  g1095655/Y                                                     -       A->Y    R     INVx1_ASAP7_75t_L            4  3.1    25    15     135    (-,-) 
  g1095654/Y                                                     -       A->Y    R     OR2x2_ASAP7_75t_L            5  3.8    18    25     160    (-,-) 
  g1096300/Y                                                     -       A2->Y   F     OAI22xp5_ASAP7_75t_L         1  0.8    25    12     172    (-,-) 
  g1096299/Y                                                     -       A->Y    R     NOR2xp33_ASAP7_75t_L         1  1.0    30    18     190    (-,-) 
  g1096273/Y                                                     -       C->Y    R     AND4x1_ASAP7_75t_L           1  0.9    14    26     216    (-,-) 
  g1096272/Y                                                     -       A->Y    R     AND5x1_ASAP7_75t_L           1  1.0    17    29     245    (-,-) 
  PIPELINES[7].ROUNDS[0].U_ROUND_U_SUB_ROM[14].ROM_dout_reg[1]/D -       -       R     DFFASRHQNx1_ASAP7_75t_L      1    -     -     0     245    (-,-) 
#-------------------------------------------------------------------------------------------------------------------------------------------------------



Path 34: VIOLATED (-2 ps) Setup Check with Pin PIPELINES[7].ROUNDS[0].U_ROUND_U_SUB_ROM[3].ROM_dout_reg[4]/CLK->D
          Group: clk
     Startpoint: (R) PIPELINES[7].U0_ARK_data_out_reg[26]/CLK
          Clock: (R) clk
       Endpoint: (R) PIPELINES[7].ROUNDS[0].U_ROUND_U_SUB_ROM[3].ROM_dout_reg[4]/D
          Clock: (R) clk

                     Capture       Launch     
        Clock Edge:+     260            0     
       Src Latency:+       0            0     
       Net Latency:+       0 (I)        0 (I) 
           Arrival:=     260            0     
                                              
             Setup:-      18                  
     Required Time:=     242                  
      Launch Clock:-       0                  
         Data Path:-     245                  
             Slack:=      -2                  

#------------------------------------------------------------------------------------------------------------------------------------------------------
#                         Timing Point                          Flags    Arc    Edge          Cell            Fanout Load Trans Delay Arrival Instance 
#                                                                                                                    (fF)  (ps)  (ps)   (ps)  Location 
#------------------------------------------------------------------------------------------------------------------------------------------------------
  PIPELINES[7].U0_ARK_data_out_reg[26]/CLK                      -       -       R     (arrival)                47792    -     0     0       0    (-,-) 
  PIPELINES[7].U0_ARK_data_out_reg[26]/QN                       -       CLK->QN F     DFFASRHQNx1_ASAP7_75t_L      4  3.6    36    52      52    (-,-) 
  g1095743/Y                                                    -       A->Y    R     INVx2_ASAP7_75t_L            4  4.3    25    18      71    (-,-) 
  g1095794/Y                                                    -       B->Y    R     OR2x4_ASAP7_75t_L           11  9.4    25    32     102    (-,-) 
  g1095802/Y                                                    -       A->Y    F     INVx4_ASAP7_75t_L            7  5.5    14    10     113    (-,-) 
  g1096483/Y                                                    -       B->Y    F     AND2x2_ASAP7_75t_L           2  1.7    10    18     131    (-,-) 
  g1096482/Y                                                    -       A->Y    R     INVx1_ASAP7_75t_L            6  4.7    37    20     152    (-,-) 
  g1097130/Y                                                    -       B1->Y   F     OAI22xp5_ASAP7_75t_L         1  1.0    24    14     166    (-,-) 
  g1097125/Y                                                    -       C->Y    F     OR4x1_ASAP7_75t_L            1  0.8    13    30     196    (-,-) 
  g1097124/Y                                                    -       A->Y    R     NOR2xp33_ASAP7_75t_L         1  0.9    28    15     211    (-,-) 
  g1097098/Y                                                    -       D->Y    R     AND5x1_ASAP7_75t_L           1  1.0    17    34     245    (-,-) 
  PIPELINES[7].ROUNDS[0].U_ROUND_U_SUB_ROM[3].ROM_dout_reg[4]/D -       -       R     DFFASRHQNx1_ASAP7_75t_L      1    -     -     0     245    (-,-) 
#------------------------------------------------------------------------------------------------------------------------------------------------------



Path 35: VIOLATED (-2 ps) Setup Check with Pin PIPELINES[7].ROUNDS[0].U_ROUND_U_SUB_ROM[6].ROM_dout_reg[2]/CLK->D
          Group: clk
     Startpoint: (R) PIPELINES[7].U0_ARK_valid_out_reg/CLK
          Clock: (R) clk
       Endpoint: (R) PIPELINES[7].ROUNDS[0].U_ROUND_U_SUB_ROM[6].ROM_dout_reg[2]/D
          Clock: (R) clk

                     Capture       Launch     
        Clock Edge:+     260            0     
       Src Latency:+       0            0     
       Net Latency:+       0 (I)        0 (I) 
           Arrival:=     260            0     
                                              
             Setup:-      22                  
     Required Time:=     238                  
      Launch Clock:-       0                  
         Data Path:-     240                  
             Slack:=      -2                  

#------------------------------------------------------------------------------------------------------------------------------------------------------
#                         Timing Point                          Flags    Arc    Edge          Cell            Fanout Load Trans Delay Arrival Instance 
#                                                                                                                    (fF)  (ps)  (ps)   (ps)  Location 
#------------------------------------------------------------------------------------------------------------------------------------------------------
  PIPELINES[7].U0_ARK_valid_out_reg/CLK                         -       -       R     (arrival)                47792    -     0     0       0    (-,-) 
  PIPELINES[7].U0_ARK_valid_out_reg/QN                          -       CLK->QN F     DFFASRHQNx1_ASAP7_75t_L      1  2.8    32    49      49    (-,-) 
  g1317300/Y                                                    -       A->Y    F     BUFx12f_ASAP7_75t_L         30 38.1    26    29      78    (-,-) 
  g1100399/Y                                                    -       B->Y    F     AND2x2_ASAP7_75t_L           3  4.7    19    27     105    (-,-) 
  g1100508/Y                                                    -       A->Y    R     INVx3_ASAP7_75t_L            6  5.6    18    14     118    (-,-) 
  g1100507/Y                                                    -       A->Y    F     INVx3_ASAP7_75t_L            6  5.5    15    11     130    (-,-) 
  g1219554/Y                                                    -       B->Y    R     NAND2x1p5_ASAP7_75t_L        6  4.8    28    17     147    (-,-) 
  g24101/Y                                                      -       B2->Y   F     OAI322xp33_ASAP7_75t_L       1  1.0    34    20     167    (-,-) 
  g24100/Y                                                      -       B->Y    R     AOI21xp5_ASAP7_75t_L         1  0.8    24    18     184    (-,-) 
  g1101570/Y                                                    -       B->Y    R     OA211x2_ASAP7_75t_L          1  0.9    11    23     207    (-,-) 
  g1101569/Y                                                    -       A->Y    F     NAND3xp33_ASAP7_75t_L        1  0.9    24    13     220    (-,-) 
  g1101568/Y                                                    -       A->Y    R     NOR3xp33_ASAP7_75t_L         1  1.0    35    20     240    (-,-) 
  PIPELINES[7].ROUNDS[0].U_ROUND_U_SUB_ROM[6].ROM_dout_reg[2]/D -       -       R     DFFASRHQNx1_ASAP7_75t_L      1    -     -     0     240    (-,-) 
#------------------------------------------------------------------------------------------------------------------------------------------------------



Path 36: VIOLATED (-2 ps) Setup Check with Pin PIPELINES[4].ROUNDS[2].U_ROUND_U_SUB_ROM[8].ROM_dout_reg[7]/CLK->D
          Group: clk
     Startpoint: (R) PIPELINES[4].ROUNDS[1].U_ROUND_U_KEY_valid_out_reg/CLK
          Clock: (R) clk
       Endpoint: (R) PIPELINES[4].ROUNDS[2].U_ROUND_U_SUB_ROM[8].ROM_dout_reg[7]/D
          Clock: (R) clk

                     Capture       Launch     
        Clock Edge:+     260            0     
       Src Latency:+       0            0     
       Net Latency:+       0 (I)        0 (I) 
           Arrival:=     260            0     
                                              
             Setup:-      17                  
     Required Time:=     243                  
      Launch Clock:-       0                  
         Data Path:-     245                  
             Slack:=      -2                  

#------------------------------------------------------------------------------------------------------------------------------------------------------
#                         Timing Point                          Flags    Arc    Edge          Cell            Fanout Load Trans Delay Arrival Instance 
#                                                                                                                    (fF)  (ps)  (ps)   (ps)  Location 
#------------------------------------------------------------------------------------------------------------------------------------------------------
  PIPELINES[4].ROUNDS[1].U_ROUND_U_KEY_valid_out_reg/CLK        -       -       R     (arrival)                47792    -     0     0       0    (-,-) 
  PIPELINES[4].ROUNDS[1].U_ROUND_U_KEY_valid_out_reg/QN         -       CLK->QN F     DFFASRHQNx1_ASAP7_75t_L      1  1.6    24    43      43    (-,-) 
  g1314634/Y                                                    -       A->Y    R     INVx2_ASAP7_75t_L            3  4.3    21    16      58    (-,-) 
  g1314633/Y                                                    -       A->Y    R     BUFx6f_ASAP7_75t_L           6 12.1    19    22      80    (-,-) 
  fopt1281857/Y                                                 -       A->Y    F     INVx3_ASAP7_75t_L            1  1.4     8     6      86    (-,-) 
  g1227115/Y                                                    -       B->Y    F     AND2x4_ASAP7_75t_L           7  8.2    17    20     106    (-,-) 
  g1300670/Y                                                    -       B->Y    R     NAND2x1p5_ASAP7_75t_L        2  2.3    19    12     118    (-,-) 
  g495755/Y                                                     -       B->Y    R     OR2x2_ASAP7_75t_L            9  7.5    32    29     147    (-,-) 
  g495754/Y                                                     -       A->Y    F     INVx2_ASAP7_75t_L            5  3.8    18    13     161    (-,-) 
  g495818/Y                                                     -       A2->Y   R     AOI22xp5_ASAP7_75t_L         2  1.7    34    20     181    (-,-) 
  g495752/Y                                                     -       C->Y    F     OAI221xp5_ASAP7_75t_L        1  0.9    27    18     198    (-,-) 
  g495652/Y                                                     -       B->Y    R     AOI211xp5_ASAP7_75t_L        1  1.0    36    23     221    (-,-) 
  g495651/Y                                                     -       A->Y    R     AND3x1_ASAP7_75t_L           1  1.0    14    24     245    (-,-) 
  PIPELINES[4].ROUNDS[2].U_ROUND_U_SUB_ROM[8].ROM_dout_reg[7]/D -       -       R     DFFASRHQNx1_ASAP7_75t_L      1    -     -     0     245    (-,-) 
#------------------------------------------------------------------------------------------------------------------------------------------------------



Path 37: VIOLATED (-2 ps) Setup Check with Pin PIPELINES[4].ROUNDS[2].U_ROUND_U_SUB_ROM[7].ROM_dout_reg[1]/CLK->D
          Group: clk
     Startpoint: (R) PIPELINES[4].ROUNDS[1].U_ROUND_U_KEY_valid_out_reg/CLK
          Clock: (R) clk
       Endpoint: (R) PIPELINES[4].ROUNDS[2].U_ROUND_U_SUB_ROM[7].ROM_dout_reg[1]/D
          Clock: (R) clk

                     Capture       Launch     
        Clock Edge:+     260            0     
       Src Latency:+       0            0     
       Net Latency:+       0 (I)        0 (I) 
           Arrival:=     260            0     
                                              
             Setup:-      18                  
     Required Time:=     242                  
      Launch Clock:-       0                  
         Data Path:-     245                  
             Slack:=      -2                  

#------------------------------------------------------------------------------------------------------------------------------------------------------
#                         Timing Point                          Flags    Arc    Edge          Cell            Fanout Load Trans Delay Arrival Instance 
#                                                                                                                    (fF)  (ps)  (ps)   (ps)  Location 
#------------------------------------------------------------------------------------------------------------------------------------------------------
  PIPELINES[4].ROUNDS[1].U_ROUND_U_KEY_valid_out_reg/CLK        -       -       R     (arrival)                47792    -     0     0       0    (-,-) 
  PIPELINES[4].ROUNDS[1].U_ROUND_U_KEY_valid_out_reg/QN         -       CLK->QN F     DFFASRHQNx1_ASAP7_75t_L      1  1.6    24    43      43    (-,-) 
  g1314634/Y                                                    -       A->Y    R     INVx2_ASAP7_75t_L            3  4.3    21    16      58    (-,-) 
  g1298614/Y                                                    -       A->Y    R     BUFx6f_ASAP7_75t_L           5 11.2    18    21      80    (-,-) 
  g1298613/Y                                                    -       A->Y    F     INVx8_ASAP7_75t_L            8  9.5    12     9      89    (-,-) 
  fopt1281815/Y                                                 -       A->Y    R     INVx2_ASAP7_75t_L            1  1.4     9     7      96    (-,-) 
  g495315/Y                                                     -       B->Y    R     OR2x6_ASAP7_75t_L            5  5.1    13    19     115    (-,-) 
  g495314/Y                                                     -       A->Y    R     OR2x6_ASAP7_75t_L           15 12.0    21    24     140    (-,-) 
  g495381/Y                                                     -       A->Y    F     INVx2_ASAP7_75t_L            5  3.8    16    12     151    (-,-) 
  g496405/Y                                                     -       B2->Y   R     AOI22xp5_ASAP7_75t_L         1  0.8    27    14     166    (-,-) 
  g496404/Y                                                     -       B->Y    R     OA211x2_ASAP7_75t_L          1  1.0    11    24     189    (-,-) 
  g1304578/Y                                                    -       A->Y    R     AND3x1_ASAP7_75t_L           1  0.9    13    19     209    (-,-) 
  g1289489/Y                                                    -       B->Y    R     AND2x2_ASAP7_75t_L           1  2.0    13    19     227    (-,-) 
  g1289488/Y                                                    -       A->Y    F     NAND2x1p5_ASAP7_75t_L        1  1.8    12     8     235    (-,-) 
  g1289487/Y                                                    -       A->Y    R     NOR3x1_ASAP7_75t_L           1  1.0    18    10     245    (-,-) 
  PIPELINES[4].ROUNDS[2].U_ROUND_U_SUB_ROM[7].ROM_dout_reg[1]/D -       -       R     DFFASRHQNx1_ASAP7_75t_L      1    -     -     0     245    (-,-) 
#------------------------------------------------------------------------------------------------------------------------------------------------------



Path 38: VIOLATED (-2 ps) Setup Check with Pin PIPELINES[4].ROUNDS[2].U_ROUND_U_SUB_ROM[7].ROM_dout_reg[3]/CLK->D
          Group: clk
     Startpoint: (R) PIPELINES[4].ROUNDS[1].U_ROUND_U_KEY_valid_out_reg/CLK
          Clock: (R) clk
       Endpoint: (R) PIPELINES[4].ROUNDS[2].U_ROUND_U_SUB_ROM[7].ROM_dout_reg[3]/D
          Clock: (R) clk

                     Capture       Launch     
        Clock Edge:+     260            0     
       Src Latency:+       0            0     
       Net Latency:+       0 (I)        0 (I) 
           Arrival:=     260            0     
                                              
             Setup:-      20                  
     Required Time:=     240                  
      Launch Clock:-       0                  
         Data Path:-     242                  
             Slack:=      -2                  

#------------------------------------------------------------------------------------------------------------------------------------------------------
#                         Timing Point                          Flags    Arc    Edge          Cell            Fanout Load Trans Delay Arrival Instance 
#                                                                                                                    (fF)  (ps)  (ps)   (ps)  Location 
#------------------------------------------------------------------------------------------------------------------------------------------------------
  PIPELINES[4].ROUNDS[1].U_ROUND_U_KEY_valid_out_reg/CLK        -       -       R     (arrival)                47792    -     0     0       0    (-,-) 
  PIPELINES[4].ROUNDS[1].U_ROUND_U_KEY_valid_out_reg/QN         -       CLK->QN F     DFFASRHQNx1_ASAP7_75t_L      1  1.6    24    43      43    (-,-) 
  g1314634/Y                                                    -       A->Y    R     INVx2_ASAP7_75t_L            3  4.3    21    16      58    (-,-) 
  g1298614/Y                                                    -       A->Y    R     BUFx6f_ASAP7_75t_L           5 11.2    18    21      80    (-,-) 
  fopt1281824/Y                                                 -       A->Y    F     INVx3_ASAP7_75t_L            8  9.1    22    15      95    (-,-) 
  g1289067/Y                                                    -       C->Y    R     NAND3x1_ASAP7_75t_L          6  4.7    49    31     125    (-,-) 
  g1289066/Y                                                    -       A->Y    F     INVx1_ASAP7_75t_L            3  2.7    27    19     144    (-,-) 
  g495487/Y                                                     -       A->Y    R     NAND3xp33_ASAP7_75t_L        2  1.7    30    20     164    (-,-) 
  g497071/Y                                                     -       C->Y    F     OAI321xp33_ASAP7_75t_L       1  0.9    29    19     183    (-,-) 
  g497067/Y                                                     -       A->Y    R     NOR4xp25_ASAP7_75t_L         1  0.9    44    26     209    (-,-) 
  g1227378/Y                                                    -       A->Y    F     NAND2xp5_ASAP7_75t_L         1  1.9    28    17     226    (-,-) 
  g14730/Y                                                      -       A->Y    R     NOR4xp75_ASAP7_75t_L         1  1.0    28    16     242    (-,-) 
  PIPELINES[4].ROUNDS[2].U_ROUND_U_SUB_ROM[7].ROM_dout_reg[3]/D -       -       R     DFFASRHQNx1_ASAP7_75t_L      1    -     -     0     242    (-,-) 
#------------------------------------------------------------------------------------------------------------------------------------------------------



Path 39: VIOLATED (-2 ps) Setup Check with Pin PIPELINES[4].ROUNDS[2].U_ROUND_U_SUB_ROM[8].ROM_dout_reg[6]/CLK->D
          Group: clk
     Startpoint: (R) PIPELINES[4].ROUNDS[1].U_ROUND_U_KEY_valid_out_reg/CLK
          Clock: (R) clk
       Endpoint: (R) PIPELINES[4].ROUNDS[2].U_ROUND_U_SUB_ROM[8].ROM_dout_reg[6]/D
          Clock: (R) clk

                     Capture       Launch     
        Clock Edge:+     260            0     
       Src Latency:+       0            0     
       Net Latency:+       0 (I)        0 (I) 
           Arrival:=     260            0     
                                              
             Setup:-      18                  
     Required Time:=     242                  
      Launch Clock:-       0                  
         Data Path:-     245                  
             Slack:=      -2                  

#------------------------------------------------------------------------------------------------------------------------------------------------------
#                         Timing Point                          Flags    Arc    Edge          Cell            Fanout Load Trans Delay Arrival Instance 
#                                                                                                                    (fF)  (ps)  (ps)   (ps)  Location 
#------------------------------------------------------------------------------------------------------------------------------------------------------
  PIPELINES[4].ROUNDS[1].U_ROUND_U_KEY_valid_out_reg/CLK        -       -       R     (arrival)                47792    -     0     0       0    (-,-) 
  PIPELINES[4].ROUNDS[1].U_ROUND_U_KEY_valid_out_reg/QN         -       CLK->QN F     DFFASRHQNx1_ASAP7_75t_L      1  1.6    24    43      43    (-,-) 
  g1314634/Y                                                    -       A->Y    R     INVx2_ASAP7_75t_L            3  4.3    21    16      58    (-,-) 
  g1298614/Y                                                    -       A->Y    R     BUFx6f_ASAP7_75t_L           5 11.2    18    21      80    (-,-) 
  g1298613/Y                                                    -       A->Y    F     INVx8_ASAP7_75t_L            8  9.5    12     9      89    (-,-) 
  g1298611/Y                                                    -       B->Y    R     NAND2x1_ASAP7_75t_L          2  1.8    23    13     102    (-,-) 
  g1298609/Y                                                    -       B->Y    R     OR2x2_ASAP7_75t_L            4  4.9    22    25     127    (-,-) 
  g1296834/Y                                                    -       A->Y    R     OR2x6_ASAP7_75t_L           11 10.6    19    26     153    (-,-) 
  g1296842/Y                                                    -       A->Y    F     INVx4_ASAP7_75t_L            3  2.2     8     6     159    (-,-) 
  g1296841/Y                                                    -       B->Y    R     NAND2xp5_ASAP7_75t_L         4  3.6    46    23     182    (-,-) 
  g1295558/Y                                                    -       B1->Y   F     OAI32xp33_ASAP7_75t_L        1  1.0    34    25     207    (-,-) 
  g1305847/Y                                                    -       A->Y    R     INVx1_ASAP7_75t_L            1  0.9    16    12     219    (-,-) 
  g1305846/Y                                                    -       A->Y    F     NAND2xp5_ASAP7_75t_L         1  1.7    23    14     232    (-,-) 
  g1306392/Y                                                    -       B->Y    R     NOR3x1_ASAP7_75t_L           1  1.0    17    13     245    (-,-) 
  PIPELINES[4].ROUNDS[2].U_ROUND_U_SUB_ROM[8].ROM_dout_reg[6]/D -       -       R     DFFASRHQNx1_ASAP7_75t_L      1    -     -     0     245    (-,-) 
#------------------------------------------------------------------------------------------------------------------------------------------------------



Path 40: VIOLATED (-2 ps) Setup Check with Pin PIPELINES[4].ROUNDS[2].U_ROUND_U_SUB_ROM[11].ROM_dout_reg[0]/CLK->D
          Group: clk
     Startpoint: (R) PIPELINES[4].ROUNDS[1].U_ROUND_U_KEY_valid_out_reg/CLK
          Clock: (R) clk
       Endpoint: (R) PIPELINES[4].ROUNDS[2].U_ROUND_U_SUB_ROM[11].ROM_dout_reg[0]/D
          Clock: (R) clk

                     Capture       Launch     
        Clock Edge:+     260            0     
       Src Latency:+       0            0     
       Net Latency:+       0 (I)        0 (I) 
           Arrival:=     260            0     
                                              
             Setup:-      18                  
     Required Time:=     242                  
      Launch Clock:-       0                  
         Data Path:-     245                  
             Slack:=      -2                  

#-------------------------------------------------------------------------------------------------------------------------------------------------------
#                         Timing Point                           Flags    Arc    Edge          Cell            Fanout Load Trans Delay Arrival Instance 
#                                                                                                                     (fF)  (ps)  (ps)   (ps)  Location 
#-------------------------------------------------------------------------------------------------------------------------------------------------------
  PIPELINES[4].ROUNDS[1].U_ROUND_U_KEY_valid_out_reg/CLK         -       -       R     (arrival)                47792    -     0     0       0    (-,-) 
  PIPELINES[4].ROUNDS[1].U_ROUND_U_KEY_valid_out_reg/QN          -       CLK->QN F     DFFASRHQNx1_ASAP7_75t_L      1  1.6    24    43      43    (-,-) 
  g1314634/Y                                                     -       A->Y    R     INVx2_ASAP7_75t_L            3  4.3    21    16      58    (-,-) 
  g1314633/Y                                                     -       A->Y    R     BUFx6f_ASAP7_75t_L           6 12.1    19    22      80    (-,-) 
  fopt1281919/Y                                                  -       A->Y    F     INVx5_ASAP7_75t_L            4  4.9    11     8      88    (-,-) 
  g497970/Y                                                      -       B->Y    F     AND2x4_ASAP7_75t_L           6  5.1    13    18     107    (-,-) 
  g497949/Y                                                      -       B->Y    F     AND2x2_ASAP7_75t_L           3  3.5    15    21     128    (-,-) 
  g497948/Y                                                      -       A->Y    R     INVx3_ASAP7_75t_L            9  7.3    22    14     142    (-,-) 
  g1290816/Y                                                     -       B->Y    F     NOR2x1_ASAP7_75t_L           2  1.8    20    13     155    (-,-) 
  g1290819/Y                                                     -       A->Y    R     INVx1_ASAP7_75t_L            3  2.3    22    15     171    (-,-) 
  g1303902/Y                                                     -       B->Y    R     OR2x2_ASAP7_75t_L            1  1.9    12    20     190    (-,-) 
  g1303901/Y                                                     -       A->Y    F     NAND4xp75_ASAP7_75t_L        1  1.7    24    12     203    (-,-) 
  g1290809/Y                                                     -       B->Y    R     NOR3x1_ASAP7_75t_L           1  0.9    18    12     215    (-,-) 
  g497897/Y                                                      -       A->Y    R     AND5x1_ASAP7_75t_L           1  1.0    17    30     245    (-,-) 
  PIPELINES[4].ROUNDS[2].U_ROUND_U_SUB_ROM[11].ROM_dout_reg[0]/D -       -       R     DFFASRHQNx1_ASAP7_75t_L      1    -     -     0     245    (-,-) 
#-------------------------------------------------------------------------------------------------------------------------------------------------------



Path 41: VIOLATED (-2 ps) Setup Check with Pin PIPELINES[4].ROUNDS[2].U_ROUND_U_SUB_ROM[1].ROM_dout_reg[3]/CLK->D
          Group: clk
     Startpoint: (R) PIPELINES[4].ROUNDS[1].U_ROUND_U_KEY_valid_out_reg/CLK
          Clock: (R) clk
       Endpoint: (R) PIPELINES[4].ROUNDS[2].U_ROUND_U_SUB_ROM[1].ROM_dout_reg[3]/D
          Clock: (R) clk

                     Capture       Launch     
        Clock Edge:+     260            0     
       Src Latency:+       0            0     
       Net Latency:+       0 (I)        0 (I) 
           Arrival:=     260            0     
                                              
             Setup:-      18                  
     Required Time:=     242                  
      Launch Clock:-       0                  
         Data Path:-     245                  
             Slack:=      -2                  

#------------------------------------------------------------------------------------------------------------------------------------------------------
#                         Timing Point                          Flags    Arc    Edge          Cell            Fanout Load Trans Delay Arrival Instance 
#                                                                                                                    (fF)  (ps)  (ps)   (ps)  Location 
#------------------------------------------------------------------------------------------------------------------------------------------------------
  PIPELINES[4].ROUNDS[1].U_ROUND_U_KEY_valid_out_reg/CLK        -       -       R     (arrival)                47792    -     0     0       0    (-,-) 
  PIPELINES[4].ROUNDS[1].U_ROUND_U_KEY_valid_out_reg/QN         -       CLK->QN F     DFFASRHQNx1_ASAP7_75t_L      1  1.6    24    43      43    (-,-) 
  g1314634/Y                                                    -       A->Y    R     INVx2_ASAP7_75t_L            3  4.3    21    16      58    (-,-) 
  g1298614/Y                                                    -       A->Y    R     BUFx6f_ASAP7_75t_L           5 11.2    18    21      80    (-,-) 
  g1298613/Y                                                    -       A->Y    F     INVx8_ASAP7_75t_L            8  9.5    12     9      89    (-,-) 
  g569774/Y                                                     -       B->Y    F     AND2x4_ASAP7_75t_L           7  6.7    15    20     109    (-,-) 
  g1226695/Y                                                    -       B->Y    F     AND2x4_ASAP7_75t_L           4  6.1    13    20     130    (-,-) 
  fopt34778/Y                                                   -       A->Y    R     INVx4_ASAP7_75t_L            6  4.9    13    10     139    (-,-) 
  g1226811/Y                                                    -       B->Y    R     OR2x6_ASAP7_75t_L            5  3.7    10    19     158    (-,-) 
  g7526/Y                                                       -       A1->Y   F     OAI321xp33_ASAP7_75t_L       1  0.9    29    15     173    (-,-) 
  g307016/Y                                                     -       A->Y    R     NOR3xp33_ASAP7_75t_L         1  0.9    32    21     194    (-,-) 
  g1226984/Y                                                    -       C->Y    F     OAI221xp5_ASAP7_75t_L        1  0.9    30    17     211    (-,-) 
  g1310906/Y                                                    -       B->Y    F     OR2x2_ASAP7_75t_L            1  1.8    11    24     235    (-,-) 
  g1310905/Y                                                    -       A->Y    R     NOR3x1_ASAP7_75t_L           1  1.0    17    10     245    (-,-) 
  PIPELINES[4].ROUNDS[2].U_ROUND_U_SUB_ROM[1].ROM_dout_reg[3]/D -       -       R     DFFASRHQNx1_ASAP7_75t_L      1    -     -     0     245    (-,-) 
#------------------------------------------------------------------------------------------------------------------------------------------------------



Path 42: VIOLATED (-2 ps) Setup Check with Pin PIPELINES[4].ROUNDS[2].U_ROUND_U_SUB_ROM[11].ROM_dout_reg[5]/CLK->D
          Group: clk
     Startpoint: (R) PIPELINES[4].ROUNDS[1].U_ROUND_U_KEY_valid_out_reg/CLK
          Clock: (R) clk
       Endpoint: (R) PIPELINES[4].ROUNDS[2].U_ROUND_U_SUB_ROM[11].ROM_dout_reg[5]/D
          Clock: (R) clk

                     Capture       Launch     
        Clock Edge:+     260            0     
       Src Latency:+       0            0     
       Net Latency:+       0 (I)        0 (I) 
           Arrival:=     260            0     
                                              
             Setup:-      18                  
     Required Time:=     242                  
      Launch Clock:-       0                  
         Data Path:-     245                  
             Slack:=      -2                  

#-------------------------------------------------------------------------------------------------------------------------------------------------------
#                         Timing Point                           Flags    Arc    Edge          Cell            Fanout Load Trans Delay Arrival Instance 
#                                                                                                                     (fF)  (ps)  (ps)   (ps)  Location 
#-------------------------------------------------------------------------------------------------------------------------------------------------------
  PIPELINES[4].ROUNDS[1].U_ROUND_U_KEY_valid_out_reg/CLK         -       -       R     (arrival)                47792    -     0     0       0    (-,-) 
  PIPELINES[4].ROUNDS[1].U_ROUND_U_KEY_valid_out_reg/QN          -       CLK->QN F     DFFASRHQNx1_ASAP7_75t_L      1  1.6    24    43      43    (-,-) 
  g1314634/Y                                                     -       A->Y    R     INVx2_ASAP7_75t_L            3  4.3    21    16      58    (-,-) 
  g1314633/Y                                                     -       A->Y    R     BUFx6f_ASAP7_75t_L           6 12.1    19    22      80    (-,-) 
  fopt1281919/Y                                                  -       A->Y    F     INVx5_ASAP7_75t_L            4  4.9    11     8      88    (-,-) 
  g497970/Y                                                      -       B->Y    F     AND2x4_ASAP7_75t_L           6  5.1    13    18     107    (-,-) 
  g498238/Y                                                      -       B->Y    F     AND2x2_ASAP7_75t_L           2  2.4    12    19     126    (-,-) 
  g499256/Y                                                      -       A2->Y   R     AOI22xp5_ASAP7_75t_L         1  0.8    24    13     140    (-,-) 
  g499254/Y                                                      -       C->Y    R     OA211x2_ASAP7_75t_L          1  0.9    10    22     162    (-,-) 
  g1305029/Y                                                     -       B->Y    F     OAI211xp5_ASAP7_75t_L        1  1.3    31    16     178    (-,-) 
  g1305028/Y                                                     -       C->Y    R     AOI221x1_ASAP7_75t_L         1  1.0    25    17     195    (-,-) 
  g1226901/Y                                                     -       B->Y    R     OA21x2_ASAP7_75t_L           1  0.9     9    19     214    (-,-) 
  g499220/Y                                                      -       C->Y    R     AND5x1_ASAP7_75t_L           1  1.0    16    31     245    (-,-) 
  PIPELINES[4].ROUNDS[2].U_ROUND_U_SUB_ROM[11].ROM_dout_reg[5]/D -       -       R     DFFASRHQNx1_ASAP7_75t_L      1    -     -     0     245    (-,-) 
#-------------------------------------------------------------------------------------------------------------------------------------------------------



Path 43: VIOLATED (-2 ps) Setup Check with Pin PIPELINES[4].ROUNDS[2].U_ROUND_U_SUB_ROM[6].ROM_dout_reg[7]/CLK->D
          Group: clk
     Startpoint: (R) PIPELINES[4].ROUNDS[1].U_ROUND_U_KEY_valid_out_reg/CLK
          Clock: (R) clk
       Endpoint: (F) PIPELINES[4].ROUNDS[2].U_ROUND_U_SUB_ROM[6].ROM_dout_reg[7]/D
          Clock: (R) clk

                     Capture       Launch     
        Clock Edge:+     260            0     
       Src Latency:+       0            0     
       Net Latency:+       0 (I)        0 (I) 
           Arrival:=     260            0     
                                              
             Setup:-       6                  
     Required Time:=     254                  
      Launch Clock:-       0                  
         Data Path:-     256                  
             Slack:=      -2                  

#------------------------------------------------------------------------------------------------------------------------------------------------------
#                         Timing Point                          Flags    Arc    Edge          Cell            Fanout Load Trans Delay Arrival Instance 
#                                                                                                                    (fF)  (ps)  (ps)   (ps)  Location 
#------------------------------------------------------------------------------------------------------------------------------------------------------
  PIPELINES[4].ROUNDS[1].U_ROUND_U_KEY_valid_out_reg/CLK        -       -       R     (arrival)                47792    -     0     0       0    (-,-) 
  PIPELINES[4].ROUNDS[1].U_ROUND_U_KEY_valid_out_reg/QN         -       CLK->QN R     DFFASRHQNx1_ASAP7_75t_L      1  1.6    23    44      44    (-,-) 
  g1314634/Y                                                    -       A->Y    F     INVx2_ASAP7_75t_L            3  4.3    18    13      57    (-,-) 
  g1314608/Y                                                    -       A->Y    F     BUFx6f_ASAP7_75t_L           5  8.0    12    20      76    (-,-) 
  fopt1281828/Y                                                 -       A->Y    R     INVx3_ASAP7_75t_L            4  4.9    15    11      87    (-,-) 
  g1283431/Y                                                    -       B->Y    R     AND2x4_ASAP7_75t_L           4  6.4    17    21     108    (-,-) 
  g1283430/Y                                                    -       A->Y    F     INVx5_ASAP7_75t_L           11  9.6    16    11     119    (-,-) 
  g559899/Y                                                     -       A->Y    F     OR2x6_ASAP7_75t_L           12  9.5    17    27     146    (-,-) 
  g551017/Y                                                     -       B->Y    F     OR2x6_ASAP7_75t_L            7  5.5    14    24     171    (-,-) 
  g541022/Y                                                     -       A2->Y   F     OA22x2_ASAP7_75t_L           1  0.9    10    20     191    (-,-) 
  g1226664/Y                                                    -       B->Y    R     OAI211xp5_ASAP7_75t_L        1  1.7    46    16     207    (-,-) 
  g1226646/Y                                                    -       B->Y    F     NOR3x1_ASAP7_75t_L           1  1.7    25    21     228    (-,-) 
  g48932/Y                                                      -       A->Y    R     NAND3x1_ASAP7_75t_L          1  1.4    23    16     244    (-,-) 
  g1226645/Y                                                    -       A->Y    F     NOR2x1_ASAP7_75t_L           1  1.0    15    12     256    (-,-) 
  PIPELINES[4].ROUNDS[2].U_ROUND_U_SUB_ROM[6].ROM_dout_reg[7]/D -       -       F     DFFASRHQNx1_ASAP7_75t_L      1    -     -     0     256    (-,-) 
#------------------------------------------------------------------------------------------------------------------------------------------------------



Path 44: VIOLATED (-2 ps) Setup Check with Pin PIPELINES[4].ROUNDS[2].U_ROUND_U_SUB_ROM[0].ROM_dout_reg[3]/CLK->D
          Group: clk
     Startpoint: (R) PIPELINES[4].ROUNDS[1].U_ROUND_U_KEY_data_out_reg[2]/CLK
          Clock: (R) clk
       Endpoint: (R) PIPELINES[4].ROUNDS[2].U_ROUND_U_SUB_ROM[0].ROM_dout_reg[3]/D
          Clock: (R) clk

                     Capture       Launch     
        Clock Edge:+     260            0     
       Src Latency:+       0            0     
       Net Latency:+       0 (I)        0 (I) 
           Arrival:=     260            0     
                                              
             Setup:-      17                  
     Required Time:=     243                  
      Launch Clock:-       0                  
         Data Path:-     245                  
             Slack:=      -2                  

#------------------------------------------------------------------------------------------------------------------------------------------------------
#                         Timing Point                          Flags    Arc    Edge          Cell            Fanout Load Trans Delay Arrival Instance 
#                                                                                                                    (fF)  (ps)  (ps)   (ps)  Location 
#------------------------------------------------------------------------------------------------------------------------------------------------------
  PIPELINES[4].ROUNDS[1].U_ROUND_U_KEY_data_out_reg[2]/CLK      -       -       R     (arrival)                47792    -     0     0       0    (-,-) 
  PIPELINES[4].ROUNDS[1].U_ROUND_U_KEY_data_out_reg[2]/QN       -       CLK->QN F     DFFASRHQNx1_ASAP7_75t_L      1  1.6    24    43      43    (-,-) 
  g1295955/Y                                                    -       A->Y    R     INVx2_ASAP7_75t_L            5  6.0    27    19      62    (-,-) 
  g1295954/Y                                                    -       A->Y    R     BUFx4f_ASAP7_75t_L           9  8.2    19    23      85    (-,-) 
  fopt1167047/Y                                                 -       A->Y    F     INVx3_ASAP7_75t_L            6  4.9    14    11      96    (-,-) 
  g499648/Y                                                     -       A->Y    F     OR2x2_ASAP7_75t_L            8  5.7    22    27     123    (-,-) 
  g1295967/Y                                                    -       B->Y    R     NAND2xp5_ASAP7_75t_L         2  1.8    27    18     141    (-,-) 
  g500313/Y                                                     -       A->Y    F     INVx1_ASAP7_75t_L            2  1.8    17    12     154    (-,-) 
  g500312/Y                                                     -       A1->Y   R     AOI21xp5_ASAP7_75t_L         1  0.9    26    13     167    (-,-) 
  g500311/Y                                                     -       B2->Y   R     OA222x2_ASAP7_75t_L          1  0.9    12    29     196    (-,-) 
  g1226486/Y                                                    -       B->Y    F     NAND2xp5_ASAP7_75t_L         1  1.8    24    14     210    (-,-) 
  g1226485/Y                                                    -       A->Y    R     NOR3x1_ASAP7_75t_L           1  1.7    24    14     225    (-,-) 
  g1226482/Y                                                    -       B->Y    F     NAND3x1_ASAP7_75t_L          1  1.4    17    10     235    (-,-) 
  g1226475/Y                                                    -       B->Y    R     NOR2x1_ASAP7_75t_L           1  1.0    14    10     245    (-,-) 
  PIPELINES[4].ROUNDS[2].U_ROUND_U_SUB_ROM[0].ROM_dout_reg[3]/D -       -       R     DFFASRHQNx1_ASAP7_75t_L      1    -     -     0     245    (-,-) 
#------------------------------------------------------------------------------------------------------------------------------------------------------



Path 45: VIOLATED (-2 ps) Setup Check with Pin PIPELINES[4].ROUNDS[2].U_ROUND_U_SUB_ROM[5].ROM_dout_reg[6]/CLK->D
          Group: clk
     Startpoint: (R) PIPELINES[4].ROUNDS[1].U_ROUND_U_KEY_valid_out_reg/CLK
          Clock: (R) clk
       Endpoint: (R) PIPELINES[4].ROUNDS[2].U_ROUND_U_SUB_ROM[5].ROM_dout_reg[6]/D
          Clock: (R) clk

                     Capture       Launch     
        Clock Edge:+     260            0     
       Src Latency:+       0            0     
       Net Latency:+       0 (I)        0 (I) 
           Arrival:=     260            0     
                                              
             Setup:-      17                  
     Required Time:=     243                  
      Launch Clock:-       0                  
         Data Path:-     245                  
             Slack:=      -2                  

#------------------------------------------------------------------------------------------------------------------------------------------------------
#                         Timing Point                          Flags    Arc    Edge          Cell            Fanout Load Trans Delay Arrival Instance 
#                                                                                                                    (fF)  (ps)  (ps)   (ps)  Location 
#------------------------------------------------------------------------------------------------------------------------------------------------------
  PIPELINES[4].ROUNDS[1].U_ROUND_U_KEY_valid_out_reg/CLK        -       -       R     (arrival)                47792    -     0     0       0    (-,-) 
  PIPELINES[4].ROUNDS[1].U_ROUND_U_KEY_valid_out_reg/QN         -       CLK->QN F     DFFASRHQNx1_ASAP7_75t_L      1  1.6    24    43      43    (-,-) 
  g1314634/Y                                                    -       A->Y    R     INVx2_ASAP7_75t_L            3  4.3    21    16      58    (-,-) 
  g1298614/Y                                                    -       A->Y    R     BUFx6f_ASAP7_75t_L           5 11.2    18    21      80    (-,-) 
  fopt1281819/Y                                                 -       A->Y    F     INVx2_ASAP7_75t_L            5  4.3    16    12      92    (-,-) 
  g569188/Y                                                     -       B->Y    F     AND2x2_ASAP7_75t_L           3  2.8    13    21     113    (-,-) 
  g14004/Y                                                      -       B->Y    R     NAND2xp5_ASAP7_75t_L         2  1.4    25    14     127    (-,-) 
  g500449/Y                                                     -       A->Y    F     NOR3xp33_ASAP7_75t_L         1  0.9    19    12     139    (-,-) 
  g310613/Y                                                     -       B->Y    R     AOI211xp5_ASAP7_75t_L        1  0.9    34    20     159    (-,-) 
  g1306955/Y                                                    -       C->Y    F     OAI221xp5_ASAP7_75t_L        1  1.4    34    21     180    (-,-) 
  g1285129/Y                                                    -       B->Y    R     NOR2x1_ASAP7_75t_L           1  1.7    23    16     196    (-,-) 
  g1226385/Y                                                    -       C->Y    F     NAND3x1_ASAP7_75t_L          1  1.4    18    10     206    (-,-) 
  g27641/Y                                                      -       C->Y    R     AOI211x1_ASAP7_75t_L         1  1.0    21    14     220    (-,-) 
  g304798/Y                                                     -       A->Y    R     AND4x1_ASAP7_75t_L           1  1.0    15    25     245    (-,-) 
  PIPELINES[4].ROUNDS[2].U_ROUND_U_SUB_ROM[5].ROM_dout_reg[6]/D -       -       R     DFFASRHQNx1_ASAP7_75t_L      1    -     -     0     245    (-,-) 
#------------------------------------------------------------------------------------------------------------------------------------------------------



Path 46: VIOLATED (-2 ps) Setup Check with Pin PIPELINES[0].ROUNDS[8].U_ROUND_U_SUB_ROM[13].ROM_dout_reg[2]/CLK->D
          Group: clk
     Startpoint: (R) PIPELINES[0].ROUNDS[7].U_ROUND_U_KEY_valid_out_reg/CLK
          Clock: (R) clk
       Endpoint: (R) PIPELINES[0].ROUNDS[8].U_ROUND_U_SUB_ROM[13].ROM_dout_reg[2]/D
          Clock: (R) clk

                     Capture       Launch     
        Clock Edge:+     260            0     
       Src Latency:+       0            0     
       Net Latency:+       0 (I)        0 (I) 
           Arrival:=     260            0     
                                              
             Setup:-      17                  
     Required Time:=     243                  
      Launch Clock:-       0                  
         Data Path:-     245                  
             Slack:=      -2                  

#-------------------------------------------------------------------------------------------------------------------------------------------------------
#                         Timing Point                           Flags    Arc    Edge          Cell            Fanout Load Trans Delay Arrival Instance 
#                                                                                                                     (fF)  (ps)  (ps)   (ps)  Location 
#-------------------------------------------------------------------------------------------------------------------------------------------------------
  PIPELINES[0].ROUNDS[7].U_ROUND_U_KEY_valid_out_reg/CLK         -       -       R     (arrival)                47792    -     0     0       0    (-,-) 
  PIPELINES[0].ROUNDS[7].U_ROUND_U_KEY_valid_out_reg/QN          -       CLK->QN F     DFFASRHQNx1_ASAP7_75t_L      1  1.6    24    43      43    (-,-) 
  fopt145/Y                                                      -       A->Y    F     BUFx6f_ASAP7_75t_L           5  7.8    12    21      64    (-,-) 
  fopt1216646/Y                                                  -       A->Y    F     BUFx3_ASAP7_75t_L            3  5.3    14    20      84    (-,-) 
  fopt59434/Y                                                    -       A->Y    F     BUFx6f_ASAP7_75t_L           7  7.9    12    19     102    (-,-) 
  g1218094/Y                                                     -       B->Y    F     AND2x4_ASAP7_75t_L           3  3.4    10    17     120    (-,-) 
  g712630/Y                                                      -       B->Y    F     AND2x4_ASAP7_75t_L           6  5.7    13    19     138    (-,-) 
  g712629/Y                                                      -       B->Y    R     NAND2x1p5_ASAP7_75t_L        2  1.6    16    10     148    (-,-) 
  g714488/Y                                                      -       A2->Y   F     OAI22xp5_ASAP7_75t_L         1  0.9    20    12     160    (-,-) 
  g1218091/Y                                                     -       C->Y    R     AOI321xp33_ASAP7_75t_L       1  1.7    54    31     192    (-,-) 
  g1218079/Y                                                     -       C->Y    F     NAND3x1_ASAP7_75t_L          1  1.9    20    12     204    (-,-) 
  g1218078/Y                                                     -       A->Y    R     NOR4xp75_ASAP7_75t_L         1  1.0    29    15     218    (-,-) 
  g714472/Y                                                      -       A->Y    R     AND4x1_ASAP7_75t_L           1  1.0    15    27     245    (-,-) 
  PIPELINES[0].ROUNDS[8].U_ROUND_U_SUB_ROM[13].ROM_dout_reg[2]/D -       -       R     DFFASRHQNx1_ASAP7_75t_L      1    -     -     0     245    (-,-) 
#-------------------------------------------------------------------------------------------------------------------------------------------------------



Path 47: VIOLATED (-2 ps) Setup Check with Pin PIPELINES[0].ROUNDS[8].U_ROUND_U_SUB_ROM[2].ROM_dout_reg[2]/CLK->D
          Group: clk
     Startpoint: (R) PIPELINES[0].ROUNDS[7].U_ROUND_U_KEY_valid_out_reg/CLK
          Clock: (R) clk
       Endpoint: (R) PIPELINES[0].ROUNDS[8].U_ROUND_U_SUB_ROM[2].ROM_dout_reg[2]/D
          Clock: (R) clk

                     Capture       Launch     
        Clock Edge:+     260            0     
       Src Latency:+       0            0     
       Net Latency:+       0 (I)        0 (I) 
           Arrival:=     260            0     
                                              
             Setup:-      17                  
     Required Time:=     243                  
      Launch Clock:-       0                  
         Data Path:-     245                  
             Slack:=      -2                  

#------------------------------------------------------------------------------------------------------------------------------------------------------
#                         Timing Point                          Flags    Arc    Edge          Cell            Fanout Load Trans Delay Arrival Instance 
#                                                                                                                    (fF)  (ps)  (ps)   (ps)  Location 
#------------------------------------------------------------------------------------------------------------------------------------------------------
  PIPELINES[0].ROUNDS[7].U_ROUND_U_KEY_valid_out_reg/CLK        -       -       R     (arrival)                47792    -     0     0       0    (-,-) 
  PIPELINES[0].ROUNDS[7].U_ROUND_U_KEY_valid_out_reg/QN         -       CLK->QN F     DFFASRHQNx1_ASAP7_75t_L      1  1.6    24    43      43    (-,-) 
  fopt145/Y                                                     -       A->Y    F     BUFx6f_ASAP7_75t_L           5  7.8    12    21      64    (-,-) 
  fopt1142891/Y                                                 -       A->Y    F     BUFx6f_ASAP7_75t_L           6  8.7    13    18      82    (-,-) 
  fopt37598/Y                                                   -       A->Y    F     BUFx12f_ASAP7_75t_L          9 12.9    12    18     100    (-,-) 
  fopt1142889/Y                                                 -       A->Y    R     INVx4_ASAP7_75t_L            5  5.7    14    10     110    (-,-) 
  fopt1142888/Y                                                 -       A->Y    F     INVx2_ASAP7_75t_L            1  1.5     8     6     116    (-,-) 
  g712770/Y                                                     -       A->Y    F     AND2x4_ASAP7_75t_L           7  6.1    14    19     136    (-,-) 
  g713052/Y                                                     -       A->Y    R     INVx1_ASAP7_75t_L            2  1.3    14    10     146    (-,-) 
  g713051/Y                                                     -       A->Y    F     NOR2xp33_ASAP7_75t_L         2  1.7    37    22     168    (-,-) 
  g714534/Y                                                     -       C->Y    R     AOI211xp5_ASAP7_75t_L        1  1.1    40    24     192    (-,-) 
  g1307236/Y                                                    -       B->Y    F     NAND2xp67_ASAP7_75t_L        1  1.3    21    14     205    (-,-) 
  g1307235/Y                                                    -       B->Y    R     AOI211x1_ASAP7_75t_L         1  1.0    22    14     220    (-,-) 
  g1307237/Y                                                    -       B->Y    R     AND4x1_ASAP7_75t_L           1  1.0    15    26     245    (-,-) 
  PIPELINES[0].ROUNDS[8].U_ROUND_U_SUB_ROM[2].ROM_dout_reg[2]/D -       -       R     DFFASRHQNx1_ASAP7_75t_L      1    -     -     0     245    (-,-) 
#------------------------------------------------------------------------------------------------------------------------------------------------------



Path 48: VIOLATED (-2 ps) Setup Check with Pin PIPELINES[0].ROUNDS[8].U_ROUND_U_SUB_ROM[10].ROM_dout_reg[3]/CLK->D
          Group: clk
     Startpoint: (R) PIPELINES[0].ROUNDS[7].U_ROUND_U_KEY_valid_out_reg/CLK
          Clock: (R) clk
       Endpoint: (R) PIPELINES[0].ROUNDS[8].U_ROUND_U_SUB_ROM[10].ROM_dout_reg[3]/D
          Clock: (R) clk

                     Capture       Launch     
        Clock Edge:+     260            0     
       Src Latency:+       0            0     
       Net Latency:+       0 (I)        0 (I) 
           Arrival:=     260            0     
                                              
             Setup:-      18                  
     Required Time:=     242                  
      Launch Clock:-       0                  
         Data Path:-     245                  
             Slack:=      -2                  

#-------------------------------------------------------------------------------------------------------------------------------------------------------
#                         Timing Point                           Flags    Arc    Edge          Cell            Fanout Load Trans Delay Arrival Instance 
#                                                                                                                     (fF)  (ps)  (ps)   (ps)  Location 
#-------------------------------------------------------------------------------------------------------------------------------------------------------
  PIPELINES[0].ROUNDS[7].U_ROUND_U_KEY_valid_out_reg/CLK         -       -       R     (arrival)                47792    -     0     0       0    (-,-) 
  PIPELINES[0].ROUNDS[7].U_ROUND_U_KEY_valid_out_reg/QN          -       CLK->QN F     DFFASRHQNx1_ASAP7_75t_L      1  1.6    24    43      43    (-,-) 
  fopt145/Y                                                      -       A->Y    F     BUFx6f_ASAP7_75t_L           5  7.8    12    21      64    (-,-) 
  fopt1216646/Y                                                  -       A->Y    F     BUFx3_ASAP7_75t_L            3  5.3    14    20      84    (-,-) 
  g1217190/Y                                                     -       A->Y    F     AND2x6_ASAP7_75t_L          12  9.7    15    25     109    (-,-) 
  g721051/Y                                                      -       B->Y    F     AND2x4_ASAP7_75t_L           3  2.8     9    18     127    (-,-) 
  g723249/Y                                                      -       A3->Y   R     AOI33xp33_ASAP7_75t_L        1  0.9    40    21     148    (-,-) 
  g723248/Y                                                      -       C->Y    F     OAI321xp33_ASAP7_75t_L       1  0.9    31    20     168    (-,-) 
  g723245/Y                                                      -       B->Y    R     AOI211xp5_ASAP7_75t_L        1  0.8    32    21     189    (-,-) 
  g723243/Y                                                      -       B->Y    R     OA211x2_ASAP7_75t_L          1  0.9    11    24     213    (-,-) 
  g723211/Y                                                      -       C->Y    R     AND5x1_ASAP7_75t_L           1  1.0    17    32     245    (-,-) 
  PIPELINES[0].ROUNDS[8].U_ROUND_U_SUB_ROM[10].ROM_dout_reg[3]/D -       -       R     DFFASRHQNx1_ASAP7_75t_L      1    -     -     0     245    (-,-) 
#-------------------------------------------------------------------------------------------------------------------------------------------------------



Path 49: VIOLATED (-2 ps) Setup Check with Pin PIPELINES[0].ROUNDS[8].U_ROUND_U_SUB_ROM[10].ROM_dout_reg[2]/CLK->D
          Group: clk
     Startpoint: (R) PIPELINES[0].ROUNDS[7].U_ROUND_U_KEY_valid_out_reg/CLK
          Clock: (R) clk
       Endpoint: (R) PIPELINES[0].ROUNDS[8].U_ROUND_U_SUB_ROM[10].ROM_dout_reg[2]/D
          Clock: (R) clk

                     Capture       Launch     
        Clock Edge:+     260            0     
       Src Latency:+       0            0     
       Net Latency:+       0 (I)        0 (I) 
           Arrival:=     260            0     
                                              
             Setup:-      20                  
     Required Time:=     240                  
      Launch Clock:-       0                  
         Data Path:-     242                  
             Slack:=      -2                  

#-------------------------------------------------------------------------------------------------------------------------------------------------------
#                         Timing Point                           Flags    Arc    Edge          Cell            Fanout Load Trans Delay Arrival Instance 
#                                                                                                                     (fF)  (ps)  (ps)   (ps)  Location 
#-------------------------------------------------------------------------------------------------------------------------------------------------------
  PIPELINES[0].ROUNDS[7].U_ROUND_U_KEY_valid_out_reg/CLK         -       -       R     (arrival)                47792    -     0     0       0    (-,-) 
  PIPELINES[0].ROUNDS[7].U_ROUND_U_KEY_valid_out_reg/QN          -       CLK->QN R     DFFASRHQNx1_ASAP7_75t_L      1  1.6    23    44      44    (-,-) 
  fopt145/Y                                                      -       A->Y    R     BUFx6f_ASAP7_75t_L           5  7.8    14    19      63    (-,-) 
  fopt1216646/Y                                                  -       A->Y    R     BUFx3_ASAP7_75t_L            3  5.4    17    20      83    (-,-) 
  fopt59434/Y                                                    -       A->Y    R     BUFx6f_ASAP7_75t_L           7  7.9    14    18     101    (-,-) 
  fopt9675/Y                                                     -       A->Y    R     BUFx12f_ASAP7_75t_L          9 12.1    13    17     119    (-,-) 
  fopt1142781/Y                                                  -       A->Y    F     INVx6_ASAP7_75t_L            9  6.2    10     7     126    (-,-) 
  g723381/Y                                                      -       B1->Y   R     AOI32xp33_ASAP7_75t_L        1  1.0    37    21     147    (-,-) 
  g723378/Y                                                      -       B->Y    R     OA21x2_ASAP7_75t_L           1  0.9    10    20     168    (-,-) 
  g1217249/Y                                                     -       C->Y    F     OAI221xp5_ASAP7_75t_L        1  0.9    29    14     182    (-,-) 
  g1217248/Y                                                     -       B->Y    R     AOI311xp33_ASAP7_75t_L       1  1.7    52    31     213    (-,-) 
  g1217242/Y                                                     -       C->Y    F     NAND3x1_ASAP7_75t_L          1  1.9    20    12     225    (-,-) 
  g1217241/Y                                                     -       B->Y    R     NOR4xp75_ASAP7_75t_L         1  1.0    29    17     242    (-,-) 
  PIPELINES[0].ROUNDS[8].U_ROUND_U_SUB_ROM[10].ROM_dout_reg[2]/D -       -       R     DFFASRHQNx1_ASAP7_75t_L      1    -     -     0     242    (-,-) 
#-------------------------------------------------------------------------------------------------------------------------------------------------------



Path 50: VIOLATED (-2 ps) Setup Check with Pin PIPELINES[2].ROUNDS[8].U_ROUND_U_SUB_ROM[14].ROM_dout_reg[5]/CLK->D
          Group: clk
     Startpoint: (R) PIPELINES[2].ROUNDS[7].U_ROUND_U_KEY_valid_out_reg/CLK
          Clock: (R) clk
       Endpoint: (R) PIPELINES[2].ROUNDS[8].U_ROUND_U_SUB_ROM[14].ROM_dout_reg[5]/D
          Clock: (R) clk

                     Capture       Launch     
        Clock Edge:+     260            0     
       Src Latency:+       0            0     
       Net Latency:+       0 (I)        0 (I) 
           Arrival:=     260            0     
                                              
             Setup:-      17                  
     Required Time:=     243                  
      Launch Clock:-       0                  
         Data Path:-     245                  
             Slack:=      -2                  

#-------------------------------------------------------------------------------------------------------------------------------------------------------
#                         Timing Point                           Flags    Arc    Edge          Cell            Fanout Load Trans Delay Arrival Instance 
#                                                                                                                     (fF)  (ps)  (ps)   (ps)  Location 
#-------------------------------------------------------------------------------------------------------------------------------------------------------
  PIPELINES[2].ROUNDS[7].U_ROUND_U_KEY_valid_out_reg/CLK         -       -       R     (arrival)                47792    -     0     0       0    (-,-) 
  PIPELINES[2].ROUNDS[7].U_ROUND_U_KEY_valid_out_reg/QN          -       CLK->QN F     DFFASRHQNx1_ASAP7_75t_L      1  1.6    24    43      43    (-,-) 
  fopt67390/Y                                                    -       A->Y    F     BUFx6f_ASAP7_75t_L           6 10.2    15    22      65    (-,-) 
  g1212697/Y                                                     -       A->Y    F     BUFx12f_ASAP7_75t_L         17 17.5    14    20      85    (-,-) 
  g1215123/Y                                                     -       B->Y    F     AND2x4_ASAP7_75t_L           8  8.1    17    22     107    (-,-) 
  g1215142/Y                                                     -       B->Y    F     AND2x4_ASAP7_75t_L           6  7.3    15    22     129    (-,-) 
  fopt47035/Y                                                    -       A->Y    R     INVx4_ASAP7_75t_L            3  3.3    11     8     137    (-,-) 
  g834904/Y                                                      -       A->Y    R     OR2x6_ASAP7_75t_L            8  7.6    15    21     158    (-,-) 
  g835065/Y                                                      -       A->Y    F     INVx4_ASAP7_75t_L            1  2.0     7     6     163    (-,-) 
  g1309490/Y                                                     -       B->Y    R     NAND2x1p5_ASAP7_75t_L        3  2.3    19    10     173    (-,-) 
  g1312818/Y                                                     -       C->Y    F     OAI221xp5_ASAP7_75t_L        1  0.9    26    16     189    (-,-) 
  g1312817/Y                                                     -       A->Y    F     OR2x2_ASAP7_75t_L            1  1.4    10    22     211    (-,-) 
  g1215209/Y                                                     -       A->Y    R     NOR2x1_ASAP7_75t_L           1  1.0    14    10     220    (-,-) 
  g255229/Y                                                      -       C->Y    R     AND4x1_ASAP7_75t_L           1  1.0    15    25     245    (-,-) 
  PIPELINES[2].ROUNDS[8].U_ROUND_U_SUB_ROM[14].ROM_dout_reg[5]/D -       -       R     DFFASRHQNx1_ASAP7_75t_L      1    -     -     0     245    (-,-) 
#-------------------------------------------------------------------------------------------------------------------------------------------------------

