============================================================
  Generated by:           Genus(TM) Synthesis Solution 21.17-s066_1
  Generated on:           Jul 12 2025  08:48:38 pm
  Module:                 Top_PipelinedMultiCipher
  Operating conditions:   PVT_0P7V_25C 
  Interconnect mode:      global
  Area mode:              physical library
============================================================


Path 1: VIOLATED (-69 ps) Setup Check with Pin PIPELINES[2].U_SUB_ROM[6].ROM_dout_reg[6]/clk->d
          Group: clk
     Startpoint: (R) PIPELINES[2].ROUNDS[8].U_ROUND_U_KEY_data_out_reg[49]/clk
          Clock: (R) clk
       Endpoint: (R) PIPELINES[2].U_SUB_ROM[6].ROM_dout_reg[6]/d
          Clock: (R) clk

                     Capture       Launch     
        Clock Edge:+     260            0     
       Src Latency:+       0            0     
       Net Latency:+       0 (I)        0 (I) 
           Arrival:=     260            0     
                                              
             Setup:-       9                  
     Required Time:=     251                  
      Launch Clock:-       0                  
         Data Path:-     320                  
             Slack:=     -69                  

#--------------------------------------------------------------------------------------------------------------------------------------------
#                       Timing Point                        Flags    Arc    Edge       Cell         Fanout Load Trans Delay Arrival Instance 
#                                                                                                          (fF)  (ps)  (ps)   (ps)  Location 
#--------------------------------------------------------------------------------------------------------------------------------------------
  PIPELINES[2].ROUNDS[8].U_ROUND_U_KEY_data_out_reg[49]/clk -       -       R     (arrival)          47792    -     0     0       0    (-,-) 
  PIPELINES[2].ROUNDS[8].U_ROUND_U_KEY_data_out_reg[49]/q   (u)     clk->q  R     unmapped_d_flop       35 35.0     0    90      90    (-,-) 
  g100797/z                                                 (u)     in_1->z F     unmapped_nand2        18 18.0     0    31     122    (-,-) 
  g100796/z                                                 (u)     in_0->z F     unmapped_complex2     18 18.0     0    31     153    (-,-) 
  g187128/z                                                 (u)     in_1->z F     unmapped_or2           3  3.0     0    15     168    (-,-) 
  g101129/z                                                 (u)     in_1->z F     unmapped_complex3      1  1.0     0    13     181    (-,-) 
  g101128/z                                                 (u)     in_0->z R     unmapped_complex4      1  1.0     0     9     190    (-,-) 
  g335254/z                                                 (u)     in_0->z R     unmapped_complex3      1  1.0     0     9     199    (-,-) 
  g101126/z                                                 (u)     in_0->z R     unmapped_complex3      1  1.0     0     9     208    (-,-) 
  g101125/z                                                 (u)     in_0->z R     unmapped_complex4      1  1.0     0     9     217    (-,-) 
  g101124/z                                                 (u)     in_0->z R     unmapped_complex3      1  1.0     0    13     230    (-,-) 
  g101123/z                                                 (u)     in_0->z R     unmapped_complex4      1  1.0     0    13     243    (-,-) 
  g236679/z                                                 (u)     in_0->z R     unmapped_complex4      1  1.0     0    13     256    (-,-) 
  g243366/z                                                 (u)     in_3->z R     unmapped_complex4      1  1.0     0    13     268    (-,-) 
  g164293/z                                                 (u)     in_1->z R     unmapped_or2           1  1.0     0     9     277    (-,-) 
  g242184/z                                                 (u)     in_0->z R     unmapped_or4           1  1.0     0    17     294    (-,-) 
  g242775/z                                                 (u)     in_0->z R     unmapped_or3           1  1.0     0    13     307    (-,-) 
  g241407/z                                                 (u)     in_0->z R     unmapped_complex4      1  1.0     0    13     320    (-,-) 
  PIPELINES[2].U_SUB_ROM[6].ROM_dout_reg[6]/d               -       -       R     unmapped_d_flop        1    -     -     0     320    (-,-) 
#--------------------------------------------------------------------------------------------------------------------------------------------

(u) : Net has unmapped pin(s).



Path 2: VIOLATED (-60 ps) Setup Check with Pin PIPELINES[2].ROUNDS[7].U_ROUND_U_SUB_ROM[5].ROM_dout_reg[1]/clk->d
          Group: clk
     Startpoint: (R) PIPELINES[2].ROUNDS[6].U_ROUND_U_KEY_data_out_reg[41]/clk
          Clock: (R) clk
       Endpoint: (R) PIPELINES[2].ROUNDS[7].U_ROUND_U_SUB_ROM[5].ROM_dout_reg[1]/d
          Clock: (R) clk

                     Capture       Launch     
        Clock Edge:+     260            0     
       Src Latency:+       0            0     
       Net Latency:+       0 (I)        0 (I) 
           Arrival:=     260            0     
                                              
             Setup:-       9                  
     Required Time:=     251                  
      Launch Clock:-       0                  
         Data Path:-     312                  
             Slack:=     -60                  

#------------------------------------------------------------------------------------------------------------------------------------------------
#                         Timing Point                          Flags    Arc    Edge       Cell         Fanout Load Trans Delay Arrival Instance 
#                                                                                                              (fF)  (ps)  (ps)   (ps)  Location 
#------------------------------------------------------------------------------------------------------------------------------------------------
  PIPELINES[2].ROUNDS[6].U_ROUND_U_KEY_data_out_reg[41]/clk     -       -       R     (arrival)          47792    -     0     0       0    (-,-) 
  PIPELINES[2].ROUNDS[6].U_ROUND_U_KEY_data_out_reg[41]/q       (u)     clk->q  R     unmapped_d_flop       36 36.0     0    91      91    (-,-) 
  g89681/z                                                      (u)     in_0->z F     unmapped_nand2        19 19.0     0    32     122    (-,-) 
  g89683/z                                                      (u)     in_0->z F     unmapped_complex2     18 18.0     0    31     154    (-,-) 
  g89720/z                                                      (u)     in_0->z F     unmapped_complex2      5  5.0     0    19     173    (-,-) 
  g90032/z                                                      (u)     in_1->z F     unmapped_complex3      1  1.0     0    13     186    (-,-) 
  g90031/z                                                      (u)     in_0->z R     unmapped_complex3      1  1.0     0     9     195    (-,-) 
  g239671/z                                                     (u)     in_0->z R     unmapped_complex4      1  1.0     0    13     208    (-,-) 
  g240863/z                                                     (u)     in_0->z R     unmapped_complex4      1  1.0     0    13     220    (-,-) 
  g218995/z                                                     (u)     in_0->z R     unmapped_complex4      1  1.0     0     9     229    (-,-) 
  g90028/z                                                      (u)     in_1->z R     unmapped_or2           1  1.0     0     9     238    (-,-) 
  g90027/z                                                      (u)     in_0->z R     unmapped_complex4      1  1.0     0    17     255    (-,-) 
  g90026/z                                                      (u)     in_0->z R     unmapped_complex4      1  1.0     0     9     264    (-,-) 
  g164621/z                                                     (u)     in_0->z R     unmapped_or2           1  1.0     0     9     273    (-,-) 
  g241937/z                                                     (u)     in_0->z R     unmapped_complex4      1  1.0     0    13     286    (-,-) 
  g241532/z                                                     (u)     in_0->z R     unmapped_complex4      1  1.0     0    13     299    (-,-) 
  g242618/z                                                     (u)     in_0->z R     unmapped_complex4      1  1.0     0    13     312    (-,-) 
  PIPELINES[2].ROUNDS[7].U_ROUND_U_SUB_ROM[5].ROM_dout_reg[1]/d -       -       R     unmapped_d_flop        1    -     -     0     312    (-,-) 
#------------------------------------------------------------------------------------------------------------------------------------------------

(u) : Net has unmapped pin(s).



Path 3: VIOLATED (-60 ps) Setup Check with Pin PIPELINES[1].ROUNDS[5].U_ROUND_U_SUB_ROM[14].ROM_dout_reg[6]/clk->d
          Group: clk
     Startpoint: (R) PIPELINES[1].ROUNDS[4].U_ROUND_U_KEY_data_out_reg[113]/clk
          Clock: (R) clk
       Endpoint: (R) PIPELINES[1].ROUNDS[5].U_ROUND_U_SUB_ROM[14].ROM_dout_reg[6]/d
          Clock: (R) clk

                     Capture       Launch     
        Clock Edge:+     260            0     
       Src Latency:+       0            0     
       Net Latency:+       0 (I)        0 (I) 
           Arrival:=     260            0     
                                              
             Setup:-       9                  
     Required Time:=     251                  
      Launch Clock:-       0                  
         Data Path:-     311                  
             Slack:=     -60                  

#-------------------------------------------------------------------------------------------------------------------------------------------------
#                         Timing Point                           Flags    Arc    Edge       Cell         Fanout Load Trans Delay Arrival Instance 
#                                                                                                               (fF)  (ps)  (ps)   (ps)  Location 
#-------------------------------------------------------------------------------------------------------------------------------------------------
  PIPELINES[1].ROUNDS[4].U_ROUND_U_KEY_data_out_reg[113]/clk     -       -       R     (arrival)          47792    -     0     0       0    (-,-) 
  PIPELINES[1].ROUNDS[4].U_ROUND_U_KEY_data_out_reg[113]/q       (u)     clk->q  R     unmapped_d_flop       39 39.0     0    91      91    (-,-) 
  g119144/z                                                      (u)     in_1->z F     unmapped_nand2        19 19.0     0    32     123    (-,-) 
  g119143/z                                                      (u)     in_0->z F     unmapped_complex2     16 16.0     0    30     153    (-,-) 
  g1201266/z                                                     (u)     in_0->z R     unmapped_complex4      1  1.0     0    18     171    (-,-) 
  g1215257/z                                                     (u)     in_1->z F     unmapped_complex4      1  1.0     0    18     189    (-,-) 
  g1218051/z                                                     (u)     in_0->z R     unmapped_complex4      1  1.0     0    13     202    (-,-) 
  g1204500/z                                                     (u)     in_0->z R     unmapped_complex4      1  1.0     0     9     211    (-,-) 
  g1200042/z                                                     (u)     in_0->z R     unmapped_complex4      1  1.0     0     9     220    (-,-) 
  g1216514/z                                                     (u)     in_0->z R     unmapped_complex3      1  1.0     0     9     229    (-,-) 
  g1222455/z                                                     (u)     in_0->z R     unmapped_complex4      1  1.0     0    13     242    (-,-) 
  g1205490/z                                                     (u)     in_0->z R     unmapped_complex4      1  1.0     0     9     250    (-,-) 
  g119245/z                                                      (u)     in_0->z R     unmapped_complex4      1  1.0     0     9     259    (-,-) 
  g1224444/z                                                     (u)     in_1->z R     unmapped_or3           1  1.0     0    13     272    (-,-) 
  g1215581/z                                                     (u)     in_0->z R     unmapped_complex4      1  1.0     0     9     281    (-,-) 
  g1223314/z                                                     (u)     in_0->z R     unmapped_or3           1  1.0     0    13     294    (-,-) 
  g1224177/z                                                     (u)     in_0->z R     unmapped_or4           1  1.0     0    17     311    (-,-) 
  PIPELINES[1].ROUNDS[5].U_ROUND_U_SUB_ROM[14].ROM_dout_reg[6]/d -       -       R     unmapped_d_flop        1    -     -     0     311    (-,-) 
#-------------------------------------------------------------------------------------------------------------------------------------------------

(u) : Net has unmapped pin(s).



Path 4: VIOLATED (-59 ps) Setup Check with Pin PIPELINES[6].ROUNDS[0].U_ROUND_U_SUB_ROM[12].ROM_dout_reg[1]/clk->d
          Group: clk
     Startpoint: (R) PIPELINES[6].U0_ARK_data_out_reg[97]/clk
          Clock: (R) clk
       Endpoint: (R) PIPELINES[6].ROUNDS[0].U_ROUND_U_SUB_ROM[12].ROM_dout_reg[1]/d
          Clock: (R) clk

                     Capture       Launch     
        Clock Edge:+     260            0     
       Src Latency:+       0            0     
       Net Latency:+       0 (I)        0 (I) 
           Arrival:=     260            0     
                                              
             Setup:-       9                  
     Required Time:=     251                  
      Launch Clock:-       0                  
         Data Path:-     310                  
             Slack:=     -59                  

#-------------------------------------------------------------------------------------------------------------------------------------------------
#                         Timing Point                           Flags    Arc    Edge       Cell         Fanout Load Trans Delay Arrival Instance 
#                                                                                                               (fF)  (ps)  (ps)   (ps)  Location 
#-------------------------------------------------------------------------------------------------------------------------------------------------
  PIPELINES[6].U0_ARK_data_out_reg[97]/clk                       -       -       R     (arrival)          47792    -     0     0       0    (-,-) 
  PIPELINES[6].U0_ARK_data_out_reg[97]/q                         (u)     clk->q  R     unmapped_d_flop       39 39.0     0    91      91    (-,-) 
  g18556/z                                                       (u)     in_1->z F     unmapped_nand2        19 19.0     0    32     123    (-,-) 
  g139377/z                                                      (u)     in_0->z F     unmapped_complex2     19 19.0     0    32     155    (-,-) 
  g131677/z                                                      (u)     in_0->z F     unmapped_complex2      5  5.0     0    19     174    (-,-) 
  g217911/z                                                      (u)     in_2->z R     unmapped_complex4      1  1.0     0    22     196    (-,-) 
  g222647/z                                                      (u)     in_0->z R     unmapped_complex4      1  1.0     0    13     209    (-,-) 
  g223461/z                                                      (u)     in_0->z R     unmapped_complex4      1  1.0     0    13     222    (-,-) 
  g225768/z                                                      (u)     in_1->z R     unmapped_complex4      1  1.0     0    13     234    (-,-) 
  g221808/z                                                      (u)     in_0->z R     unmapped_complex4      1  1.0     0    17     251    (-,-) 
  g222557/z                                                      (u)     in_0->z R     unmapped_or4           1  1.0     0    17     268    (-,-) 
  g226474/z                                                      (u)     in_2->z R     unmapped_or4           1  1.0     0    17     284    (-,-) 
  g107950/z                                                      (u)     in_0->z R     unmapped_or2           1  1.0     0     9     293    (-,-) 
  g225738/z                                                      (u)     in_0->z R     unmapped_or4           1  1.0     0    17     310    (-,-) 
  PIPELINES[6].ROUNDS[0].U_ROUND_U_SUB_ROM[12].ROM_dout_reg[1]/d -       -       R     unmapped_d_flop        1    -     -     0     310    (-,-) 
#-------------------------------------------------------------------------------------------------------------------------------------------------

(u) : Net has unmapped pin(s).



Path 5: VIOLATED (-58 ps) Setup Check with Pin PIPELINES[3].ROUNDS[3].U_ROUND_U_SUB_ROM[11].ROM_dout_reg[6]/clk->d
          Group: clk
     Startpoint: (R) PIPELINES[3].ROUNDS[2].U_ROUND_U_KEY_data_out_reg[95]/clk
          Clock: (R) clk
       Endpoint: (R) PIPELINES[3].ROUNDS[3].U_ROUND_U_SUB_ROM[11].ROM_dout_reg[6]/d
          Clock: (R) clk

                     Capture       Launch     
        Clock Edge:+     260            0     
       Src Latency:+       0            0     
       Net Latency:+       0 (I)        0 (I) 
           Arrival:=     260            0     
                                              
             Setup:-       9                  
     Required Time:=     251                  
      Launch Clock:-       0                  
         Data Path:-     309                  
             Slack:=     -58                  

#-------------------------------------------------------------------------------------------------------------------------------------------------
#                         Timing Point                           Flags    Arc    Edge       Cell         Fanout Load Trans Delay Arrival Instance 
#                                                                                                               (fF)  (ps)  (ps)   (ps)  Location 
#-------------------------------------------------------------------------------------------------------------------------------------------------
  PIPELINES[3].ROUNDS[2].U_ROUND_U_KEY_data_out_reg[95]/clk      -       -       R     (arrival)          47792    -     0     0       0    (-,-) 
  PIPELINES[3].ROUNDS[2].U_ROUND_U_KEY_data_out_reg[95]/q        (u)     clk->q  F     unmapped_d_flop       41 41.0     0    92      92    (-,-) 
  g622599/z                                                      (u)     in_1->z F     unmapped_complex2     24 24.0     0    34     125    (-,-) 
  g726484/z                                                      (u)     in_1->z F     unmapped_or2           7  7.0     0    22     148    (-,-) 
  g745150/z                                                      (u)     in_0->z R     unmapped_complex4      1  1.0     0    18     165    (-,-) 
  g763867/z                                                      (u)     in_1->z F     unmapped_complex4      1  1.0     0    18     183    (-,-) 
  g767629/z                                                      (u)     in_1->z R     unmapped_complex4      1  1.0     0    13     196    (-,-) 
  g697381/z                                                      (u)     in_0->z R     unmapped_or2           1  1.0     0     9     205    (-,-) 
  g769610/z                                                      (u)     in_0->z R     unmapped_complex4      1  1.0     0    13     218    (-,-) 
  g743715/z                                                      (u)     in_0->z R     unmapped_complex4      1  1.0     0     9     227    (-,-) 
  g763874/z                                                      (u)     in_0->z R     unmapped_complex4      1  1.0     0    13     240    (-,-) 
  g761007/z                                                      (u)     in_0->z R     unmapped_complex3      1  1.0     0     9     248    (-,-) 
  g761391/z                                                      (u)     in_0->z R     unmapped_complex4      1  1.0     0     9     257    (-,-) 
  g759888/z                                                      (u)     in_0->z R     unmapped_complex4      1  1.0     0     9     266    (-,-) 
  g772464/z                                                      (u)     in_0->z R     unmapped_complex4      1  1.0     0    17     283    (-,-) 
  g768832/z                                                      (u)     in_0->z R     unmapped_complex4      1  1.0     0    13     296    (-,-) 
  g774246/z                                                      (u)     in_0->z R     unmapped_complex4      1  1.0     0    13     309    (-,-) 
  PIPELINES[3].ROUNDS[3].U_ROUND_U_SUB_ROM[11].ROM_dout_reg[6]/d -       -       R     unmapped_d_flop        1    -     -     0     309    (-,-) 
#-------------------------------------------------------------------------------------------------------------------------------------------------

(u) : Net has unmapped pin(s).



Path 6: VIOLATED (-57 ps) Setup Check with Pin PIPELINES[6].ROUNDS[5].U_ROUND_U_SUB_ROM[4].ROM_dout_reg[6]/clk->d
          Group: clk
     Startpoint: (R) PIPELINES[6].ROUNDS[4].U_ROUND_U_KEY_data_out_reg[33]/clk
          Clock: (R) clk
       Endpoint: (R) PIPELINES[6].ROUNDS[5].U_ROUND_U_SUB_ROM[4].ROM_dout_reg[6]/d
          Clock: (R) clk

                     Capture       Launch     
        Clock Edge:+     260            0     
       Src Latency:+       0            0     
       Net Latency:+       0 (I)        0 (I) 
           Arrival:=     260            0     
                                              
             Setup:-       9                  
     Required Time:=     251                  
      Launch Clock:-       0                  
         Data Path:-     308                  
             Slack:=     -57                  

#------------------------------------------------------------------------------------------------------------------------------------------------
#                         Timing Point                          Flags    Arc    Edge       Cell         Fanout Load Trans Delay Arrival Instance 
#                                                                                                              (fF)  (ps)  (ps)   (ps)  Location 
#------------------------------------------------------------------------------------------------------------------------------------------------
  PIPELINES[6].ROUNDS[4].U_ROUND_U_KEY_data_out_reg[33]/clk     -       -       R     (arrival)          47792    -     0     0       0    (-,-) 
  PIPELINES[6].ROUNDS[4].U_ROUND_U_KEY_data_out_reg[33]/q       (u)     clk->q  R     unmapped_d_flop       38 38.0     0    91      91    (-,-) 
  g21454/z                                                      (u)     in_1->z F     unmapped_nand2        18 18.0     0    31     122    (-,-) 
  g1158588/z                                                    (u)     in_0->z F     unmapped_complex2     14 14.0     0    29     151    (-,-) 
  g1174800/z                                                    (u)     in_2->z F     unmapped_complex3      1  1.0     0    13     164    (-,-) 
  g1163838/z                                                    (u)     in_0->z R     unmapped_complex3      1  1.0     0     9     173    (-,-) 
  g1174804/z                                                    (u)     in_0->z R     unmapped_complex4      1  1.0     0     9     182    (-,-) 
  g1174807/z                                                    (u)     in_0->z R     unmapped_complex3      1  1.0     0     9     191    (-,-) 
  g1182740/z                                                    (u)     in_0->z R     unmapped_complex3      1  1.0     0     9     200    (-,-) 
  g1193813/z                                                    (u)     in_0->z R     unmapped_complex3      1  1.0     0     9     208    (-,-) 
  g1174812/z                                                    (u)     in_0->z R     unmapped_complex3      1  1.0     0     9     217    (-,-) 
  g1193829/z                                                    (u)     in_0->z R     unmapped_complex3      1  1.0     0     9     226    (-,-) 
  g1182746/z                                                    (u)     in_0->z R     unmapped_complex3      1  1.0     0     9     235    (-,-) 
  g1195308/z                                                    (u)     in_0->z R     unmapped_complex4      1  1.0     0    13     248    (-,-) 
  g1121213/z                                                    (u)     in_1->z R     unmapped_or2           1  1.0     0     9     257    (-,-) 
  g1191696/z                                                    (u)     in_0->z R     unmapped_complex4      1  1.0     0     9     266    (-,-) 
  g1202362/z                                                    (u)     in_0->z R     unmapped_complex4      1  1.0     0    13     279    (-,-) 
  g1202038/z                                                    (u)     in_0->z R     unmapped_or4           1  1.0     0    17     295    (-,-) 
  g1202260/z                                                    (u)     in_0->z R     unmapped_complex4      1  1.0     0    13     308    (-,-) 
  PIPELINES[6].ROUNDS[5].U_ROUND_U_SUB_ROM[4].ROM_dout_reg[6]/d -       -       R     unmapped_d_flop        1    -     -     0     308    (-,-) 
#------------------------------------------------------------------------------------------------------------------------------------------------

(u) : Net has unmapped pin(s).



Path 7: VIOLATED (-57 ps) Setup Check with Pin PIPELINES[7].ROUNDS[0].U_ROUND_U_SUB_ROM[0].ROM_dout_reg[6]/clk->d
          Group: clk
     Startpoint: (R) PIPELINES[7].U0_ARK_data_out_reg[1]/clk
          Clock: (R) clk
       Endpoint: (R) PIPELINES[7].ROUNDS[0].U_ROUND_U_SUB_ROM[0].ROM_dout_reg[6]/d
          Clock: (R) clk

                     Capture       Launch     
        Clock Edge:+     260            0     
       Src Latency:+       0            0     
       Net Latency:+       0 (I)        0 (I) 
           Arrival:=     260            0     
                                              
             Setup:-       9                  
     Required Time:=     251                  
      Launch Clock:-       0                  
         Data Path:-     308                  
             Slack:=     -57                  

#------------------------------------------------------------------------------------------------------------------------------------------------
#                         Timing Point                          Flags    Arc    Edge       Cell         Fanout Load Trans Delay Arrival Instance 
#                                                                                                              (fF)  (ps)  (ps)   (ps)  Location 
#------------------------------------------------------------------------------------------------------------------------------------------------
  PIPELINES[7].U0_ARK_data_out_reg[1]/clk                       -       -       R     (arrival)          47792    -     0     0       0    (-,-) 
  PIPELINES[7].U0_ARK_data_out_reg[1]/q                         (u)     clk->q  R     unmapped_d_flop       38 38.0     0    91      91    (-,-) 
  g26847/z                                                      (u)     in_1->z F     unmapped_nand2        20 20.0     0    32     123    (-,-) 
  g179606/z                                                     (u)     in_0->z F     unmapped_complex2     16 16.0     0    30     154    (-,-) 
  g168417/z                                                     (u)     in_1->z F     unmapped_or2           3  3.0     0    15     169    (-,-) 
  g226695/z                                                     (u)     in_1->z R     unmapped_complex4      1  1.0     0    22     191    (-,-) 
  g235483/z                                                     (u)     in_0->z R     unmapped_complex4      1  1.0     0    13     204    (-,-) 
  g221310/z                                                     (u)     in_0->z R     unmapped_complex3      1  1.0     0     9     213    (-,-) 
  g26962/z                                                      (u)     in_0->z R     unmapped_complex4      1  1.0     0    13     226    (-,-) 
  g215314/z                                                     (u)     in_0->z R     unmapped_complex4      1  1.0     0     9     234    (-,-) 
  g238941/z                                                     (u)     in_2->z R     unmapped_or4           1  1.0     0    17     251    (-,-) 
  g26956/z                                                      (u)     in_0->z R     unmapped_complex4      1  1.0     0     9     260    (-,-) 
  g231915/z                                                     (u)     in_0->z R     unmapped_complex4      1  1.0     0    13     273    (-,-) 
  g236625/z                                                     (u)     in_0->z R     unmapped_or3           1  1.0     0    13     286    (-,-) 
  g236396/z                                                     (u)     in_0->z R     unmapped_complex4      1  1.0     0    13     299    (-,-) 
  g143886/z                                                     (u)     in_1->z R     unmapped_or2           1  1.0     0     9     308    (-,-) 
  PIPELINES[7].ROUNDS[0].U_ROUND_U_SUB_ROM[0].ROM_dout_reg[6]/d -       -       R     unmapped_d_flop        1    -     -     0     308    (-,-) 
#------------------------------------------------------------------------------------------------------------------------------------------------

(u) : Net has unmapped pin(s).



Path 8: VIOLATED (-56 ps) Setup Check with Pin PIPELINES[0].U_SUB_ROM[10].ROM_dout_reg[0]/clk->d
          Group: clk
     Startpoint: (R) PIPELINES[0].ROUNDS[8].U_ROUND_U_KEY_data_out_reg[87]/clk
          Clock: (R) clk
       Endpoint: (R) PIPELINES[0].U_SUB_ROM[10].ROM_dout_reg[0]/d
          Clock: (R) clk

                     Capture       Launch     
        Clock Edge:+     260            0     
       Src Latency:+       0            0     
       Net Latency:+       0 (I)        0 (I) 
           Arrival:=     260            0     
                                              
             Setup:-       9                  
     Required Time:=     251                  
      Launch Clock:-       0                  
         Data Path:-     307                  
             Slack:=     -56                  

#--------------------------------------------------------------------------------------------------------------------------------------------
#                       Timing Point                        Flags    Arc    Edge       Cell         Fanout Load Trans Delay Arrival Instance 
#                                                                                                          (fF)  (ps)  (ps)   (ps)  Location 
#--------------------------------------------------------------------------------------------------------------------------------------------
  PIPELINES[0].ROUNDS[8].U_ROUND_U_KEY_data_out_reg[87]/clk -       -       R     (arrival)          47792    -     0     0       0    (-,-) 
  PIPELINES[0].ROUNDS[8].U_ROUND_U_KEY_data_out_reg[87]/q   (u)     clk->q  R     unmapped_d_flop       37 37.0     0    91      91    (-,-) 
  g282128/z                                                 (u)     in_1->z F     unmapped_complex2     24 24.0     0    34     125    (-,-) 
  g282149/z                                                 (u)     in_0->z F     unmapped_complex2      7  7.0     0    22     147    (-,-) 
  g1156621/z                                                (u)     in_2->z F     unmapped_complex3      1  1.0     0    13     160    (-,-) 
  g1145599/z                                                (u)     in_0->z R     unmapped_complex3      1  1.0     0     9     168    (-,-) 
  g282147/z                                                 (u)     in_0->z R     unmapped_complex4      1  1.0     0     9     177    (-,-) 
  g1157619/z                                                (u)     in_0->z R     unmapped_complex4      1  1.0     0     9     186    (-,-) 
  g1156652/z                                                (u)     in_0->z R     unmapped_complex4      1  1.0     0     9     195    (-,-) 
  g282146/z                                                 (u)     in_0->z R     unmapped_complex4      1  1.0     0     9     204    (-,-) 
  g282116/z                                                 (u)     in_1->z R     unmapped_or2           1  1.0     0     9     213    (-,-) 
  g1157599/z                                                (u)     in_0->z R     unmapped_complex4      1  1.0     0     9     222    (-,-) 
  g282115/z                                                 (u)     in_0->z R     unmapped_complex4      1  1.0     0    13     235    (-,-) 
  g282114/z                                                 (u)     in_0->z R     unmapped_or3           1  1.0     0    13     248    (-,-) 
  g282113/z                                                 (u)     in_0->z R     unmapped_or4           1  1.0     0    17     264    (-,-) 
  g1175338/z                                                (u)     in_0->z R     unmapped_complex4      1  1.0     0    13     277    (-,-) 
  g282112/z                                                 (u)     in_0->z R     unmapped_or3           1  1.0     0    13     290    (-,-) 
  g282111/z                                                 (u)     in_0->z R     unmapped_or4           1  1.0     0    17     307    (-,-) 
  PIPELINES[0].U_SUB_ROM[10].ROM_dout_reg[0]/d              -       -       R     unmapped_d_flop        1    -     -     0     307    (-,-) 
#--------------------------------------------------------------------------------------------------------------------------------------------

(u) : Net has unmapped pin(s).



Path 9: VIOLATED (-56 ps) Setup Check with Pin PIPELINES[3].ROUNDS[3].U_ROUND_U_SUB_ROM[5].ROM_dout_reg[3]/clk->d
          Group: clk
     Startpoint: (R) PIPELINES[3].ROUNDS[2].U_ROUND_U_KEY_data_out_reg[44]/clk
          Clock: (R) clk
       Endpoint: (R) PIPELINES[3].ROUNDS[3].U_ROUND_U_SUB_ROM[5].ROM_dout_reg[3]/d
          Clock: (R) clk

                     Capture       Launch     
        Clock Edge:+     260            0     
       Src Latency:+       0            0     
       Net Latency:+       0 (I)        0 (I) 
           Arrival:=     260            0     
                                              
             Setup:-       9                  
     Required Time:=     251                  
      Launch Clock:-       0                  
         Data Path:-     307                  
             Slack:=     -56                  

#------------------------------------------------------------------------------------------------------------------------------------------------
#                         Timing Point                          Flags    Arc    Edge       Cell         Fanout Load Trans Delay Arrival Instance 
#                                                                                                              (fF)  (ps)  (ps)   (ps)  Location 
#------------------------------------------------------------------------------------------------------------------------------------------------
  PIPELINES[3].ROUNDS[2].U_ROUND_U_KEY_data_out_reg[44]/clk     -       -       R     (arrival)          47792    -     0     0       0    (-,-) 
  PIPELINES[3].ROUNDS[2].U_ROUND_U_KEY_data_out_reg[44]/q       (u)     clk->q  R     unmapped_d_flop       44 44.0     0    92      92    (-,-) 
  g622123/z                                                     (u)     in_1->z R     unmapped_complex2     22 22.0     0    33     125    (-,-) 
  g408132/z                                                     (u)     in_0->z R     unmapped_or2           3  3.0     0    15     140    (-,-) 
  g713901/z                                                     (u)     in_1->z F     unmapped_nand2         1  1.0     0     9     149    (-,-) 
  g757624/z                                                     (u)     in_0->z R     unmapped_complex4      6  6.0     0    29     178    (-,-) 
  g700894/z                                                     (u)     in_1->z F     unmapped_complex2     11 11.0     0    26     204    (-,-) 
  g698909/z                                                     (u)     in_1->z F     unmapped_or2           2  2.0     0    13     217    (-,-) 
  g772292/z                                                     (u)     in_1->z R     unmapped_complex4      1  1.0     0    22     239    (-,-) 
  g772954/z                                                     (u)     in_0->z R     unmapped_complex3      1  1.0     0     9     248    (-,-) 
  g773327/z                                                     (u)     in_0->z R     unmapped_complex4      1  1.0     0    13     260    (-,-) 
  g774392/z                                                     (u)     in_0->z R     unmapped_complex4      1  1.0     0    17     277    (-,-) 
  g774435/z                                                     (u)     in_0->z R     unmapped_or3           1  1.0     0    13     290    (-,-) 
  g774446/z                                                     (u)     in_0->z R     unmapped_or4           1  1.0     0    17     307    (-,-) 
  PIPELINES[3].ROUNDS[3].U_ROUND_U_SUB_ROM[5].ROM_dout_reg[3]/d -       -       R     unmapped_d_flop        1    -     -     0     307    (-,-) 
#------------------------------------------------------------------------------------------------------------------------------------------------

(u) : Net has unmapped pin(s).



Path 10: VIOLATED (-56 ps) Setup Check with Pin PIPELINES[2].ROUNDS[8].U_ROUND_U_SUB_ROM[5].ROM_dout_reg[6]/clk->d
          Group: clk
     Startpoint: (R) PIPELINES[2].ROUNDS[7].U_ROUND_U_KEY_data_out_reg[42]/clk
          Clock: (R) clk
       Endpoint: (R) PIPELINES[2].ROUNDS[8].U_ROUND_U_SUB_ROM[5].ROM_dout_reg[6]/d
          Clock: (R) clk

                     Capture       Launch     
        Clock Edge:+     260            0     
       Src Latency:+       0            0     
       Net Latency:+       0 (I)        0 (I) 
           Arrival:=     260            0     
                                              
             Setup:-       9                  
     Required Time:=     251                  
      Launch Clock:-       0                  
         Data Path:-     306                  
             Slack:=     -56                  

#------------------------------------------------------------------------------------------------------------------------------------------------
#                         Timing Point                          Flags    Arc    Edge       Cell         Fanout Load Trans Delay Arrival Instance 
#                                                                                                              (fF)  (ps)  (ps)   (ps)  Location 
#------------------------------------------------------------------------------------------------------------------------------------------------
  PIPELINES[2].ROUNDS[7].U_ROUND_U_KEY_data_out_reg[42]/clk     -       -       R     (arrival)          47792    -     0     0       0    (-,-) 
  PIPELINES[2].ROUNDS[7].U_ROUND_U_KEY_data_out_reg[42]/q       (u)     clk->q  R     unmapped_d_flop       40 40.0     0    91      91    (-,-) 
  g96399/z                                                      (u)     in_0->z F     unmapped_complex2     28 28.0     0    35     127    (-,-) 
  g96418/z                                                      (u)     in_1->z F     unmapped_or2           5  5.0     0    19     146    (-,-) 
  g97847/z                                                      (u)     in_0->z F     unmapped_or3           1  1.0     0    13     159    (-,-) 
  g97846/z                                                      (u)     in_1->z F     unmapped_complex4      1  1.0     0    18     177    (-,-) 
  g97845/z                                                      (u)     in_0->z R     unmapped_complex4      1  1.0     0     9     186    (-,-) 
  g97844/z                                                      (u)     in_0->z R     unmapped_complex4      1  1.0     0    13     199    (-,-) 
  g97843/z                                                      (u)     in_0->z R     unmapped_or2           1  1.0     0     9     208    (-,-) 
  g97841/z                                                      (u)     in_0->z R     unmapped_complex4      1  1.0     0    13     220    (-,-) 
  g97840/z                                                      (u)     in_0->z R     unmapped_complex4      1  1.0     0     9     229    (-,-) 
  g242989/z                                                     (u)     in_3->z R     unmapped_or4           1  1.0     0    17     246    (-,-) 
  g97833/z                                                      (u)     in_0->z R     unmapped_complex4      1  1.0     0    13     259    (-,-) 
  g239408/z                                                     (u)     in_0->z R     unmapped_complex4      1  1.0     0    13     272    (-,-) 
  g125312/z                                                     (u)     in_1->z R     unmapped_or2           1  1.0     0     9     281    (-,-) 
  g240773/z                                                     (u)     in_0->z R     unmapped_complex4      1  1.0     0    13     294    (-,-) 
  g243219/z                                                     (u)     in_0->z R     unmapped_complex4      1  1.0     0    13     306    (-,-) 
  PIPELINES[2].ROUNDS[8].U_ROUND_U_SUB_ROM[5].ROM_dout_reg[6]/d -       -       R     unmapped_d_flop        1    -     -     0     306    (-,-) 
#------------------------------------------------------------------------------------------------------------------------------------------------

(u) : Net has unmapped pin(s).



Path 11: VIOLATED (-54 ps) Setup Check with Pin PIPELINES[4].U_SUB_ROM[2].ROM_dout_reg[6]/clk->d
          Group: clk
     Startpoint: (R) PIPELINES[4].ROUNDS[8].U_ROUND_U_KEY_data_out_reg[17]/clk
          Clock: (R) clk
       Endpoint: (R) PIPELINES[4].U_SUB_ROM[2].ROM_dout_reg[6]/d
          Clock: (R) clk

                     Capture       Launch     
        Clock Edge:+     260            0     
       Src Latency:+       0            0     
       Net Latency:+       0 (I)        0 (I) 
           Arrival:=     260            0     
                                              
             Setup:-       9                  
     Required Time:=     251                  
      Launch Clock:-       0                  
         Data Path:-     305                  
             Slack:=     -54                  

#--------------------------------------------------------------------------------------------------------------------------------------------
#                       Timing Point                        Flags    Arc    Edge       Cell         Fanout Load Trans Delay Arrival Instance 
#                                                                                                          (fF)  (ps)  (ps)   (ps)  Location 
#--------------------------------------------------------------------------------------------------------------------------------------------
  PIPELINES[4].ROUNDS[8].U_ROUND_U_KEY_data_out_reg[17]/clk -       -       R     (arrival)          47792    -     0     0       0    (-,-) 
  PIPELINES[4].ROUNDS[8].U_ROUND_U_KEY_data_out_reg[17]/q   (u)     clk->q  R     unmapped_d_flop       38 38.0     0    91      91    (-,-) 
  g1030830/z                                                (u)     in_0->z F     unmapped_nand2        19 19.0     0    32     123    (-,-) 
  g1141104/z                                                (u)     in_0->z F     unmapped_complex2     14 14.0     0    29     151    (-,-) 
  g287995/z                                                 (u)     in_1->z F     unmapped_or2           3  3.0     0    15     167    (-,-) 
  g288105/z                                                 (u)     in_1->z R     unmapped_complex4      1  1.0     0    22     188    (-,-) 
  g288104/z                                                 (u)     in_0->z R     unmapped_complex2      1  1.0     0     9     197    (-,-) 
  g288103/z                                                 (u)     in_0->z R     unmapped_complex4      1  1.0     0    13     210    (-,-) 
  g288102/z                                                 (u)     in_0->z R     unmapped_complex4      1  1.0     0    13     223    (-,-) 
  g288101/z                                                 (u)     in_0->z R     unmapped_complex4      1  1.0     0     9     232    (-,-) 
  g1160654/z                                                (u)     in_0->z R     unmapped_complex4      1  1.0     0     9     241    (-,-) 
  g288098/z                                                 (u)     in_3->z R     unmapped_complex4      1  1.0     0    17     258    (-,-) 
  g288097/z                                                 (u)     in_0->z R     unmapped_complex3      1  1.0     0     9     267    (-,-) 
  g288096/z                                                 (u)     in_0->z R     unmapped_complex4      1  1.0     0    13     280    (-,-) 
  g288095/z                                                 (u)     in_0->z R     unmapped_or3           1  1.0     0    13     292    (-,-) 
  g288094/z                                                 (u)     in_0->z R     unmapped_complex4      1  1.0     0    13     305    (-,-) 
  PIPELINES[4].U_SUB_ROM[2].ROM_dout_reg[6]/d               -       -       R     unmapped_d_flop        1    -     -     0     305    (-,-) 
#--------------------------------------------------------------------------------------------------------------------------------------------

(u) : Net has unmapped pin(s).



Path 12: VIOLATED (-54 ps) Setup Check with Pin PIPELINES[4].ROUNDS[0].U_ROUND_U_SUB_ROM[11].ROM_dout_reg[1]/clk->d
          Group: clk
     Startpoint: (R) PIPELINES[4].U0_ARK_data_out_reg[89]/clk
          Clock: (R) clk
       Endpoint: (R) PIPELINES[4].ROUNDS[0].U_ROUND_U_SUB_ROM[11].ROM_dout_reg[1]/d
          Clock: (R) clk

                     Capture       Launch     
        Clock Edge:+     260            0     
       Src Latency:+       0            0     
       Net Latency:+       0 (I)        0 (I) 
           Arrival:=     260            0     
                                              
             Setup:-       9                  
     Required Time:=     251                  
      Launch Clock:-       0                  
         Data Path:-     305                  
             Slack:=     -54                  

#-------------------------------------------------------------------------------------------------------------------------------------------------
#                         Timing Point                           Flags    Arc    Edge       Cell         Fanout Load Trans Delay Arrival Instance 
#                                                                                                               (fF)  (ps)  (ps)   (ps)  Location 
#-------------------------------------------------------------------------------------------------------------------------------------------------
  PIPELINES[4].U0_ARK_data_out_reg[89]/clk                       -       -       R     (arrival)          47792    -     0     0       0    (-,-) 
  PIPELINES[4].U0_ARK_data_out_reg[89]/q                         (u)     clk->q  F     unmapped_d_flop       38 38.0     0    91      91    (-,-) 
  g185014/z                                                      (u)     in_0->z F     unmapped_complex2     20 20.0     0    32     123    (-,-) 
  g184651/z                                                      (u)     in_0->z F     unmapped_complex2     12 12.0     0    27     150    (-,-) 
  g170643/z                                                      (u)     in_1->z F     unmapped_or2           2  2.0     0    13     163    (-,-) 
  g212303/z                                                      (u)     in_2->z R     unmapped_complex4      1  1.0     0    18     181    (-,-) 
  g205679/z                                                      (u)     in_0->z R     unmapped_complex4      1  1.0     0     9     190    (-,-) 
  g219635/z                                                      (u)     in_0->z R     unmapped_complex4      1  1.0     0    13     202    (-,-) 
  g222708/z                                                      (u)     in_0->z R     unmapped_complex4      1  1.0     0    13     215    (-,-) 
  g205676/z                                                      (u)     in_0->z R     unmapped_complex3      1  1.0     0     9     224    (-,-) 
  g218617/z                                                      (u)     in_0->z R     unmapped_complex3      1  1.0     0    13     237    (-,-) 
  g219629/z                                                      (u)     in_0->z R     unmapped_complex4      1  1.0     0    17     254    (-,-) 
  g219636/z                                                      (u)     in_0->z R     unmapped_complex4      1  1.0     0    13     267    (-,-) 
  g147305/z                                                      (u)     in_1->z R     unmapped_or2           1  1.0     0     9     276    (-,-) 
  g225929/z                                                      (u)     in_0->z R     unmapped_complex4      1  1.0     0    13     289    (-,-) 
  g225717/z                                                      (u)     in_0->z R     unmapped_or4           1  1.0     0    17     305    (-,-) 
  PIPELINES[4].ROUNDS[0].U_ROUND_U_SUB_ROM[11].ROM_dout_reg[1]/d -       -       R     unmapped_d_flop        1    -     -     0     305    (-,-) 
#-------------------------------------------------------------------------------------------------------------------------------------------------

(u) : Net has unmapped pin(s).



Path 13: VIOLATED (-54 ps) Setup Check with Pin PIPELINES[6].ROUNDS[5].U_ROUND_U_SUB_ROM[2].ROM_dout_reg[6]/clk->d
          Group: clk
     Startpoint: (R) PIPELINES[6].ROUNDS[4].U_ROUND_U_KEY_data_out_reg[17]/clk
          Clock: (R) clk
       Endpoint: (R) PIPELINES[6].ROUNDS[5].U_ROUND_U_SUB_ROM[2].ROM_dout_reg[6]/d
          Clock: (R) clk

                     Capture       Launch     
        Clock Edge:+     260            0     
       Src Latency:+       0            0     
       Net Latency:+       0 (I)        0 (I) 
           Arrival:=     260            0     
                                              
             Setup:-       9                  
     Required Time:=     251                  
      Launch Clock:-       0                  
         Data Path:-     305                  
             Slack:=     -54                  

#------------------------------------------------------------------------------------------------------------------------------------------------
#                         Timing Point                          Flags    Arc    Edge       Cell         Fanout Load Trans Delay Arrival Instance 
#                                                                                                              (fF)  (ps)  (ps)   (ps)  Location 
#------------------------------------------------------------------------------------------------------------------------------------------------
  PIPELINES[6].ROUNDS[4].U_ROUND_U_KEY_data_out_reg[17]/clk     -       -       R     (arrival)          47792    -     0     0       0    (-,-) 
  PIPELINES[6].ROUNDS[4].U_ROUND_U_KEY_data_out_reg[17]/q       (u)     clk->q  R     unmapped_d_flop       37 37.0     0    91      91    (-,-) 
  g21954/z                                                      (u)     in_0->z F     unmapped_nand2        20 20.0     0    32     123    (-,-) 
  g1157258/z                                                    (u)     in_0->z F     unmapped_complex2     17 17.0     0    31     154    (-,-) 
  g1174912/z                                                    (u)     in_2->z F     unmapped_complex3      1  1.0     0    13     167    (-,-) 
  g1163812/z                                                    (u)     in_0->z R     unmapped_complex3      1  1.0     0     9     176    (-,-) 
  g1174917/z                                                    (u)     in_0->z R     unmapped_complex4      1  1.0     0     9     185    (-,-) 
  g1177302/z                                                    (u)     in_0->z R     unmapped_complex4      1  1.0     0     9     194    (-,-) 
  g1174922/z                                                    (u)     in_0->z R     unmapped_complex4      1  1.0     0     9     202    (-,-) 
  g1182950/z                                                    (u)     in_0->z R     unmapped_complex3      1  1.0     0     9     211    (-,-) 
  g4470/z                                                       (u)     in_0->z R     unmapped_complex4      1  1.0     0    17     228    (-,-) 
  g1177292/z                                                    (u)     in_0->z R     unmapped_complex4      1  1.0     0     9     237    (-,-) 
  g1202598/z                                                    (u)     in_3->z R     unmapped_complex4      1  1.0     0    13     250    (-,-) 
  g1202193/z                                                    (u)     in_0->z R     unmapped_or4           1  1.0     0    17     266    (-,-) 
  g4467/z                                                       (u)     in_1->z R     unmapped_or2           1  1.0     0     9     275    (-,-) 
  g4466/z                                                       (u)     in_0->z R     unmapped_complex4      1  1.0     0    13     288    (-,-) 
  g1200987/z                                                    (u)     in_0->z R     unmapped_complex4      1  1.0     0    17     305    (-,-) 
  PIPELINES[6].ROUNDS[5].U_ROUND_U_SUB_ROM[2].ROM_dout_reg[6]/d -       -       R     unmapped_d_flop        1    -     -     0     305    (-,-) 
#------------------------------------------------------------------------------------------------------------------------------------------------

(u) : Net has unmapped pin(s).



Path 14: VIOLATED (-54 ps) Setup Check with Pin PIPELINES[4].ROUNDS[3].U_ROUND_U_SUB_ROM[11].ROM_dout_reg[0]/clk->d
          Group: clk
     Startpoint: (R) PIPELINES[4].ROUNDS[2].U_ROUND_U_KEY_data_out_reg[89]/clk
          Clock: (R) clk
       Endpoint: (R) PIPELINES[4].ROUNDS[3].U_ROUND_U_SUB_ROM[11].ROM_dout_reg[0]/d
          Clock: (R) clk

                     Capture       Launch     
        Clock Edge:+     260            0     
       Src Latency:+       0            0     
       Net Latency:+       0 (I)        0 (I) 
           Arrival:=     260            0     
                                              
             Setup:-       9                  
     Required Time:=     251                  
      Launch Clock:-       0                  
         Data Path:-     305                  
             Slack:=     -54                  

#-------------------------------------------------------------------------------------------------------------------------------------------------
#                         Timing Point                           Flags    Arc    Edge       Cell         Fanout Load Trans Delay Arrival Instance 
#                                                                                                               (fF)  (ps)  (ps)   (ps)  Location 
#-------------------------------------------------------------------------------------------------------------------------------------------------
  PIPELINES[4].ROUNDS[2].U_ROUND_U_KEY_data_out_reg[89]/clk      -       -       R     (arrival)          47792    -     0     0       0    (-,-) 
  PIPELINES[4].ROUNDS[2].U_ROUND_U_KEY_data_out_reg[89]/q        (u)     clk->q  R     unmapped_d_flop       39 39.0     0    91      91    (-,-) 
  g327924/z                                                      (u)     in_0->z F     unmapped_nand2        18 18.0     0    31     122    (-,-) 
  g327976/z                                                      (u)     in_1->z F     unmapped_complex2     18 18.0     0    31     154    (-,-) 
  g1295588/z                                                     (u)     in_0->z F     unmapped_or2           4  4.0     0    18     172    (-,-) 
  g328423/z                                                      (u)     in_1->z R     unmapped_complex3      1  1.0     0    18     190    (-,-) 
  g1321507/z                                                     (u)     in_0->z R     unmapped_complex3      1  1.0     0     9     198    (-,-) 
  g328422/z                                                      (u)     in_0->z R     unmapped_complex4      1  1.0     0    13     211    (-,-) 
  g328419/z                                                      (u)     in_1->z R     unmapped_complex4      1  1.0     0    13     224    (-,-) 
  g1327609/z                                                     (u)     in_0->z R     unmapped_complex3      1  1.0     0     9     233    (-,-) 
  g328418/z                                                      (u)     in_0->z R     unmapped_complex4      1  1.0     0    17     250    (-,-) 
  g328416/z                                                      (u)     in_0->z R     unmapped_complex3      1  1.0     0     9     259    (-,-) 
  g1335184/z                                                     (u)     in_0->z R     unmapped_complex4      1  1.0     0    13     272    (-,-) 
  g328415/z                                                      (u)     in_0->z R     unmapped_or4           1  1.0     0    17     288    (-,-) 
  g1336605/z                                                     (u)     in_0->z R     unmapped_or4           1  1.0     0    17     305    (-,-) 
  PIPELINES[4].ROUNDS[3].U_ROUND_U_SUB_ROM[11].ROM_dout_reg[0]/d -       -       R     unmapped_d_flop        1    -     -     0     305    (-,-) 
#-------------------------------------------------------------------------------------------------------------------------------------------------

(u) : Net has unmapped pin(s).



Path 15: VIOLATED (-54 ps) Setup Check with Pin PIPELINES[4].ROUNDS[8].U_ROUND_U_SUB_ROM[9].ROM_dout_reg[3]/clk->d
          Group: clk
     Startpoint: (R) PIPELINES[4].ROUNDS[7].U_ROUND_U_KEY_data_out_reg[73]/clk
          Clock: (R) clk
       Endpoint: (R) PIPELINES[4].ROUNDS[8].U_ROUND_U_SUB_ROM[9].ROM_dout_reg[3]/d
          Clock: (R) clk

                     Capture       Launch     
        Clock Edge:+     260            0     
       Src Latency:+       0            0     
       Net Latency:+       0 (I)        0 (I) 
           Arrival:=     260            0     
                                              
             Setup:-       9                  
     Required Time:=     251                  
      Launch Clock:-       0                  
         Data Path:-     305                  
             Slack:=     -54                  

#------------------------------------------------------------------------------------------------------------------------------------------------
#                         Timing Point                          Flags    Arc    Edge       Cell         Fanout Load Trans Delay Arrival Instance 
#                                                                                                              (fF)  (ps)  (ps)   (ps)  Location 
#------------------------------------------------------------------------------------------------------------------------------------------------
  PIPELINES[4].ROUNDS[7].U_ROUND_U_KEY_data_out_reg[73]/clk     -       -       R     (arrival)          47792    -     0     0       0    (-,-) 
  PIPELINES[4].ROUNDS[7].U_ROUND_U_KEY_data_out_reg[73]/q       (u)     clk->q  F     unmapped_d_flop       33 33.0     0    90      90    (-,-) 
  g286438/z                                                     (u)     in_1->z F     unmapped_complex2     19 19.0     0    32     122    (-,-) 
  g286617/z                                                     (u)     in_0->z F     unmapped_complex2      4  4.0     0    18     140    (-,-) 
  g1159455/z                                                    (u)     in_3->z R     unmapped_complex4      1  1.0     0    18     157    (-,-) 
  g286694/z                                                     (u)     in_0->z R     unmapped_complex4      1  1.0     0    13     170    (-,-) 
  g1119480/z                                                    (u)     in_0->z F     unmapped_complex2      1  1.0     0     9     179    (-,-) 
  g1159461/z                                                    (u)     in_0->z R     unmapped_complex4      1  1.0     0     9     188    (-,-) 
  g1159463/z                                                    (u)     in_0->z R     unmapped_complex4      1  1.0     0     9     197    (-,-) 
  g286693/z                                                     (u)     in_0->z R     unmapped_complex3      1  1.0     0     9     206    (-,-) 
  g286692/z                                                     (u)     in_0->z R     unmapped_complex4      1  1.0     0    13     219    (-,-) 
  g286691/z                                                     (u)     in_0->z R     unmapped_complex4      1  1.0     0    13     232    (-,-) 
  g286690/z                                                     (u)     in_2->z R     unmapped_complex4      1  1.0     0    13     245    (-,-) 
  g1166806/z                                                    (u)     in_0->z R     unmapped_complex3      1  1.0     0     9     254    (-,-) 
  g1176453/z                                                    (u)     in_0->z R     unmapped_complex4      1  1.0     0    13     266    (-,-) 
  g286689/z                                                     (u)     in_0->z R     unmapped_or3           1  1.0     0    13     279    (-,-) 
  g286688/z                                                     (u)     in_0->z R     unmapped_or4           1  1.0     0    17     296    (-,-) 
  g1113536/z                                                    (u)     in_1->z R     unmapped_or2           1  1.0     0     9     305    (-,-) 
  PIPELINES[4].ROUNDS[8].U_ROUND_U_SUB_ROM[9].ROM_dout_reg[3]/d -       -       R     unmapped_d_flop        1    -     -     0     305    (-,-) 
#------------------------------------------------------------------------------------------------------------------------------------------------

(u) : Net has unmapped pin(s).



Path 16: VIOLATED (-53 ps) Setup Check with Pin PIPELINES[4].ROUNDS[3].U_ROUND_U_SUB_ROM[6].ROM_dout_reg[1]/clk->d
          Group: clk
     Startpoint: (R) PIPELINES[4].ROUNDS[2].U_ROUND_U_KEY_data_out_reg[49]/clk
          Clock: (R) clk
       Endpoint: (R) PIPELINES[4].ROUNDS[3].U_ROUND_U_SUB_ROM[6].ROM_dout_reg[1]/d
          Clock: (R) clk

                     Capture       Launch     
        Clock Edge:+     260            0     
       Src Latency:+       0            0     
       Net Latency:+       0 (I)        0 (I) 
           Arrival:=     260            0     
                                              
             Setup:-       9                  
     Required Time:=     251                  
      Launch Clock:-       0                  
         Data Path:-     304                  
             Slack:=     -53                  

#------------------------------------------------------------------------------------------------------------------------------------------------
#                         Timing Point                          Flags    Arc    Edge       Cell         Fanout Load Trans Delay Arrival Instance 
#                                                                                                              (fF)  (ps)  (ps)   (ps)  Location 
#------------------------------------------------------------------------------------------------------------------------------------------------
  PIPELINES[4].ROUNDS[2].U_ROUND_U_KEY_data_out_reg[49]/clk     -       -       R     (arrival)          47792    -     0     0       0    (-,-) 
  PIPELINES[4].ROUNDS[2].U_ROUND_U_KEY_data_out_reg[49]/q       (u)     clk->q  R     unmapped_d_flop       38 38.0     0    91      91    (-,-) 
  g328037/z                                                     (u)     in_0->z F     unmapped_nand2        20 20.0     0    32     123    (-,-) 
  g1306384/z                                                    (u)     in_1->z F     unmapped_complex2     16 16.0     0    30     154    (-,-) 
  g1293197/z                                                    (u)     in_1->z F     unmapped_complex2      5  5.0     0    19     173    (-,-) 
  g328303/z                                                     (u)     in_1->z R     unmapped_complex4      1  1.0     0    22     195    (-,-) 
  g1329907/z                                                    (u)     in_0->z R     unmapped_complex4      1  1.0     0     9     204    (-,-) 
  g328302/z                                                     (u)     in_0->z R     unmapped_complex4      1  1.0     0     9     213    (-,-) 
  g1265376/z                                                    (u)     in_0->z R     unmapped_complex2      1  1.0     0     9     222    (-,-) 
  g1334165/z                                                    (u)     in_0->z R     unmapped_complex4      1  1.0     0    13     234    (-,-) 
  g1332322/z                                                    (u)     in_0->z R     unmapped_complex4      1  1.0     0    13     247    (-,-) 
  g1335365/z                                                    (u)     in_0->z R     unmapped_complex4      1  1.0     0    13     260    (-,-) 
  g1262499/z                                                    (u)     in_1->z R     unmapped_or2           1  1.0     0     9     269    (-,-) 
  g328293/z                                                     (u)     in_0->z R     unmapped_complex4      1  1.0     0    13     282    (-,-) 
  g328292/z                                                     (u)     in_0->z R     unmapped_complex4      1  1.0     0    13     295    (-,-) 
  g1261864/z                                                    (u)     in_1->z R     unmapped_or2           1  1.0     0     9     304    (-,-) 
  PIPELINES[4].ROUNDS[3].U_ROUND_U_SUB_ROM[6].ROM_dout_reg[1]/d -       -       R     unmapped_d_flop        1    -     -     0     304    (-,-) 
#------------------------------------------------------------------------------------------------------------------------------------------------

(u) : Net has unmapped pin(s).



Path 17: VIOLATED (-52 ps) Setup Check with Pin PIPELINES[2].ROUNDS[7].U_ROUND_U_SUB_ROM[10].ROM_dout_reg[6]/clk->d
          Group: clk
     Startpoint: (R) PIPELINES[2].ROUNDS[6].U_ROUND_U_KEY_data_out_reg[87]/clk
          Clock: (R) clk
       Endpoint: (R) PIPELINES[2].ROUNDS[7].U_ROUND_U_SUB_ROM[10].ROM_dout_reg[6]/d
          Clock: (R) clk

                     Capture       Launch     
        Clock Edge:+     260            0     
       Src Latency:+       0            0     
       Net Latency:+       0 (I)        0 (I) 
           Arrival:=     260            0     
                                              
             Setup:-       9                  
     Required Time:=     251                  
      Launch Clock:-       0                  
         Data Path:-     303                  
             Slack:=     -52                  

#-------------------------------------------------------------------------------------------------------------------------------------------------
#                         Timing Point                           Flags    Arc    Edge       Cell         Fanout Load Trans Delay Arrival Instance 
#                                                                                                               (fF)  (ps)  (ps)   (ps)  Location 
#-------------------------------------------------------------------------------------------------------------------------------------------------
  PIPELINES[2].ROUNDS[6].U_ROUND_U_KEY_data_out_reg[87]/clk      -       -       R     (arrival)          47792    -     0     0       0    (-,-) 
  PIPELINES[2].ROUNDS[6].U_ROUND_U_KEY_data_out_reg[87]/q        (u)     clk->q  F     unmapped_d_flop       38 38.0     0    91      91    (-,-) 
  g89812/z                                                       (u)     in_1->z F     unmapped_complex2     25 25.0     0    34     125    (-,-) 
  g89811/z                                                       (u)     in_1->z F     unmapped_or2           4  4.0     0    18     143    (-,-) 
  g185367/z                                                      (u)     in_1->z F     unmapped_or2           2  2.0     0    13     156    (-,-) 
  g90725/z                                                       (u)     in_2->z R     unmapped_complex4      1  1.0     0    18     174    (-,-) 
  g239449/z                                                      (u)     in_2->z R     unmapped_complex4      1  1.0     0    18     191    (-,-) 
  g240843/z                                                      (u)     in_0->z R     unmapped_complex4      1  1.0     0    13     204    (-,-) 
  g165929/z                                                      (u)     in_1->z R     unmapped_or2           1  1.0     0     9     213    (-,-) 
  g90722/z                                                       (u)     in_0->z R     unmapped_complex4      1  1.0     0     9     222    (-,-) 
  g242872/z                                                      (u)     in_3->z R     unmapped_or4           1  1.0     0    17     239    (-,-) 
  g90716/z                                                       (u)     in_0->z R     unmapped_complex2      1  1.0     0     9     248    (-,-) 
  g240478/z                                                      (u)     in_0->z R     unmapped_complex4      1  1.0     0    13     261    (-,-) 
  g240931/z                                                      (u)     in_0->z R     unmapped_or4           1  1.0     0    17     277    (-,-) 
  g240621/z                                                      (u)     in_0->z R     unmapped_complex4      1  1.0     0    13     290    (-,-) 
  g243146/z                                                      (u)     in_0->z R     unmapped_complex4      1  1.0     0    13     303    (-,-) 
  PIPELINES[2].ROUNDS[7].U_ROUND_U_SUB_ROM[10].ROM_dout_reg[6]/d -       -       R     unmapped_d_flop        1    -     -     0     303    (-,-) 
#-------------------------------------------------------------------------------------------------------------------------------------------------

(u) : Net has unmapped pin(s).



Path 18: VIOLATED (-52 ps) Setup Check with Pin PIPELINES[2].ROUNDS[8].U_ROUND_U_SUB_ROM[14].ROM_dout_reg[6]/clk->d
          Group: clk
     Startpoint: (R) PIPELINES[2].ROUNDS[7].U_ROUND_U_KEY_data_out_reg[113]/clk
          Clock: (R) clk
       Endpoint: (R) PIPELINES[2].ROUNDS[8].U_ROUND_U_SUB_ROM[14].ROM_dout_reg[6]/d
          Clock: (R) clk

                     Capture       Launch     
        Clock Edge:+     260            0     
       Src Latency:+       0            0     
       Net Latency:+       0 (I)        0 (I) 
           Arrival:=     260            0     
                                              
             Setup:-       9                  
     Required Time:=     251                  
      Launch Clock:-       0                  
         Data Path:-     303                  
             Slack:=     -52                  

#-------------------------------------------------------------------------------------------------------------------------------------------------
#                         Timing Point                           Flags    Arc    Edge       Cell         Fanout Load Trans Delay Arrival Instance 
#                                                                                                               (fF)  (ps)  (ps)   (ps)  Location 
#-------------------------------------------------------------------------------------------------------------------------------------------------
  PIPELINES[2].ROUNDS[7].U_ROUND_U_KEY_data_out_reg[113]/clk     -       -       R     (arrival)          47792    -     0     0       0    (-,-) 
  PIPELINES[2].ROUNDS[7].U_ROUND_U_KEY_data_out_reg[113]/q       (u)     clk->q  R     unmapped_d_flop       36 36.0     0    91      91    (-,-) 
  g90755/z                                                       (u)     in_1->z F     unmapped_nand2        18 18.0     0    31     122    (-,-) 
  g90754/z                                                       (u)     in_0->z F     unmapped_complex2     15 15.0     0    30     152    (-,-) 
  g150696/z                                                      (u)     in_1->z F     unmapped_or2           2  2.0     0    13     164    (-,-) 
  g92018/z                                                       (u)     in_1->z R     unmapped_complex4      1  1.0     0    22     186    (-,-) 
  g241037/z                                                      (u)     in_1->z R     unmapped_complex4      1  1.0     0    13     199    (-,-) 
  g92017/z                                                       (u)     in_0->z R     unmapped_complex4      1  1.0     0     9     208    (-,-) 
  g239705/z                                                      (u)     in_0->z R     unmapped_complex4      1  1.0     0    13     221    (-,-) 
  g92016/z                                                       (u)     in_0->z R     unmapped_complex4      1  1.0     0     9     230    (-,-) 
  g125829/z                                                      (u)     in_1->z R     unmapped_or2           1  1.0     0     9     238    (-,-) 
  g241754/z                                                      (u)     in_0->z R     unmapped_complex4      1  1.0     0    13     251    (-,-) 
  g243435/z                                                      (u)     in_2->z R     unmapped_complex4      1  1.0     0    13     264    (-,-) 
  g92012/z                                                       (u)     in_0->z R     unmapped_complex3      1  1.0     0     9     273    (-,-) 
  g241660/z                                                      (u)     in_0->z R     unmapped_or4           1  1.0     0    17     290    (-,-) 
  g242870/z                                                      (u)     in_0->z R     unmapped_complex4      1  1.0     0    13     303    (-,-) 
  PIPELINES[2].ROUNDS[8].U_ROUND_U_SUB_ROM[14].ROM_dout_reg[6]/d -       -       R     unmapped_d_flop        1    -     -     0     303    (-,-) 
#-------------------------------------------------------------------------------------------------------------------------------------------------

(u) : Net has unmapped pin(s).



Path 19: VIOLATED (-52 ps) Setup Check with Pin U_KEYEXP_ROUND_KEY_GEN[8].RKGEN_U_SUB_U_ROM[3].ROM_dout_reg[4]/clk->d
          Group: clk
     Startpoint: (R) U_KEYEXP_ROUND_KEY_GEN[8].RKGEN_U_Key_FirstStage_reg[17]/clk
          Clock: (R) clk
       Endpoint: (R) U_KEYEXP_ROUND_KEY_GEN[8].RKGEN_U_SUB_U_ROM[3].ROM_dout_reg[4]/d
          Clock: (R) clk

                     Capture       Launch     
        Clock Edge:+     260            0     
       Src Latency:+       0            0     
       Net Latency:+       0 (I)        0 (I) 
           Arrival:=     260            0     
                                              
             Setup:-       9                  
     Required Time:=     251                  
      Launch Clock:-       0                  
         Data Path:-     303                  
             Slack:=     -52                  

#---------------------------------------------------------------------------------------------------------------------------------------------------
#                          Timing Point                            Flags    Arc    Edge       Cell         Fanout Load Trans Delay Arrival Instance 
#                                                                                                                 (fF)  (ps)  (ps)   (ps)  Location 
#---------------------------------------------------------------------------------------------------------------------------------------------------
  U_KEYEXP_ROUND_KEY_GEN[8].RKGEN_U_Key_FirstStage_reg[17]/clk     -       -       R     (arrival)          47792    -     0     0       0    (-,-) 
  U_KEYEXP_ROUND_KEY_GEN[8].RKGEN_U_Key_FirstStage_reg[17]/q       (u)     clk->q  R     unmapped_d_flop       42 42.0     0    92      92    (-,-) 
  g186344/z                                                        (u)     in_1->z F     unmapped_nand2        20 20.0     0    32     124    (-,-) 
  g187118/z                                                        (u)     in_0->z F     unmapped_complex2     18 18.0     0    31     155    (-,-) 
  g1313382/z                                                       (u)     in_0->z R     unmapped_complex3      2  2.0     0    13     168    (-,-) 
  g1336007/z                                                       (u)     in_2->z R     unmapped_complex4      1  1.0     0    22     190    (-,-) 
  g187363/z                                                        (u)     in_0->z R     unmapped_complex2      1  1.0     0     9     199    (-,-) 
  g1332476/z                                                       (u)     in_0->z R     unmapped_complex4      1  1.0     0     9     208    (-,-) 
  g1320974/z                                                       (u)     in_0->z R     unmapped_complex4      1  1.0     0     9     216    (-,-) 
  g187358/z                                                        (u)     in_1->z R     unmapped_or2           1  1.0     0     9     225    (-,-) 
  g1331714/z                                                       (u)     in_0->z R     unmapped_complex4      1  1.0     0    13     238    (-,-) 
  g1331666/z                                                       (u)     in_0->z R     unmapped_complex4      1  1.0     0     9     247    (-,-) 
  g1337155/z                                                       (u)     in_0->z R     unmapped_complex4      1  1.0     0    13     260    (-,-) 
  g1343908/z                                                       (u)     in_0->z R     unmapped_complex4      1  1.0     0    13     273    (-,-) 
  g1342808/z                                                       (u)     in_0->z R     unmapped_or4           1  1.0     0    17     290    (-,-) 
  g1342561/z                                                       (u)     in_0->z R     unmapped_or3           1  1.0     0    13     303    (-,-) 
  U_KEYEXP_ROUND_KEY_GEN[8].RKGEN_U_SUB_U_ROM[3].ROM_dout_reg[4]/d -       -       R     unmapped_d_flop        1    -     -     0     303    (-,-) 
#---------------------------------------------------------------------------------------------------------------------------------------------------

(u) : Net has unmapped pin(s).



Path 20: VIOLATED (-52 ps) Setup Check with Pin PIPELINES[4].ROUNDS[0].U_ROUND_U_SUB_ROM[6].ROM_dout_reg[1]/clk->d
          Group: clk
     Startpoint: (R) PIPELINES[4].U0_ARK_data_out_reg[49]/clk
          Clock: (R) clk
       Endpoint: (R) PIPELINES[4].ROUNDS[0].U_ROUND_U_SUB_ROM[6].ROM_dout_reg[1]/d
          Clock: (R) clk

                     Capture       Launch     
        Clock Edge:+     260            0     
       Src Latency:+       0            0     
       Net Latency:+       0 (I)        0 (I) 
           Arrival:=     260            0     
                                              
             Setup:-       9                  
     Required Time:=     251                  
      Launch Clock:-       0                  
         Data Path:-     303                  
             Slack:=     -52                  

#------------------------------------------------------------------------------------------------------------------------------------------------
#                         Timing Point                          Flags    Arc    Edge       Cell         Fanout Load Trans Delay Arrival Instance 
#                                                                                                              (fF)  (ps)  (ps)   (ps)  Location 
#------------------------------------------------------------------------------------------------------------------------------------------------
  PIPELINES[4].U0_ARK_data_out_reg[49]/clk                      -       -       R     (arrival)          47792    -     0     0       0    (-,-) 
  PIPELINES[4].U0_ARK_data_out_reg[49]/q                        (u)     clk->q  R     unmapped_d_flop       40 40.0     0    91      91    (-,-) 
  g21768/z                                                      (u)     in_1->z F     unmapped_nand2        19 19.0     0    32     123    (-,-) 
  g183649/z                                                     (u)     in_0->z F     unmapped_complex2     16 16.0     0    30     154    (-,-) 
  g177276/z                                                     (u)     in_0->z F     unmapped_complex2      5  5.0     0    19     173    (-,-) 
  g210933/z                                                     (u)     in_1->z F     unmapped_complex3      1  1.0     0    13     186    (-,-) 
  g210929/z                                                     (u)     in_0->z R     unmapped_complex3      1  1.0     0     9     195    (-,-) 
  g219889/z                                                     (u)     in_0->z R     unmapped_complex4      1  1.0     0    13     208    (-,-) 
  g222288/z                                                     (u)     in_0->z R     unmapped_complex4      1  1.0     0    13     220    (-,-) 
  g207168/z                                                     (u)     in_0->z R     unmapped_complex3      1  1.0     0     9     229    (-,-) 
  g219130/z                                                     (u)     in_0->z R     unmapped_complex3      1  1.0     0    13     242    (-,-) 
  g223110/z                                                     (u)     in_0->z R     unmapped_or3           1  1.0     0    13     255    (-,-) 
  g226343/z                                                     (u)     in_1->z R     unmapped_complex4      1  1.0     0    13     268    (-,-) 
  g147130/z                                                     (u)     in_1->z R     unmapped_or2           1  1.0     0     9     277    (-,-) 
  g220433/z                                                     (u)     in_0->z R     unmapped_complex4      1  1.0     0     9     286    (-,-) 
  g225702/z                                                     (u)     in_0->z R     unmapped_or4           1  1.0     0    17     303    (-,-) 
  PIPELINES[4].ROUNDS[0].U_ROUND_U_SUB_ROM[6].ROM_dout_reg[1]/d -       -       R     unmapped_d_flop        1    -     -     0     303    (-,-) 
#------------------------------------------------------------------------------------------------------------------------------------------------

(u) : Net has unmapped pin(s).



Path 21: VIOLATED (-52 ps) Setup Check with Pin PIPELINES[4].ROUNDS[2].U_ROUND_U_SUB_ROM[13].ROM_dout_reg[5]/clk->d
          Group: clk
     Startpoint: (R) PIPELINES[4].ROUNDS[1].U_ROUND_U_KEY_data_out_reg[109]/clk
          Clock: (R) clk
       Endpoint: (R) PIPELINES[4].ROUNDS[2].U_ROUND_U_SUB_ROM[13].ROM_dout_reg[5]/d
          Clock: (R) clk

                     Capture       Launch     
        Clock Edge:+     260            0     
       Src Latency:+       0            0     
       Net Latency:+       0 (I)        0 (I) 
           Arrival:=     260            0     
                                              
             Setup:-       9                  
     Required Time:=     251                  
      Launch Clock:-       0                  
         Data Path:-     302                  
             Slack:=     -52                  

#-------------------------------------------------------------------------------------------------------------------------------------------------
#                         Timing Point                           Flags    Arc    Edge       Cell         Fanout Load Trans Delay Arrival Instance 
#                                                                                                               (fF)  (ps)  (ps)   (ps)  Location 
#-------------------------------------------------------------------------------------------------------------------------------------------------
  PIPELINES[4].ROUNDS[1].U_ROUND_U_KEY_data_out_reg[109]/clk     -       -       R     (arrival)          47792    -     0     0       0    (-,-) 
  PIPELINES[4].ROUNDS[1].U_ROUND_U_KEY_data_out_reg[109]/q       (u)     clk->q  F     unmapped_d_flop       35 35.0     0    90      90    (-,-) 
  g63398/z                                                       (u)     in_0->z F     unmapped_complex2     24 24.0     0    34     124    (-,-) 
  g718309/z                                                      (u)     in_0->z F     unmapped_complex2     14 14.0     0    29     153    (-,-) 
  g710839/z                                                      (u)     in_0->z F     unmapped_or2           4  4.0     0    18     171    (-,-) 
  g755368/z                                                      (u)     in_2->z F     unmapped_complex4      1  1.0     0    27     198    (-,-) 
  g752344/z                                                      (u)     in_0->z R     unmapped_complex4      1  1.0     0     9     206    (-,-) 
  g335338/z                                                      (u)     in_0->z R     unmapped_complex4      1  1.0     0    13     219    (-,-) 
  g686983/z                                                      (u)     in_0->z R     unmapped_or2           1  1.0     0     9     228    (-,-) 
  g63612/z                                                       (u)     in_0->z R     unmapped_complex4      1  1.0     0     9     237    (-,-) 
  g742117/z                                                      (u)     in_0->z R     unmapped_complex4      1  1.0     0     9     246    (-,-) 
  g733587/z                                                      (u)     in_0->z R     unmapped_complex3      1  1.0     0     9     255    (-,-) 
  g758796/z                                                      (u)     in_0->z R     unmapped_complex4      1  1.0     0    13     268    (-,-) 
  g686182/z                                                      (u)     in_0->z R     unmapped_or2           1  1.0     0     9     277    (-,-) 
  g63611/z                                                       (u)     in_0->z R     unmapped_complex4      1  1.0     0    13     290    (-,-) 
  g63610/z                                                       (u)     in_0->z R     unmapped_or3           1  1.0     0    13     302    (-,-) 
  PIPELINES[4].ROUNDS[2].U_ROUND_U_SUB_ROM[13].ROM_dout_reg[5]/d -       -       R     unmapped_d_flop        1    -     -     0     302    (-,-) 
#-------------------------------------------------------------------------------------------------------------------------------------------------

(u) : Net has unmapped pin(s).



Path 22: VIOLATED (-51 ps) Setup Check with Pin PIPELINES[1].ROUNDS[5].U_ROUND_U_SUB_ROM[8].ROM_dout_reg[2]/clk->d
          Group: clk
     Startpoint: (R) PIPELINES[1].ROUNDS[4].U_ROUND_U_KEY_data_out_reg[66]/clk
          Clock: (R) clk
       Endpoint: (R) PIPELINES[1].ROUNDS[5].U_ROUND_U_SUB_ROM[8].ROM_dout_reg[2]/d
          Clock: (R) clk

                     Capture       Launch     
        Clock Edge:+     260            0     
       Src Latency:+       0            0     
       Net Latency:+       0 (I)        0 (I) 
           Arrival:=     260            0     
                                              
             Setup:-       9                  
     Required Time:=     251                  
      Launch Clock:-       0                  
         Data Path:-     302                  
             Slack:=     -51                  

#------------------------------------------------------------------------------------------------------------------------------------------------
#                         Timing Point                          Flags    Arc    Edge       Cell         Fanout Load Trans Delay Arrival Instance 
#                                                                                                              (fF)  (ps)  (ps)   (ps)  Location 
#------------------------------------------------------------------------------------------------------------------------------------------------
  PIPELINES[1].ROUNDS[4].U_ROUND_U_KEY_data_out_reg[66]/clk     -       -       R     (arrival)          47792    -     0     0       0    (-,-) 
  PIPELINES[1].ROUNDS[4].U_ROUND_U_KEY_data_out_reg[66]/q       (u)     clk->q  F     unmapped_d_flop       29 29.0     0    89      89    (-,-) 
  g120368/z                                                     (u)     in_0->z F     unmapped_or2          22 22.0     0    33     122    (-,-) 
  g120574/z                                                     (u)     in_0->z F     unmapped_or2           5  5.0     0    19     141    (-,-) 
  g1198032/z                                                    (u)     in_3->z R     unmapped_complex4      1  1.0     0    18     159    (-,-) 
  g120637/z                                                     (u)     in_0->z F     unmapped_complex2      1  1.0     0     9     168    (-,-) 
  g120636/z                                                     (u)     in_0->z R     unmapped_complex4      1  1.0     0     9     176    (-,-) 
  g1220541/z                                                    (u)     in_0->z R     unmapped_complex4      1  1.0     0    13     189    (-,-) 
  g1197058/z                                                    (u)     in_0->z R     unmapped_complex4      1  1.0     0     9     198    (-,-) 
  g1197958/z                                                    (u)     in_0->z R     unmapped_complex3      1  1.0     0     9     207    (-,-) 
  g1198099/z                                                    (u)     in_0->z R     unmapped_complex3      1  1.0     0     9     216    (-,-) 
  g1221142/z                                                    (u)     in_0->z R     unmapped_complex4      1  1.0     0    13     229    (-,-) 
  g1210561/z                                                    (u)     in_0->z R     unmapped_complex3      1  1.0     0     9     238    (-,-) 
  g1210649/z                                                    (u)     in_0->z R     unmapped_complex3      1  1.0     0     9     247    (-,-) 
  g1219768/z                                                    (u)     in_0->z R     unmapped_complex4      1  1.0     0    13     260    (-,-) 
  g1222537/z                                                    (u)     in_0->z R     unmapped_or3           1  1.0     0    13     273    (-,-) 
  g1222326/z                                                    (u)     in_0->z R     unmapped_or4           1  1.0     0    17     289    (-,-) 
  g1223993/z                                                    (u)     in_0->z R     unmapped_or3           1  1.0     0    13     302    (-,-) 
  PIPELINES[1].ROUNDS[5].U_ROUND_U_SUB_ROM[8].ROM_dout_reg[2]/d -       -       R     unmapped_d_flop        1    -     -     0     302    (-,-) 
#------------------------------------------------------------------------------------------------------------------------------------------------

(u) : Net has unmapped pin(s).



Path 23: VIOLATED (-51 ps) Setup Check with Pin PIPELINES[5].ROUNDS[6].U_ROUND_U_SUB_ROM[9].ROM_dout_reg[6]/clk->d
          Group: clk
     Startpoint: (R) PIPELINES[5].ROUNDS[5].U_ROUND_U_KEY_data_out_reg[79]/clk
          Clock: (R) clk
       Endpoint: (R) PIPELINES[5].ROUNDS[6].U_ROUND_U_SUB_ROM[9].ROM_dout_reg[6]/d
          Clock: (R) clk

                     Capture       Launch     
        Clock Edge:+     260            0     
       Src Latency:+       0            0     
       Net Latency:+       0 (I)        0 (I) 
           Arrival:=     260            0     
                                              
             Setup:-       9                  
     Required Time:=     251                  
      Launch Clock:-       0                  
         Data Path:-     302                  
             Slack:=     -51                  

#------------------------------------------------------------------------------------------------------------------------------------------------
#                         Timing Point                          Flags    Arc    Edge       Cell         Fanout Load Trans Delay Arrival Instance 
#                                                                                                              (fF)  (ps)  (ps)   (ps)  Location 
#------------------------------------------------------------------------------------------------------------------------------------------------
  PIPELINES[5].ROUNDS[5].U_ROUND_U_KEY_data_out_reg[79]/clk     -       -       R     (arrival)          47792    -     0     0       0    (-,-) 
  PIPELINES[5].ROUNDS[5].U_ROUND_U_KEY_data_out_reg[79]/q       (u)     clk->q  F     unmapped_d_flop       39 39.0     0    91      91    (-,-) 
  g244817/z                                                     (u)     in_1->z F     unmapped_complex2     26 26.0     0    35     126    (-,-) 
  g245276/z                                                     (u)     in_0->z F     unmapped_or2           6  6.0     0    21     147    (-,-) 
  g245527/z                                                     (u)     in_1->z F     unmapped_or2           2  2.0     0    13     159    (-,-) 
  g245739/z                                                     (u)     in_1->z R     unmapped_complex4      1  1.0     0    22     181    (-,-) 
  g245736/z                                                     (u)     in_3->z R     unmapped_complex4      1  1.0     0    13     194    (-,-) 
  g245735/z                                                     (u)     in_0->z R     unmapped_complex4      1  1.0     0    13     207    (-,-) 
  g245734/z                                                     (u)     in_0->z R     unmapped_complex4      1  1.0     0     9     216    (-,-) 
  g245733/z                                                     (u)     in_0->z R     unmapped_complex4      1  1.0     0    13     229    (-,-) 
  g245732/z                                                     (u)     in_0->z R     unmapped_or3           1  1.0     0    13     242    (-,-) 
  g245731/z                                                     (u)     in_0->z R     unmapped_complex3      1  1.0     0     9     250    (-,-) 
  g245730/z                                                     (u)     in_0->z R     unmapped_complex4      1  1.0     0    13     263    (-,-) 
  g245729/z                                                     (u)     in_0->z R     unmapped_or3           1  1.0     0    13     276    (-,-) 
  g245728/z                                                     (u)     in_0->z R     unmapped_or3           1  1.0     0    13     289    (-,-) 
  g245727/z                                                     (u)     in_0->z R     unmapped_or3           1  1.0     0    13     302    (-,-) 
  PIPELINES[5].ROUNDS[6].U_ROUND_U_SUB_ROM[9].ROM_dout_reg[6]/d -       -       R     unmapped_d_flop        1    -     -     0     302    (-,-) 
#------------------------------------------------------------------------------------------------------------------------------------------------

(u) : Net has unmapped pin(s).



Path 24: VIOLATED (-51 ps) Setup Check with Pin PIPELINES[3].ROUNDS[7].U_ROUND_U_SUB_ROM[1].ROM_dout_reg[1]/clk->d
          Group: clk
     Startpoint: (R) PIPELINES[3].ROUNDS[6].U_ROUND_U_KEY_data_out_reg[9]/clk
          Clock: (R) clk
       Endpoint: (R) PIPELINES[3].ROUNDS[7].U_ROUND_U_SUB_ROM[1].ROM_dout_reg[1]/d
          Clock: (R) clk

                     Capture       Launch     
        Clock Edge:+     260            0     
       Src Latency:+       0            0     
       Net Latency:+       0 (I)        0 (I) 
           Arrival:=     260            0     
                                              
             Setup:-       9                  
     Required Time:=     251                  
      Launch Clock:-       0                  
         Data Path:-     302                  
             Slack:=     -51                  

#------------------------------------------------------------------------------------------------------------------------------------------------
#                         Timing Point                          Flags    Arc    Edge       Cell         Fanout Load Trans Delay Arrival Instance 
#                                                                                                              (fF)  (ps)  (ps)   (ps)  Location 
#------------------------------------------------------------------------------------------------------------------------------------------------
  PIPELINES[3].ROUNDS[6].U_ROUND_U_KEY_data_out_reg[9]/clk      -       -       R     (arrival)          47792    -     0     0       0    (-,-) 
  PIPELINES[3].ROUNDS[6].U_ROUND_U_KEY_data_out_reg[9]/q        (u)     clk->q  R     unmapped_d_flop       39 39.0     0    91      91    (-,-) 
  g1338888/z                                                    (u)     in_1->z F     unmapped_nand2        19 19.0     0    32     123    (-,-) 
  g1471202/z                                                    (u)     in_0->z F     unmapped_complex2     16 16.0     0    30     153    (-,-) 
  g1465460/z                                                    (u)     in_0->z F     unmapped_complex2      4  4.0     0    18     171    (-,-) 
  g1506693/z                                                    (u)     in_2->z F     unmapped_complex4      1  1.0     0    27     198    (-,-) 
  g1504551/z                                                    (u)     in_0->z R     unmapped_complex3      1  1.0     0     9     207    (-,-) 
  g1515002/z                                                    (u)     in_1->z R     unmapped_complex4      1  1.0     0    13     220    (-,-) 
  g1501115/z                                                    (u)     in_0->z R     unmapped_complex3      1  1.0     0     9     229    (-,-) 
  g1511985/z                                                    (u)     in_0->z R     unmapped_complex4      1  1.0     0    13     242    (-,-) 
  g1504543/z                                                    (u)     in_0->z R     unmapped_complex3      1  1.0     0     9     250    (-,-) 
  g1514810/z                                                    (u)     in_0->z R     unmapped_or4           1  1.0     0    17     267    (-,-) 
  g1515047/z                                                    (u)     in_0->z R     unmapped_complex4      1  1.0     0    13     280    (-,-) 
  g1516637/z                                                    (u)     in_0->z R     unmapped_complex4      1  1.0     0    13     293    (-,-) 
  g1437333/z                                                    (u)     in_0->z R     unmapped_or2           1  1.0     0     9     302    (-,-) 
  PIPELINES[3].ROUNDS[7].U_ROUND_U_SUB_ROM[1].ROM_dout_reg[1]/d -       -       R     unmapped_d_flop        1    -     -     0     302    (-,-) 
#------------------------------------------------------------------------------------------------------------------------------------------------

(u) : Net has unmapped pin(s).



Path 25: VIOLATED (-51 ps) Setup Check with Pin U_KEYEXP_ROUND_KEY_GEN[8].RKGEN_U_SUB_U_ROM[3].ROM_dout_reg[7]/clk->d
          Group: clk
     Startpoint: (R) U_KEYEXP_ROUND_KEY_GEN[8].RKGEN_U_Key_FirstStage_reg[17]/clk
          Clock: (R) clk
       Endpoint: (R) U_KEYEXP_ROUND_KEY_GEN[8].RKGEN_U_SUB_U_ROM[3].ROM_dout_reg[7]/d
          Clock: (R) clk

                     Capture       Launch     
        Clock Edge:+     260            0     
       Src Latency:+       0            0     
       Net Latency:+       0 (I)        0 (I) 
           Arrival:=     260            0     
                                              
             Setup:-       9                  
     Required Time:=     251                  
      Launch Clock:-       0                  
         Data Path:-     302                  
             Slack:=     -51                  

#---------------------------------------------------------------------------------------------------------------------------------------------------
#                          Timing Point                            Flags    Arc    Edge       Cell         Fanout Load Trans Delay Arrival Instance 
#                                                                                                                 (fF)  (ps)  (ps)   (ps)  Location 
#---------------------------------------------------------------------------------------------------------------------------------------------------
  U_KEYEXP_ROUND_KEY_GEN[8].RKGEN_U_Key_FirstStage_reg[17]/clk     -       -       R     (arrival)          47792    -     0     0       0    (-,-) 
  U_KEYEXP_ROUND_KEY_GEN[8].RKGEN_U_Key_FirstStage_reg[17]/q       (u)     clk->q  R     unmapped_d_flop       42 42.0     0    92      92    (-,-) 
  g186344/z                                                        (u)     in_1->z F     unmapped_nand2        20 20.0     0    32     124    (-,-) 
  g187118/z                                                        (u)     in_0->z F     unmapped_complex2     18 18.0     0    31     155    (-,-) 
  g1317755/z                                                       (u)     in_3->z R     unmapped_complex4      1  1.0     0    22     177    (-,-) 
  g187429/z                                                        (u)     in_1->z R     unmapped_or2           1  1.0     0     9     186    (-,-) 
  g1340016/z                                                       (u)     in_0->z R     unmapped_complex4      1  1.0     0    13     199    (-,-) 
  g1318576/z                                                       (u)     in_0->z R     unmapped_complex4      1  1.0     0     9     208    (-,-) 
  g1331812/z                                                       (u)     in_0->z R     unmapped_complex4      1  1.0     0    13     221    (-,-) 
  g1340477/z                                                       (u)     in_0->z R     unmapped_or3           1  1.0     0    13     234    (-,-) 
  g1339859/z                                                       (u)     in_0->z R     unmapped_or4           1  1.0     0    17     250    (-,-) 
  g1339351/z                                                       (u)     in_0->z R     unmapped_complex4      1  1.0     0    13     263    (-,-) 
  g187426/z                                                        (u)     in_1->z R     unmapped_or2           1  1.0     0     9     272    (-,-) 
  g1340609/z                                                       (u)     in_0->z R     unmapped_complex4      1  1.0     0    13     285    (-,-) 
  g1343516/z                                                       (u)     in_0->z R     unmapped_or4           1  1.0     0    17     302    (-,-) 
  U_KEYEXP_ROUND_KEY_GEN[8].RKGEN_U_SUB_U_ROM[3].ROM_dout_reg[7]/d -       -       R     unmapped_d_flop        1    -     -     0     302    (-,-) 
#---------------------------------------------------------------------------------------------------------------------------------------------------

(u) : Net has unmapped pin(s).



Path 26: VIOLATED (-51 ps) Setup Check with Pin PIPELINES[4].ROUNDS[3].U_ROUND_U_SUB_ROM[6].ROM_dout_reg[5]/clk->d
          Group: clk
     Startpoint: (R) PIPELINES[4].ROUNDS[2].U_ROUND_U_KEY_data_out_reg[49]/clk
          Clock: (R) clk
       Endpoint: (R) PIPELINES[4].ROUNDS[3].U_ROUND_U_SUB_ROM[6].ROM_dout_reg[5]/d
          Clock: (R) clk

                     Capture       Launch     
        Clock Edge:+     260            0     
       Src Latency:+       0            0     
       Net Latency:+       0 (I)        0 (I) 
           Arrival:=     260            0     
                                              
             Setup:-       9                  
     Required Time:=     251                  
      Launch Clock:-       0                  
         Data Path:-     302                  
             Slack:=     -51                  

#------------------------------------------------------------------------------------------------------------------------------------------------
#                         Timing Point                          Flags    Arc    Edge       Cell         Fanout Load Trans Delay Arrival Instance 
#                                                                                                              (fF)  (ps)  (ps)   (ps)  Location 
#------------------------------------------------------------------------------------------------------------------------------------------------
  PIPELINES[4].ROUNDS[2].U_ROUND_U_KEY_data_out_reg[49]/clk     -       -       R     (arrival)          47792    -     0     0       0    (-,-) 
  PIPELINES[4].ROUNDS[2].U_ROUND_U_KEY_data_out_reg[49]/q       (u)     clk->q  F     unmapped_d_flop       38 38.0     0    91      91    (-,-) 
  g1306910/z                                                    (u)     in_0->z F     unmapped_complex2     21 21.0     0    33     124    (-,-) 
  g1306396/z                                                    (u)     in_1->z F     unmapped_complex2     15 15.0     0    30     153    (-,-) 
  g1324814/z                                                    (u)     in_0->z R     unmapped_complex4      1  1.0     0    18     171    (-,-) 
  g328665/z                                                     (u)     in_1->z R     unmapped_complex3      1  1.0     0    18     189    (-,-) 
  g1324978/z                                                    (u)     in_0->z R     unmapped_complex3      1  1.0     0     9     198    (-,-) 
  g328664/z                                                     (u)     in_0->z R     unmapped_complex4      1  1.0     0    13     211    (-,-) 
  g328663/z                                                     (u)     in_0->z R     unmapped_complex4      1  1.0     0    13     224    (-,-) 
  g1319270/z                                                    (u)     in_0->z R     unmapped_complex4      1  1.0     0     9     232    (-,-) 
  g328662/z                                                     (u)     in_0->z R     unmapped_complex3      1  1.0     0     9     241    (-,-) 
  g328661/z                                                     (u)     in_0->z R     unmapped_complex4      1  1.0     0    13     254    (-,-) 
  g1333700/z                                                    (u)     in_0->z R     unmapped_complex3      1  1.0     0     9     263    (-,-) 
  g1334382/z                                                    (u)     in_0->z R     unmapped_complex4      1  1.0     0    13     276    (-,-) 
  g328660/z                                                     (u)     in_0->z R     unmapped_or4           1  1.0     0    17     293    (-,-) 
  g1261805/z                                                    (u)     in_1->z R     unmapped_or2           1  1.0     0     9     302    (-,-) 
  PIPELINES[4].ROUNDS[3].U_ROUND_U_SUB_ROM[6].ROM_dout_reg[5]/d -       -       R     unmapped_d_flop        1    -     -     0     302    (-,-) 
#------------------------------------------------------------------------------------------------------------------------------------------------

(u) : Net has unmapped pin(s).



Path 27: VIOLATED (-50 ps) Setup Check with Pin PIPELINES[6].ROUNDS[0].U_ROUND_U_SUB_ROM[0].ROM_dout_reg[6]/clk->d
          Group: clk
     Startpoint: (R) PIPELINES[6].U0_ARK_data_out_reg[1]/clk
          Clock: (R) clk
       Endpoint: (R) PIPELINES[6].ROUNDS[0].U_ROUND_U_SUB_ROM[0].ROM_dout_reg[6]/d
          Clock: (R) clk

                     Capture       Launch     
        Clock Edge:+     260            0     
       Src Latency:+       0            0     
       Net Latency:+       0 (I)        0 (I) 
           Arrival:=     260            0     
                                              
             Setup:-       9                  
     Required Time:=     251                  
      Launch Clock:-       0                  
         Data Path:-     302                  
             Slack:=     -50                  

#------------------------------------------------------------------------------------------------------------------------------------------------
#                         Timing Point                          Flags    Arc    Edge       Cell         Fanout Load Trans Delay Arrival Instance 
#                                                                                                              (fF)  (ps)  (ps)   (ps)  Location 
#------------------------------------------------------------------------------------------------------------------------------------------------
  PIPELINES[6].U0_ARK_data_out_reg[1]/clk                       -       -       R     (arrival)          47792    -     0     0       0    (-,-) 
  PIPELINES[6].U0_ARK_data_out_reg[1]/q                         (u)     clk->q  R     unmapped_d_flop       39 39.0     0    91      91    (-,-) 
  g19041/z                                                      (u)     in_1->z F     unmapped_nand2        19 19.0     0    32     123    (-,-) 
  g640493/z                                                     (u)     in_1->z F     unmapped_complex2     18 18.0     0    31     154    (-,-) 
  g19888/z                                                      (u)     in_2->z R     unmapped_complex4      1  1.0     0    18     172    (-,-) 
  g1065964/z                                                    (u)     in_1->z F     unmapped_complex3      1  1.0     0    18     190    (-,-) 
  g334858/z                                                     (u)     in_0->z R     unmapped_complex3      1  1.0     0     9     199    (-,-) 
  g1071737/z                                                    (u)     in_1->z R     unmapped_complex4      1  1.0     0    13     212    (-,-) 
  g19885/z                                                      (u)     in_0->z R     unmapped_complex4      1  1.0     0     9     220    (-,-) 
  g1067334/z                                                    (u)     in_0->z R     unmapped_complex4      1  1.0     0    13     233    (-,-) 
  g1068462/z                                                    (u)     in_0->z R     unmapped_complex4      1  1.0     0    13     246    (-,-) 
  g1062424/z                                                    (u)     in_0->z R     unmapped_complex4      1  1.0     0     9     255    (-,-) 
  g1070378/z                                                    (u)     in_0->z R     unmapped_complex4      1  1.0     0    17     272    (-,-) 
  g1072228/z                                                    (u)     in_0->z R     unmapped_or4           1  1.0     0    17     289    (-,-) 
  g1072970/z                                                    (u)     in_0->z R     unmapped_or3           1  1.0     0    13     302    (-,-) 
  PIPELINES[6].ROUNDS[0].U_ROUND_U_SUB_ROM[0].ROM_dout_reg[6]/d -       -       R     unmapped_d_flop        1    -     -     0     302    (-,-) 
#------------------------------------------------------------------------------------------------------------------------------------------------

(u) : Net has unmapped pin(s).



Path 28: VIOLATED (-50 ps) Setup Check with Pin PIPELINES[1].ROUNDS[2].U_ROUND_U_SUB_ROM[12].ROM_dout_reg[2]/clk->d
          Group: clk
     Startpoint: (R) PIPELINES[1].ROUNDS[1].U_ROUND_U_KEY_data_out_reg[103]/clk
          Clock: (R) clk
       Endpoint: (R) PIPELINES[1].ROUNDS[2].U_ROUND_U_SUB_ROM[12].ROM_dout_reg[2]/d
          Clock: (R) clk

                     Capture       Launch     
        Clock Edge:+     260            0     
       Src Latency:+       0            0     
       Net Latency:+       0 (I)        0 (I) 
           Arrival:=     260            0     
                                              
             Setup:-       9                  
     Required Time:=     251                  
      Launch Clock:-       0                  
         Data Path:-     301                  
             Slack:=     -50                  

#-------------------------------------------------------------------------------------------------------------------------------------------------
#                         Timing Point                           Flags    Arc    Edge       Cell         Fanout Load Trans Delay Arrival Instance 
#                                                                                                               (fF)  (ps)  (ps)   (ps)  Location 
#-------------------------------------------------------------------------------------------------------------------------------------------------
  PIPELINES[1].ROUNDS[1].U_ROUND_U_KEY_data_out_reg[103]/clk     -       -       R     (arrival)          47792    -     0     0       0    (-,-) 
  PIPELINES[1].ROUNDS[1].U_ROUND_U_KEY_data_out_reg[103]/q       (u)     clk->q  F     unmapped_d_flop       49 49.0     0    93      93    (-,-) 
  g107172/z                                                      (u)     in_1->z R     unmapped_nand2        28 28.0     0    35     129    (-,-) 
  g1190877/z                                                     (u)     in_0->z R     unmapped_complex4      1  1.0     0    17     145    (-,-) 
  g1159073/z                                                     (u)     in_1->z R     unmapped_or2           1  1.0     0     9     154    (-,-) 
  g107338/z                                                      (u)     in_0->z F     unmapped_complex4      6  6.0     0    21     175    (-,-) 
  g107339/z                                                      (u)     in_1->z F     unmapped_or2          11 11.0     0    26     201    (-,-) 
  g1207075/z                                                     (u)     in_0->z F     unmapped_or3           1  1.0     0    13     214    (-,-) 
  g1190465/z                                                     (u)     in_0->z R     unmapped_complex3      1  1.0     0     9     223    (-,-) 
  g1216059/z                                                     (u)     in_0->z R     unmapped_complex4      1  1.0     0     9     232    (-,-) 
  g1212918/z                                                     (u)     in_0->z R     unmapped_complex3      1  1.0     0     9     241    (-,-) 
  g1212852/z                                                     (u)     in_0->z R     unmapped_complex3      1  1.0     0     9     250    (-,-) 
  g1223840/z                                                     (u)     in_0->z R     unmapped_complex4      1  1.0     0    13     263    (-,-) 
  g1224396/z                                                     (u)     in_1->z R     unmapped_complex4      1  1.0     0    13     276    (-,-) 
  g1221240/z                                                     (u)     in_0->z R     unmapped_complex4      1  1.0     0    13     288    (-,-) 
  g1224536/z                                                     (u)     in_2->z R     unmapped_or3           1  1.0     0    13     301    (-,-) 
  PIPELINES[1].ROUNDS[2].U_ROUND_U_SUB_ROM[12].ROM_dout_reg[2]/d -       -       R     unmapped_d_flop        1    -     -     0     301    (-,-) 
#-------------------------------------------------------------------------------------------------------------------------------------------------

(u) : Net has unmapped pin(s).



Path 29: VIOLATED (-50 ps) Setup Check with Pin PIPELINES[4].ROUNDS[1].U_ROUND_U_SUB_ROM[15].ROM_dout_reg[2]/clk->d
          Group: clk
     Startpoint: (R) PIPELINES[4].ROUNDS[0].U_ROUND_U_KEY_data_out_reg[121]/clk
          Clock: (R) clk
       Endpoint: (R) PIPELINES[4].ROUNDS[1].U_ROUND_U_SUB_ROM[15].ROM_dout_reg[2]/d
          Clock: (R) clk

                     Capture       Launch     
        Clock Edge:+     260            0     
       Src Latency:+       0            0     
       Net Latency:+       0 (I)        0 (I) 
           Arrival:=     260            0     
                                              
             Setup:-       9                  
     Required Time:=     251                  
      Launch Clock:-       0                  
         Data Path:-     301                  
             Slack:=     -50                  

#-------------------------------------------------------------------------------------------------------------------------------------------------
#                         Timing Point                           Flags    Arc    Edge       Cell         Fanout Load Trans Delay Arrival Instance 
#                                                                                                               (fF)  (ps)  (ps)   (ps)  Location 
#-------------------------------------------------------------------------------------------------------------------------------------------------
  PIPELINES[4].ROUNDS[0].U_ROUND_U_KEY_data_out_reg[121]/clk     -       -       R     (arrival)          47792    -     0     0       0    (-,-) 
  PIPELINES[4].ROUNDS[0].U_ROUND_U_KEY_data_out_reg[121]/q       (u)     clk->q  F     unmapped_d_flop       22 22.0     0    86      86    (-,-) 
  g2150448/z                                                     (u)     in_0->z F     unmapped_complex2     14 14.0     0    29     114    (-,-) 
  g2146723/z                                                     (u)     in_0->z F     unmapped_complex2     16 16.0     0    30     145    (-,-) 
  g2156934/z                                                     (u)     in_0->z R     unmapped_complex4      1  1.0     0    18     163    (-,-) 
  g2119279/z                                                     (u)     in_0->z F     unmapped_complex2      1  1.0     0     9     172    (-,-) 
  g2168200/z                                                     (u)     in_0->z R     unmapped_complex4      1  1.0     0     9     180    (-,-) 
  g2176850/z                                                     (u)     in_0->z R     unmapped_complex4      1  1.0     0    13     193    (-,-) 
  g2184358/z                                                     (u)     in_0->z R     unmapped_complex4      1  1.0     0    13     206    (-,-) 
  g2182145/z                                                     (u)     in_0->z R     unmapped_complex4      1  1.0     0    13     219    (-,-) 
  g2172289/z                                                     (u)     in_0->z R     unmapped_complex4      1  1.0     0     9     228    (-,-) 
  g2111361/z                                                     (u)     in_0->z R     unmapped_complex2      1  1.0     0     9     237    (-,-) 
  g2176560/z                                                     (u)     in_0->z R     unmapped_complex4      1  1.0     0     9     246    (-,-) 
  g2176554/z                                                     (u)     in_0->z R     unmapped_complex4      1  1.0     0     9     255    (-,-) 
  g2186550/z                                                     (u)     in_0->z R     unmapped_complex4      1  1.0     0    17     272    (-,-) 
  g2187109/z                                                     (u)     in_0->z R     unmapped_or3           1  1.0     0    13     284    (-,-) 
  g2187488/z                                                     (u)     in_0->z R     unmapped_or4           1  1.0     0    17     301    (-,-) 
  PIPELINES[4].ROUNDS[1].U_ROUND_U_SUB_ROM[15].ROM_dout_reg[2]/d -       -       R     unmapped_d_flop        1    -     -     0     301    (-,-) 
#-------------------------------------------------------------------------------------------------------------------------------------------------

(u) : Net has unmapped pin(s).



Path 30: VIOLATED (-50 ps) Setup Check with Pin PIPELINES[1].ROUNDS[2].U_ROUND_U_SUB_ROM[12].ROM_dout_reg[3]/clk->d
          Group: clk
     Startpoint: (R) PIPELINES[1].ROUNDS[1].U_ROUND_U_KEY_data_out_reg[103]/clk
          Clock: (R) clk
       Endpoint: (R) PIPELINES[1].ROUNDS[2].U_ROUND_U_SUB_ROM[12].ROM_dout_reg[3]/d
          Clock: (R) clk

                     Capture       Launch     
        Clock Edge:+     260            0     
       Src Latency:+       0            0     
       Net Latency:+       0 (I)        0 (I) 
           Arrival:=     260            0     
                                              
             Setup:-       9                  
     Required Time:=     251                  
      Launch Clock:-       0                  
         Data Path:-     301                  
             Slack:=     -50                  

#-------------------------------------------------------------------------------------------------------------------------------------------------
#                         Timing Point                           Flags    Arc    Edge       Cell         Fanout Load Trans Delay Arrival Instance 
#                                                                                                               (fF)  (ps)  (ps)   (ps)  Location 
#-------------------------------------------------------------------------------------------------------------------------------------------------
  PIPELINES[1].ROUNDS[1].U_ROUND_U_KEY_data_out_reg[103]/clk     -       -       R     (arrival)          47792    -     0     0       0    (-,-) 
  PIPELINES[1].ROUNDS[1].U_ROUND_U_KEY_data_out_reg[103]/q       (u)     clk->q  F     unmapped_d_flop       49 49.0     0    93      93    (-,-) 
  g107172/z                                                      (u)     in_1->z R     unmapped_nand2        28 28.0     0    35     129    (-,-) 
  g1190877/z                                                     (u)     in_0->z R     unmapped_complex4      1  1.0     0    17     145    (-,-) 
  g1159073/z                                                     (u)     in_1->z R     unmapped_or2           1  1.0     0     9     154    (-,-) 
  g107338/z                                                      (u)     in_0->z F     unmapped_complex4      6  6.0     0    21     175    (-,-) 
  g107339/z                                                      (u)     in_1->z F     unmapped_or2          11 11.0     0    26     201    (-,-) 
  g1221970/z                                                     (u)     in_1->z R     unmapped_complex4      1  1.0     0    22     223    (-,-) 
  g1222444/z                                                     (u)     in_0->z R     unmapped_complex4      1  1.0     0     9     232    (-,-) 
  g1212749/z                                                     (u)     in_0->z R     unmapped_complex3      1  1.0     0     9     241    (-,-) 
  g1223964/z                                                     (u)     in_0->z R     unmapped_complex4      1  1.0     0    13     254    (-,-) 
  g1222336/z                                                     (u)     in_0->z R     unmapped_complex4      1  1.0     0     9     263    (-,-) 
  g1224453/z                                                     (u)     in_2->z R     unmapped_complex4      1  1.0     0    13     276    (-,-) 
  g107538/z                                                      (u)     in_1->z R     unmapped_or2           1  1.0     0     9     284    (-,-) 
  g1224520/z                                                     (u)     in_0->z R     unmapped_or4           1  1.0     0    17     301    (-,-) 
  PIPELINES[1].ROUNDS[2].U_ROUND_U_SUB_ROM[12].ROM_dout_reg[3]/d -       -       R     unmapped_d_flop        1    -     -     0     301    (-,-) 
#-------------------------------------------------------------------------------------------------------------------------------------------------

(u) : Net has unmapped pin(s).



Path 31: VIOLATED (-50 ps) Setup Check with Pin PIPELINES[1].ROUNDS[7].U_ROUND_U_SUB_ROM[9].ROM_dout_reg[3]/clk->d
          Group: clk
     Startpoint: (R) PIPELINES[1].ROUNDS[6].U_ROUND_U_KEY_data_out_reg[74]/clk
          Clock: (R) clk
       Endpoint: (R) PIPELINES[1].ROUNDS[7].U_ROUND_U_SUB_ROM[9].ROM_dout_reg[3]/d
          Clock: (R) clk

                     Capture       Launch     
        Clock Edge:+     260            0     
       Src Latency:+       0            0     
       Net Latency:+       0 (I)        0 (I) 
           Arrival:=     260            0     
                                              
             Setup:-       9                  
     Required Time:=     251                  
      Launch Clock:-       0                  
         Data Path:-     301                  
             Slack:=     -50                  

#------------------------------------------------------------------------------------------------------------------------------------------------
#                         Timing Point                          Flags    Arc    Edge       Cell         Fanout Load Trans Delay Arrival Instance 
#                                                                                                              (fF)  (ps)  (ps)   (ps)  Location 
#------------------------------------------------------------------------------------------------------------------------------------------------
  PIPELINES[1].ROUNDS[6].U_ROUND_U_KEY_data_out_reg[74]/clk     -       -       R     (arrival)          47792    -     0     0       0    (-,-) 
  PIPELINES[1].ROUNDS[6].U_ROUND_U_KEY_data_out_reg[74]/q       (u)     clk->q  R     unmapped_d_flop       36 36.0     0    91      91    (-,-) 
  g193574/z                                                     (u)     in_0->z R     unmapped_or2           9  9.0     0    24     115    (-,-) 
  g187655/z                                                     (u)     in_0->z R     unmapped_complex2      8  8.0     0    23     138    (-,-) 
  g50142/z                                                      (u)     in_1->z R     unmapped_complex4      1  1.0     0    18     156    (-,-) 
  g50141/z                                                      (u)     in_0->z F     unmapped_complex4      1  1.0     0     9     165    (-,-) 
  g50140/z                                                      (u)     in_0->z R     unmapped_complex3      5  5.0     0    23     188    (-,-) 
  g122309/z                                                     (u)     in_0->z F     unmapped_complex2      4  4.0     0    18     206    (-,-) 
  g232525/z                                                     (u)     in_1->z R     unmapped_complex4      1  1.0     0    22     228    (-,-) 
  g50602/z                                                      (u)     in_0->z R     unmapped_complex3      1  1.0     0     9     237    (-,-) 
  g228905/z                                                     (u)     in_0->z R     unmapped_complex4      1  1.0     0    13     250    (-,-) 
  g50601/z                                                      (u)     in_0->z R     unmapped_complex3      1  1.0     0     9     259    (-,-) 
  g50600/z                                                      (u)     in_0->z R     unmapped_or4           1  1.0     0    17     275    (-,-) 
  g50599/z                                                      (u)     in_0->z R     unmapped_or4           1  1.0     0    17     292    (-,-) 
  g118825/z                                                     (u)     in_1->z R     unmapped_or2           1  1.0     0     9     301    (-,-) 
  PIPELINES[1].ROUNDS[7].U_ROUND_U_SUB_ROM[9].ROM_dout_reg[3]/d -       -       R     unmapped_d_flop        1    -     -     0     301    (-,-) 
#------------------------------------------------------------------------------------------------------------------------------------------------

(u) : Net has unmapped pin(s).



Path 32: VIOLATED (-50 ps) Setup Check with Pin PIPELINES[5].ROUNDS[6].U_ROUND_U_SUB_ROM[9].ROM_dout_reg[0]/clk->d
          Group: clk
     Startpoint: (R) PIPELINES[5].ROUNDS[5].U_ROUND_U_KEY_data_out_reg[79]/clk
          Clock: (R) clk
       Endpoint: (R) PIPELINES[5].ROUNDS[6].U_ROUND_U_SUB_ROM[9].ROM_dout_reg[0]/d
          Clock: (R) clk

                     Capture       Launch     
        Clock Edge:+     260            0     
       Src Latency:+       0            0     
       Net Latency:+       0 (I)        0 (I) 
           Arrival:=     260            0     
                                              
             Setup:-       9                  
     Required Time:=     251                  
      Launch Clock:-       0                  
         Data Path:-     301                  
             Slack:=     -50                  

#------------------------------------------------------------------------------------------------------------------------------------------------
#                         Timing Point                          Flags    Arc    Edge       Cell         Fanout Load Trans Delay Arrival Instance 
#                                                                                                              (fF)  (ps)  (ps)   (ps)  Location 
#------------------------------------------------------------------------------------------------------------------------------------------------
  PIPELINES[5].ROUNDS[5].U_ROUND_U_KEY_data_out_reg[79]/clk     -       -       R     (arrival)          47792    -     0     0       0    (-,-) 
  PIPELINES[5].ROUNDS[5].U_ROUND_U_KEY_data_out_reg[79]/q       (u)     clk->q  R     unmapped_d_flop       39 39.0     0    91      91    (-,-) 
  g244855/z                                                     (u)     in_1->z F     unmapped_complex2     27 27.0     0    35     126    (-,-) 
  g245237/z                                                     (u)     in_0->z F     unmapped_complex2      7  7.0     0    22     148    (-,-) 
  g245236/z                                                     (u)     in_2->z F     unmapped_complex3      1  1.0     0    13     161    (-,-) 
  g245235/z                                                     (u)     in_0->z R     unmapped_complex3      1  1.0     0     9     170    (-,-) 
  g245234/z                                                     (u)     in_0->z R     unmapped_complex4      1  1.0     0     9     179    (-,-) 
  g245233/z                                                     (u)     in_0->z R     unmapped_complex4      1  1.0     0     9     188    (-,-) 
  g245232/z                                                     (u)     in_0->z R     unmapped_complex4      1  1.0     0     9     197    (-,-) 
  g245231/z                                                     (u)     in_0->z R     unmapped_or2           1  1.0     0     9     206    (-,-) 
  g245230/z                                                     (u)     in_0->z R     unmapped_complex4      1  1.0     0    13     219    (-,-) 
  g245229/z                                                     (u)     in_0->z R     unmapped_complex4      1  1.0     0     9     228    (-,-) 
  g245228/z                                                     (u)     in_0->z R     unmapped_complex4      1  1.0     0    13     240    (-,-) 
  g245227/z                                                     (u)     in_0->z R     unmapped_complex3      1  1.0     0     9     249    (-,-) 
  g245226/z                                                     (u)     in_0->z R     unmapped_complex4      1  1.0     0     9     258    (-,-) 
  g245225/z                                                     (u)     in_0->z R     unmapped_complex4      1  1.0     0    13     271    (-,-) 
  g245212/z                                                     (u)     in_2->z R     unmapped_or3           1  1.0     0    13     284    (-,-) 
  g245211/z                                                     (u)     in_0->z R     unmapped_or4           1  1.0     0    17     301    (-,-) 
  PIPELINES[5].ROUNDS[6].U_ROUND_U_SUB_ROM[9].ROM_dout_reg[0]/d -       -       R     unmapped_d_flop        1    -     -     0     301    (-,-) 
#------------------------------------------------------------------------------------------------------------------------------------------------

(u) : Net has unmapped pin(s).



Path 33: VIOLATED (-50 ps) Setup Check with Pin PIPELINES[3].ROUNDS[3].U_ROUND_U_SUB_ROM[4].ROM_dout_reg[1]/clk->d
          Group: clk
     Startpoint: (R) PIPELINES[3].ROUNDS[2].U_ROUND_U_KEY_data_out_reg[33]/clk
          Clock: (R) clk
       Endpoint: (R) PIPELINES[3].ROUNDS[3].U_ROUND_U_SUB_ROM[4].ROM_dout_reg[1]/d
          Clock: (R) clk

                     Capture       Launch     
        Clock Edge:+     260            0     
       Src Latency:+       0            0     
       Net Latency:+       0 (I)        0 (I) 
           Arrival:=     260            0     
                                              
             Setup:-       9                  
     Required Time:=     251                  
      Launch Clock:-       0                  
         Data Path:-     301                  
             Slack:=     -50                  

#------------------------------------------------------------------------------------------------------------------------------------------------
#                         Timing Point                          Flags    Arc    Edge       Cell         Fanout Load Trans Delay Arrival Instance 
#                                                                                                              (fF)  (ps)  (ps)   (ps)  Location 
#------------------------------------------------------------------------------------------------------------------------------------------------
  PIPELINES[3].ROUNDS[2].U_ROUND_U_KEY_data_out_reg[33]/clk     -       -       R     (arrival)          47792    -     0     0       0    (-,-) 
  PIPELINES[3].ROUNDS[2].U_ROUND_U_KEY_data_out_reg[33]/q       (u)     clk->q  R     unmapped_d_flop       39 39.0     0    91      91    (-,-) 
  g622290/z                                                     (u)     in_1->z F     unmapped_nand2        19 19.0     0    32     123    (-,-) 
  g727246/z                                                     (u)     in_0->z F     unmapped_complex2     17 17.0     0    31     154    (-,-) 
  g718411/z                                                     (u)     in_0->z F     unmapped_complex2      4  4.0     0    18     172    (-,-) 
  g760829/z                                                     (u)     in_1->z F     unmapped_complex3      1  1.0     0    13     185    (-,-) 
  g767421/z                                                     (u)     in_1->z R     unmapped_complex4      1  1.0     0    13     198    (-,-) 
  g772427/z                                                     (u)     in_1->z R     unmapped_complex3      1  1.0     0    13     210    (-,-) 
  g764438/z                                                     (u)     in_0->z R     unmapped_complex4      1  1.0     0    13     223    (-,-) 
  g768675/z                                                     (u)     in_0->z R     unmapped_complex4      1  1.0     0    13     236    (-,-) 
  g771147/z                                                     (u)     in_0->z R     unmapped_or3           1  1.0     0    13     249    (-,-) 
  g770482/z                                                     (u)     in_0->z R     unmapped_complex4      1  1.0     0    13     262    (-,-) 
  g774168/z                                                     (u)     in_0->z R     unmapped_complex4      1  1.0     0    13     275    (-,-) 
  g772927/z                                                     (u)     in_0->z R     unmapped_complex4      1  1.0     0    13     288    (-,-) 
  g774252/z                                                     (u)     in_0->z R     unmapped_complex4      1  1.0     0    13     301    (-,-) 
  PIPELINES[3].ROUNDS[3].U_ROUND_U_SUB_ROM[4].ROM_dout_reg[1]/d -       -       R     unmapped_d_flop        1    -     -     0     301    (-,-) 
#------------------------------------------------------------------------------------------------------------------------------------------------

(u) : Net has unmapped pin(s).



Path 34: VIOLATED (-50 ps) Setup Check with Pin PIPELINES[3].U_SUB_ROM[10].ROM_dout_reg[6]/clk->d
          Group: clk
     Startpoint: (R) PIPELINES[3].ROUNDS[8].U_ROUND_U_KEY_data_out_reg[87]/clk
          Clock: (R) clk
       Endpoint: (R) PIPELINES[3].U_SUB_ROM[10].ROM_dout_reg[6]/d
          Clock: (R) clk

                     Capture       Launch     
        Clock Edge:+     260            0     
       Src Latency:+       0            0     
       Net Latency:+       0 (I)        0 (I) 
           Arrival:=     260            0     
                                              
             Setup:-       9                  
     Required Time:=     251                  
      Launch Clock:-       0                  
         Data Path:-     301                  
             Slack:=     -50                  

#--------------------------------------------------------------------------------------------------------------------------------------------
#                       Timing Point                        Flags    Arc    Edge       Cell         Fanout Load Trans Delay Arrival Instance 
#                                                                                                          (fF)  (ps)  (ps)   (ps)  Location 
#--------------------------------------------------------------------------------------------------------------------------------------------
  PIPELINES[3].ROUNDS[8].U_ROUND_U_KEY_data_out_reg[87]/clk -       -       R     (arrival)          47792    -     0     0       0    (-,-) 
  PIPELINES[3].ROUNDS[8].U_ROUND_U_KEY_data_out_reg[87]/q   (u)     clk->q  F     unmapped_d_flop       40 40.0     0    91      91    (-,-) 
  g1338867/z                                                (u)     in_1->z F     unmapped_complex2     21 21.0     0    33     124    (-,-) 
  g1470797/z                                                (u)     in_1->z F     unmapped_or2           5  5.0     0    19     143    (-,-) 
  g1485250/z                                                (u)     in_1->z R     unmapped_complex4      1  1.0     0    22     165    (-,-) 
  g1510002/z                                                (u)     in_2->z R     unmapped_complex3      1  1.0     0    18     183    (-,-) 
  g1493357/z                                                (u)     in_0->z R     unmapped_complex4      1  1.0     0     9     192    (-,-) 
  g1505913/z                                                (u)     in_0->z R     unmapped_complex3      1  1.0     0     9     201    (-,-) 
  g1505562/z                                                (u)     in_0->z R     unmapped_complex3      1  1.0     0     9     210    (-,-) 
  g1488933/z                                                (u)     in_0->z R     unmapped_complex3      1  1.0     0     9     218    (-,-) 
  g1488932/z                                                (u)     in_0->z R     unmapped_complex4      1  1.0     0     9     227    (-,-) 
  g1511774/z                                                (u)     in_0->z R     unmapped_or3           1  1.0     0    13     240    (-,-) 
  g1504709/z                                                (u)     in_0->z R     unmapped_complex4      1  1.0     0     9     249    (-,-) 
  g1509801/z                                                (u)     in_0->z R     unmapped_complex4      1  1.0     0    13     262    (-,-) 
  g1437495/z                                                (u)     in_0->z R     unmapped_or2           1  1.0     0     9     271    (-,-) 
  g1516035/z                                                (u)     in_0->z R     unmapped_complex4      1  1.0     0    13     284    (-,-) 
  g1516646/z                                                (u)     in_0->z R     unmapped_or4           1  1.0     0    17     301    (-,-) 
  PIPELINES[3].U_SUB_ROM[10].ROM_dout_reg[6]/d              -       -       R     unmapped_d_flop        1    -     -     0     301    (-,-) 
#--------------------------------------------------------------------------------------------------------------------------------------------

(u) : Net has unmapped pin(s).



Path 35: VIOLATED (-49 ps) Setup Check with Pin U_KEYEXP_ROUND_KEY_GEN[6].RKGEN_U_SUB_U_ROM[0].ROM_dout_reg[6]/clk->d
          Group: clk
     Startpoint: (R) U_KEYEXP_ROUND_KEY_GEN[6].RKGEN_U_Key_FirstStage_reg[26]/clk
          Clock: (R) clk
       Endpoint: (R) U_KEYEXP_ROUND_KEY_GEN[6].RKGEN_U_SUB_U_ROM[0].ROM_dout_reg[6]/d
          Clock: (R) clk

                     Capture       Launch     
        Clock Edge:+     260            0     
       Src Latency:+       0            0     
       Net Latency:+       0 (I)        0 (I) 
           Arrival:=     260            0     
                                              
             Setup:-       9                  
     Required Time:=     251                  
      Launch Clock:-       0                  
         Data Path:-     300                  
             Slack:=     -49                  

#---------------------------------------------------------------------------------------------------------------------------------------------------
#                          Timing Point                            Flags    Arc    Edge       Cell         Fanout Load Trans Delay Arrival Instance 
#                                                                                                                 (fF)  (ps)  (ps)   (ps)  Location 
#---------------------------------------------------------------------------------------------------------------------------------------------------
  U_KEYEXP_ROUND_KEY_GEN[6].RKGEN_U_Key_FirstStage_reg[26]/clk     -       -       R     (arrival)          47792    -     0     0       0    (-,-) 
  U_KEYEXP_ROUND_KEY_GEN[6].RKGEN_U_Key_FirstStage_reg[26]/q       (u)     clk->q  R     unmapped_d_flop       39 39.0     0    91      91    (-,-) 
  g103058/z                                                        (u)     in_1->z F     unmapped_complex2     26 26.0     0    35     126    (-,-) 
  g103075/z                                                        (u)     in_1->z F     unmapped_or2           4  4.0     0    18     144    (-,-) 
  g103073/z                                                        (u)     in_1->z F     unmapped_or2           2  2.0     0    13     156    (-,-) 
  g103068/z                                                        (u)     in_2->z R     unmapped_complex4      1  1.0     0    18     174    (-,-) 
  g169622/z                                                        (u)     in_0->z F     unmapped_nand2         1  1.0     0     9     183    (-,-) 
  g103067/z                                                        (u)     in_0->z R     unmapped_complex4      1  1.0     0     9     192    (-,-) 
  g103066/z                                                        (u)     in_0->z R     unmapped_complex4      1  1.0     0     9     201    (-,-) 
  g335436/z                                                        (u)     in_0->z R     unmapped_complex3      1  1.0     0     9     210    (-,-) 
  g103064/z                                                        (u)     in_0->z R     unmapped_complex4      1  1.0     0     9     219    (-,-) 
  g238796/z                                                        (u)     in_0->z R     unmapped_complex3      1  1.0     0    13     232    (-,-) 
  g103063/z                                                        (u)     in_0->z R     unmapped_complex4      1  1.0     0    13     244    (-,-) 
  g243358/z                                                        (u)     in_1->z R     unmapped_or4           1  1.0     0    17     261    (-,-) 
  g103025/z                                                        (u)     in_0->z R     unmapped_or3           1  1.0     0    13     274    (-,-) 
  g242364/z                                                        (u)     in_0->z R     unmapped_or3           1  1.0     0    13     287    (-,-) 
  g241877/z                                                        (u)     in_0->z R     unmapped_complex4      1  1.0     0    13     300    (-,-) 
  U_KEYEXP_ROUND_KEY_GEN[6].RKGEN_U_SUB_U_ROM[0].ROM_dout_reg[6]/d -       -       R     unmapped_d_flop        1    -     -     0     300    (-,-) 
#---------------------------------------------------------------------------------------------------------------------------------------------------

(u) : Net has unmapped pin(s).



Path 36: VIOLATED (-49 ps) Setup Check with Pin PIPELINES[1].ROUNDS[0].U_ROUND_U_SUB_ROM[2].ROM_dout_reg[3]/clk->d
          Group: clk
     Startpoint: (R) PIPELINES[1].U0_ARK_data_out_reg[18]/clk
          Clock: (R) clk
       Endpoint: (R) PIPELINES[1].ROUNDS[0].U_ROUND_U_SUB_ROM[2].ROM_dout_reg[3]/d
          Clock: (R) clk

                     Capture       Launch     
        Clock Edge:+     260            0     
       Src Latency:+       0            0     
       Net Latency:+       0 (I)        0 (I) 
           Arrival:=     260            0     
                                              
             Setup:-       9                  
     Required Time:=     251                  
      Launch Clock:-       0                  
         Data Path:-     300                  
             Slack:=     -49                  

#------------------------------------------------------------------------------------------------------------------------------------------------
#                         Timing Point                          Flags    Arc    Edge       Cell         Fanout Load Trans Delay Arrival Instance 
#                                                                                                              (fF)  (ps)  (ps)   (ps)  Location 
#------------------------------------------------------------------------------------------------------------------------------------------------
  PIPELINES[1].U0_ARK_data_out_reg[18]/clk                      -       -       R     (arrival)          47792    -     0     0       0    (-,-) 
  PIPELINES[1].U0_ARK_data_out_reg[18]/q                        (u)     clk->q  R     unmapped_d_flop       36 36.0     0    91      91    (-,-) 
  g21151/z                                                      (u)     in_1->z R     unmapped_complex2      7  7.0     0    22     113    (-,-) 
  g71279/z                                                      (u)     in_0->z R     unmapped_complex2      5  5.0     0    19     132    (-,-) 
  g175715/z                                                     (u)     in_0->z F     unmapped_nand2         1  1.0     0     9     141    (-,-) 
  g190400/z                                                     (u)     in_0->z R     unmapped_complex4      1  1.0     0     9     150    (-,-) 
  g160258/z                                                     (u)     in_1->z F     unmapped_nand2         1  1.0     0     9     159    (-,-) 
  g188179/z                                                     (u)     in_0->z R     unmapped_complex4      8  8.0     0    31     190    (-,-) 
  g151545/z                                                     (u)     in_1->z F     unmapped_complex2      9  9.0     0    24     214    (-,-) 
  g205491/z                                                     (u)     in_0->z F     unmapped_complex3      1  1.0     0    13     227    (-,-) 
  g224922/z                                                     (u)     in_0->z R     unmapped_complex3      2  2.0     0    13     240    (-,-) 
  g225944/z                                                     (u)     in_3->z R     unmapped_complex4      1  1.0     0    18     258    (-,-) 
  g226141/z                                                     (u)     in_0->z R     unmapped_complex4      1  1.0     0    17     274    (-,-) 
  g147203/z                                                     (u)     in_0->z R     unmapped_or2           1  1.0     0     9     283    (-,-) 
  g226458/z                                                     (u)     in_0->z R     unmapped_or4           1  1.0     0    17     300    (-,-) 
  PIPELINES[1].ROUNDS[0].U_ROUND_U_SUB_ROM[2].ROM_dout_reg[3]/d -       -       R     unmapped_d_flop        1    -     -     0     300    (-,-) 
#------------------------------------------------------------------------------------------------------------------------------------------------

(u) : Net has unmapped pin(s).



Path 37: VIOLATED (-49 ps) Setup Check with Pin PIPELINES[0].ROUNDS[5].U_ROUND_U_SUB_ROM[12].ROM_dout_reg[4]/clk->d
          Group: clk
     Startpoint: (R) PIPELINES[0].ROUNDS[4].U_ROUND_U_KEY_data_out_reg[97]/clk
          Clock: (R) clk
       Endpoint: (R) PIPELINES[0].ROUNDS[5].U_ROUND_U_SUB_ROM[12].ROM_dout_reg[4]/d
          Clock: (R) clk

                     Capture       Launch     
        Clock Edge:+     260            0     
       Src Latency:+       0            0     
       Net Latency:+       0 (I)        0 (I) 
           Arrival:=     260            0     
                                              
             Setup:-       9                  
     Required Time:=     251                  
      Launch Clock:-       0                  
         Data Path:-     300                  
             Slack:=     -49                  

#-------------------------------------------------------------------------------------------------------------------------------------------------
#                         Timing Point                           Flags    Arc    Edge       Cell         Fanout Load Trans Delay Arrival Instance 
#                                                                                                               (fF)  (ps)  (ps)   (ps)  Location 
#-------------------------------------------------------------------------------------------------------------------------------------------------
  PIPELINES[0].ROUNDS[4].U_ROUND_U_KEY_data_out_reg[97]/clk      -       -       R     (arrival)          47792    -     0     0       0    (-,-) 
  PIPELINES[0].ROUNDS[4].U_ROUND_U_KEY_data_out_reg[97]/q        (u)     clk->q  R     unmapped_d_flop       36 36.0     0    91      91    (-,-) 
  g294839/z                                                      (u)     in_0->z F     unmapped_nand2        18 18.0     0    31     122    (-,-) 
  g294833/z                                                      (u)     in_1->z F     unmapped_complex2     18 18.0     0    31     153    (-,-) 
  g295422/z                                                      (u)     in_0->z R     unmapped_complex3      2  2.0     0    13     166    (-,-) 
  g296292/z                                                      (u)     in_1->z R     unmapped_complex4      1  1.0     0    22     188    (-,-) 
  g296291/z                                                      (u)     in_0->z R     unmapped_complex3      1  1.0     0    13     201    (-,-) 
  g296290/z                                                      (u)     in_0->z R     unmapped_complex4      1  1.0     0    13     214    (-,-) 
  g296289/z                                                      (u)     in_0->z R     unmapped_complex4      1  1.0     0     9     222    (-,-) 
  g296288/z                                                      (u)     in_0->z R     unmapped_complex3      1  1.0     0    13     235    (-,-) 
  g296287/z                                                      (u)     in_0->z R     unmapped_complex3      1  1.0     0    13     248    (-,-) 
  g296286/z                                                      (u)     in_0->z R     unmapped_complex4      1  1.0     0    13     261    (-,-) 
  g296285/z                                                      (u)     in_0->z R     unmapped_or3           1  1.0     0    13     274    (-,-) 
  g296284/z                                                      (u)     in_0->z R     unmapped_or3           1  1.0     0    13     287    (-,-) 
  g296283/z                                                      (u)     in_0->z R     unmapped_or3           1  1.0     0    13     300    (-,-) 
  PIPELINES[0].ROUNDS[5].U_ROUND_U_SUB_ROM[12].ROM_dout_reg[4]/d -       -       R     unmapped_d_flop        1    -     -     0     300    (-,-) 
#-------------------------------------------------------------------------------------------------------------------------------------------------

(u) : Net has unmapped pin(s).



Path 38: VIOLATED (-48 ps) Setup Check with Pin PIPELINES[4].ROUNDS[2].U_ROUND_U_SUB_ROM[9].ROM_dout_reg[0]/clk->d
          Group: clk
     Startpoint: (R) PIPELINES[4].ROUNDS[1].U_ROUND_U_KEY_data_out_reg[79]/clk
          Clock: (R) clk
       Endpoint: (R) PIPELINES[4].ROUNDS[2].U_ROUND_U_SUB_ROM[9].ROM_dout_reg[0]/d
          Clock: (R) clk

                     Capture       Launch     
        Clock Edge:+     260            0     
       Src Latency:+       0            0     
       Net Latency:+       0 (I)        0 (I) 
           Arrival:=     260            0     
                                              
             Setup:-       9                  
     Required Time:=     251                  
      Launch Clock:-       0                  
         Data Path:-     299                  
             Slack:=     -48                  

#------------------------------------------------------------------------------------------------------------------------------------------------
#                         Timing Point                          Flags    Arc    Edge       Cell         Fanout Load Trans Delay Arrival Instance 
#                                                                                                              (fF)  (ps)  (ps)   (ps)  Location 
#------------------------------------------------------------------------------------------------------------------------------------------------
  PIPELINES[4].ROUNDS[1].U_ROUND_U_KEY_data_out_reg[79]/clk     -       -       R     (arrival)          47792    -     0     0       0    (-,-) 
  PIPELINES[4].ROUNDS[1].U_ROUND_U_KEY_data_out_reg[79]/q       (u)     clk->q  R     unmapped_d_flop       39 39.0     0    91      91    (-,-) 
  g322505/z                                                     (u)     in_1->z F     unmapped_complex2     27 27.0     0    35     126    (-,-) 
  g322857/z                                                     (u)     in_1->z F     unmapped_complex2      7  7.0     0    22     148    (-,-) 
  g1312772/z                                                    (u)     in_0->z F     unmapped_complex3      1  1.0     0    13     161    (-,-) 
  g1311776/z                                                    (u)     in_0->z R     unmapped_complex3      1  1.0     0     9     170    (-,-) 
  g322854/z                                                     (u)     in_0->z R     unmapped_complex4      1  1.0     0     9     179    (-,-) 
  g322853/z                                                     (u)     in_0->z R     unmapped_complex4      1  1.0     0     9     188    (-,-) 
  g322852/z                                                     (u)     in_0->z R     unmapped_complex3      1  1.0     0     9     197    (-,-) 
  g322851/z                                                     (u)     in_0->z R     unmapped_complex3      1  1.0     0     9     206    (-,-) 
  g1333504/z                                                    (u)     in_0->z R     unmapped_complex4      1  1.0     0    13     219    (-,-) 
  g322850/z                                                     (u)     in_0->z R     unmapped_complex4      1  1.0     0     9     228    (-,-) 
  g322846/z                                                     (u)     in_3->z R     unmapped_complex4      1  1.0     0    17     244    (-,-) 
  g322845/z                                                     (u)     in_0->z R     unmapped_complex4      1  1.0     0     9     253    (-,-) 
  g322844/z                                                     (u)     in_0->z R     unmapped_complex4      1  1.0     0    13     266    (-,-) 
  g1334988/z                                                    (u)     in_0->z R     unmapped_complex4      1  1.0     0    17     283    (-,-) 
  g322843/z                                                     (u)     in_0->z R     unmapped_or4           1  1.0     0    17     299    (-,-) 
  PIPELINES[4].ROUNDS[2].U_ROUND_U_SUB_ROM[9].ROM_dout_reg[0]/d -       -       R     unmapped_d_flop        1    -     -     0     299    (-,-) 
#------------------------------------------------------------------------------------------------------------------------------------------------

(u) : Net has unmapped pin(s).



Path 39: VIOLATED (-48 ps) Setup Check with Pin PIPELINES[3].ROUNDS[3].U_ROUND_U_SUB_ROM[2].ROM_dout_reg[7]/clk->d
          Group: clk
     Startpoint: (R) PIPELINES[3].ROUNDS[2].U_ROUND_U_KEY_data_out_reg[23]/clk
          Clock: (R) clk
       Endpoint: (R) PIPELINES[3].ROUNDS[3].U_ROUND_U_SUB_ROM[2].ROM_dout_reg[7]/d
          Clock: (R) clk

                     Capture       Launch     
        Clock Edge:+     260            0     
       Src Latency:+       0            0     
       Net Latency:+       0 (I)        0 (I) 
           Arrival:=     260            0     
                                              
             Setup:-       9                  
     Required Time:=     251                  
      Launch Clock:-       0                  
         Data Path:-     299                  
             Slack:=     -48                  

#------------------------------------------------------------------------------------------------------------------------------------------------
#                         Timing Point                          Flags    Arc    Edge       Cell         Fanout Load Trans Delay Arrival Instance 
#                                                                                                              (fF)  (ps)  (ps)   (ps)  Location 
#------------------------------------------------------------------------------------------------------------------------------------------------
  PIPELINES[3].ROUNDS[2].U_ROUND_U_KEY_data_out_reg[23]/clk     -       -       R     (arrival)          47792    -     0     0       0    (-,-) 
  PIPELINES[3].ROUNDS[2].U_ROUND_U_KEY_data_out_reg[23]/q       (u)     clk->q  R     unmapped_d_flop       43 43.0     0    92      92    (-,-) 
  g622554/z                                                     (u)     in_1->z F     unmapped_complex2     25 25.0     0    34     126    (-,-) 
  g726305/z                                                     (u)     in_1->z F     unmapped_or2           6  6.0     0    21     147    (-,-) 
  g749933/z                                                     (u)     in_2->z R     unmapped_complex4      1  1.0     0    18     165    (-,-) 
  g763205/z                                                     (u)     in_1->z F     unmapped_complex4      1  1.0     0    18     183    (-,-) 
  g767254/z                                                     (u)     in_1->z R     unmapped_complex4      1  1.0     0    13     196    (-,-) 
  g744056/z                                                     (u)     in_0->z R     unmapped_complex4      1  1.0     0     9     204    (-,-) 
  g750036/z                                                     (u)     in_0->z R     unmapped_complex3      1  1.0     0     9     213    (-,-) 
  g744055/z                                                     (u)     in_0->z R     unmapped_complex4      1  1.0     0     9     222    (-,-) 
  g695990/z                                                     (u)     in_0->z R     unmapped_or2           1  1.0     0     9     231    (-,-) 
  g771839/z                                                     (u)     in_0->z R     unmapped_or4           1  1.0     0    17     248    (-,-) 
  g773676/z                                                     (u)     in_0->z R     unmapped_complex4      1  1.0     0    13     261    (-,-) 
  g766151/z                                                     (u)     in_0->z R     unmapped_complex4      1  1.0     0    13     274    (-,-) 
  g773097/z                                                     (u)     in_0->z R     unmapped_or4           1  1.0     0    17     290    (-,-) 
  g695295/z                                                     (u)     in_1->z R     unmapped_or2           1  1.0     0     9     299    (-,-) 
  PIPELINES[3].ROUNDS[3].U_ROUND_U_SUB_ROM[2].ROM_dout_reg[7]/d -       -       R     unmapped_d_flop        1    -     -     0     299    (-,-) 
#------------------------------------------------------------------------------------------------------------------------------------------------

(u) : Net has unmapped pin(s).



Path 40: VIOLATED (-48 ps) Setup Check with Pin PIPELINES[3].U_SUB_ROM[14].ROM_dout_reg[6]/clk->d
          Group: clk
     Startpoint: (R) PIPELINES[3].ROUNDS[8].U_ROUND_U_KEY_data_out_reg[113]/clk
          Clock: (R) clk
       Endpoint: (R) PIPELINES[3].U_SUB_ROM[14].ROM_dout_reg[6]/d
          Clock: (R) clk

                     Capture       Launch     
        Clock Edge:+     260            0     
       Src Latency:+       0            0     
       Net Latency:+       0 (I)        0 (I) 
           Arrival:=     260            0     
                                              
             Setup:-       9                  
     Required Time:=     251                  
      Launch Clock:-       0                  
         Data Path:-     299                  
             Slack:=     -48                  

#---------------------------------------------------------------------------------------------------------------------------------------------
#                       Timing Point                         Flags    Arc    Edge       Cell         Fanout Load Trans Delay Arrival Instance 
#                                                                                                           (fF)  (ps)  (ps)   (ps)  Location 
#---------------------------------------------------------------------------------------------------------------------------------------------
  PIPELINES[3].ROUNDS[8].U_ROUND_U_KEY_data_out_reg[113]/clk -       -       R     (arrival)          47792    -     0     0       0    (-,-) 
  PIPELINES[3].ROUNDS[8].U_ROUND_U_KEY_data_out_reg[113]/q   (u)     clk->q  R     unmapped_d_flop       41 41.0     0    92      92    (-,-) 
  g1338731/z                                                 (u)     in_1->z F     unmapped_nand2        18 18.0     0    31     123    (-,-) 
  g1471569/z                                                 (u)     in_0->z F     unmapped_complex2     14 14.0     0    29     152    (-,-) 
  g1489148/z                                                 (u)     in_2->z R     unmapped_complex4      1  1.0     0    18     169    (-,-) 
  g1510599/z                                                 (u)     in_1->z F     unmapped_complex4      1  1.0     0    18     187    (-,-) 
  g1511755/z                                                 (u)     in_0->z R     unmapped_complex4      1  1.0     0    13     200    (-,-) 
  g1514251/z                                                 (u)     in_1->z R     unmapped_complex3      1  1.0     0    13     213    (-,-) 
  g1485173/z                                                 (u)     in_0->z R     unmapped_complex4      1  1.0     0     9     222    (-,-) 
  g1511785/z                                                 (u)     in_0->z R     unmapped_complex4      1  1.0     0    13     235    (-,-) 
  g1505292/z                                                 (u)     in_0->z R     unmapped_complex3      1  1.0     0     9     244    (-,-) 
  g1510932/z                                                 (u)     in_0->z R     unmapped_complex4      1  1.0     0    13     257    (-,-) 
  g1516611/z                                                 (u)     in_1->z R     unmapped_or3           1  1.0     0    13     270    (-,-) 
  g1516094/z                                                 (u)     in_0->z R     unmapped_complex4      1  1.0     0    17     286    (-,-) 
  g1515966/z                                                 (u)     in_0->z R     unmapped_complex4      1  1.0     0    13     299    (-,-) 
  PIPELINES[3].U_SUB_ROM[14].ROM_dout_reg[6]/d               -       -       R     unmapped_d_flop        1    -     -     0     299    (-,-) 
#---------------------------------------------------------------------------------------------------------------------------------------------

(u) : Net has unmapped pin(s).



Path 41: VIOLATED (-48 ps) Setup Check with Pin PIPELINES[3].ROUNDS[3].U_ROUND_U_SUB_ROM[5].ROM_dout_reg[5]/clk->d
          Group: clk
     Startpoint: (R) PIPELINES[3].ROUNDS[2].U_ROUND_U_KEY_data_out_reg[44]/clk
          Clock: (R) clk
       Endpoint: (R) PIPELINES[3].ROUNDS[3].U_ROUND_U_SUB_ROM[5].ROM_dout_reg[5]/d
          Clock: (R) clk

                     Capture       Launch     
        Clock Edge:+     260            0     
       Src Latency:+       0            0     
       Net Latency:+       0 (I)        0 (I) 
           Arrival:=     260            0     
                                              
             Setup:-       9                  
     Required Time:=     251                  
      Launch Clock:-       0                  
         Data Path:-     299                  
             Slack:=     -48                  

#------------------------------------------------------------------------------------------------------------------------------------------------
#                         Timing Point                          Flags    Arc    Edge       Cell         Fanout Load Trans Delay Arrival Instance 
#                                                                                                              (fF)  (ps)  (ps)   (ps)  Location 
#------------------------------------------------------------------------------------------------------------------------------------------------
  PIPELINES[3].ROUNDS[2].U_ROUND_U_KEY_data_out_reg[44]/clk     -       -       R     (arrival)          47792    -     0     0       0    (-,-) 
  PIPELINES[3].ROUNDS[2].U_ROUND_U_KEY_data_out_reg[44]/q       (u)     clk->q  R     unmapped_d_flop       44 44.0     0    92      92    (-,-) 
  g622123/z                                                     (u)     in_1->z R     unmapped_complex2     22 22.0     0    33     125    (-,-) 
  g408132/z                                                     (u)     in_0->z R     unmapped_or2           3  3.0     0    15     140    (-,-) 
  g713901/z                                                     (u)     in_1->z F     unmapped_nand2         1  1.0     0     9     149    (-,-) 
  g757624/z                                                     (u)     in_0->z R     unmapped_complex4      6  6.0     0    29     178    (-,-) 
  g700894/z                                                     (u)     in_1->z F     unmapped_complex2     11 11.0     0    26     204    (-,-) 
  g750771/z                                                     (u)     in_0->z F     unmapped_complex3      1  1.0     0    13     217    (-,-) 
  g771918/z                                                     (u)     in_0->z R     unmapped_complex4      1  1.0     0     9     226    (-,-) 
  g771383/z                                                     (u)     in_0->z R     unmapped_complex4      1  1.0     0     9     235    (-,-) 
  g773689/z                                                     (u)     in_0->z R     unmapped_or3           1  1.0     0    13     248    (-,-) 
  g771120/z                                                     (u)     in_0->z R     unmapped_complex4      1  1.0     0     9     257    (-,-) 
  g774367/z                                                     (u)     in_1->z R     unmapped_or3           1  1.0     0    13     270    (-,-) 
  g773599/z                                                     (u)     in_0->z R     unmapped_complex3      1  1.0     0    13     282    (-,-) 
  g774408/z                                                     (u)     in_0->z R     unmapped_complex4      1  1.0     0    17     299    (-,-) 
  PIPELINES[3].ROUNDS[3].U_ROUND_U_SUB_ROM[5].ROM_dout_reg[5]/d -       -       R     unmapped_d_flop        1    -     -     0     299    (-,-) 
#------------------------------------------------------------------------------------------------------------------------------------------------

(u) : Net has unmapped pin(s).



Path 42: VIOLATED (-48 ps) Setup Check with Pin PIPELINES[0].U_SUB_ROM[12].ROM_dout_reg[1]/clk->d
          Group: clk
     Startpoint: (R) PIPELINES[0].ROUNDS[8].U_ROUND_U_KEY_data_out_reg[97]/clk
          Clock: (R) clk
       Endpoint: (R) PIPELINES[0].U_SUB_ROM[12].ROM_dout_reg[1]/d
          Clock: (R) clk

                     Capture       Launch     
        Clock Edge:+     260            0     
       Src Latency:+       0            0     
       Net Latency:+       0 (I)        0 (I) 
           Arrival:=     260            0     
                                              
             Setup:-       9                  
     Required Time:=     251                  
      Launch Clock:-       0                  
         Data Path:-     299                  
             Slack:=     -48                  

#--------------------------------------------------------------------------------------------------------------------------------------------
#                       Timing Point                        Flags    Arc    Edge       Cell         Fanout Load Trans Delay Arrival Instance 
#                                                                                                          (fF)  (ps)  (ps)   (ps)  Location 
#--------------------------------------------------------------------------------------------------------------------------------------------
  PIPELINES[0].ROUNDS[8].U_ROUND_U_KEY_data_out_reg[97]/clk -       -       R     (arrival)          47792    -     0     0       0    (-,-) 
  PIPELINES[0].ROUNDS[8].U_ROUND_U_KEY_data_out_reg[97]/q   (u)     clk->q  R     unmapped_d_flop       38 38.0     0    91      91    (-,-) 
  g279710/z                                                 (u)     in_0->z F     unmapped_nand2        19 19.0     0    32     123    (-,-) 
  g279709/z                                                 (u)     in_0->z F     unmapped_complex2     18 18.0     0    31     154    (-,-) 
  g279805/z                                                 (u)     in_0->z F     unmapped_complex2      5  5.0     0    19     173    (-,-) 
  g1165748/z                                                (u)     in_2->z R     unmapped_complex4      1  1.0     0    22     195    (-,-) 
  g1165749/z                                                (u)     in_0->z R     unmapped_complex4      1  1.0     0     9     204    (-,-) 
  g279829/z                                                 (u)     in_0->z R     unmapped_or3           1  1.0     0    13     217    (-,-) 
  g279828/z                                                 (u)     in_0->z R     unmapped_complex3      1  1.0     0     9     226    (-,-) 
  g279827/z                                                 (u)     in_0->z R     unmapped_complex4      1  1.0     0    13     239    (-,-) 
  g279826/z                                                 (u)     in_0->z R     unmapped_or3           1  1.0     0    13     252    (-,-) 
  g1168489/z                                                (u)     in_0->z R     unmapped_complex4      1  1.0     0     9     260    (-,-) 
  g279817/z                                                 (u)     in_1->z R     unmapped_or2           1  1.0     0     9     269    (-,-) 
  g1178780/z                                                (u)     in_0->z R     unmapped_complex4      1  1.0     0    13     282    (-,-) 
  g279794/z                                                 (u)     in_2->z R     unmapped_or4           1  1.0     0    17     299    (-,-) 
  PIPELINES[0].U_SUB_ROM[12].ROM_dout_reg[1]/d              -       -       R     unmapped_d_flop        1    -     -     0     299    (-,-) 
#--------------------------------------------------------------------------------------------------------------------------------------------

(u) : Net has unmapped pin(s).



Path 43: VIOLATED (-48 ps) Setup Check with Pin PIPELINES[1].ROUNDS[8].U_ROUND_U_SUB_ROM[1].ROM_dout_reg[1]/clk->d
          Group: clk
     Startpoint: (R) PIPELINES[1].ROUNDS[7].U_ROUND_U_KEY_data_out_reg[9]/clk
          Clock: (R) clk
       Endpoint: (R) PIPELINES[1].ROUNDS[8].U_ROUND_U_SUB_ROM[1].ROM_dout_reg[1]/d
          Clock: (R) clk

                     Capture       Launch     
        Clock Edge:+     260            0     
       Src Latency:+       0            0     
       Net Latency:+       0 (I)        0 (I) 
           Arrival:=     260            0     
                                              
             Setup:-       9                  
     Required Time:=     251                  
      Launch Clock:-       0                  
         Data Path:-     299                  
             Slack:=     -48                  

#------------------------------------------------------------------------------------------------------------------------------------------------
#                         Timing Point                          Flags    Arc    Edge       Cell         Fanout Load Trans Delay Arrival Instance 
#                                                                                                              (fF)  (ps)  (ps)   (ps)  Location 
#------------------------------------------------------------------------------------------------------------------------------------------------
  PIPELINES[1].ROUNDS[7].U_ROUND_U_KEY_data_out_reg[9]/clk      -       -       R     (arrival)          47792    -     0     0       0    (-,-) 
  PIPELINES[1].ROUNDS[7].U_ROUND_U_KEY_data_out_reg[9]/q        (u)     clk->q  R     unmapped_d_flop       36 36.0     0    91      91    (-,-) 
  g52464/z                                                      (u)     in_0->z F     unmapped_nand2        19 19.0     0    32     122    (-,-) 
  g52740/z                                                      (u)     in_0->z F     unmapped_complex2     18 18.0     0    31     154    (-,-) 
  g53086/z                                                      (u)     in_0->z R     unmapped_complex3      2  2.0     0    13     166    (-,-) 
  g53533/z                                                      (u)     in_3->z R     unmapped_complex4      1  1.0     0    22     188    (-,-) 
  g53532/z                                                      (u)     in_0->z R     unmapped_complex4      1  1.0     0    13     201    (-,-) 
  g53531/z                                                      (u)     in_0->z R     unmapped_complex4      1  1.0     0    13     214    (-,-) 
  g53528/z                                                      (u)     in_1->z R     unmapped_complex4      1  1.0     0    13     227    (-,-) 
  g53527/z                                                      (u)     in_0->z R     unmapped_or3           1  1.0     0    13     240    (-,-) 
  g53526/z                                                      (u)     in_0->z R     unmapped_or4           1  1.0     0    17     256    (-,-) 
  g53525/z                                                      (u)     in_0->z R     unmapped_or4           1  1.0     0    17     273    (-,-) 
  g53524/z                                                      (u)     in_0->z R     unmapped_complex4      1  1.0     0    13     286    (-,-) 
  g53523/z                                                      (u)     in_0->z R     unmapped_complex4      1  1.0     0    13     299    (-,-) 
  PIPELINES[1].ROUNDS[8].U_ROUND_U_SUB_ROM[1].ROM_dout_reg[1]/d -       -       R     unmapped_d_flop        1    -     -     0     299    (-,-) 
#------------------------------------------------------------------------------------------------------------------------------------------------

(u) : Net has unmapped pin(s).



Path 44: VIOLATED (-48 ps) Setup Check with Pin PIPELINES[2].ROUNDS[7].U_ROUND_U_SUB_ROM[0].ROM_dout_reg[3]/clk->d
          Group: clk
     Startpoint: (R) PIPELINES[2].ROUNDS[6].U_ROUND_U_KEY_data_out_reg[1]/clk
          Clock: (R) clk
       Endpoint: (R) PIPELINES[2].ROUNDS[7].U_ROUND_U_SUB_ROM[0].ROM_dout_reg[3]/d
          Clock: (R) clk

                     Capture       Launch     
        Clock Edge:+     260            0     
       Src Latency:+       0            0     
       Net Latency:+       0 (I)        0 (I) 
           Arrival:=     260            0     
                                              
             Setup:-       9                  
     Required Time:=     251                  
      Launch Clock:-       0                  
         Data Path:-     299                  
             Slack:=     -48                  

#------------------------------------------------------------------------------------------------------------------------------------------------
#                         Timing Point                          Flags    Arc    Edge       Cell         Fanout Load Trans Delay Arrival Instance 
#                                                                                                              (fF)  (ps)  (ps)   (ps)  Location 
#------------------------------------------------------------------------------------------------------------------------------------------------
  PIPELINES[2].ROUNDS[6].U_ROUND_U_KEY_data_out_reg[1]/clk      -       -       R     (arrival)          47792    -     0     0       0    (-,-) 
  PIPELINES[2].ROUNDS[6].U_ROUND_U_KEY_data_out_reg[1]/q        (u)     clk->q  F     unmapped_d_flop       37 37.0     0    91      91    (-,-) 
  g89542/z                                                      (u)     in_0->z F     unmapped_complex2     22 22.0     0    33     124    (-,-) 
  g89572/z                                                      (u)     in_0->z F     unmapped_complex2     13 13.0     0    28     152    (-,-) 
  g90682/z                                                      (u)     in_0->z F     unmapped_complex2      2  2.0     0    13     164    (-,-) 
  g90862/z                                                      (u)     in_2->z R     unmapped_complex4      1  1.0     0    18     182    (-,-) 
  g90861/z                                                      (u)     in_0->z R     unmapped_complex4      1  1.0     0     9     191    (-,-) 
  g90860/z                                                      (u)     in_0->z R     unmapped_or2           1  1.0     0     9     200    (-,-) 
  g239790/z                                                     (u)     in_0->z R     unmapped_complex4      1  1.0     0    13     213    (-,-) 
  g90859/z                                                      (u)     in_0->z R     unmapped_complex4      1  1.0     0     9     222    (-,-) 
  g90858/z                                                      (u)     in_0->z R     unmapped_complex3      1  1.0     0     9     231    (-,-) 
  g90857/z                                                      (u)     in_0->z R     unmapped_complex4      1  1.0     0    13     244    (-,-) 
  g90856/z                                                      (u)     in_0->z R     unmapped_complex4      1  1.0     0    13     256    (-,-) 
  g243333/z                                                     (u)     in_2->z R     unmapped_or4           1  1.0     0    17     273    (-,-) 
  g242598/z                                                     (u)     in_0->z R     unmapped_or4           1  1.0     0    17     290    (-,-) 
  g164185/z                                                     (u)     in_1->z R     unmapped_or2           1  1.0     0     9     299    (-,-) 
  PIPELINES[2].ROUNDS[7].U_ROUND_U_SUB_ROM[0].ROM_dout_reg[3]/d -       -       R     unmapped_d_flop        1    -     -     0     299    (-,-) 
#------------------------------------------------------------------------------------------------------------------------------------------------

(u) : Net has unmapped pin(s).



Path 45: VIOLATED (-48 ps) Setup Check with Pin PIPELINES[1].ROUNDS[7].U_ROUND_U_SUB_ROM[15].ROM_dout_reg[3]/clk->d
          Group: clk
     Startpoint: (R) PIPELINES[1].ROUNDS[6].U_ROUND_U_KEY_data_out_reg[124]/clk
          Clock: (R) clk
       Endpoint: (R) PIPELINES[1].ROUNDS[7].U_ROUND_U_SUB_ROM[15].ROM_dout_reg[3]/d
          Clock: (R) clk

                     Capture       Launch     
        Clock Edge:+     260            0     
       Src Latency:+       0            0     
       Net Latency:+       0 (I)        0 (I) 
           Arrival:=     260            0     
                                              
             Setup:-       9                  
     Required Time:=     251                  
      Launch Clock:-       0                  
         Data Path:-     299                  
             Slack:=     -48                  

#-------------------------------------------------------------------------------------------------------------------------------------------------
#                         Timing Point                           Flags    Arc    Edge       Cell         Fanout Load Trans Delay Arrival Instance 
#                                                                                                               (fF)  (ps)  (ps)   (ps)  Location 
#-------------------------------------------------------------------------------------------------------------------------------------------------
  PIPELINES[1].ROUNDS[6].U_ROUND_U_KEY_data_out_reg[124]/clk     -       -       R     (arrival)          47792    -     0     0       0    (-,-) 
  PIPELINES[1].ROUNDS[6].U_ROUND_U_KEY_data_out_reg[124]/q       (u)     clk->q  R     unmapped_d_flop       47 47.0     0    93      93    (-,-) 
  g48232/z                                                       (u)     in_1->z R     unmapped_complex2     19 19.0     0    32     124    (-,-) 
  g48398/z                                                       (u)     in_1->z R     unmapped_or2           2  2.0     0    13     137    (-,-) 
  g48396/z                                                       (u)     in_2->z R     unmapped_complex4      6  6.0     0    39     176    (-,-) 
  g163667/z                                                      (u)     in_0->z F     unmapped_complex2      9  9.0     0    24     200    (-,-) 
  g48399/z                                                       (u)     in_2->z R     unmapped_complex4      2  2.0     0    22     222    (-,-) 
  g48394/z                                                       (u)     in_3->z R     unmapped_complex4      1  1.0     0    18     240    (-,-) 
  g225383/z                                                      (u)     in_0->z R     unmapped_complex4      1  1.0     0    13     252    (-,-) 
  g48393/z                                                       (u)     in_0->z R     unmapped_complex4      1  1.0     0    17     269    (-,-) 
  g48392/z                                                       (u)     in_0->z R     unmapped_or3           1  1.0     0    13     282    (-,-) 
  g234505/z                                                      (u)     in_0->z R     unmapped_or4           1  1.0     0    17     299    (-,-) 
  PIPELINES[1].ROUNDS[7].U_ROUND_U_SUB_ROM[15].ROM_dout_reg[3]/d -       -       R     unmapped_d_flop        1    -     -     0     299    (-,-) 
#-------------------------------------------------------------------------------------------------------------------------------------------------

(u) : Net has unmapped pin(s).



Path 46: VIOLATED (-47 ps) Setup Check with Pin PIPELINES[6].ROUNDS[0].U_ROUND_U_SUB_ROM[6].ROM_dout_reg[1]/clk->d
          Group: clk
     Startpoint: (R) PIPELINES[6].U0_ARK_data_out_reg[49]/clk
          Clock: (R) clk
       Endpoint: (R) PIPELINES[6].ROUNDS[0].U_ROUND_U_SUB_ROM[6].ROM_dout_reg[1]/d
          Clock: (R) clk

                     Capture       Launch     
        Clock Edge:+     260            0     
       Src Latency:+       0            0     
       Net Latency:+       0 (I)        0 (I) 
           Arrival:=     260            0     
                                              
             Setup:-       9                  
     Required Time:=     251                  
      Launch Clock:-       0                  
         Data Path:-     298                  
             Slack:=     -47                  

#------------------------------------------------------------------------------------------------------------------------------------------------
#                         Timing Point                          Flags    Arc    Edge       Cell         Fanout Load Trans Delay Arrival Instance 
#                                                                                                              (fF)  (ps)  (ps)   (ps)  Location 
#------------------------------------------------------------------------------------------------------------------------------------------------
  PIPELINES[6].U0_ARK_data_out_reg[49]/clk                      -       -       R     (arrival)          47792    -     0     0       0    (-,-) 
  PIPELINES[6].U0_ARK_data_out_reg[49]/q                        (u)     clk->q  F     unmapped_d_flop       40 40.0     0    91      91    (-,-) 
  g140447/z                                                     (u)     in_0->z F     unmapped_complex2     24 24.0     0    34     125    (-,-) 
  g133815/z                                                     (u)     in_0->z F     unmapped_complex2     12 12.0     0    27     152    (-,-) 
  g126317/z                                                     (u)     in_1->z F     unmapped_or2           2  2.0     0    13     165    (-,-) 
  g209624/z                                                     (u)     in_2->z R     unmapped_complex4      1  1.0     0    18     183    (-,-) 
  g221584/z                                                     (u)     in_0->z R     unmapped_complex4      1  1.0     0    13     196    (-,-) 
  g223761/z                                                     (u)     in_0->z R     unmapped_or3           1  1.0     0    13     208    (-,-) 
  g225518/z                                                     (u)     in_1->z R     unmapped_complex4      1  1.0     0    13     221    (-,-) 
  g223675/z                                                     (u)     in_0->z R     unmapped_complex4      1  1.0     0    17     238    (-,-) 
  g222968/z                                                     (u)     in_0->z R     unmapped_or4           1  1.0     0    17     255    (-,-) 
  g224907/z                                                     (u)     in_0->z R     unmapped_complex4      1  1.0     0    13     268    (-,-) 
  g108021/z                                                     (u)     in_1->z R     unmapped_or2           1  1.0     0     9     277    (-,-) 
  g225451/z                                                     (u)     in_0->z R     unmapped_complex4      1  1.0     0    13     290    (-,-) 
  g221657/z                                                     (u)     in_0->z R     unmapped_complex4      1  1.0     0     9     298    (-,-) 
  PIPELINES[6].ROUNDS[0].U_ROUND_U_SUB_ROM[6].ROM_dout_reg[1]/d -       -       R     unmapped_d_flop        1    -     -     0     298    (-,-) 
#------------------------------------------------------------------------------------------------------------------------------------------------

(u) : Net has unmapped pin(s).



Path 47: VIOLATED (-47 ps) Setup Check with Pin PIPELINES[4].U_SUB_ROM[13].ROM_dout_reg[6]/clk->d
          Group: clk
     Startpoint: (R) PIPELINES[4].ROUNDS[8].U_ROUND_U_KEY_data_out_reg[105]/clk
          Clock: (R) clk
       Endpoint: (R) PIPELINES[4].U_SUB_ROM[13].ROM_dout_reg[6]/d
          Clock: (R) clk

                     Capture       Launch     
        Clock Edge:+     260            0     
       Src Latency:+       0            0     
       Net Latency:+       0 (I)        0 (I) 
           Arrival:=     260            0     
                                              
             Setup:-       9                  
     Required Time:=     251                  
      Launch Clock:-       0                  
         Data Path:-     298                  
             Slack:=     -47                  

#---------------------------------------------------------------------------------------------------------------------------------------------
#                       Timing Point                         Flags    Arc    Edge       Cell         Fanout Load Trans Delay Arrival Instance 
#                                                                                                           (fF)  (ps)  (ps)   (ps)  Location 
#---------------------------------------------------------------------------------------------------------------------------------------------
  PIPELINES[4].ROUNDS[8].U_ROUND_U_KEY_data_out_reg[105]/clk -       -       R     (arrival)          47792    -     0     0       0    (-,-) 
  PIPELINES[4].ROUNDS[8].U_ROUND_U_KEY_data_out_reg[105]/q   (u)     clk->q  R     unmapped_d_flop       40 40.0     0    91      91    (-,-) 
  g1031507/z                                                 (u)     in_1->z F     unmapped_nand2        19 19.0     0    32     123    (-,-) 
  g287640/z                                                  (u)     in_0->z F     unmapped_complex2     13 13.0     0    28     151    (-,-) 
  g1161431/z                                                 (u)     in_0->z R     unmapped_complex4      1  1.0     0    18     169    (-,-) 
  g287817/z                                                  (u)     in_1->z F     unmapped_complex4      1  1.0     0    18     186    (-,-) 
  g1118019/z                                                 (u)     in_1->z R     unmapped_nand2         1  1.0     0     9     195    (-,-) 
  g287816/z                                                  (u)     in_0->z R     unmapped_complex4      1  1.0     0    13     208    (-,-) 
  g287815/z                                                  (u)     in_0->z R     unmapped_complex4      1  1.0     0    13     221    (-,-) 
  g1153602/z                                                 (u)     in_0->z R     unmapped_complex4      1  1.0     0     9     230    (-,-) 
  g287812/z                                                  (u)     in_3->z R     unmapped_complex4      1  1.0     0    13     243    (-,-) 
  g287811/z                                                  (u)     in_1->z R     unmapped_complex4      1  1.0     0    13     256    (-,-) 
  g287810/z                                                  (u)     in_0->z R     unmapped_or4           1  1.0     0    17     273    (-,-) 
  g287809/z                                                  (u)     in_0->z R     unmapped_complex4      1  1.0     0    13     286    (-,-) 
  g1180162/z                                                 (u)     in_0->z R     unmapped_complex4      1  1.0     0    13     298    (-,-) 
  PIPELINES[4].U_SUB_ROM[13].ROM_dout_reg[6]/d               -       -       R     unmapped_d_flop        1    -     -     0     298    (-,-) 
#---------------------------------------------------------------------------------------------------------------------------------------------

(u) : Net has unmapped pin(s).



Path 48: VIOLATED (-47 ps) Setup Check with Pin PIPELINES[1].ROUNDS[7].U_ROUND_U_SUB_ROM[15].ROM_dout_reg[5]/clk->d
          Group: clk
     Startpoint: (R) PIPELINES[1].ROUNDS[6].U_ROUND_U_KEY_data_out_reg[124]/clk
          Clock: (R) clk
       Endpoint: (R) PIPELINES[1].ROUNDS[7].U_ROUND_U_SUB_ROM[15].ROM_dout_reg[5]/d
          Clock: (R) clk

                     Capture       Launch     
        Clock Edge:+     260            0     
       Src Latency:+       0            0     
       Net Latency:+       0 (I)        0 (I) 
           Arrival:=     260            0     
                                              
             Setup:-       9                  
     Required Time:=     251                  
      Launch Clock:-       0                  
         Data Path:-     298                  
             Slack:=     -47                  

#-------------------------------------------------------------------------------------------------------------------------------------------------
#                         Timing Point                           Flags    Arc    Edge       Cell         Fanout Load Trans Delay Arrival Instance 
#                                                                                                               (fF)  (ps)  (ps)   (ps)  Location 
#-------------------------------------------------------------------------------------------------------------------------------------------------
  PIPELINES[1].ROUNDS[6].U_ROUND_U_KEY_data_out_reg[124]/clk     -       -       R     (arrival)          47792    -     0     0       0    (-,-) 
  PIPELINES[1].ROUNDS[6].U_ROUND_U_KEY_data_out_reg[124]/q       (u)     clk->q  R     unmapped_d_flop       47 47.0     0    93      93    (-,-) 
  g48232/z                                                       (u)     in_1->z R     unmapped_complex2     19 19.0     0    32     124    (-,-) 
  g48398/z                                                       (u)     in_1->z R     unmapped_or2           2  2.0     0    13     137    (-,-) 
  g48396/z                                                       (u)     in_2->z R     unmapped_complex4      6  6.0     0    39     176    (-,-) 
  g48395/z                                                       (u)     in_1->z F     unmapped_complex2     13 13.0     0    28     204    (-,-) 
  g48434/z                                                       (u)     in_1->z F     unmapped_or2           2  2.0     0    13     216    (-,-) 
  g48566/z                                                       (u)     in_0->z R     unmapped_complex4      1  1.0     0    18     234    (-,-) 
  g48565/z                                                       (u)     in_0->z R     unmapped_complex4      1  1.0     0    13     247    (-,-) 
  g48559/z                                                       (u)     in_3->z R     unmapped_complex4      1  1.0     0    17     264    (-,-) 
  g48558/z                                                       (u)     in_0->z R     unmapped_or3           1  1.0     0    13     277    (-,-) 
  g48557/z                                                       (u)     in_0->z R     unmapped_complex4      1  1.0     0    13     290    (-,-) 
  g118780/z                                                      (u)     in_1->z R     unmapped_or2           1  1.0     0     9     298    (-,-) 
  PIPELINES[1].ROUNDS[7].U_ROUND_U_SUB_ROM[15].ROM_dout_reg[5]/d -       -       R     unmapped_d_flop        1    -     -     0     298    (-,-) 
#-------------------------------------------------------------------------------------------------------------------------------------------------

(u) : Net has unmapped pin(s).



Path 49: VIOLATED (-47 ps) Setup Check with Pin PIPELINES[0].U_SUB_ROM[8].ROM_dout_reg[6]/clk->d
          Group: clk
     Startpoint: (R) PIPELINES[0].ROUNDS[8].U_ROUND_U_KEY_data_out_reg[65]/clk
          Clock: (R) clk
       Endpoint: (R) PIPELINES[0].U_SUB_ROM[8].ROM_dout_reg[6]/d
          Clock: (R) clk

                     Capture       Launch     
        Clock Edge:+     260            0     
       Src Latency:+       0            0     
       Net Latency:+       0 (I)        0 (I) 
           Arrival:=     260            0     
                                              
             Setup:-       9                  
     Required Time:=     251                  
      Launch Clock:-       0                  
         Data Path:-     298                  
             Slack:=     -47                  

#--------------------------------------------------------------------------------------------------------------------------------------------
#                       Timing Point                        Flags    Arc    Edge       Cell         Fanout Load Trans Delay Arrival Instance 
#                                                                                                          (fF)  (ps)  (ps)   (ps)  Location 
#--------------------------------------------------------------------------------------------------------------------------------------------
  PIPELINES[0].ROUNDS[8].U_ROUND_U_KEY_data_out_reg[65]/clk -       -       R     (arrival)          47792    -     0     0       0    (-,-) 
  PIPELINES[0].ROUNDS[8].U_ROUND_U_KEY_data_out_reg[65]/q   (u)     clk->q  R     unmapped_d_flop       37 37.0     0    91      91    (-,-) 
  g278057/z                                                 (u)     in_1->z F     unmapped_nand2        18 18.0     0    31     122    (-,-) 
  g278056/z                                                 (u)     in_0->z F     unmapped_complex2     15 15.0     0    30     152    (-,-) 
  g278369/z                                                 (u)     in_1->z F     unmapped_or2           2  2.0     0    13     164    (-,-) 
  g278367/z                                                 (u)     in_1->z R     unmapped_complex4      1  1.0     0    22     186    (-,-) 
  g278365/z                                                 (u)     in_1->z R     unmapped_complex4      1  1.0     0    13     199    (-,-) 
  g278363/z                                                 (u)     in_1->z R     unmapped_or2           1  1.0     0     9     208    (-,-) 
  g1161662/z                                                (u)     in_0->z R     unmapped_complex4      1  1.0     0     9     217    (-,-) 
  g278358/z                                                 (u)     in_3->z R     unmapped_or4           1  1.0     0    17     234    (-,-) 
  g1163552/z                                                (u)     in_0->z R     unmapped_complex3      1  1.0     0     9     242    (-,-) 
  g278357/z                                                 (u)     in_0->z R     unmapped_complex4      1  1.0     0    13     255    (-,-) 
  g1178037/z                                                (u)     in_0->z R     unmapped_or4           1  1.0     0    17     272    (-,-) 
  g278356/z                                                 (u)     in_0->z R     unmapped_complex4      1  1.0     0    13     285    (-,-) 
  g278355/z                                                 (u)     in_0->z R     unmapped_complex4      1  1.0     0    13     298    (-,-) 
  PIPELINES[0].U_SUB_ROM[8].ROM_dout_reg[6]/d               -       -       R     unmapped_d_flop        1    -     -     0     298    (-,-) 
#--------------------------------------------------------------------------------------------------------------------------------------------

(u) : Net has unmapped pin(s).



Path 50: VIOLATED (-47 ps) Setup Check with Pin PIPELINES[3].U_SUB_ROM[6].ROM_dout_reg[3]/clk->d
          Group: clk
     Startpoint: (R) PIPELINES[3].ROUNDS[8].U_ROUND_U_KEY_data_out_reg[49]/clk
          Clock: (R) clk
       Endpoint: (R) PIPELINES[3].U_SUB_ROM[6].ROM_dout_reg[3]/d
          Clock: (R) clk

                     Capture       Launch     
        Clock Edge:+     260            0     
       Src Latency:+       0            0     
       Net Latency:+       0 (I)        0 (I) 
           Arrival:=     260            0     
                                              
             Setup:-       9                  
     Required Time:=     251                  
      Launch Clock:-       0                  
         Data Path:-     298                  
             Slack:=     -47                  

#--------------------------------------------------------------------------------------------------------------------------------------------
#                       Timing Point                        Flags    Arc    Edge       Cell         Fanout Load Trans Delay Arrival Instance 
#                                                                                                          (fF)  (ps)  (ps)   (ps)  Location 
#--------------------------------------------------------------------------------------------------------------------------------------------
  PIPELINES[3].ROUNDS[8].U_ROUND_U_KEY_data_out_reg[49]/clk -       -       R     (arrival)          47792    -     0     0       0    (-,-) 
  PIPELINES[3].ROUNDS[8].U_ROUND_U_KEY_data_out_reg[49]/q   (u)     clk->q  F     unmapped_d_flop       41 41.0     0    92      92    (-,-) 
  g1472481/z                                                (u)     in_0->z F     unmapped_complex2     19 19.0     0    32     123    (-,-) 
  g1470056/z                                                (u)     in_0->z F     unmapped_complex2     14 14.0     0    29     152    (-,-) 
  g1466533/z                                                (u)     in_0->z F     unmapped_or2           3  3.0     0    15     167    (-,-) 
  g1501028/z                                                (u)     in_0->z R     unmapped_complex4      1  1.0     0    18     185    (-,-) 
  g1508733/z                                                (u)     in_0->z R     unmapped_complex4      1  1.0     0    13     198    (-,-) 
  g1496793/z                                                (u)     in_0->z R     unmapped_complex4      1  1.0     0     9     207    (-,-) 
  g1496795/z                                                (u)     in_0->z R     unmapped_complex4      1  1.0     0     9     216    (-,-) 
  g1493255/z                                                (u)     in_0->z R     unmapped_complex4      1  1.0     0     9     225    (-,-) 
  g1508736/z                                                (u)     in_0->z R     unmapped_complex4      1  1.0     0    13     238    (-,-) 
  g1501018/z                                                (u)     in_0->z R     unmapped_complex3      1  1.0     0     9     246    (-,-) 
  g1506866/z                                                (u)     in_0->z R     unmapped_complex4      1  1.0     0     9     255    (-,-) 
  g1438257/z                                                (u)     in_0->z R     unmapped_or2           1  1.0     0     9     264    (-,-) 
  g1514414/z                                                (u)     in_0->z R     unmapped_complex4      1  1.0     0    17     281    (-,-) 
  g1516277/z                                                (u)     in_0->z R     unmapped_or4           1  1.0     0    17     298    (-,-) 
  PIPELINES[3].U_SUB_ROM[6].ROM_dout_reg[3]/d               -       -       R     unmapped_d_flop        1    -     -     0     298    (-,-) 
#--------------------------------------------------------------------------------------------------------------------------------------------

(u) : Net has unmapped pin(s).

