============================================================
  Generated by:           Genus(TM) Synthesis Solution 21.17-s066_1
  Generated on:           Jul 12 2025  09:15:44 pm
  Module:                 Top_PipelinedMultiCipher
  Operating conditions:   PVT_0P7V_25C 
  Interconnect mode:      global
  Area mode:              physical library
============================================================


Path 1: VIOLATED (-27 ps) Setup Check with Pin PIPELINES[2].ROUNDS[0].U_ROUND_U_SUB_ROM[5].ROM_dout_reg[3]/CLK->D
          Group: clk
     Startpoint: (R) PIPELINES[2].U0_ARK_valid_out_reg/CLK
          Clock: (R) clk
       Endpoint: (R) PIPELINES[2].ROUNDS[0].U_ROUND_U_SUB_ROM[5].ROM_dout_reg[3]/D
          Clock: (R) clk

                     Capture       Launch     
        Clock Edge:+     260            0     
       Src Latency:+       0            0     
       Net Latency:+       0 (I)        0 (I) 
           Arrival:=     260            0     
                                              
             Setup:-      22                  
     Required Time:=     238                  
      Launch Clock:-       0                  
         Data Path:-     265                  
             Slack:=     -27                  

#------------------------------------------------------------------------------------------------------------------------------------------------------
#                         Timing Point                          Flags    Arc    Edge          Cell            Fanout Load Trans Delay Arrival Instance 
#                                                                                                                    (fF)  (ps)  (ps)   (ps)  Location 
#------------------------------------------------------------------------------------------------------------------------------------------------------
  PIPELINES[2].U0_ARK_valid_out_reg/CLK                         -       -       R     (arrival)                47792    -     0     0       0    (-,-) 
  PIPELINES[2].U0_ARK_valid_out_reg/QN                          -       CLK->QN F     DFFASRHQNx1_ASAP7_75t_L      1  1.4    22    42      42    (-,-) 
  g1038251/Y                                                    -       A->Y    F     BUFx4f_ASAP7_75t_L           5 10.7    20    25      67    (-,-) 
  g1207/Y                                                       -       A->Y    R     INVx8_ASAP7_75t_L            2  8.4    14    10      78    (-,-) 
  g1206/Y                                                       -       A->Y    F     INVx11_ASAP7_75t_L          23 30.0    22    14      92    (-,-) 
  g1047376/Y                                                    -       B->Y    F     AND2x4_ASAP7_75t_L          12 10.1    20    25     117    (-,-) 
  g1047439/Y                                                    -       B->Y    F     AND2x4_ASAP7_75t_L           3  4.8    12    21     138    (-,-) 
  g1047438/Y                                                    -       A->Y    R     INVx4_ASAP7_75t_L            6  4.5    12     9     146    (-,-) 
  g1047483/Y                                                    -       B->Y    R     OR2x2_ASAP7_75t_L            8  6.4    28    26     172    (-,-) 
  g1048170/Y                                                    -       B->Y    F     NOR2x1_ASAP7_75t_L           2  1.6    22    13     185    (-,-) 
  g1048450/Y                                                    -       B->Y    R     AOI31xp33_ASAP7_75t_L        1  1.0    35    23     208    (-,-) 
  g1048449/Y                                                    -       B->Y    R     OA21x2_ASAP7_75t_L           1  0.9     9    20     228    (-,-) 
  g1048448/Y                                                    -       A->Y    F     NAND4xp25_ASAP7_75t_L        1  0.9    32    15     244    (-,-) 
  g1048428/Y                                                    -       B->Y    R     NOR3xp33_ASAP7_75t_L         1  1.0    34    22     265    (-,-) 
  PIPELINES[2].ROUNDS[0].U_ROUND_U_SUB_ROM[5].ROM_dout_reg[3]/D -       -       R     DFFASRHQNx1_ASAP7_75t_L      1    -     -     0     265    (-,-) 
#------------------------------------------------------------------------------------------------------------------------------------------------------



Path 2: VIOLATED (-27 ps) Setup Check with Pin PIPELINES[1].ROUNDS[7].U_ROUND_U_SUB_ROM[15].ROM_dout_reg[5]/CLK->D
          Group: clk
     Startpoint: (R) PIPELINES[1].ROUNDS[6].U_ROUND_U_KEY_valid_out_reg/CLK
          Clock: (R) clk
       Endpoint: (R) PIPELINES[1].ROUNDS[7].U_ROUND_U_SUB_ROM[15].ROM_dout_reg[5]/D
          Clock: (R) clk

                     Capture       Launch     
        Clock Edge:+     260            0     
       Src Latency:+       0            0     
       Net Latency:+       0 (I)        0 (I) 
           Arrival:=     260            0     
                                              
             Setup:-      22                  
     Required Time:=     238                  
      Launch Clock:-       0                  
         Data Path:-     266                  
             Slack:=     -27                  

#-------------------------------------------------------------------------------------------------------------------------------------------------------
#                         Timing Point                           Flags    Arc    Edge          Cell            Fanout Load Trans Delay Arrival Instance 
#                                                                                                                     (fF)  (ps)  (ps)   (ps)  Location 
#-------------------------------------------------------------------------------------------------------------------------------------------------------
  PIPELINES[1].ROUNDS[6].U_ROUND_U_KEY_valid_out_reg/CLK         -       -       R     (arrival)                47792    -     0     0       0    (-,-) 
  PIPELINES[1].ROUNDS[6].U_ROUND_U_KEY_valid_out_reg/QN          -       CLK->QN F     DFFASRHQNx1_ASAP7_75t_L      1  1.6    24    43      43    (-,-) 
  fopt1137220/Y                                                  -       A->Y    F     BUFx6f_ASAP7_75t_L           7 11.6    16    23      66    (-,-) 
  fopt1137219/Y                                                  -       A->Y    R     INVx6_ASAP7_75t_L            6  7.3    14    10      76    (-,-) 
  fopt1137218/Y                                                  -       A->Y    F     INVx3_ASAP7_75t_L            4  5.7    14    10      87    (-,-) 
  g1025780/Y                                                     -       A->Y    F     AND2x4_ASAP7_75t_L           3  4.5    12    20     107    (-,-) 
  g1025779/Y                                                     -       A->Y    F     BUFx6f_ASAP7_75t_L           7  6.0    10    17     124    (-,-) 
  g1025812/Y                                                     -       B->Y    R     NAND2x1_ASAP7_75t_L          3  2.4    25    14     138    (-,-) 
  g1026082/Y                                                     -       B->Y    R     OR2x2_ASAP7_75t_L            2  1.7    11    20     158    (-,-) 
  g1027381/Y                                                     -       B->Y    F     OAI21xp5_ASAP7_75t_L         1  0.9    25    10     168    (-,-) 
  g1027380/Y                                                     -       A2->Y   R     AOI211xp5_ASAP7_75t_L        1  0.9    33    20     189    (-,-) 
  g1027376/Y                                                     -       C->Y    F     OAI221xp5_ASAP7_75t_L        1  0.9    27    17     206    (-,-) 
  g1027375/Y                                                     -       B->Y    R     AOI211xp5_ASAP7_75t_L        1  0.9    34    22     228    (-,-) 
  g1027374/Y                                                     -       B->Y    F     OAI211xp5_ASAP7_75t_L        1  0.9    26    17     244    (-,-) 
  g1027373/Y                                                     -       A->Y    R     NOR3xp33_ASAP7_75t_L         1  1.0    34    21     266    (-,-) 
  PIPELINES[1].ROUNDS[7].U_ROUND_U_SUB_ROM[15].ROM_dout_reg[5]/D -       -       R     DFFASRHQNx1_ASAP7_75t_L      1    -     -     0     266    (-,-) 
#-------------------------------------------------------------------------------------------------------------------------------------------------------



Path 3: VIOLATED (-27 ps) Setup Check with Pin PIPELINES[1].ROUNDS[4].U_ROUND_U_SUB_ROM[10].ROM_dout_reg[7]/CLK->D
          Group: clk
     Startpoint: (R) PIPELINES[1].ROUNDS[3].U_ROUND_U_KEY_data_out_reg[82]/CLK
          Clock: (R) clk
       Endpoint: (R) PIPELINES[1].ROUNDS[4].U_ROUND_U_SUB_ROM[10].ROM_dout_reg[7]/D
          Clock: (R) clk

                     Capture       Launch     
        Clock Edge:+     260            0     
       Src Latency:+       0            0     
       Net Latency:+       0 (I)        0 (I) 
           Arrival:=     260            0     
                                              
             Setup:-      23                  
     Required Time:=     237                  
      Launch Clock:-       0                  
         Data Path:-     264                  
             Slack:=     -27                  

#-------------------------------------------------------------------------------------------------------------------------------------------------------
#                         Timing Point                           Flags    Arc    Edge          Cell            Fanout Load Trans Delay Arrival Instance 
#                                                                                                                     (fF)  (ps)  (ps)   (ps)  Location 
#-------------------------------------------------------------------------------------------------------------------------------------------------------
  PIPELINES[1].ROUNDS[3].U_ROUND_U_KEY_data_out_reg[82]/CLK      -       -       R     (arrival)                47792    -     0     0       0    (-,-) 
  PIPELINES[1].ROUNDS[3].U_ROUND_U_KEY_data_out_reg[82]/QN       -       CLK->QN R     DFFASRHQNx1_ASAP7_75t_L     15 13.6   109    89      89    (-,-) 
  g1016396/Y                                                     -       A->Y    R     OR2x6_ASAP7_75t_L            5  4.9    15    33     122    (-,-) 
  g1016493/Y                                                     -       A->Y    F     INVx1_ASAP7_75t_L            1  0.9    10     8     129    (-,-) 
  g1016492/Y                                                     -       B->Y    R     NAND2xp5_ASAP7_75t_L         2  1.8    26    15     144    (-,-) 
  g1016491/Y                                                     -       A->Y    R     BUFx3_ASAP7_75t_L            9  6.8    21    24     168    (-,-) 
  g1017110/Y                                                     -       B->Y    R     OR2x2_ASAP7_75t_L            3  2.3    13    20     188    (-,-) 
  g1018318/Y                                                     -       B->Y    F     AOI21xp33_ASAP7_75t_L        1  0.8    22     9     197    (-,-) 
  g1018317/Y                                                     -       A->Y    R     NOR2xp33_ASAP7_75t_L         1  0.9    34    16     213    (-,-) 
  g1018313/Y                                                     -       B->Y    F     NAND5xp2_ASAP7_75t_L         1  0.9    41    24     237    (-,-) 
  g1018312/Y                                                     -       A1->Y   R     OAI32xp33_ASAP7_75t_L        1  1.0    42    27     264    (-,-) 
  PIPELINES[1].ROUNDS[4].U_ROUND_U_SUB_ROM[10].ROM_dout_reg[7]/D -       -       R     DFFASRHQNx1_ASAP7_75t_L      1    -     -     0     264    (-,-) 
#-------------------------------------------------------------------------------------------------------------------------------------------------------



Path 4: VIOLATED (-27 ps) Setup Check with Pin PIPELINES[5].ROUNDS[4].U_ROUND_U_SUB_ROM[8].ROM_dout_reg[1]/CLK->D
          Group: clk
     Startpoint: (R) PIPELINES[5].ROUNDS[3].U_ROUND_U_KEY_data_out_reg[68]/CLK
          Clock: (R) clk
       Endpoint: (R) PIPELINES[5].ROUNDS[4].U_ROUND_U_SUB_ROM[8].ROM_dout_reg[1]/D
          Clock: (R) clk

                     Capture       Launch     
        Clock Edge:+     260            0     
       Src Latency:+       0            0     
       Net Latency:+       0 (I)        0 (I) 
           Arrival:=     260            0     
                                              
             Setup:-      20                  
     Required Time:=     240                  
      Launch Clock:-       0                  
         Data Path:-     267                  
             Slack:=     -27                  

#------------------------------------------------------------------------------------------------------------------------------------------------------
#                         Timing Point                          Flags    Arc    Edge          Cell            Fanout Load Trans Delay Arrival Instance 
#                                                                                                                    (fF)  (ps)  (ps)   (ps)  Location 
#------------------------------------------------------------------------------------------------------------------------------------------------------
  PIPELINES[5].ROUNDS[3].U_ROUND_U_KEY_data_out_reg[68]/CLK     -       -       R     (arrival)                47792    -     0     0       0    (-,-) 
  PIPELINES[5].ROUNDS[3].U_ROUND_U_KEY_data_out_reg[68]/QN      -       CLK->QN R     DFFASRHQNx1_ASAP7_75t_L      7 11.4    93    81      81    (-,-) 
  g967827/Y                                                     -       A->Y    F     NOR2x1p5_ASAP7_75t_L         2  2.9    33    23     104    (-,-) 
  g967826/Y                                                     -       A->Y    R     INVx3_ASAP7_75t_L            4  3.5    17    13     117    (-,-) 
  g967963/Y                                                     -       A->Y    R     BUFx4f_ASAP7_75t_L           9  7.9    18    21     138    (-,-) 
  g325419/Y                                                     -       A->Y    F     INVx4_ASAP7_75t_L            6  4.4    11     8     147    (-,-) 
  g319851/Y                                                     -       B->Y    R     NAND2xp5_ASAP7_75t_L         2  1.7    25    15     161    (-,-) 
  g967959/Y                                                     -       B->Y    F     O2A1O1Ixp33_ASAP7_75t_L      1  1.0    26    14     176    (-,-) 
  g303914/Y                                                     -       C->Y    F     OR4x1_ASAP7_75t_L            1  0.9    14    31     207    (-,-) 
  g302871/Y                                                     -       A->Y    R     NOR3xp33_ASAP7_75t_L         1  0.9    32    17     224    (-,-) 
  g301576/Y                                                     -       A->Y    F     NAND5xp2_ASAP7_75t_L         1  1.0    44    24     248    (-,-) 
  g301029/Y                                                     -       A2->Y   R     AOI22xp5_ASAP7_75t_L         1  1.0    27    20     267    (-,-) 
  PIPELINES[5].ROUNDS[4].U_ROUND_U_SUB_ROM[8].ROM_dout_reg[1]/D -       -       R     DFFASRHQNx1_ASAP7_75t_L      1    -     -     0     267    (-,-) 
#------------------------------------------------------------------------------------------------------------------------------------------------------



Path 5: VIOLATED (-27 ps) Setup Check with Pin PIPELINES[4].ROUNDS[3].U_ROUND_U_SUB_ROM[0].ROM_dout_reg[6]/CLK->D
          Group: clk
     Startpoint: (R) PIPELINES[4].ROUNDS[2].U_ROUND_U_KEY_valid_out_reg/CLK
          Clock: (R) clk
       Endpoint: (R) PIPELINES[4].ROUNDS[3].U_ROUND_U_SUB_ROM[0].ROM_dout_reg[6]/D
          Clock: (R) clk

                     Capture       Launch     
        Clock Edge:+     260            0     
       Src Latency:+       0            0     
       Net Latency:+       0 (I)        0 (I) 
           Arrival:=     260            0     
                                              
             Setup:-      23                  
     Required Time:=     237                  
      Launch Clock:-       0                  
         Data Path:-     264                  
             Slack:=     -27                  

#------------------------------------------------------------------------------------------------------------------------------------------------------
#                         Timing Point                          Flags    Arc    Edge          Cell            Fanout Load Trans Delay Arrival Instance 
#                                                                                                                    (fF)  (ps)  (ps)   (ps)  Location 
#------------------------------------------------------------------------------------------------------------------------------------------------------
  PIPELINES[4].ROUNDS[2].U_ROUND_U_KEY_valid_out_reg/CLK        -       -       R     (arrival)                47792    -     0     0       0    (-,-) 
  PIPELINES[4].ROUNDS[2].U_ROUND_U_KEY_valid_out_reg/QN         -       CLK->QN F     DFFASRHQNx1_ASAP7_75t_L      1  2.2    28    46      46    (-,-) 
  fopt1157611/Y                                                 -       A->Y    R     INVx3_ASAP7_75t_L            3  5.6    21    15      62    (-,-) 
  fopt1157610/Y                                                 -       A->Y    R     BUFx16f_ASAP7_75t_L          9 15.0    14    21      82    (-,-) 
  fopt1157510/Y                                                 -       A->Y    F     INVx2_ASAP7_75t_L            2  2.6    11     8      91    (-,-) 
  g940777/Y                                                     -       B->Y    F     AND2x6_ASAP7_75t_L          12 12.3    18    25     115    (-,-) 
  g940901/Y                                                     -       B->Y    R     NAND2x1p5_ASAP7_75t_L        5  4.5    30    18     133    (-,-) 
  fopt1164600/Y                                                 -       A->Y    F     INVx2_ASAP7_75t_L            4  3.9    18    13     146    (-,-) 
  fopt1164597/Y                                                 -       A->Y    F     BUFx3_ASAP7_75t_L            4  3.2    11    19     166    (-,-) 
  g942045/Y                                                     -       B2->Y   R     AOI22xp5_ASAP7_75t_L         1  0.9    24    14     179    (-,-) 
  g942044/Y                                                     -       A1->Y   F     OAI221xp5_ASAP7_75t_L        1  0.9    30    15     194    (-,-) 
  g942042/Y                                                     -       C->Y    R     AOI221xp5_ASAP7_75t_L        1  0.9    35    23     217    (-,-) 
  g942041/Y                                                     -       C->Y    F     OAI321xp33_ASAP7_75t_L       1  0.9    30    20     237    (-,-) 
  g942040/Y                                                     -       A->Y    R     NOR4xp25_ASAP7_75t_L         1  1.0    47    27     264    (-,-) 
  PIPELINES[4].ROUNDS[3].U_ROUND_U_SUB_ROM[0].ROM_dout_reg[6]/D -       -       R     DFFASRHQNx1_ASAP7_75t_L      1    -     -     0     264    (-,-) 
#------------------------------------------------------------------------------------------------------------------------------------------------------



Path 6: VIOLATED (-27 ps) Setup Check with Pin PIPELINES[1].ROUNDS[1].U_ROUND_U_SUB_ROM[15].ROM_dout_reg[4]/CLK->D
          Group: clk
     Startpoint: (R) PIPELINES[1].ROUNDS[0].U_ROUND_U_KEY_data_out_reg[125]/CLK
          Clock: (R) clk
       Endpoint: (R) PIPELINES[1].ROUNDS[1].U_ROUND_U_SUB_ROM[15].ROM_dout_reg[4]/D
          Clock: (R) clk

                     Capture       Launch     
        Clock Edge:+     260            0     
       Src Latency:+       0            0     
       Net Latency:+       0 (I)        0 (I) 
           Arrival:=     260            0     
                                              
             Setup:-      19                  
     Required Time:=     241                  
      Launch Clock:-       0                  
         Data Path:-     268                  
             Slack:=     -27                  

#-------------------------------------------------------------------------------------------------------------------------------------------------------
#                         Timing Point                           Flags    Arc    Edge          Cell            Fanout Load Trans Delay Arrival Instance 
#                                                                                                                     (fF)  (ps)  (ps)   (ps)  Location 
#-------------------------------------------------------------------------------------------------------------------------------------------------------
  PIPELINES[1].ROUNDS[0].U_ROUND_U_KEY_data_out_reg[125]/CLK     -       -       R     (arrival)                47792    -     0     0       0    (-,-) 
  PIPELINES[1].ROUNDS[0].U_ROUND_U_KEY_data_out_reg[125]/QN      -       CLK->QN R     DFFASRHQNx1_ASAP7_75t_L     13 12.1    98    84      84    (-,-) 
  g442890/Y                                                      -       A->Y    R     OR2x6_ASAP7_75t_L            6  5.1    15    32     116    (-,-) 
  g442916/Y                                                      -       A->Y    F     INVx2_ASAP7_75t_L            3  3.3    13    10     126    (-,-) 
  g442915/Y                                                      -       B->Y    R     NAND2x1p5_ASAP7_75t_L        2  1.8    16    10     136    (-,-) 
  g442914/Y                                                      -       A->Y    R     BUFx3_ASAP7_75t_L            6  4.9    16    20     156    (-,-) 
  g443993/Y                                                      -       A1->Y   R     OA22x2_ASAP7_75t_L           1  0.9     9    20     175    (-,-) 
  g443992/Y                                                      -       C->Y    F     OAI221xp5_ASAP7_75t_L        1  0.9    29    14     189    (-,-) 
  g443981/Y                                                      -       E->Y    R     NOR5xp2_ASAP7_75t_L          1  0.9    57    34     223    (-,-) 
  g443980/Y                                                      -       A->Y    F     NAND5xp2_ASAP7_75t_L         1  1.0    49    29     251    (-,-) 
  g443979/Y                                                      -       B->Y    R     OAI21xp5_ASAP7_75t_L         1  1.0    24    17     268    (-,-) 
  PIPELINES[1].ROUNDS[1].U_ROUND_U_SUB_ROM[15].ROM_dout_reg[4]/D -       -       R     DFFASRHQNx1_ASAP7_75t_L      1    -     -     0     268    (-,-) 
#-------------------------------------------------------------------------------------------------------------------------------------------------------



Path 7: VIOLATED (-27 ps) Setup Check with Pin PIPELINES[1].ROUNDS[8].U_ROUND_U_SUB_ROM[11].ROM_dout_reg[7]/CLK->D
          Group: clk
     Startpoint: (R) PIPELINES[1].ROUNDS[7].U_ROUND_U_KEY_valid_out_reg/CLK
          Clock: (R) clk
       Endpoint: (R) PIPELINES[1].ROUNDS[8].U_ROUND_U_SUB_ROM[11].ROM_dout_reg[7]/D
          Clock: (R) clk

                     Capture       Launch     
        Clock Edge:+     260            0     
       Src Latency:+       0            0     
       Net Latency:+       0 (I)        0 (I) 
           Arrival:=     260            0     
                                              
             Setup:-      17                  
     Required Time:=     243                  
      Launch Clock:-       0                  
         Data Path:-     270                  
             Slack:=     -27                  

#-------------------------------------------------------------------------------------------------------------------------------------------------------
#                         Timing Point                           Flags    Arc    Edge          Cell            Fanout Load Trans Delay Arrival Instance 
#                                                                                                                     (fF)  (ps)  (ps)   (ps)  Location 
#-------------------------------------------------------------------------------------------------------------------------------------------------------
  PIPELINES[1].ROUNDS[7].U_ROUND_U_KEY_valid_out_reg/CLK         -       -       R     (arrival)                47792    -     0     0       0    (-,-) 
  PIPELINES[1].ROUNDS[7].U_ROUND_U_KEY_valid_out_reg/QN          -       CLK->QN F     DFFASRHQNx1_ASAP7_75t_L      1  1.6    24    43      43    (-,-) 
  fopt1133261/Y                                                  -       A->Y    F     BUFx6f_ASAP7_75t_L           8 11.0    15    23      66    (-,-) 
  fopt1133212/Y                                                  -       A->Y    F     BUFx6f_ASAP7_75t_L          14 17.8    22    24      90    (-,-) 
  fopt1133208/Y                                                  -       A->Y    F     BUFx3_ASAP7_75t_L            4  4.2    13    22     111    (-,-) 
  g1033079/Y                                                     -       B->Y    R     NAND2x1p5_ASAP7_75t_L        2  1.7    15    10     121    (-,-) 
  g1033077/Y                                                     -       B->Y    R     OR2x4_ASAP7_75t_L            5  5.8    17    26     147    (-,-) 
  g1033086/Y                                                     -       A->Y    F     INVx4_ASAP7_75t_L           10  7.4    15    11     158    (-,-) 
  g1033554/Y                                                     -       B->Y    R     NAND2xp5_ASAP7_75t_L         3  2.3    41    19     177    (-,-) 
  g1033553/Y                                                     -       C1->Y   F     OAI333xp33_ASAP7_75t_L       1  0.8    36    22     200    (-,-) 
  g1033552/Y                                                     -       A->Y    R     NOR2xp33_ASAP7_75t_L         1  1.0    30    20     219    (-,-) 
  g1033534/Y                                                     -       B->Y    R     AND4x1_ASAP7_75t_L           1  1.0    15    27     246    (-,-) 
  g1033533/Y                                                     -       A->Y    R     AND4x1_ASAP7_75t_L           1  1.0    15    24     270    (-,-) 
  PIPELINES[1].ROUNDS[8].U_ROUND_U_SUB_ROM[11].ROM_dout_reg[7]/D -       -       R     DFFASRHQNx1_ASAP7_75t_L      1    -     -     0     270    (-,-) 
#-------------------------------------------------------------------------------------------------------------------------------------------------------



Path 8: VIOLATED (-27 ps) Setup Check with Pin PIPELINES[4].ROUNDS[8].U_ROUND_U_SUB_ROM[8].ROM_dout_reg[4]/CLK->D
          Group: clk
     Startpoint: (R) PIPELINES[4].ROUNDS[7].U_ROUND_U_KEY_valid_out_reg/CLK
          Clock: (R) clk
       Endpoint: (R) PIPELINES[4].ROUNDS[8].U_ROUND_U_SUB_ROM[8].ROM_dout_reg[4]/D
          Clock: (R) clk

                     Capture       Launch     
        Clock Edge:+     260            0     
       Src Latency:+       0            0     
       Net Latency:+       0 (I)        0 (I) 
           Arrival:=     260            0     
                                              
             Setup:-      17                  
     Required Time:=     243                  
      Launch Clock:-       0                  
         Data Path:-     270                  
             Slack:=     -27                  

#------------------------------------------------------------------------------------------------------------------------------------------------------
#                         Timing Point                          Flags    Arc    Edge          Cell            Fanout Load Trans Delay Arrival Instance 
#                                                                                                                    (fF)  (ps)  (ps)   (ps)  Location 
#------------------------------------------------------------------------------------------------------------------------------------------------------
  PIPELINES[4].ROUNDS[7].U_ROUND_U_KEY_valid_out_reg/CLK        -       -       R     (arrival)                47792    -     0     0       0    (-,-) 
  PIPELINES[4].ROUNDS[7].U_ROUND_U_KEY_valid_out_reg/QN         -       CLK->QN F     DFFASRHQNx1_ASAP7_75t_L      1  1.6    24    43      43    (-,-) 
  fopt185/Y                                                     -       A->Y    F     BUFx6f_ASAP7_75t_L           3  4.3     9    19      62    (-,-) 
  fopt1109127/Y                                                 -       A->Y    F     BUFx6f_ASAP7_75t_L           5  7.1    11    17      78    (-,-) 
  fopt1109092/Y                                                 -       A->Y    F     BUFx16f_ASAP7_75t_L          8 11.9    11    19      97    (-,-) 
  g944615/Y                                                     -       B->Y    F     AND2x4_ASAP7_75t_L           3  5.3    13    19     116    (-,-) 
  g944648/Y                                                     -       A->Y    R     INVx3_ASAP7_75t_L            1  1.5     8     6     122    (-,-) 
  g944647/Y                                                     -       A->Y    R     OR2x6_ASAP7_75t_L           11  9.7    18    21     144    (-,-) 
  g944646/Y                                                     -       A->Y    F     INVx2_ASAP7_75t_L            5  4.2    16    12     155    (-,-) 
  g944763/Y                                                     -       B->Y    R     NAND2xp5_ASAP7_75t_L         2  1.9    26    17     172    (-,-) 
  fopt1161963/Y                                                 -       A->Y    R     BUFx3_ASAP7_75t_L            3  2.3    10    18     191    (-,-) 
  g311662/Y                                                     -       A1->Y   F     OAI32xp33_ASAP7_75t_L        1  0.9    27    14     205    (-,-) 
  g302614/Y                                                     -       C->Y    R     NOR5xp2_ASAP7_75t_L          1  1.0    60    34     239    (-,-) 
  g301560/Y                                                     -       B->Y    R     AND4x1_ASAP7_75t_L           1  1.0    16    30     270    (-,-) 
  PIPELINES[4].ROUNDS[8].U_ROUND_U_SUB_ROM[8].ROM_dout_reg[4]/D -       -       R     DFFASRHQNx1_ASAP7_75t_L      1    -     -     0     270    (-,-) 
#------------------------------------------------------------------------------------------------------------------------------------------------------



Path 9: VIOLATED (-27 ps) Setup Check with Pin PIPELINES[4].ROUNDS[8].U_ROUND_U_SUB_ROM[8].ROM_dout_reg[3]/CLK->D
          Group: clk
     Startpoint: (R) PIPELINES[4].ROUNDS[7].U_ROUND_U_KEY_valid_out_reg/CLK
          Clock: (R) clk
       Endpoint: (R) PIPELINES[4].ROUNDS[8].U_ROUND_U_SUB_ROM[8].ROM_dout_reg[3]/D
          Clock: (R) clk

                     Capture       Launch     
        Clock Edge:+     260            0     
       Src Latency:+       0            0     
       Net Latency:+       0 (I)        0 (I) 
           Arrival:=     260            0     
                                              
             Setup:-      17                  
     Required Time:=     243                  
      Launch Clock:-       0                  
         Data Path:-     270                  
             Slack:=     -27                  

#------------------------------------------------------------------------------------------------------------------------------------------------------
#                         Timing Point                          Flags    Arc    Edge          Cell            Fanout Load Trans Delay Arrival Instance 
#                                                                                                                    (fF)  (ps)  (ps)   (ps)  Location 
#------------------------------------------------------------------------------------------------------------------------------------------------------
  PIPELINES[4].ROUNDS[7].U_ROUND_U_KEY_valid_out_reg/CLK        -       -       R     (arrival)                47792    -     0     0       0    (-,-) 
  PIPELINES[4].ROUNDS[7].U_ROUND_U_KEY_valid_out_reg/QN         -       CLK->QN F     DFFASRHQNx1_ASAP7_75t_L      1  1.6    24    43      43    (-,-) 
  fopt185/Y                                                     -       A->Y    F     BUFx6f_ASAP7_75t_L           3  4.3     9    19      62    (-,-) 
  fopt1109127/Y                                                 -       A->Y    F     BUFx6f_ASAP7_75t_L           5  7.1    11    17      78    (-,-) 
  fopt1109092/Y                                                 -       A->Y    F     BUFx16f_ASAP7_75t_L          8 11.9    11    19      97    (-,-) 
  g944615/Y                                                     -       B->Y    F     AND2x4_ASAP7_75t_L           3  5.3    13    19     116    (-,-) 
  g944648/Y                                                     -       A->Y    R     INVx3_ASAP7_75t_L            1  1.5     8     6     122    (-,-) 
  g944647/Y                                                     -       A->Y    R     OR2x6_ASAP7_75t_L           11  9.7    18    21     144    (-,-) 
  g944731/Y                                                     -       B->Y    R     OR2x2_ASAP7_75t_L            7  5.5    24    25     169    (-,-) 
  g945310/Y                                                     -       B->Y    F     AOI31xp33_ASAP7_75t_L        1  1.7    36    16     185    (-,-) 
  g305002/Y                                                     -       C->Y    R     NOR3x1_ASAP7_75t_L           1  1.0    19    14     199    (-,-) 
  g304064/Y                                                     -       B->Y    F     OAI21xp5_ASAP7_75t_L         1  0.9    19    11     210    (-,-) 
  g302283/Y                                                     -       A->Y    R     NOR5xp2_ASAP7_75t_L          1  1.0    59    29     238    (-,-) 
  g302011/Y                                                     -       A->Y    R     AND4x1_ASAP7_75t_L           1  1.0    15    31     270    (-,-) 
  PIPELINES[4].ROUNDS[8].U_ROUND_U_SUB_ROM[8].ROM_dout_reg[3]/D -       -       R     DFFASRHQNx1_ASAP7_75t_L      1    -     -     0     270    (-,-) 
#------------------------------------------------------------------------------------------------------------------------------------------------------



Path 10: VIOLATED (-27 ps) Setup Check with Pin PIPELINES[4].ROUNDS[3].U_ROUND_U_SUB_ROM[8].ROM_dout_reg[4]/CLK->D
          Group: clk
     Startpoint: (R) PIPELINES[4].ROUNDS[2].U_ROUND_U_KEY_valid_out_reg/CLK
          Clock: (R) clk
       Endpoint: (R) PIPELINES[4].ROUNDS[3].U_ROUND_U_SUB_ROM[8].ROM_dout_reg[4]/D
          Clock: (R) clk

                     Capture       Launch     
        Clock Edge:+     260            0     
       Src Latency:+       0            0     
       Net Latency:+       0 (I)        0 (I) 
           Arrival:=     260            0     
                                              
             Setup:-      17                  
     Required Time:=     243                  
      Launch Clock:-       0                  
         Data Path:-     270                  
             Slack:=     -27                  

#------------------------------------------------------------------------------------------------------------------------------------------------------
#                         Timing Point                          Flags    Arc    Edge          Cell            Fanout Load Trans Delay Arrival Instance 
#                                                                                                                    (fF)  (ps)  (ps)   (ps)  Location 
#------------------------------------------------------------------------------------------------------------------------------------------------------
  PIPELINES[4].ROUNDS[2].U_ROUND_U_KEY_valid_out_reg/CLK        -       -       R     (arrival)                47792    -     0     0       0    (-,-) 
  PIPELINES[4].ROUNDS[2].U_ROUND_U_KEY_valid_out_reg/QN         -       CLK->QN F     DFFASRHQNx1_ASAP7_75t_L      1  2.2    28    46      46    (-,-) 
  fopt1157611/Y                                                 -       A->Y    R     INVx3_ASAP7_75t_L            3  5.6    21    15      62    (-,-) 
  fopt1157610/Y                                                 -       A->Y    R     BUFx16f_ASAP7_75t_L          9 15.0    14    21      82    (-,-) 
  fopt1157560/Y                                                 -       A->Y    F     INVx4_ASAP7_75t_L            9  9.2    17    12      94    (-,-) 
  g936459/Y                                                     -       B->Y    F     AND2x4_ASAP7_75t_L          12 12.7    23    26     120    (-,-) 
  g936455/Y                                                     -       B->Y    F     AND2x4_ASAP7_75t_L           5  6.0    14    22     142    (-,-) 
  g936520/Y                                                     -       A->Y    R     INVx4_ASAP7_75t_L            7  5.4    14    10     152    (-,-) 
  g937093/Y                                                     -       B->Y    R     OR2x2_ASAP7_75t_L            6  4.7    21    23     176    (-,-) 
  g304402/Y                                                     -       A1->Y   F     OAI332xp33_ASAP7_75t_L       1  1.0    36    20     196    (-,-) 
  g302615/Y                                                     -       C->Y    F     OR4x1_ASAP7_75t_L            1  0.8    13    32     227    (-,-) 
  g302001/Y                                                     -       B->Y    R     NOR2xp33_ASAP7_75t_L         1  1.0    27    16     244    (-,-) 
  g301337/Y                                                     -       A->Y    R     AND4x1_ASAP7_75t_L           1  1.0    16    26     270    (-,-) 
  PIPELINES[4].ROUNDS[3].U_ROUND_U_SUB_ROM[8].ROM_dout_reg[4]/D -       -       R     DFFASRHQNx1_ASAP7_75t_L      1    -     -     0     270    (-,-) 
#------------------------------------------------------------------------------------------------------------------------------------------------------



Path 11: VIOLATED (-27 ps) Setup Check with Pin PIPELINES[2].ROUNDS[3].U_ROUND_U_SUB_ROM[14].ROM_dout_reg[7]/CLK->D
          Group: clk
     Startpoint: (R) PIPELINES[2].ROUNDS[2].U_ROUND_U_KEY_valid_out_reg/CLK
          Clock: (R) clk
       Endpoint: (R) PIPELINES[2].ROUNDS[3].U_ROUND_U_SUB_ROM[14].ROM_dout_reg[7]/D
          Clock: (R) clk

                     Capture       Launch     
        Clock Edge:+     260            0     
       Src Latency:+       0            0     
       Net Latency:+       0 (I)        0 (I) 
           Arrival:=     260            0     
                                              
             Setup:-      22                  
     Required Time:=     238                  
      Launch Clock:-       0                  
         Data Path:-     265                  
             Slack:=     -27                  

#-------------------------------------------------------------------------------------------------------------------------------------------------------
#                         Timing Point                           Flags    Arc    Edge          Cell            Fanout Load Trans Delay Arrival Instance 
#                                                                                                                     (fF)  (ps)  (ps)   (ps)  Location 
#-------------------------------------------------------------------------------------------------------------------------------------------------------
  PIPELINES[2].ROUNDS[2].U_ROUND_U_KEY_valid_out_reg/CLK         -       -       R     (arrival)                47792    -     0     0       0    (-,-) 
  PIPELINES[2].ROUNDS[2].U_ROUND_U_KEY_valid_out_reg/QN          -       CLK->QN F     DFFASRHQNx1_ASAP7_75t_L      1  1.1    20    40      40    (-,-) 
  g916476/Y                                                      -       A->Y    F     BUFx3_ASAP7_75t_L            3  4.3    13    21      61    (-,-) 
  g918675/Y                                                      -       A->Y    F     BUFx6f_ASAP7_75t_L           8 11.4    16    20      81    (-,-) 
  g921074/Y                                                      -       B->Y    F     AND2x2_ASAP7_75t_L           5  5.4    20    25     106    (-,-) 
  g921167/Y                                                      -       B->Y    F     AND2x4_ASAP7_75t_L           8  7.6    16    23     129    (-,-) 
  g921166/Y                                                      -       B->Y    R     NAND2xp5_ASAP7_75t_L         6  4.5    55    30     160    (-,-) 
  g925882/Y                                                      -       B->Y    F     NOR2xp33_ASAP7_75t_L         2  1.7    48    31     190    (-,-) 
  g927011/Y                                                      -       B->Y    R     NOR5xp2_ASAP7_75t_L          1  0.9    59    34     225    (-,-) 
  g927010/Y                                                      -       B->Y    F     OAI211xp5_ASAP7_75t_L        1  0.9    31    19     244    (-,-) 
  g926996/Y                                                      -       B->Y    R     NOR3xp33_ASAP7_75t_L         1  1.0    34    22     265    (-,-) 
  PIPELINES[2].ROUNDS[3].U_ROUND_U_SUB_ROM[14].ROM_dout_reg[7]/D -       -       R     DFFASRHQNx1_ASAP7_75t_L      1    -     -     0     265    (-,-) 
#-------------------------------------------------------------------------------------------------------------------------------------------------------



Path 12: VIOLATED (-27 ps) Setup Check with Pin PIPELINES[2].ROUNDS[2].U_ROUND_U_SUB_ROM[15].ROM_dout_reg[2]/CLK->D
          Group: clk
     Startpoint: (R) PIPELINES[2].ROUNDS[1].U_ROUND_U_KEY_valid_out_reg/CLK
          Clock: (R) clk
       Endpoint: (R) PIPELINES[2].ROUNDS[2].U_ROUND_U_SUB_ROM[15].ROM_dout_reg[2]/D
          Clock: (R) clk

                     Capture       Launch     
        Clock Edge:+     260            0     
       Src Latency:+       0            0     
       Net Latency:+       0 (I)        0 (I) 
           Arrival:=     260            0     
                                              
             Setup:-      23                  
     Required Time:=     237                  
      Launch Clock:-       0                  
         Data Path:-     264                  
             Slack:=     -27                  

#-------------------------------------------------------------------------------------------------------------------------------------------------------
#                         Timing Point                           Flags    Arc    Edge          Cell            Fanout Load Trans Delay Arrival Instance 
#                                                                                                                     (fF)  (ps)  (ps)   (ps)  Location 
#-------------------------------------------------------------------------------------------------------------------------------------------------------
  PIPELINES[2].ROUNDS[1].U_ROUND_U_KEY_valid_out_reg/CLK         -       -       R     (arrival)                47792    -     0     0       0    (-,-) 
  PIPELINES[2].ROUNDS[1].U_ROUND_U_KEY_valid_out_reg/QN          -       CLK->QN F     DFFASRHQNx1_ASAP7_75t_L      1  1.6    24    43      43    (-,-) 
  fopt1155406/Y                                                  -       A->Y    F     BUFx6f_ASAP7_75t_L           5 12.7    17    24      67    (-,-) 
  fopt1155370/Y                                                  -       A->Y    R     INVx8_ASAP7_75t_L            5 11.9    16    12      78    (-,-) 
  fopt1155341/Y                                                  -       A->Y    F     INVx3_ASAP7_75t_L            4  6.7    17    12      90    (-,-) 
  g919006/Y                                                      -       B->Y    R     NAND2x1p5_ASAP7_75t_L        3  4.8    34    18     108    (-,-) 
  g919014/Y                                                      -       A->Y    R     OR2x6_ASAP7_75t_L           22 15.8    26    31     140    (-,-) 
  g920152/Y                                                      -       B->Y    R     OR2x2_ASAP7_75t_L            5  3.8    18    24     163    (-,-) 
  g920151/Y                                                      -       B->Y    R     OR2x2_ASAP7_75t_L            3  2.3    13    20     183    (-,-) 
  g920900/Y                                                      -       C1->Y   F     OAI322xp33_ASAP7_75t_L       1  0.9    32    17     200    (-,-) 
  g920899/Y                                                      -       A->Y    F     OR5x1_ASAP7_75t_L            1  0.9    15    34     234    (-,-) 
  g920898/Y                                                      -       B->Y    R     NOR5xp2_ASAP7_75t_L          1  1.0    60    30     264    (-,-) 
  PIPELINES[2].ROUNDS[2].U_ROUND_U_SUB_ROM[15].ROM_dout_reg[2]/D -       -       R     DFFASRHQNx1_ASAP7_75t_L      1    -     -     0     264    (-,-) 
#-------------------------------------------------------------------------------------------------------------------------------------------------------



Path 13: VIOLATED (-27 ps) Setup Check with Pin PIPELINES[7].ROUNDS[8].U_ROUND_U_SUB_ROM[15].ROM_dout_reg[2]/CLK->D
          Group: clk
     Startpoint: (R) PIPELINES[7].ROUNDS[7].U_ROUND_U_KEY_valid_out_reg/CLK
          Clock: (R) clk
       Endpoint: (R) PIPELINES[7].ROUNDS[8].U_ROUND_U_SUB_ROM[15].ROM_dout_reg[2]/D
          Clock: (R) clk

                     Capture       Launch     
        Clock Edge:+     260            0     
       Src Latency:+       0            0     
       Net Latency:+       0 (I)        0 (I) 
           Arrival:=     260            0     
                                              
             Setup:-      17                  
     Required Time:=     243                  
      Launch Clock:-       0                  
         Data Path:-     270                  
             Slack:=     -27                  

#-------------------------------------------------------------------------------------------------------------------------------------------------------
#                         Timing Point                           Flags    Arc    Edge          Cell            Fanout Load Trans Delay Arrival Instance 
#                                                                                                                     (fF)  (ps)  (ps)   (ps)  Location 
#-------------------------------------------------------------------------------------------------------------------------------------------------------
  PIPELINES[7].ROUNDS[7].U_ROUND_U_KEY_valid_out_reg/CLK         -       -       R     (arrival)                47792    -     0     0       0    (-,-) 
  PIPELINES[7].ROUNDS[7].U_ROUND_U_KEY_valid_out_reg/QN          -       CLK->QN F     DFFASRHQNx1_ASAP7_75t_L      1  2.8    32    49      49    (-,-) 
  g882944/Y                                                      -       A->Y    F     BUFx12f_ASAP7_75t_L         38 44.7    30    31      80    (-,-) 
  g886221/Y                                                      -       A->Y    R     INVx3_ASAP7_75t_L            3  3.9    18    13      93    (-,-) 
  g889325/Y                                                      -       A->Y    R     OR2x6_ASAP7_75t_L           10  9.1    18    24     117    (-,-) 
  g889324/Y                                                      -       A->Y    R     OR2x6_ASAP7_75t_L            6  7.2    15    22     139    (-,-) 
  g889351/Y                                                      -       A->Y    F     INVx2_ASAP7_75t_L            2  1.6     8     7     146    (-,-) 
  g889350/Y                                                      -       B->Y    R     NAND2xp5_ASAP7_75t_L         5  3.9    53    25     171    (-,-) 
  g889550/Y                                                      -       A->Y    F     INVx1_ASAP7_75t_L            1  1.0    17    11     182    (-,-) 
  g889547/Y                                                      -       C->Y    R     A2O1A1Ixp33_ASAP7_75t_L      1  0.8    25    12     194    (-,-) 
  g889543/Y                                                      -       C->Y    R     OA211x2_ASAP7_75t_L          1  0.9    11    22     216    (-,-) 
  g889504/Y                                                      -       D->Y    R     AND5x1_ASAP7_75t_L           1  1.0    17    32     249    (-,-) 
  g889503/Y                                                      -       A->Y    R     AND3x1_ASAP7_75t_L           1  1.0    13    21     270    (-,-) 
  PIPELINES[7].ROUNDS[8].U_ROUND_U_SUB_ROM[15].ROM_dout_reg[2]/D -       -       R     DFFASRHQNx1_ASAP7_75t_L      1    -     -     0     270    (-,-) 
#-------------------------------------------------------------------------------------------------------------------------------------------------------



Path 14: VIOLATED (-27 ps) Setup Check with Pin PIPELINES[7].ROUNDS[8].U_ROUND_U_SUB_ROM[10].ROM_dout_reg[5]/CLK->D
          Group: clk
     Startpoint: (R) PIPELINES[7].ROUNDS[7].U_ROUND_U_KEY_valid_out_reg/CLK
          Clock: (R) clk
       Endpoint: (R) PIPELINES[7].ROUNDS[8].U_ROUND_U_SUB_ROM[10].ROM_dout_reg[5]/D
          Clock: (R) clk

                     Capture       Launch     
        Clock Edge:+     260            0     
       Src Latency:+       0            0     
       Net Latency:+       0 (I)        0 (I) 
           Arrival:=     260            0     
                                              
             Setup:-      17                  
     Required Time:=     243                  
      Launch Clock:-       0                  
         Data Path:-     270                  
             Slack:=     -27                  

#-------------------------------------------------------------------------------------------------------------------------------------------------------
#                         Timing Point                           Flags    Arc    Edge          Cell            Fanout Load Trans Delay Arrival Instance 
#                                                                                                                     (fF)  (ps)  (ps)   (ps)  Location 
#-------------------------------------------------------------------------------------------------------------------------------------------------------
  PIPELINES[7].ROUNDS[7].U_ROUND_U_KEY_valid_out_reg/CLK         -       -       R     (arrival)                47792    -     0     0       0    (-,-) 
  PIPELINES[7].ROUNDS[7].U_ROUND_U_KEY_valid_out_reg/QN          -       CLK->QN F     DFFASRHQNx1_ASAP7_75t_L      1  2.8    32    49      49    (-,-) 
  g882944/Y                                                      -       A->Y    F     BUFx12f_ASAP7_75t_L         38 44.7    30    31      80    (-,-) 
  g883129/Y                                                      -       A->Y    R     INVx6_ASAP7_75t_L            3  3.5    12    10      90    (-,-) 
  g888871/Y                                                      -       A->Y    R     OR2x6_ASAP7_75t_L           10  9.8    18    23     113    (-,-) 
  g888885/Y                                                      -       A->Y    R     OR2x6_ASAP7_75t_L           13 10.2    18    24     137    (-,-) 
  g889027/Y                                                      -       B->Y    R     OR2x4_ASAP7_75t_L           10  8.4    22    29     166    (-,-) 
  g347991/Y                                                      -       B->Y    F     NOR2xp33_ASAP7_75t_L         1  1.0    33    17     184    (-,-) 
  g332840/Y                                                      -       B->Y    F     OR4x1_ASAP7_75t_L            1  0.9    14    31     215    (-,-) 
  g329643/Y                                                      -       A->Y    R     NOR5xp2_ASAP7_75t_L          1  1.0    60    28     243    (-,-) 
  g889185/Y                                                      -       A->Y    R     AND3x1_ASAP7_75t_L           1  1.0    14    27     270    (-,-) 
  PIPELINES[7].ROUNDS[8].U_ROUND_U_SUB_ROM[10].ROM_dout_reg[5]/D -       -       R     DFFASRHQNx1_ASAP7_75t_L      1    -     -     0     270    (-,-) 
#-------------------------------------------------------------------------------------------------------------------------------------------------------



Path 15: VIOLATED (-27 ps) Setup Check with Pin PIPELINES[7].ROUNDS[8].U_ROUND_U_SUB_ROM[5].ROM_dout_reg[5]/CLK->D
          Group: clk
     Startpoint: (R) PIPELINES[7].ROUNDS[7].U_ROUND_U_KEY_valid_out_reg/CLK
          Clock: (R) clk
       Endpoint: (R) PIPELINES[7].ROUNDS[8].U_ROUND_U_SUB_ROM[5].ROM_dout_reg[5]/D
          Clock: (R) clk

                     Capture       Launch     
        Clock Edge:+     260            0     
       Src Latency:+       0            0     
       Net Latency:+       0 (I)        0 (I) 
           Arrival:=     260            0     
                                              
             Setup:-      23                  
     Required Time:=     237                  
      Launch Clock:-       0                  
         Data Path:-     264                  
             Slack:=     -27                  

#------------------------------------------------------------------------------------------------------------------------------------------------------
#                         Timing Point                          Flags    Arc    Edge          Cell            Fanout Load Trans Delay Arrival Instance 
#                                                                                                                    (fF)  (ps)  (ps)   (ps)  Location 
#------------------------------------------------------------------------------------------------------------------------------------------------------
  PIPELINES[7].ROUNDS[7].U_ROUND_U_KEY_valid_out_reg/CLK        -       -       R     (arrival)                47792    -     0     0       0    (-,-) 
  PIPELINES[7].ROUNDS[7].U_ROUND_U_KEY_valid_out_reg/QN         -       CLK->QN F     DFFASRHQNx1_ASAP7_75t_L      1  2.8    32    49      49    (-,-) 
  g882944/Y                                                     -       A->Y    F     BUFx12f_ASAP7_75t_L         38 44.7    30    31      80    (-,-) 
  g888617/Y                                                     -       B->Y    F     AND2x4_ASAP7_75t_L           3  3.4    10    22     102    (-,-) 
  g888696/Y                                                     -       A->Y    F     BUFx4f_ASAP7_75t_L           8  6.9    14    19     121    (-,-) 
  g888714/Y                                                     -       A->Y    R     NAND2x1_ASAP7_75t_L          4  3.0    30    19     140    (-,-) 
  g263343/Y                                                     -       C->Y    F     O2A1O1Ixp33_ASAP7_75t_L      1  0.9    21    14     155    (-,-) 
  g259524/Y                                                     -       B->Y    R     AOI31xp33_ASAP7_75t_L        1  1.0    34    23     178    (-,-) 
  g258796/Y                                                     -       C->Y    F     A2O1A1Ixp33_ASAP7_75t_L      1  0.9    28    19     197    (-,-) 
  g256730/Y                                                     -       B->Y    F     OR5x1_ASAP7_75t_L            1  0.9    15    35     232    (-,-) 
  g255211/Y                                                     -       C->Y    R     NOR5xp2_ASAP7_75t_L          1  1.0    60    32     264    (-,-) 
  PIPELINES[7].ROUNDS[8].U_ROUND_U_SUB_ROM[5].ROM_dout_reg[5]/D -       -       R     DFFASRHQNx1_ASAP7_75t_L      1    -     -     0     264    (-,-) 
#------------------------------------------------------------------------------------------------------------------------------------------------------



Path 16: VIOLATED (-27 ps) Setup Check with Pin PIPELINES[7].ROUNDS[8].U_ROUND_U_SUB_ROM[1].ROM_dout_reg[1]/CLK->D
          Group: clk
     Startpoint: (R) PIPELINES[7].ROUNDS[7].U_ROUND_U_KEY_valid_out_reg/CLK
          Clock: (R) clk
       Endpoint: (R) PIPELINES[7].ROUNDS[8].U_ROUND_U_SUB_ROM[1].ROM_dout_reg[1]/D
          Clock: (R) clk

                     Capture       Launch     
        Clock Edge:+     260            0     
       Src Latency:+       0            0     
       Net Latency:+       0 (I)        0 (I) 
           Arrival:=     260            0     
                                              
             Setup:-      17                  
     Required Time:=     243                  
      Launch Clock:-       0                  
         Data Path:-     270                  
             Slack:=     -27                  

#------------------------------------------------------------------------------------------------------------------------------------------------------
#                         Timing Point                          Flags    Arc    Edge          Cell            Fanout Load Trans Delay Arrival Instance 
#                                                                                                                    (fF)  (ps)  (ps)   (ps)  Location 
#------------------------------------------------------------------------------------------------------------------------------------------------------
  PIPELINES[7].ROUNDS[7].U_ROUND_U_KEY_valid_out_reg/CLK        -       -       R     (arrival)                47792    -     0     0       0    (-,-) 
  PIPELINES[7].ROUNDS[7].U_ROUND_U_KEY_valid_out_reg/QN         -       CLK->QN F     DFFASRHQNx1_ASAP7_75t_L      1  2.8    32    49      49    (-,-) 
  g882944/Y                                                     -       A->Y    F     BUFx12f_ASAP7_75t_L         38 44.7    30    31      80    (-,-) 
  g886612/Y                                                     -       B->Y    F     AND2x2_ASAP7_75t_L           3  3.5    15    26     106    (-,-) 
  g886663/Y                                                     -       A->Y    F     AND2x4_ASAP7_75t_L           7  9.4    18    24     130    (-,-) 
  g886702/Y                                                     -       A->Y    R     INVx8_ASAP7_75t_L           15 11.2    16    12     142    (-,-) 
  g348379/Y                                                     -       B->Y    F     NOR2x1_ASAP7_75t_L           2  1.7    17    12     153    (-,-) 
  g339720/Y                                                     -       A1->Y   R     AOI21xp5_ASAP7_75t_L         1  0.9    23    13     167    (-,-) 
  g331984/Y                                                     -       C->Y    F     OAI221xp5_ASAP7_75t_L        1  0.9    25    16     183    (-,-) 
  g886790/Y                                                     -       C->Y    R     AOI311xp33_ASAP7_75t_L       1  0.9    36    24     206    (-,-) 
  g329679/Y                                                     -       C->Y    F     OAI221xp5_ASAP7_75t_L        1  0.8    27    17     223    (-,-) 
  g886762/Y                                                     -       B->Y    R     NOR2xp33_ASAP7_75t_L         1  1.0    30    20     243    (-,-) 
  g886761/Y                                                     -       A->Y    R     AND4x1_ASAP7_75t_L           1  1.0    16    27     270    (-,-) 
  PIPELINES[7].ROUNDS[8].U_ROUND_U_SUB_ROM[1].ROM_dout_reg[1]/D -       -       R     DFFASRHQNx1_ASAP7_75t_L      1    -     -     0     270    (-,-) 
#------------------------------------------------------------------------------------------------------------------------------------------------------



Path 17: VIOLATED (-27 ps) Setup Check with Pin PIPELINES[2].ROUNDS[6].U_ROUND_U_SUB_ROM[14].ROM_dout_reg[6]/CLK->D
          Group: clk
     Startpoint: (R) PIPELINES[2].ROUNDS[5].U_ROUND_U_KEY_valid_out_reg/CLK
          Clock: (R) clk
       Endpoint: (R) PIPELINES[2].ROUNDS[6].U_ROUND_U_SUB_ROM[14].ROM_dout_reg[6]/D
          Clock: (R) clk

                     Capture       Launch     
        Clock Edge:+     260            0     
       Src Latency:+       0            0     
       Net Latency:+       0 (I)        0 (I) 
           Arrival:=     260            0     
                                              
             Setup:-      17                  
     Required Time:=     243                  
      Launch Clock:-       0                  
         Data Path:-     270                  
             Slack:=     -27                  

#-------------------------------------------------------------------------------------------------------------------------------------------------------
#                         Timing Point                           Flags    Arc    Edge          Cell            Fanout Load Trans Delay Arrival Instance 
#                                                                                                                     (fF)  (ps)  (ps)   (ps)  Location 
#-------------------------------------------------------------------------------------------------------------------------------------------------------
  PIPELINES[2].ROUNDS[5].U_ROUND_U_KEY_valid_out_reg/CLK         -       -       R     (arrival)                47792    -     0     0       0    (-,-) 
  PIPELINES[2].ROUNDS[5].U_ROUND_U_KEY_valid_out_reg/QN          -       CLK->QN F     DFFASRHQNx1_ASAP7_75t_L      1  1.6    24    43      43    (-,-) 
  fopt1150209/Y                                                  -       A->Y    F     BUFx6f_ASAP7_75t_L           6  9.3    14    22      65    (-,-) 
  fopt1150208/Y                                                  -       A->Y    R     INVx5_ASAP7_75t_L            3  5.5    12     9      74    (-,-) 
  fopt1150165/Y                                                  -       A->Y    F     INVx3_ASAP7_75t_L            6  7.9    18    12      86    (-,-) 
  g826848/Y                                                      -       B->Y    F     AND2x4_ASAP7_75t_L          10  9.9    19    24     110    (-,-) 
  g542740/Y                                                      -       B->Y    F     AND2x6_ASAP7_75t_L          11 13.6    19    28     138    (-,-) 
  g826923/Y                                                      -       A->Y    R     INVx6_ASAP7_75t_L           14 10.9    19    14     152    (-,-) 
  g826922/Y                                                      -       B->Y    R     OR2x6_ASAP7_75t_L            7  6.1    13    23     174    (-,-) 
  g827258/Y                                                      -       B->Y    R     OR2x2_ASAP7_75t_L            3  2.2    13    18     193    (-,-) 
  g346275/Y                                                      -       B->Y    F     NOR2xp33_ASAP7_75t_L         1  0.9    22    14     207    (-,-) 
  g827976/Y                                                      -       B->Y    R     NOR5xp2_ASAP7_75t_L          1  1.0    60    32     238    (-,-) 
  g827975/Y                                                      -       A->Y    R     AND4x1_ASAP7_75t_L           1  1.0    16    31     270    (-,-) 
  PIPELINES[2].ROUNDS[6].U_ROUND_U_SUB_ROM[14].ROM_dout_reg[6]/D -       -       R     DFFASRHQNx1_ASAP7_75t_L      1    -     -     0     270    (-,-) 
#-------------------------------------------------------------------------------------------------------------------------------------------------------



Path 18: VIOLATED (-27 ps) Setup Check with Pin PIPELINES[2].ROUNDS[6].U_ROUND_U_SUB_ROM[9].ROM_dout_reg[2]/CLK->D
          Group: clk
     Startpoint: (R) PIPELINES[2].ROUNDS[5].U_ROUND_U_KEY_valid_out_reg/CLK
          Clock: (R) clk
       Endpoint: (R) PIPELINES[2].ROUNDS[6].U_ROUND_U_SUB_ROM[9].ROM_dout_reg[2]/D
          Clock: (R) clk

                     Capture       Launch     
        Clock Edge:+     260            0     
       Src Latency:+       0            0     
       Net Latency:+       0 (I)        0 (I) 
           Arrival:=     260            0     
                                              
             Setup:-      18                  
     Required Time:=     242                  
      Launch Clock:-       0                  
         Data Path:-     270                  
             Slack:=     -27                  

#------------------------------------------------------------------------------------------------------------------------------------------------------
#                         Timing Point                          Flags    Arc    Edge          Cell            Fanout Load Trans Delay Arrival Instance 
#                                                                                                                    (fF)  (ps)  (ps)   (ps)  Location 
#------------------------------------------------------------------------------------------------------------------------------------------------------
  PIPELINES[2].ROUNDS[5].U_ROUND_U_KEY_valid_out_reg/CLK        -       -       R     (arrival)                47792    -     0     0       0    (-,-) 
  PIPELINES[2].ROUNDS[5].U_ROUND_U_KEY_valid_out_reg/QN         -       CLK->QN F     DFFASRHQNx1_ASAP7_75t_L      1  1.6    24    43      43    (-,-) 
  fopt1150209/Y                                                 -       A->Y    F     BUFx6f_ASAP7_75t_L           6  9.3    14    22      65    (-,-) 
  fopt1150208/Y                                                 -       A->Y    R     INVx5_ASAP7_75t_L            3  5.5    12     9      74    (-,-) 
  fopt1150165/Y                                                 -       A->Y    F     INVx3_ASAP7_75t_L            6  7.9    18    12      86    (-,-) 
  g826666/Y                                                     -       B->Y    F     AND2x4_ASAP7_75t_L           9  8.0    16    23     109    (-,-) 
  g826678/Y                                                     -       B->Y    F     AND2x4_ASAP7_75t_L           3  5.3    12    20     129    (-,-) 
  g826677/Y                                                     -       A->Y    R     INVx6_ASAP7_75t_L           15 11.1    17    12     141    (-,-) 
  g827338/Y                                                     -       B->Y    R     AND2x2_ASAP7_75t_L           1  1.0     9    18     158    (-,-) 
  g827337/Y                                                     -       A1->Y   R     OA333x1_ASAP7_75t_L          1  0.9    15    26     185    (-,-) 
  g827336/Y                                                     -       C->Y    F     OAI221xp5_ASAP7_75t_L        1  0.9    27    15     200    (-,-) 
  g827309/Y                                                     -       D->Y    R     NOR5xp2_ASAP7_75t_L          1  0.9    56    34     233    (-,-) 
  g827308/Y                                                     -       A->Y    R     AND5x1_ASAP7_75t_L           1  1.0    17    36     270    (-,-) 
  PIPELINES[2].ROUNDS[6].U_ROUND_U_SUB_ROM[9].ROM_dout_reg[2]/D -       -       R     DFFASRHQNx1_ASAP7_75t_L      1    -     -     0     270    (-,-) 
#------------------------------------------------------------------------------------------------------------------------------------------------------



Path 19: VIOLATED (-27 ps) Setup Check with Pin PIPELINES[7].U_SUB_ROM[5].ROM_dout_reg[7]/CLK->D
          Group: clk
     Startpoint: (R) PIPELINES[7].ROUNDS[8].U_ROUND_U_KEY_valid_out_reg/CLK
          Clock: (R) clk
       Endpoint: (R) PIPELINES[7].U_SUB_ROM[5].ROM_dout_reg[7]/D
          Clock: (R) clk

                     Capture       Launch     
        Clock Edge:+     260            0     
       Src Latency:+       0            0     
       Net Latency:+       0 (I)        0 (I) 
           Arrival:=     260            0     
                                              
             Setup:-      17                  
     Required Time:=     243                  
      Launch Clock:-       0                  
         Data Path:-     270                  
             Slack:=     -27                  

#-----------------------------------------------------------------------------------------------------------------------------------------------
#                     Timing Point                       Flags    Arc    Edge          Cell            Fanout Load Trans Delay Arrival Instance 
#                                                                                                             (fF)  (ps)  (ps)   (ps)  Location 
#-----------------------------------------------------------------------------------------------------------------------------------------------
  PIPELINES[7].ROUNDS[8].U_ROUND_U_KEY_valid_out_reg/CLK -       -       R     (arrival)                47792    -     0     0       0    (-,-) 
  PIPELINES[7].ROUNDS[8].U_ROUND_U_KEY_valid_out_reg/QN  -       CLK->QN F     DFFASRHQNx1_ASAP7_75t_L      1  2.8    32    49      49    (-,-) 
  fopt1153511/Y                                          -       A->Y    F     BUFx12f_ASAP7_75t_L         25 30.6    22    27      76    (-,-) 
  fopt1153385/Y                                          -       A->Y    F     BUFx3_ASAP7_75t_L            3  6.3    16    24     100    (-,-) 
  g808086/Y                                              -       B->Y    F     AND2x4_ASAP7_75t_L           9  7.5    16    22     122    (-,-) 
  g808123/Y                                              -       B->Y    F     AND2x4_ASAP7_75t_L           7  5.6    13    20     142    (-,-) 
  g808260/Y                                              -       B->Y    F     AND2x4_ASAP7_75t_L           4  3.1    10    17     160    (-,-) 
  g808325/Y                                              -       A->Y    R     INVx1_ASAP7_75t_L            5  3.8    30    17     177    (-,-) 
  g808575/Y                                              -       A2->Y   F     OAI22xp5_ASAP7_75t_L         1  0.9    20    14     192    (-,-) 
  g808574/Y                                              -       B->Y    R     AOI211xp5_ASAP7_75t_L        1  0.9    33    20     212    (-,-) 
  g808569/Y                                              -       B->Y    R     AND5x1_ASAP7_75t_L           1  1.0    17    33     245    (-,-) 
  g808568/Y                                              -       A->Y    R     AND4x1_ASAP7_75t_L           1  1.0    15    24     270    (-,-) 
  PIPELINES[7].U_SUB_ROM[5].ROM_dout_reg[7]/D            -       -       R     DFFASRHQNx1_ASAP7_75t_L      1    -     -     0     270    (-,-) 
#-----------------------------------------------------------------------------------------------------------------------------------------------



Path 20: VIOLATED (-27 ps) Setup Check with Pin PIPELINES[5].ROUNDS[8].U_ROUND_U_SUB_ROM[6].ROM_dout_reg[4]/CLK->D
          Group: clk
     Startpoint: (R) PIPELINES[5].ROUNDS[7].U_ROUND_U_KEY_data_out_reg[52]/CLK
          Clock: (R) clk
       Endpoint: (R) PIPELINES[5].ROUNDS[8].U_ROUND_U_SUB_ROM[6].ROM_dout_reg[4]/D
          Clock: (R) clk

                     Capture       Launch     
        Clock Edge:+     260            0     
       Src Latency:+       0            0     
       Net Latency:+       0 (I)        0 (I) 
           Arrival:=     260            0     
                                              
             Setup:-      20                  
     Required Time:=     240                  
      Launch Clock:-       0                  
         Data Path:-     267                  
             Slack:=     -27                  

#------------------------------------------------------------------------------------------------------------------------------------------------------
#                         Timing Point                          Flags    Arc    Edge          Cell            Fanout Load Trans Delay Arrival Instance 
#                                                                                                                    (fF)  (ps)  (ps)   (ps)  Location 
#------------------------------------------------------------------------------------------------------------------------------------------------------
  PIPELINES[5].ROUNDS[7].U_ROUND_U_KEY_data_out_reg[52]/CLK     -       -       R     (arrival)                47792    -     0     0       0    (-,-) 
  PIPELINES[5].ROUNDS[7].U_ROUND_U_KEY_data_out_reg[52]/QN      -       CLK->QN F     DFFASRHQNx1_ASAP7_75t_L     10 12.4    84    82      82    (-,-) 
  g782088/Y                                                     -       A->Y    R     INVx8_ASAP7_75t_L           12 12.4    31    22     104    (-,-) 
  g782090/Y                                                     -       B->Y    F     NOR2x2_ASAP7_75t_L           4  5.5    24    18     122    (-,-) 
  g782177/Y                                                     -       A->Y    R     INVx2_ASAP7_75t_L            2  2.2    14    11     133    (-,-) 
  g782176/Y                                                     -       B->Y    R     OR2x2_ASAP7_75t_L            7  5.3    24    24     158    (-,-) 
  g206408/Y                                                     -       A1->Y   R     OA222x2_ASAP7_75t_L          1  1.0    12    29     186    (-,-) 
  g202355/Y                                                     -       C->Y    F     A2O1A1Ixp33_ASAP7_75t_L      1  0.9    25    15     201    (-,-) 
  g200949/Y                                                     -       A->Y    R     NOR4xp25_ASAP7_75t_L         1  0.9    44    24     226    (-,-) 
  g199513/Y                                                     -       A->Y    F     NAND4xp25_ASAP7_75t_L        1  1.0    38    23     249    (-,-) 
  g199252/Y                                                     -       A2->Y   R     AOI22xp5_ASAP7_75t_L         1  1.0    26    19     267    (-,-) 
  PIPELINES[5].ROUNDS[8].U_ROUND_U_SUB_ROM[6].ROM_dout_reg[4]/D -       -       R     DFFASRHQNx1_ASAP7_75t_L      1    -     -     0     267    (-,-) 
#------------------------------------------------------------------------------------------------------------------------------------------------------



Path 21: VIOLATED (-27 ps) Setup Check with Pin PIPELINES[3].ROUNDS[7].U_ROUND_U_SUB_ROM[3].ROM_dout_reg[0]/CLK->D
          Group: clk
     Startpoint: (R) PIPELINES[3].ROUNDS[6].U_ROUND_U_KEY_data_out_reg[27]/CLK
          Clock: (R) clk
       Endpoint: (R) PIPELINES[3].ROUNDS[7].U_ROUND_U_SUB_ROM[3].ROM_dout_reg[0]/D
          Clock: (R) clk

                     Capture       Launch     
        Clock Edge:+     260            0     
       Src Latency:+       0            0     
       Net Latency:+       0 (I)        0 (I) 
           Arrival:=     260            0     
                                              
             Setup:-      23                  
     Required Time:=     237                  
      Launch Clock:-       0                  
         Data Path:-     264                  
             Slack:=     -27                  

#------------------------------------------------------------------------------------------------------------------------------------------------------
#                         Timing Point                          Flags    Arc    Edge          Cell            Fanout Load Trans Delay Arrival Instance 
#                                                                                                                    (fF)  (ps)  (ps)   (ps)  Location 
#------------------------------------------------------------------------------------------------------------------------------------------------------
  PIPELINES[3].ROUNDS[6].U_ROUND_U_KEY_data_out_reg[27]/CLK     -       -       R     (arrival)                47792    -     0     0       0    (-,-) 
  PIPELINES[3].ROUNDS[6].U_ROUND_U_KEY_data_out_reg[27]/QN      -       CLK->QN F     DFFASRHQNx1_ASAP7_75t_L      9 12.4    84    82      82    (-,-) 
  g756709/Y                                                     -       A->Y    R     NAND2x1p5_ASAP7_75t_L        5  5.3    47    36     118    (-,-) 
  g756819/Y                                                     -       A->Y    F     INVx3_ASAP7_75t_L            4  4.0    18    12     130    (-,-) 
  g695299/Y                                                     -       B->Y    F     AND2x4_ASAP7_75t_L           3  2.3     8    18     148    (-,-) 
  g756818/Y                                                     -       A->Y    R     INVx1_ASAP7_75t_L            4  3.1    25    15     163    (-,-) 
  g756816/Y                                                     -       B2->Y   F     OAI22xp5_ASAP7_75t_L         1  1.0    20    13     176    (-,-) 
  g756813/Y                                                     -       C->Y    R     O2A1O1Ixp33_ASAP7_75t_L      1  0.9    31    19     195    (-,-) 
  g756793/Y                                                     -       B->Y    R     AND5x1_ASAP7_75t_L           1  0.9    16    33     227    (-,-) 
  g756789/Y                                                     -       B->Y    F     OAI211xp5_ASAP7_75t_L        1  0.8    24    14     241    (-,-) 
  g756637/Y                                                     -       A2->Y   R     OAI32xp33_ASAP7_75t_L        1  1.0    42    22     264    (-,-) 
  PIPELINES[3].ROUNDS[7].U_ROUND_U_SUB_ROM[3].ROM_dout_reg[0]/D -       -       R     DFFASRHQNx1_ASAP7_75t_L      1    -     -     0     264    (-,-) 
#------------------------------------------------------------------------------------------------------------------------------------------------------



Path 22: VIOLATED (-27 ps) Setup Check with Pin PIPELINES[2].U_SUB_ROM[10].ROM_dout_reg[5]/CLK->D
          Group: clk
     Startpoint: (R) PIPELINES[2].ROUNDS[8].U_ROUND_U_KEY_valid_out_reg/CLK
          Clock: (R) clk
       Endpoint: (R) PIPELINES[2].U_SUB_ROM[10].ROM_dout_reg[5]/D
          Clock: (R) clk

                     Capture       Launch     
        Clock Edge:+     260            0     
       Src Latency:+       0            0     
       Net Latency:+       0 (I)        0 (I) 
           Arrival:=     260            0     
                                              
             Setup:-      18                  
     Required Time:=     242                  
      Launch Clock:-       0                  
         Data Path:-     270                  
             Slack:=     -27                  

#-----------------------------------------------------------------------------------------------------------------------------------------------
#                     Timing Point                       Flags    Arc    Edge          Cell            Fanout Load Trans Delay Arrival Instance 
#                                                                                                             (fF)  (ps)  (ps)   (ps)  Location 
#-----------------------------------------------------------------------------------------------------------------------------------------------
  PIPELINES[2].ROUNDS[8].U_ROUND_U_KEY_valid_out_reg/CLK -       -       R     (arrival)                47792    -     0     0       0    (-,-) 
  PIPELINES[2].ROUNDS[8].U_ROUND_U_KEY_valid_out_reg/QN  -       CLK->QN F     DFFASRHQNx1_ASAP7_75t_L      1  1.6    24    43      43    (-,-) 
  g742118/Y                                              -       A->Y    F     BUFx6f_ASAP7_75t_L           7  7.8    12    21      64    (-,-) 
  g743673/Y                                              -       A->Y    F     BUFx6f_ASAP7_75t_L          16 19.0    23    24      88    (-,-) 
  g743937/Y                                              -       A->Y    F     BUFx6f_ASAP7_75t_L           7  6.7    11    20     108    (-,-) 
  g750272/Y                                              -       A->Y    R     INVx2_ASAP7_75t_L            2  2.6    12     9     117    (-,-) 
  g753294/Y                                              -       A->Y    F     NOR2x1_ASAP7_75t_L           3  2.4    20    14     131    (-,-) 
  g753293/Y                                              -       B->Y    F     AND2x2_ASAP7_75t_L           7  5.2    20    26     157    (-,-) 
  g753687/Y                                              -       A1->Y   F     AO332x1_ASAP7_75t_L          1  0.9    14    32     190    (-,-) 
  g753684/Y                                              -       C->Y    R     AOI321xp33_ASAP7_75t_L       1  1.0    41    24     213    (-,-) 
  g753672/Y                                              -       C->Y    R     AND4x1_ASAP7_75t_L           1  0.9    14    27     240    (-,-) 
  g753671/Y                                              -       A->Y    R     AND5x1_ASAP7_75t_L           1  1.0    17    29     270    (-,-) 
  PIPELINES[2].U_SUB_ROM[10].ROM_dout_reg[5]/D           -       -       R     DFFASRHQNx1_ASAP7_75t_L      1    -     -     0     270    (-,-) 
#-----------------------------------------------------------------------------------------------------------------------------------------------



Path 23: VIOLATED (-27 ps) Setup Check with Pin PIPELINES[0].U_SUB_ROM[10].ROM_dout_reg[5]/CLK->D
          Group: clk
     Startpoint: (R) PIPELINES[0].ROUNDS[8].U_ROUND_U_KEY_valid_out_reg/CLK
          Clock: (R) clk
       Endpoint: (R) PIPELINES[0].U_SUB_ROM[10].ROM_dout_reg[5]/D
          Clock: (R) clk

                     Capture       Launch     
        Clock Edge:+     260            0     
       Src Latency:+       0            0     
       Net Latency:+       0 (I)        0 (I) 
           Arrival:=     260            0     
                                              
             Setup:-      18                  
     Required Time:=     242                  
      Launch Clock:-       0                  
         Data Path:-     270                  
             Slack:=     -27                  

#-----------------------------------------------------------------------------------------------------------------------------------------------
#                     Timing Point                       Flags    Arc    Edge          Cell            Fanout Load Trans Delay Arrival Instance 
#                                                                                                             (fF)  (ps)  (ps)   (ps)  Location 
#-----------------------------------------------------------------------------------------------------------------------------------------------
  PIPELINES[0].ROUNDS[8].U_ROUND_U_KEY_valid_out_reg/CLK -       -       R     (arrival)                47792    -     0     0       0    (-,-) 
  PIPELINES[0].ROUNDS[8].U_ROUND_U_KEY_valid_out_reg/QN  -       CLK->QN F     DFFASRHQNx1_ASAP7_75t_L      1  1.1    20    40      40    (-,-) 
  g718994/Y                                              -       A->Y    F     BUFx3_ASAP7_75t_L            3  4.9    14    22      62    (-,-) 
  g715130/Y                                              -       A->Y    F     BUFx12f_ASAP7_75t_L          6  9.7    10    17      79    (-,-) 
  g715093/Y                                              -       A->Y    F     BUFx6f_ASAP7_75t_L           7  8.9    13    18      97    (-,-) 
  g739807/Y                                              -       B->Y    F     AND2x6_ASAP7_75t_L          13 12.3    18    25     122    (-,-) 
  g739800/Y                                              -       B->Y    F     AND2x6_ASAP7_75t_L          17 14.8    21    28     150    (-,-) 
  g739796/Y                                              -       B->Y    F     AND2x2_ASAP7_75t_L           4  3.1    14    23     173    (-,-) 
  g739793/Y                                              -       A->Y    R     INVx1_ASAP7_75t_L            3  2.5    22    14     187    (-,-) 
  g740419/Y                                              -       B2->Y   R     OA22x2_ASAP7_75t_L           2  1.6    12    20     208    (-,-) 
  g740416/Y                                              -       A->Y    F     NAND2xp5_ASAP7_75t_L         1  1.0    20    10     217    (-,-) 
  g740414/Y                                              -       C->Y    R     O2A1O1Ixp33_ASAP7_75t_L      1  0.9    31    19     236    (-,-) 
  g740401/Y                                              -       B->Y    R     AND5x1_ASAP7_75t_L           1  1.0    17    33     270    (-,-) 
  PIPELINES[0].U_SUB_ROM[10].ROM_dout_reg[5]/D           -       -       R     DFFASRHQNx1_ASAP7_75t_L      1    -     -     0     270    (-,-) 
#-----------------------------------------------------------------------------------------------------------------------------------------------



Path 24: VIOLATED (-27 ps) Setup Check with Pin PIPELINES[0].U_SUB_ROM[7].ROM_dout_reg[5]/CLK->D
          Group: clk
     Startpoint: (R) PIPELINES[0].ROUNDS[8].U_ROUND_U_KEY_valid_out_reg/CLK
          Clock: (R) clk
       Endpoint: (R) PIPELINES[0].U_SUB_ROM[7].ROM_dout_reg[5]/D
          Clock: (R) clk

                     Capture       Launch     
        Clock Edge:+     260            0     
       Src Latency:+       0            0     
       Net Latency:+       0 (I)        0 (I) 
           Arrival:=     260            0     
                                              
             Setup:-      23                  
     Required Time:=     237                  
      Launch Clock:-       0                  
         Data Path:-     264                  
             Slack:=     -27                  

#-----------------------------------------------------------------------------------------------------------------------------------------------
#                     Timing Point                       Flags    Arc    Edge          Cell            Fanout Load Trans Delay Arrival Instance 
#                                                                                                             (fF)  (ps)  (ps)   (ps)  Location 
#-----------------------------------------------------------------------------------------------------------------------------------------------
  PIPELINES[0].ROUNDS[8].U_ROUND_U_KEY_valid_out_reg/CLK -       -       R     (arrival)                47792    -     0     0       0    (-,-) 
  PIPELINES[0].ROUNDS[8].U_ROUND_U_KEY_valid_out_reg/QN  -       CLK->QN F     DFFASRHQNx1_ASAP7_75t_L      1  1.1    20    40      40    (-,-) 
  g718994/Y                                              -       A->Y    F     BUFx3_ASAP7_75t_L            3  4.9    14    22      62    (-,-) 
  g715130/Y                                              -       A->Y    F     BUFx12f_ASAP7_75t_L          6  9.7    10    17      79    (-,-) 
  g715093/Y                                              -       A->Y    F     BUFx6f_ASAP7_75t_L           7  8.9    13    18      97    (-,-) 
  g733351/Y                                              -       B->Y    F     AND2x6_ASAP7_75t_L           9  9.6    16    24     121    (-,-) 
  g733443/Y                                              -       B->Y    F     AND2x2_ASAP7_75t_L           5  3.7    15    22     143    (-,-) 
  g733533/Y                                              -       B->Y    F     AND2x2_ASAP7_75t_L           3  3.0    14    21     164    (-,-) 
  g733703/Y                                              -       A->Y    R     INVx2_ASAP7_75t_L            6  4.6    20    13     177    (-,-) 
  g733928/Y                                              -       B1->Y   F     OAI32xp33_ASAP7_75t_L        1  0.9    28    18     196    (-,-) 
  g733925/Y                                              -       B->Y    R     AOI211xp5_ASAP7_75t_L        1  0.9    34    22     218    (-,-) 
  g733905/Y                                              -       D->Y    F     NAND4xp25_ASAP7_75t_L        1  0.9    33    18     236    (-,-) 
  g733903/Y                                              -       A->Y    R     NOR4xp25_ASAP7_75t_L         1  1.0    48    28     264    (-,-) 
  PIPELINES[0].U_SUB_ROM[7].ROM_dout_reg[5]/D            -       -       R     DFFASRHQNx1_ASAP7_75t_L      1    -     -     0     264    (-,-) 
#-----------------------------------------------------------------------------------------------------------------------------------------------



Path 25: VIOLATED (-27 ps) Setup Check with Pin PIPELINES[0].U_SUB_ROM[14].ROM_dout_reg[0]/CLK->D
          Group: clk
     Startpoint: (R) PIPELINES[0].ROUNDS[8].U_ROUND_U_KEY_valid_out_reg/CLK
          Clock: (R) clk
       Endpoint: (R) PIPELINES[0].U_SUB_ROM[14].ROM_dout_reg[0]/D
          Clock: (R) clk

                     Capture       Launch     
        Clock Edge:+     260            0     
       Src Latency:+       0            0     
       Net Latency:+       0 (I)        0 (I) 
           Arrival:=     260            0     
                                              
             Setup:-      23                  
     Required Time:=     237                  
      Launch Clock:-       0                  
         Data Path:-     264                  
             Slack:=     -27                  

#-----------------------------------------------------------------------------------------------------------------------------------------------
#                     Timing Point                       Flags    Arc    Edge          Cell            Fanout Load Trans Delay Arrival Instance 
#                                                                                                             (fF)  (ps)  (ps)   (ps)  Location 
#-----------------------------------------------------------------------------------------------------------------------------------------------
  PIPELINES[0].ROUNDS[8].U_ROUND_U_KEY_valid_out_reg/CLK -       -       R     (arrival)                47792    -     0     0       0    (-,-) 
  PIPELINES[0].ROUNDS[8].U_ROUND_U_KEY_valid_out_reg/QN  -       CLK->QN F     DFFASRHQNx1_ASAP7_75t_L      1  1.1    20    40      40    (-,-) 
  g718994/Y                                              -       A->Y    F     BUFx3_ASAP7_75t_L            3  4.9    14    22      62    (-,-) 
  g715130/Y                                              -       A->Y    F     BUFx12f_ASAP7_75t_L          6  9.7    10    17      79    (-,-) 
  g715129/Y                                              -       A->Y    F     BUFx6f_ASAP7_75t_L          10 12.0    16    20      99    (-,-) 
  g723580/Y                                              -       B->Y    F     AND2x6_ASAP7_75t_L          12 12.2    18    26     125    (-,-) 
  g723699/Y                                              -       B->Y    R     NAND2x1_ASAP7_75t_L          3  2.3    28    16     141    (-,-) 
  g723695/Y                                              -       C1->Y   F     OAI322xp33_ASAP7_75t_L       1  0.9    30    20     161    (-,-) 
  g723685/Y                                              -       C->Y    R     AOI321xp33_ASAP7_75t_L       1  0.9    41    26     187    (-,-) 
  g723684/Y                                              -       A->Y    R     AND5x1_ASAP7_75t_L           1  0.9    16    34     221    (-,-) 
  g723657/Y                                              -       B->Y    F     NAND2xp5_ASAP7_75t_L         1  0.9    17    11     231    (-,-) 
  g720789/Y                                              -       C->Y    R     NOR5xp2_ASAP7_75t_L          1  1.0    59    33     264    (-,-) 
  PIPELINES[0].U_SUB_ROM[14].ROM_dout_reg[0]/D           -       -       R     DFFASRHQNx1_ASAP7_75t_L      1    -     -     0     264    (-,-) 
#-----------------------------------------------------------------------------------------------------------------------------------------------



Path 26: VIOLATED (-27 ps) Setup Check with Pin PIPELINES[0].ROUNDS[2].U_ROUND_U_SUB_ROM[11].ROM_dout_reg[7]/CLK->D
          Group: clk
     Startpoint: (R) PIPELINES[0].ROUNDS[1].U_ROUND_U_KEY_data_out_reg[91]/CLK
          Clock: (R) clk
       Endpoint: (R) PIPELINES[0].ROUNDS[2].U_ROUND_U_SUB_ROM[11].ROM_dout_reg[7]/D
          Clock: (R) clk

                     Capture       Launch     
        Clock Edge:+     260            0     
       Src Latency:+       0            0     
       Net Latency:+       0 (I)        0 (I) 
           Arrival:=     260            0     
                                              
             Setup:-      20                  
     Required Time:=     240                  
      Launch Clock:-       0                  
         Data Path:-     267                  
             Slack:=     -27                  

#-------------------------------------------------------------------------------------------------------------------------------------------------------
#                         Timing Point                           Flags    Arc    Edge          Cell            Fanout Load Trans Delay Arrival Instance 
#                                                                                                                     (fF)  (ps)  (ps)   (ps)  Location 
#-------------------------------------------------------------------------------------------------------------------------------------------------------
  PIPELINES[0].ROUNDS[1].U_ROUND_U_KEY_data_out_reg[91]/CLK      -       -       R     (arrival)                47792    -     0     0       0    (-,-) 
  PIPELINES[0].ROUNDS[1].U_ROUND_U_KEY_data_out_reg[91]/QN       -       CLK->QN R     DFFASRHQNx1_ASAP7_75t_L     10 12.0    97    83      83    (-,-) 
  g707475/Y                                                      -       A->Y    F     NOR2x2_ASAP7_75t_L           8  6.8    44    32     116    (-,-) 
  g707495/Y                                                      -       B->Y    F     AND2x6_ASAP7_75t_L           6  6.4    13    30     146    (-,-) 
  g707494/Y                                                      -       A->Y    R     INVx4_ASAP7_75t_L            8  6.2    15    11     156    (-,-) 
  g707687/Y                                                      -       A->Y    F     NAND2xp67_ASAP7_75t_L        2  1.6    17    12     168    (-,-) 
  g707686/Y                                                      -       A->Y    R     NAND3xp33_ASAP7_75t_L        1  1.0    19    13     182    (-,-) 
  g707682/Y                                                      -       B->Y    F     OAI21xp5_ASAP7_75t_L         1  1.2    21    13     194    (-,-) 
  g707673/Y                                                      -       A->Y    R     NOR2xp67_ASAP7_75t_L         1  0.9    21    13     207    (-,-) 
  g707614/Y                                                      -       E->Y    R     AND5x1_ASAP7_75t_L           1  0.9    16    33     240    (-,-) 
  g707593/Y                                                      -       B->Y    F     NAND2xp5_ASAP7_75t_L         1  1.0    19    11     251    (-,-) 
  g707592/Y                                                      -       A2->Y   R     AOI22xp5_ASAP7_75t_L         1  1.0    27    16     267    (-,-) 
  PIPELINES[0].ROUNDS[2].U_ROUND_U_SUB_ROM[11].ROM_dout_reg[7]/D -       -       R     DFFASRHQNx1_ASAP7_75t_L      1    -     -     0     267    (-,-) 
#-------------------------------------------------------------------------------------------------------------------------------------------------------



Path 27: VIOLATED (-27 ps) Setup Check with Pin PIPELINES[0].ROUNDS[2].U_ROUND_U_SUB_ROM[9].ROM_dout_reg[7]/CLK->D
          Group: clk
     Startpoint: (R) PIPELINES[0].ROUNDS[1].U_ROUND_U_KEY_data_out_reg[78]/CLK
          Clock: (R) clk
       Endpoint: (R) PIPELINES[0].ROUNDS[2].U_ROUND_U_SUB_ROM[9].ROM_dout_reg[7]/D
          Clock: (R) clk

                     Capture       Launch     
        Clock Edge:+     260            0     
       Src Latency:+       0            0     
       Net Latency:+       0 (I)        0 (I) 
           Arrival:=     260            0     
                                              
             Setup:-      20                  
     Required Time:=     240                  
      Launch Clock:-       0                  
         Data Path:-     267                  
             Slack:=     -27                  

#------------------------------------------------------------------------------------------------------------------------------------------------------
#                         Timing Point                          Flags    Arc    Edge          Cell            Fanout Load Trans Delay Arrival Instance 
#                                                                                                                    (fF)  (ps)  (ps)   (ps)  Location 
#------------------------------------------------------------------------------------------------------------------------------------------------------
  PIPELINES[0].ROUNDS[1].U_ROUND_U_KEY_data_out_reg[78]/CLK     -       -       R     (arrival)                47792    -     0     0       0    (-,-) 
  PIPELINES[0].ROUNDS[1].U_ROUND_U_KEY_data_out_reg[78]/QN      -       CLK->QN F     DFFASRHQNx1_ASAP7_75t_L     12 14.3    94    87      87    (-,-) 
  g702610/Y                                                     -       B->Y    R     NAND2x2_ASAP7_75t_L          4  4.2    39    30     117    (-,-) 
  g702622/Y                                                     -       A->Y    F     INVx2_ASAP7_75t_L            4  3.5    19    14     131    (-,-) 
  g702646/Y                                                     -       A->Y    F     AND2x2_ASAP7_75t_L           5  5.8    21    28     158    (-,-) 
  g702643/Y                                                     -       B2->Y   R     AOI22xp5_ASAP7_75t_L         2  1.7    34    22     180    (-,-) 
  g704419/Y                                                     -       B->Y    F     OAI211xp5_ASAP7_75t_L        1  0.9    26    17     197    (-,-) 
  g704418/Y                                                     -       A->Y    R     NOR4xp25_ASAP7_75t_L         1  0.9    44    25     222    (-,-) 
  g704403/Y                                                     -       C->Y    F     NAND5xp2_ASAP7_75t_L         1  1.0    44    26     248    (-,-) 
  g704402/Y                                                     -       A2->Y   R     AOI22xp5_ASAP7_75t_L         1  1.0    27    20     267    (-,-) 
  PIPELINES[0].ROUNDS[2].U_ROUND_U_SUB_ROM[9].ROM_dout_reg[7]/D -       -       R     DFFASRHQNx1_ASAP7_75t_L      1    -     -     0     267    (-,-) 
#------------------------------------------------------------------------------------------------------------------------------------------------------



Path 28: VIOLATED (-27 ps) Setup Check with Pin PIPELINES[7].ROUNDS[3].U_ROUND_U_SUB_ROM[0].ROM_dout_reg[0]/CLK->D
          Group: clk
     Startpoint: (R) PIPELINES[7].ROUNDS[2].U_ROUND_U_KEY_valid_out_reg/CLK
          Clock: (R) clk
       Endpoint: (R) PIPELINES[7].ROUNDS[3].U_ROUND_U_SUB_ROM[0].ROM_dout_reg[0]/D
          Clock: (R) clk

                     Capture       Launch     
        Clock Edge:+     260            0     
       Src Latency:+       0            0     
       Net Latency:+       0 (I)        0 (I) 
           Arrival:=     260            0     
                                              
             Setup:-      18                  
     Required Time:=     242                  
      Launch Clock:-       0                  
         Data Path:-     270                  
             Slack:=     -27                  

#------------------------------------------------------------------------------------------------------------------------------------------------------
#                         Timing Point                          Flags    Arc    Edge          Cell            Fanout Load Trans Delay Arrival Instance 
#                                                                                                                    (fF)  (ps)  (ps)   (ps)  Location 
#------------------------------------------------------------------------------------------------------------------------------------------------------
  PIPELINES[7].ROUNDS[2].U_ROUND_U_KEY_valid_out_reg/CLK        -       -       R     (arrival)                47792    -     0     0       0    (-,-) 
  PIPELINES[7].ROUNDS[2].U_ROUND_U_KEY_valid_out_reg/QN         -       CLK->QN F     DFFASRHQNx1_ASAP7_75t_L      1  1.6    24    43      43    (-,-) 
  fopt147/Y                                                     -       A->Y    R     INVx2_ASAP7_75t_L            2  3.0    17    13      56    (-,-) 
  fopt1107920/Y                                                 -       A->Y    R     BUFx6f_ASAP7_75t_L           6 12.1    19    21      77    (-,-) 
  fopt1107897/Y                                                 -       A->Y    F     INVx3_ASAP7_75t_L            7  8.5    21    14      91    (-,-) 
  g683992/Y                                                     -       B->Y    F     AND2x4_ASAP7_75t_L           3  4.7    11    21     112    (-,-) 
  g683991/Y                                                     -       A->Y    R     INVx3_ASAP7_75t_L            1  1.5     8     6     118    (-,-) 
  g683990/Y                                                     -       A->Y    R     OR2x6_ASAP7_75t_L           16 12.9    23    23     142    (-,-) 
  g684067/Y                                                     -       A->Y    R     OR2x6_ASAP7_75t_L            9  8.7    16    25     166    (-,-) 
  g300393/Y                                                     -       A->Y    F     INVx4_ASAP7_75t_L            3  2.4     8     6     173    (-,-) 
  g685537/Y                                                     -       A1->Y   R     AOI21xp5_ASAP7_75t_L         1  0.9    24    12     184    (-,-) 
  g685536/Y                                                     -       C->Y    F     OAI321xp33_ASAP7_75t_L       1  0.9    28    18     202    (-,-) 
  g685533/Y                                                     -       B->Y    R     NOR5xp2_ASAP7_75t_L          1  0.9    56    31     234    (-,-) 
  g685520/Y                                                     -       B->Y    R     AND5x1_ASAP7_75t_L           1  1.0    17    36     270    (-,-) 
  PIPELINES[7].ROUNDS[3].U_ROUND_U_SUB_ROM[0].ROM_dout_reg[0]/D -       -       R     DFFASRHQNx1_ASAP7_75t_L      1    -     -     0     270    (-,-) 
#------------------------------------------------------------------------------------------------------------------------------------------------------



Path 29: VIOLATED (-27 ps) Setup Check with Pin PIPELINES[6].ROUNDS[4].U_ROUND_U_SUB_ROM[4].ROM_dout_reg[2]/CLK->D
          Group: clk
     Startpoint: (R) PIPELINES[6].ROUNDS[3].U_ROUND_U_KEY_data_out_reg[39]/CLK
          Clock: (R) clk
       Endpoint: (R) PIPELINES[6].ROUNDS[4].U_ROUND_U_SUB_ROM[4].ROM_dout_reg[2]/D
          Clock: (R) clk

                     Capture       Launch     
        Clock Edge:+     260            0     
       Src Latency:+       0            0     
       Net Latency:+       0 (I)        0 (I) 
           Arrival:=     260            0     
                                              
             Setup:-      17                  
     Required Time:=     243                  
      Launch Clock:-       0                  
         Data Path:-     270                  
             Slack:=     -27                  

#------------------------------------------------------------------------------------------------------------------------------------------------------
#                         Timing Point                          Flags    Arc    Edge          Cell            Fanout Load Trans Delay Arrival Instance 
#                                                                                                                    (fF)  (ps)  (ps)   (ps)  Location 
#------------------------------------------------------------------------------------------------------------------------------------------------------
  PIPELINES[6].ROUNDS[3].U_ROUND_U_KEY_data_out_reg[39]/CLK     -       -       R     (arrival)                47792    -     0     0       0    (-,-) 
  PIPELINES[6].ROUNDS[3].U_ROUND_U_KEY_data_out_reg[39]/QN      -       CLK->QN F     DFFASRHQNx1_ASAP7_75t_L     21 16.8   108    94      94    (-,-) 
  g509451/Y                                                     -       A->Y    F     AND2x2_ASAP7_75t_L           5  4.9    22    43     138    (-,-) 
  g509460/Y                                                     -       B->Y    R     NAND2xp5_ASAP7_75t_L         3  2.1    29    20     158    (-,-) 
  g509942/Y                                                     -       B1->Y   F     OAI32xp33_ASAP7_75t_L        1  0.9    29    20     178    (-,-) 
  g509939/Y                                                     -       C->Y    R     AOI221xp5_ASAP7_75t_L        1  0.9    35    23     201    (-,-) 
  g509937/Y                                                     -       C->Y    F     OAI221xp5_ASAP7_75t_L        1  1.0    29    18     219    (-,-) 
  g509928/Y                                                     -       C->Y    R     O2A1O1Ixp33_ASAP7_75t_L      1  1.0    36    22     241    (-,-) 
  g509895/Y                                                     -       C1->Y   R     OA222x2_ASAP7_75t_L          1  1.0    13    29     270    (-,-) 
  PIPELINES[6].ROUNDS[4].U_ROUND_U_SUB_ROM[4].ROM_dout_reg[2]/D -       -       R     DFFASRHQNx1_ASAP7_75t_L      1    -     -     0     270    (-,-) 
#------------------------------------------------------------------------------------------------------------------------------------------------------



Path 30: VIOLATED (-27 ps) Setup Check with Pin PIPELINES[4].ROUNDS[2].U_ROUND_U_SUB_ROM[11].ROM_dout_reg[6]/CLK->D
          Group: clk
     Startpoint: (R) PIPELINES[4].ROUNDS[1].U_ROUND_U_KEY_data_out_reg[94]/CLK
          Clock: (R) clk
       Endpoint: (R) PIPELINES[4].ROUNDS[2].U_ROUND_U_SUB_ROM[11].ROM_dout_reg[6]/D
          Clock: (R) clk

                     Capture       Launch     
        Clock Edge:+     260            0     
       Src Latency:+       0            0     
       Net Latency:+       0 (I)        0 (I) 
           Arrival:=     260            0     
                                              
             Setup:-      23                  
     Required Time:=     237                  
      Launch Clock:-       0                  
         Data Path:-     264                  
             Slack:=     -27                  

#-------------------------------------------------------------------------------------------------------------------------------------------------------
#                         Timing Point                           Flags    Arc    Edge          Cell            Fanout Load Trans Delay Arrival Instance 
#                                                                                                                     (fF)  (ps)  (ps)   (ps)  Location 
#-------------------------------------------------------------------------------------------------------------------------------------------------------
  PIPELINES[4].ROUNDS[1].U_ROUND_U_KEY_data_out_reg[94]/CLK      -       -       R     (arrival)                47792    -     0     0       0    (-,-) 
  PIPELINES[4].ROUNDS[1].U_ROUND_U_KEY_data_out_reg[94]/QN       -       CLK->QN R     DFFASRHQNx1_ASAP7_75t_L      2  2.1    27    46      46    (-,-) 
  g497952/Y                                                      -       A->Y    F     INVx2_ASAP7_75t_L            5  4.3    19    14      60    (-,-) 
  g498053/Y                                                      -       A->Y    R     INVx1_ASAP7_75t_L            1  1.5    16    12      72    (-,-) 
  g498047/Y                                                      -       A->Y    R     OR2x6_ASAP7_75t_L           13  9.8    19    24      96    (-,-) 
  g498169/Y                                                      -       A->Y    F     INVx2_ASAP7_75t_L            4  2.9    13    10     105    (-,-) 
  g498168/Y                                                      -       A->Y    F     AND2x2_ASAP7_75t_L           3  2.4    12    20     126    (-,-) 
  g498167/Y                                                      -       A->Y    R     INVx1_ASAP7_75t_L            6  4.6    37    21     146    (-,-) 
  g499321/Y                                                      -       B2->Y   F     OAI22xp5_ASAP7_75t_L         1  0.9    26    13     159    (-,-) 
  g499320/Y                                                      -       A1->Y   R     AOI221xp5_ASAP7_75t_L        1  0.9    35    21     180    (-,-) 
  g499318/Y                                                      -       B->Y    F     OAI211xp5_ASAP7_75t_L        1  0.9    27    17     197    (-,-) 
  g499314/Y                                                      -       B->Y    R     AOI211xp5_ASAP7_75t_L        1  0.9    34    22     219    (-,-) 
  g499308/Y                                                      -       B->Y    F     NAND3xp33_ASAP7_75t_L        1  0.9    24    15     234    (-,-) 
  g499307/Y                                                      -       A->Y    R     NOR5xp2_ASAP7_75t_L          1  1.0    59    30     264    (-,-) 
  PIPELINES[4].ROUNDS[2].U_ROUND_U_SUB_ROM[11].ROM_dout_reg[6]/D -       -       R     DFFASRHQNx1_ASAP7_75t_L      1    -     -     0     264    (-,-) 
#-------------------------------------------------------------------------------------------------------------------------------------------------------



Path 31: VIOLATED (-27 ps) Setup Check with Pin PIPELINES[3].ROUNDS[2].U_ROUND_U_SUB_ROM[8].ROM_dout_reg[1]/CLK->D
          Group: clk
     Startpoint: (R) PIPELINES[3].ROUNDS[1].U_ROUND_U_KEY_valid_out_reg/CLK
          Clock: (R) clk
       Endpoint: (R) PIPELINES[3].ROUNDS[2].U_ROUND_U_SUB_ROM[8].ROM_dout_reg[1]/D
          Clock: (R) clk

                     Capture       Launch     
        Clock Edge:+     260            0     
       Src Latency:+       0            0     
       Net Latency:+       0 (I)        0 (I) 
           Arrival:=     260            0     
                                              
             Setup:-      18                  
     Required Time:=     242                  
      Launch Clock:-       0                  
         Data Path:-     270                  
             Slack:=     -27                  

#------------------------------------------------------------------------------------------------------------------------------------------------------
#                         Timing Point                          Flags    Arc    Edge          Cell            Fanout Load Trans Delay Arrival Instance 
#                                                                                                                    (fF)  (ps)  (ps)   (ps)  Location 
#------------------------------------------------------------------------------------------------------------------------------------------------------
  PIPELINES[3].ROUNDS[1].U_ROUND_U_KEY_valid_out_reg/CLK        -       -       R     (arrival)                47792    -     0     0       0    (-,-) 
  PIPELINES[3].ROUNDS[1].U_ROUND_U_KEY_valid_out_reg/QN         -       CLK->QN F     DFFASRHQNx1_ASAP7_75t_L      1  1.6    24    43      43    (-,-) 
  fopt1153281/Y                                                 -       A->Y    F     BUFx6f_ASAP7_75t_L           4  7.1    12    20      64    (-,-) 
  fopt1153280/Y                                                 -       A->Y    F     BUFx12f_ASAP7_75t_L         23 24.4    18    21      84    (-,-) 
  g446581/Y                                                     -       B->Y    F     AND2x4_ASAP7_75t_L          10  9.1    18    24     108    (-,-) 
  g446575/Y                                                     -       B->Y    F     AND2x2_ASAP7_75t_L           2  3.6    15    23     131    (-,-) 
  g446574/Y                                                     -       A->Y    R     INVx4_ASAP7_75t_L            7  5.9    15    11     142    (-,-) 
  g447165/Y                                                     -       C->Y    F     O2A1O1Ixp33_ASAP7_75t_L      1  1.0    22    12     154    (-,-) 
  g447162/Y                                                     -       B->Y    R     AOI21xp5_ASAP7_75t_L         1  1.0    24    17     170    (-,-) 
  g447160/Y                                                     -       C1->Y   F     OAI331xp33_ASAP7_75t_L       1  1.0    32    21     192    (-,-) 
  g447147/Y                                                     -       D->Y    F     OR4x1_ASAP7_75t_L            1  1.0    14    32     224    (-,-) 
  g447143/Y                                                     -       B->Y    R     AOI21xp5_ASAP7_75t_L         1  0.9    22    14     238    (-,-) 
  g447120/Y                                                     -       B->Y    R     AND5x1_ASAP7_75t_L           1  1.0    17    32     270    (-,-) 
  PIPELINES[3].ROUNDS[2].U_ROUND_U_SUB_ROM[8].ROM_dout_reg[1]/D -       -       R     DFFASRHQNx1_ASAP7_75t_L      1    -     -     0     270    (-,-) 
#------------------------------------------------------------------------------------------------------------------------------------------------------



Path 32: VIOLATED (-27 ps) Setup Check with Pin PIPELINES[1].ROUNDS[0].U_ROUND_U_SUB_ROM[14].ROM_dout_reg[4]/CLK->D
          Group: clk
     Startpoint: (R) PIPELINES[1].U0_ARK_data_out_reg[118]/CLK
          Clock: (R) clk
       Endpoint: (R) PIPELINES[1].ROUNDS[0].U_ROUND_U_SUB_ROM[14].ROM_dout_reg[4]/D
          Clock: (R) clk

                     Capture       Launch     
        Clock Edge:+     260            0     
       Src Latency:+       0            0     
       Net Latency:+       0 (I)        0 (I) 
           Arrival:=     260            0     
                                              
             Setup:-      18                  
     Required Time:=     242                  
      Launch Clock:-       0                  
         Data Path:-     270                  
             Slack:=     -27                  

#-------------------------------------------------------------------------------------------------------------------------------------------------------
#                         Timing Point                           Flags    Arc    Edge          Cell            Fanout Load Trans Delay Arrival Instance 
#                                                                                                                     (fF)  (ps)  (ps)   (ps)  Location 
#-------------------------------------------------------------------------------------------------------------------------------------------------------
  PIPELINES[1].U0_ARK_data_out_reg[118]/CLK                      -       -       R     (arrival)                47792    -     0     0       0    (-,-) 
  PIPELINES[1].U0_ARK_data_out_reg[118]/QN                       -       CLK->QN R     DFFASRHQNx1_ASAP7_75t_L     11 10.8    89    79      79    (-,-) 
  g432907/Y                                                      -       B->Y    R     OR2x6_ASAP7_75t_L           11  8.7    19    36     115    (-,-) 
  g430467/Y                                                      -       A->Y    F     INVx1_ASAP7_75t_L            4  2.9    21    15     130    (-,-) 
  g426535/Y                                                      -       B->Y    R     NAND2xp5_ASAP7_75t_L         2  1.7    25    18     147    (-,-) 
  g426588/Y                                                      -       A->Y    R     BUFx2_ASAP7_75t_L            5  3.9    18    23     170    (-,-) 
  g427789/Y                                                      -       A2->Y   R     OA222x2_ASAP7_75t_L          1  0.9    12    28     198    (-,-) 
  g427788/Y                                                      -       C->Y    F     OAI211xp5_ASAP7_75t_L        1  0.9    29    14     212    (-,-) 
  g427785/Y                                                      -       B->Y    R     AOI311xp33_ASAP7_75t_L       1  0.9    36    24     236    (-,-) 
  g427774/Y                                                      -       B->Y    R     AND5x1_ASAP7_75t_L           1  1.0    17    34     270    (-,-) 
  PIPELINES[1].ROUNDS[0].U_ROUND_U_SUB_ROM[14].ROM_dout_reg[4]/D -       -       R     DFFASRHQNx1_ASAP7_75t_L      1    -     -     0     270    (-,-) 
#-------------------------------------------------------------------------------------------------------------------------------------------------------



Path 33: VIOLATED (-27 ps) Setup Check with Pin PIPELINES[6].ROUNDS[6].U_ROUND_U_SUB_ROM[4].ROM_dout_reg[4]/CLK->D
          Group: clk
     Startpoint: (R) PIPELINES[6].ROUNDS[5].U_ROUND_U_KEY_valid_out_reg/CLK
          Clock: (R) clk
       Endpoint: (R) PIPELINES[6].ROUNDS[6].U_ROUND_U_SUB_ROM[4].ROM_dout_reg[4]/D
          Clock: (R) clk

                     Capture       Launch     
        Clock Edge:+     260            0     
       Src Latency:+       0            0     
       Net Latency:+       0 (I)        0 (I) 
           Arrival:=     260            0     
                                              
             Setup:-      22                  
     Required Time:=     238                  
      Launch Clock:-       0                  
         Data Path:-     265                  
             Slack:=     -27                  

#------------------------------------------------------------------------------------------------------------------------------------------------------
#                         Timing Point                          Flags    Arc    Edge          Cell            Fanout Load Trans Delay Arrival Instance 
#                                                                                                                    (fF)  (ps)  (ps)   (ps)  Location 
#------------------------------------------------------------------------------------------------------------------------------------------------------
  PIPELINES[6].ROUNDS[5].U_ROUND_U_KEY_valid_out_reg/CLK        -       -       R     (arrival)                47792    -     0     0       0    (-,-) 
  PIPELINES[6].ROUNDS[5].U_ROUND_U_KEY_valid_out_reg/QN         -       CLK->QN F     DFFASRHQNx1_ASAP7_75t_L      1  1.6    24    43      43    (-,-) 
  g498693/Y                                                     -       A->Y    F     BUFx6f_ASAP7_75t_L           3  5.5    10    20      63    (-,-) 
  g986/Y                                                        -       A->Y    F     BUFx6f_ASAP7_75t_L          17 20.7    25    24      86    (-,-) 
  g411697/Y                                                     -       A->Y    R     INVx2_ASAP7_75t_L            4  3.6    19    14     101    (-,-) 
  g411922/Y                                                     -       B->Y    R     OR2x2_ASAP7_75t_L            2  2.3    14    20     121    (-,-) 
  g411921/Y                                                     -       A->Y    R     BUFx6f_ASAP7_75t_L          10  7.4    13    17     138    (-,-) 
  g411965/Y                                                     -       A->Y    F     INVx1_ASAP7_75t_L            2  1.6    13    10     148    (-,-) 
  g412687/Y                                                     -       B1->Y   R     OAI22xp5_ASAP7_75t_L         1  1.0    27    15     163    (-,-) 
  g412686/Y                                                     -       B->Y    R     OA21x2_ASAP7_75t_L           1  0.8     9    19     182    (-,-) 
  g412685/Y                                                     -       B1->Y   F     OAI32xp33_ASAP7_75t_L        1  0.9    30    16     197    (-,-) 
  g412684/Y                                                     -       A->Y    R     NOR3xp33_ASAP7_75t_L         1  0.9    33    21     218    (-,-) 
  g412683/Y                                                     -       A->Y    F     NAND5xp2_ASAP7_75t_L         1  0.9    42    23     242    (-,-) 
  g412667/Y                                                     -       B->Y    R     NOR3xp33_ASAP7_75t_L         1  1.0    36    23     265    (-,-) 
  PIPELINES[6].ROUNDS[6].U_ROUND_U_SUB_ROM[4].ROM_dout_reg[4]/D -       -       R     DFFASRHQNx1_ASAP7_75t_L      1    -     -     0     265    (-,-) 
#------------------------------------------------------------------------------------------------------------------------------------------------------



Path 34: VIOLATED (-27 ps) Setup Check with Pin PIPELINES[6].ROUNDS[6].U_ROUND_U_SUB_ROM[4].ROM_dout_reg[3]/CLK->D
          Group: clk
     Startpoint: (R) PIPELINES[6].ROUNDS[5].U_ROUND_U_KEY_valid_out_reg/CLK
          Clock: (R) clk
       Endpoint: (R) PIPELINES[6].ROUNDS[6].U_ROUND_U_SUB_ROM[4].ROM_dout_reg[3]/D
          Clock: (R) clk

                     Capture       Launch     
        Clock Edge:+     260            0     
       Src Latency:+       0            0     
       Net Latency:+       0 (I)        0 (I) 
           Arrival:=     260            0     
                                              
             Setup:-      17                  
     Required Time:=     243                  
      Launch Clock:-       0                  
         Data Path:-     270                  
             Slack:=     -27                  

#------------------------------------------------------------------------------------------------------------------------------------------------------
#                         Timing Point                          Flags    Arc    Edge          Cell            Fanout Load Trans Delay Arrival Instance 
#                                                                                                                    (fF)  (ps)  (ps)   (ps)  Location 
#------------------------------------------------------------------------------------------------------------------------------------------------------
  PIPELINES[6].ROUNDS[5].U_ROUND_U_KEY_valid_out_reg/CLK        -       -       R     (arrival)                47792    -     0     0       0    (-,-) 
  PIPELINES[6].ROUNDS[5].U_ROUND_U_KEY_valid_out_reg/QN         -       CLK->QN F     DFFASRHQNx1_ASAP7_75t_L      1  1.6    24    43      43    (-,-) 
  g498693/Y                                                     -       A->Y    F     BUFx6f_ASAP7_75t_L           3  5.5    10    20      63    (-,-) 
  g986/Y                                                        -       A->Y    F     BUFx6f_ASAP7_75t_L          17 20.7    25    24      86    (-,-) 
  g411801/Y                                                     -       A->Y    R     INVx3_ASAP7_75t_L            1  1.4    10     8      94    (-,-) 
  g411798/Y                                                     -       B->Y    R     OR2x6_ASAP7_75t_L            6  6.9    15    21     115    (-,-) 
  g411797/Y                                                     -       A->Y    F     INVx4_ASAP7_75t_L            5  4.6    11     8     123    (-,-) 
  g411903/Y                                                     -       B->Y    F     AND2x4_ASAP7_75t_L           5  7.6    16    20     144    (-,-) 
  g412217/Y                                                     -       A->Y    R     INVx4_ASAP7_75t_L            5  4.0    12     9     153    (-,-) 
  g412595/Y                                                     -       B1->Y   R     OA331x1_ASAP7_75t_L          1  1.0    15    24     176    (-,-) 
  g412594/Y                                                     -       C1->Y   F     OAI331xp33_ASAP7_75t_L       1  0.9    29    18     195    (-,-) 
  g412590/Y                                                     -       C->Y    R     AOI221xp5_ASAP7_75t_L        1  1.0    37    24     219    (-,-) 
  g412575/Y                                                     -       C->Y    R     AND4x1_ASAP7_75t_L           1  1.0    15    27     246    (-,-) 
  g412574/Y                                                     -       A->Y    R     AND4x1_ASAP7_75t_L           1  1.0    15    24     270    (-,-) 
  PIPELINES[6].ROUNDS[6].U_ROUND_U_SUB_ROM[4].ROM_dout_reg[3]/D -       -       R     DFFASRHQNx1_ASAP7_75t_L      1    -     -     0     270    (-,-) 
#------------------------------------------------------------------------------------------------------------------------------------------------------



Path 35: VIOLATED (-27 ps) Setup Check with Pin PIPELINES[3].ROUNDS[6].U_ROUND_U_SUB_ROM[12].ROM_dout_reg[5]/CLK->D
          Group: clk
     Startpoint: (R) PIPELINES[3].ROUNDS[5].U_ROUND_U_KEY_valid_out_reg/CLK
          Clock: (R) clk
       Endpoint: (R) PIPELINES[3].ROUNDS[6].U_ROUND_U_SUB_ROM[12].ROM_dout_reg[5]/D
          Clock: (R) clk

                     Capture       Launch     
        Clock Edge:+     260            0     
       Src Latency:+       0            0     
       Net Latency:+       0 (I)        0 (I) 
           Arrival:=     260            0     
                                              
             Setup:-      23                  
     Required Time:=     237                  
      Launch Clock:-       0                  
         Data Path:-     264                  
             Slack:=     -27                  

#-------------------------------------------------------------------------------------------------------------------------------------------------------
#                         Timing Point                           Flags    Arc    Edge          Cell            Fanout Load Trans Delay Arrival Instance 
#                                                                                                                     (fF)  (ps)  (ps)   (ps)  Location 
#-------------------------------------------------------------------------------------------------------------------------------------------------------
  PIPELINES[3].ROUNDS[5].U_ROUND_U_KEY_valid_out_reg/CLK         -       -       R     (arrival)                47792    -     0     0       0    (-,-) 
  PIPELINES[3].ROUNDS[5].U_ROUND_U_KEY_valid_out_reg/QN          -       CLK->QN F     DFFASRHQNx1_ASAP7_75t_L      1  1.1    20    40      40    (-,-) 
  fopt1158443/Y                                                  -       A->Y    F     BUFx3_ASAP7_75t_L            4  6.3    16    23      63    (-,-) 
  fopt1158442/Y                                                  -       A->Y    F     BUFx6f_ASAP7_75t_L          10 11.0    15    21      84    (-,-) 
  fopt1158441/Y                                                  -       A->Y    R     INVx2_ASAP7_75t_L            2  2.3    13    10      94    (-,-) 
  fopt1158440/Y                                                  -       A->Y    F     INVx2_ASAP7_75t_L            3  3.7    14    10     104    (-,-) 
  fopt1158439/Y                                                  -       A->Y    F     BUFx3_ASAP7_75t_L            3  5.4    15    20     124    (-,-) 
  g387960/Y                                                      -       B->Y    R     NAND2xp5_ASAP7_75t_L         2  1.7    28    16     140    (-,-) 
  g388536/Y                                                      -       B->Y    R     OR2x2_ASAP7_75t_L            3  2.5    14    22     162    (-,-) 
  g388588/Y                                                      -       A2->Y   F     OAI22xp5_ASAP7_75t_L         1  0.9    18    12     173    (-,-) 
  g388587/Y                                                      -       B->Y    R     AOI211xp5_ASAP7_75t_L        1  0.8    32    19     192    (-,-) 
  g388586/Y                                                      -       B->Y    R     OA211x2_ASAP7_75t_L          1  0.9    11    24     216    (-,-) 
  g388585/Y                                                      -       A->Y    F     NAND4xp25_ASAP7_75t_L        1  0.9    32    16     232    (-,-) 
  g388567/Y                                                      -       A->Y    R     NOR5xp2_ASAP7_75t_L          1  1.0    61    32     264    (-,-) 
  PIPELINES[3].ROUNDS[6].U_ROUND_U_SUB_ROM[12].ROM_dout_reg[5]/D -       -       R     DFFASRHQNx1_ASAP7_75t_L      1    -     -     0     264    (-,-) 
#-------------------------------------------------------------------------------------------------------------------------------------------------------



Path 36: VIOLATED (-27 ps) Setup Check with Pin PIPELINES[1].ROUNDS[4].U_ROUND_U_SUB_ROM[0].ROM_dout_reg[2]/CLK->D
          Group: clk
     Startpoint: (R) PIPELINES[1].ROUNDS[3].U_ROUND_U_KEY_data_out_reg[1]/CLK
          Clock: (R) clk
       Endpoint: (F) PIPELINES[1].ROUNDS[4].U_ROUND_U_SUB_ROM[0].ROM_dout_reg[2]/D
          Clock: (R) clk

                     Capture       Launch     
        Clock Edge:+     260            0     
       Src Latency:+       0            0     
       Net Latency:+       0 (I)        0 (I) 
           Arrival:=     260            0     
                                              
             Setup:-      14                  
     Required Time:=     246                  
      Launch Clock:-       0                  
         Data Path:-     273                  
             Slack:=     -27                  

#------------------------------------------------------------------------------------------------------------------------------------------------------
#                         Timing Point                          Flags    Arc    Edge          Cell            Fanout Load Trans Delay Arrival Instance 
#                                                                                                                    (fF)  (ps)  (ps)   (ps)  Location 
#------------------------------------------------------------------------------------------------------------------------------------------------------
  PIPELINES[1].ROUNDS[3].U_ROUND_U_KEY_data_out_reg[1]/CLK      -       -       R     (arrival)                47792    -     0     0       0    (-,-) 
  PIPELINES[1].ROUNDS[3].U_ROUND_U_KEY_data_out_reg[1]/QN       -       CLK->QN R     DFFASRHQNx1_ASAP7_75t_L     13 13.7   110    89      89    (-,-) 
  g1016817/Y                                                    -       A->Y    F     INVx3_ASAP7_75t_L           10  8.7    40    25     114    (-,-) 
  g1016856/Y                                                    -       B->Y    R     NAND2x1p5_ASAP7_75t_L        2  2.3    32    17     131    (-,-) 
  g1016903/Y                                                    -       A->Y    F     INVx2_ASAP7_75t_L            5  5.2    22    16     147    (-,-) 
  g1016931/Y                                                    -       B->Y    R     NAND2xp5_ASAP7_75t_L         4  3.0    39    25     172    (-,-) 
  g1017589/Y                                                    -       A1->Y   R     OA222x2_ASAP7_75t_L          1  0.9    12    32     203    (-,-) 
  g1017584/Y                                                    -       C->Y    F     OAI211xp5_ASAP7_75t_L        1  0.9    27    14     217    (-,-) 
  g1017556/Y                                                    -       D->Y    R     NOR5xp2_ASAP7_75t_L          1  0.9    58    34     251    (-,-) 
  g1017555/Y                                                    -       A1->Y   F     AOI32xp33_ASAP7_75t_L        1  1.0    36    23     273    (-,-) 
  PIPELINES[1].ROUNDS[4].U_ROUND_U_SUB_ROM[0].ROM_dout_reg[2]/D -       -       F     DFFASRHQNx1_ASAP7_75t_L      1    -     -     0     273    (-,-) 
#------------------------------------------------------------------------------------------------------------------------------------------------------



Path 37: VIOLATED (-27 ps) Setup Check with Pin PIPELINES[1].ROUNDS[4].U_ROUND_U_SUB_ROM[1].ROM_dout_reg[7]/CLK->D
          Group: clk
     Startpoint: (R) PIPELINES[1].ROUNDS[3].U_ROUND_U_KEY_data_out_reg[15]/CLK
          Clock: (R) clk
       Endpoint: (R) PIPELINES[1].ROUNDS[4].U_ROUND_U_SUB_ROM[1].ROM_dout_reg[7]/D
          Clock: (R) clk

                     Capture       Launch     
        Clock Edge:+     260            0     
       Src Latency:+       0            0     
       Net Latency:+       0 (I)        0 (I) 
           Arrival:=     260            0     
                                              
             Setup:-      23                  
     Required Time:=     237                  
      Launch Clock:-       0                  
         Data Path:-     264                  
             Slack:=     -27                  

#------------------------------------------------------------------------------------------------------------------------------------------------------
#                         Timing Point                          Flags    Arc    Edge          Cell            Fanout Load Trans Delay Arrival Instance 
#                                                                                                                    (fF)  (ps)  (ps)   (ps)  Location 
#------------------------------------------------------------------------------------------------------------------------------------------------------
  PIPELINES[1].ROUNDS[3].U_ROUND_U_KEY_data_out_reg[15]/CLK     -       -       R     (arrival)                47792    -     0     0       0    (-,-) 
  PIPELINES[1].ROUNDS[3].U_ROUND_U_KEY_data_out_reg[15]/QN      -       CLK->QN F     DFFASRHQNx1_ASAP7_75t_L     15 13.9    92    86      86    (-,-) 
  g1014354/Y                                                    -       B->Y    R     NAND2x1p5_ASAP7_75t_L        4  3.7    38    30     116    (-,-) 
  g1014373/Y                                                    -       A->Y    F     INVx2_ASAP7_75t_L            3  4.3    21    15     131    (-,-) 
  g1014416/Y                                                    -       A->Y    R     NAND2x1p5_ASAP7_75t_L        4  3.5    24    18     149    (-,-) 
  g1014415/Y                                                    -       A->Y    F     INVx2_ASAP7_75t_L            3  3.0    14    11     160    (-,-) 
  g1016028/Y                                                    -       A1->Y   R     AOI32xp33_ASAP7_75t_L        1  0.9    35    20     179    (-,-) 
  g1016027/Y                                                    -       B->Y    F     OAI211xp5_ASAP7_75t_L        1  0.9    27    17     196    (-,-) 
  g1016026/Y                                                    -       A->Y    R     NOR3xp33_ASAP7_75t_L         1  0.9    32    20     216    (-,-) 
  g1016014/Y                                                    -       B->Y    F     NAND5xp2_ASAP7_75t_L         1  0.8    38    22     239    (-,-) 
  g1016013/Y                                                    -       A2->Y   R     OAI32xp33_ASAP7_75t_L        1  1.0    40    25     264    (-,-) 
  PIPELINES[1].ROUNDS[4].U_ROUND_U_SUB_ROM[1].ROM_dout_reg[7]/D -       -       R     DFFASRHQNx1_ASAP7_75t_L      1    -     -     0     264    (-,-) 
#------------------------------------------------------------------------------------------------------------------------------------------------------



Path 38: VIOLATED (-27 ps) Setup Check with Pin PIPELINES[5].ROUNDS[2].U_ROUND_U_SUB_ROM[10].ROM_dout_reg[3]/CLK->D
          Group: clk
     Startpoint: (R) PIPELINES[5].ROUNDS[1].U_ROUND_U_KEY_valid_out_reg/CLK
          Clock: (R) clk
       Endpoint: (R) PIPELINES[5].ROUNDS[2].U_ROUND_U_SUB_ROM[10].ROM_dout_reg[3]/D
          Clock: (R) clk

                     Capture       Launch     
        Clock Edge:+     260            0     
       Src Latency:+       0            0     
       Net Latency:+       0 (I)        0 (I) 
           Arrival:=     260            0     
                                              
             Setup:-      18                  
     Required Time:=     242                  
      Launch Clock:-       0                  
         Data Path:-     269                  
             Slack:=     -27                  

#-------------------------------------------------------------------------------------------------------------------------------------------------------
#                         Timing Point                           Flags    Arc    Edge          Cell            Fanout Load Trans Delay Arrival Instance 
#                                                                                                                     (fF)  (ps)  (ps)   (ps)  Location 
#-------------------------------------------------------------------------------------------------------------------------------------------------------
  PIPELINES[5].ROUNDS[1].U_ROUND_U_KEY_valid_out_reg/CLK         -       -       R     (arrival)                47792    -     0     0       0    (-,-) 
  PIPELINES[5].ROUNDS[1].U_ROUND_U_KEY_valid_out_reg/QN          -       CLK->QN F     DFFASRHQNx1_ASAP7_75t_L      1  1.6    24    43      43    (-,-) 
  fopt1160155/Y                                                  -       A->Y    F     BUFx6f_ASAP7_75t_L           6  8.1    13    21      64    (-,-) 
  fopt1160138/Y                                                  -       A->Y    F     BUFx6f_ASAP7_75t_L           7  9.5    14    19      83    (-,-) 
  g949697/Y                                                      -       A->Y    F     AND2x4_ASAP7_75t_L           3  4.2    11    19     102    (-,-) 
  g949776/Y                                                      -       A->Y    R     INVx3_ASAP7_75t_L            1  1.5     7     6     108    (-,-) 
  g949775/Y                                                      -       A->Y    R     OR2x6_ASAP7_75t_L            5  5.6    15    19     127    (-,-) 
  fopt1155116/Y                                                  -       A->Y    R     BUFx3_ASAP7_75t_L            5  5.4    17    20     147    (-,-) 
  fopt1155108/Y                                                  -       A->Y    F     INVx3_ASAP7_75t_L            2  1.7     8     6     153    (-,-) 
  g950853/Y                                                      -       A2->Y   R     A2O1A1Ixp33_ASAP7_75t_L      1  0.8    22    14     167    (-,-) 
  g950852/Y                                                      -       B->Y    R     OA211x2_ASAP7_75t_L          1  0.9    10    23     190    (-,-) 
  g950851/Y                                                      -       C->Y    F     OAI221xp5_ASAP7_75t_L        1  0.9    26    14     204    (-,-) 
  g950850/Y                                                      -       A->Y    R     NOR5xp2_ASAP7_75t_L          1  0.9    56    29     233    (-,-) 
  g950849/Y                                                      -       A->Y    R     AND5x1_ASAP7_75t_L           1  1.0    17    36     269    (-,-) 
  PIPELINES[5].ROUNDS[2].U_ROUND_U_SUB_ROM[10].ROM_dout_reg[3]/D -       -       R     DFFASRHQNx1_ASAP7_75t_L      1    -     -     0     269    (-,-) 
#-------------------------------------------------------------------------------------------------------------------------------------------------------



Path 39: VIOLATED (-27 ps) Setup Check with Pin PIPELINES[4].ROUNDS[8].U_ROUND_U_SUB_ROM[2].ROM_dout_reg[6]/CLK->D
          Group: clk
     Startpoint: (R) PIPELINES[4].ROUNDS[7].U_ROUND_U_KEY_valid_out_reg/CLK
          Clock: (R) clk
       Endpoint: (R) PIPELINES[4].ROUNDS[8].U_ROUND_U_SUB_ROM[2].ROM_dout_reg[6]/D
          Clock: (R) clk

                     Capture       Launch     
        Clock Edge:+     260            0     
       Src Latency:+       0            0     
       Net Latency:+       0 (I)        0 (I) 
           Arrival:=     260            0     
                                              
             Setup:-      18                  
     Required Time:=     242                  
      Launch Clock:-       0                  
         Data Path:-     269                  
             Slack:=     -27                  

#------------------------------------------------------------------------------------------------------------------------------------------------------
#                         Timing Point                          Flags    Arc    Edge          Cell            Fanout Load Trans Delay Arrival Instance 
#                                                                                                                    (fF)  (ps)  (ps)   (ps)  Location 
#------------------------------------------------------------------------------------------------------------------------------------------------------
  PIPELINES[4].ROUNDS[7].U_ROUND_U_KEY_valid_out_reg/CLK        -       -       R     (arrival)                47792    -     0     0       0    (-,-) 
  PIPELINES[4].ROUNDS[7].U_ROUND_U_KEY_valid_out_reg/QN         -       CLK->QN F     DFFASRHQNx1_ASAP7_75t_L      1  1.6    24    43      43    (-,-) 
  fopt185/Y                                                     -       A->Y    F     BUFx6f_ASAP7_75t_L           3  4.3     9    19      62    (-,-) 
  fopt1109127/Y                                                 -       A->Y    F     BUFx6f_ASAP7_75t_L           5  7.1    11    17      78    (-,-) 
  fopt1109092/Y                                                 -       A->Y    F     BUFx16f_ASAP7_75t_L          8 11.9    11    19      97    (-,-) 
  g945208/Y                                                     -       A->Y    F     AND2x4_ASAP7_75t_L           2  5.9    13    20     117    (-,-) 
  g945207/Y                                                     -       A->Y    R     INVx8_ASAP7_75t_L           18 13.6    17    12     129    (-,-) 
  g945213/Y                                                     -       B->Y    R     OR2x2_ASAP7_75t_L            5  3.8    20    22     151    (-,-) 
  g315247/Y                                                     -       A->Y    F     NOR3xp33_ASAP7_75t_L         2  1.7    22    15     166    (-,-) 
  g945580/Y                                                     -       C->Y    R     AOI321xp33_ASAP7_75t_L       1  0.9    38    24     191    (-,-) 
  g945579/Y                                                     -       C->Y    F     OAI321xp33_ASAP7_75t_L       1  0.9    31    20     211    (-,-) 
  g303488/Y                                                     -       B->Y    R     AOI31xp33_ASAP7_75t_L        1  0.9    34    25     235    (-,-) 
  g301631/Y                                                     -       D->Y    R     AND5x1_ASAP7_75t_L           1  1.0    17    34     269    (-,-) 
  PIPELINES[4].ROUNDS[8].U_ROUND_U_SUB_ROM[2].ROM_dout_reg[6]/D -       -       R     DFFASRHQNx1_ASAP7_75t_L      1    -     -     0     269    (-,-) 
#------------------------------------------------------------------------------------------------------------------------------------------------------



Path 40: VIOLATED (-27 ps) Setup Check with Pin PIPELINES[4].ROUNDS[8].U_ROUND_U_SUB_ROM[8].ROM_dout_reg[1]/CLK->D
          Group: clk
     Startpoint: (R) PIPELINES[4].ROUNDS[7].U_ROUND_U_KEY_valid_out_reg/CLK
          Clock: (R) clk
       Endpoint: (R) PIPELINES[4].ROUNDS[8].U_ROUND_U_SUB_ROM[8].ROM_dout_reg[1]/D
          Clock: (R) clk

                     Capture       Launch     
        Clock Edge:+     260            0     
       Src Latency:+       0            0     
       Net Latency:+       0 (I)        0 (I) 
           Arrival:=     260            0     
                                              
             Setup:-      23                  
     Required Time:=     237                  
      Launch Clock:-       0                  
         Data Path:-     264                  
             Slack:=     -27                  

#------------------------------------------------------------------------------------------------------------------------------------------------------
#                         Timing Point                          Flags    Arc    Edge          Cell            Fanout Load Trans Delay Arrival Instance 
#                                                                                                                    (fF)  (ps)  (ps)   (ps)  Location 
#------------------------------------------------------------------------------------------------------------------------------------------------------
  PIPELINES[4].ROUNDS[7].U_ROUND_U_KEY_valid_out_reg/CLK        -       -       R     (arrival)                47792    -     0     0       0    (-,-) 
  PIPELINES[4].ROUNDS[7].U_ROUND_U_KEY_valid_out_reg/QN         -       CLK->QN F     DFFASRHQNx1_ASAP7_75t_L      1  1.6    24    43      43    (-,-) 
  fopt185/Y                                                     -       A->Y    F     BUFx6f_ASAP7_75t_L           3  4.3     9    19      62    (-,-) 
  fopt1109127/Y                                                 -       A->Y    F     BUFx6f_ASAP7_75t_L           5  7.1    11    17      78    (-,-) 
  fopt1109092/Y                                                 -       A->Y    F     BUFx16f_ASAP7_75t_L          8 11.9    11    19      97    (-,-) 
  g944615/Y                                                     -       B->Y    F     AND2x4_ASAP7_75t_L           3  5.3    13    19     116    (-,-) 
  g944653/Y                                                     -       B->Y    F     AND2x4_ASAP7_75t_L           3  5.2    12    19     135    (-,-) 
  g944765/Y                                                     -       B->Y    R     NAND2x1p5_ASAP7_75t_L        3  2.5    20    12     146    (-,-) 
  g945146/Y                                                     -       A2->Y   R     AO21x1_ASAP7_75t_L           1  1.0    12    18     164    (-,-) 
  g945145/Y                                                     -       B->Y    F     OAI21xp5_ASAP7_75t_L         1  0.8    18    10     174    (-,-) 
  g945143/Y                                                     -       B->Y    R     NOR2xp33_ASAP7_75t_L         1  0.8    24    16     190    (-,-) 
  g945142/Y                                                     -       B->Y    R     OA211x2_ASAP7_75t_L          1  0.9    11    23     213    (-,-) 
  g945131/Y                                                     -       C->Y    F     NAND5xp2_ASAP7_75t_L         1  0.9    40    21     234    (-,-) 
  g945130/Y                                                     -       A->Y    R     NOR4xp25_ASAP7_75t_L         1  1.0    49    30     264    (-,-) 
  PIPELINES[4].ROUNDS[8].U_ROUND_U_SUB_ROM[8].ROM_dout_reg[1]/D -       -       R     DFFASRHQNx1_ASAP7_75t_L      1    -     -     0     264    (-,-) 
#------------------------------------------------------------------------------------------------------------------------------------------------------



Path 41: VIOLATED (-27 ps) Setup Check with Pin PIPELINES[2].ROUNDS[2].U_ROUND_U_SUB_ROM[9].ROM_dout_reg[7]/CLK->D
          Group: clk
     Startpoint: (R) PIPELINES[2].ROUNDS[1].U_ROUND_U_KEY_valid_out_reg/CLK
          Clock: (R) clk
       Endpoint: (R) PIPELINES[2].ROUNDS[2].U_ROUND_U_SUB_ROM[9].ROM_dout_reg[7]/D
          Clock: (R) clk

                     Capture       Launch     
        Clock Edge:+     260            0     
       Src Latency:+       0            0     
       Net Latency:+       0 (I)        0 (I) 
           Arrival:=     260            0     
                                              
             Setup:-      23                  
     Required Time:=     237                  
      Launch Clock:-       0                  
         Data Path:-     264                  
             Slack:=     -27                  

#------------------------------------------------------------------------------------------------------------------------------------------------------
#                         Timing Point                          Flags    Arc    Edge          Cell            Fanout Load Trans Delay Arrival Instance 
#                                                                                                                    (fF)  (ps)  (ps)   (ps)  Location 
#------------------------------------------------------------------------------------------------------------------------------------------------------
  PIPELINES[2].ROUNDS[1].U_ROUND_U_KEY_valid_out_reg/CLK        -       -       R     (arrival)                47792    -     0     0       0    (-,-) 
  PIPELINES[2].ROUNDS[1].U_ROUND_U_KEY_valid_out_reg/QN         -       CLK->QN F     DFFASRHQNx1_ASAP7_75t_L      1  1.6    24    43      43    (-,-) 
  fopt1155406/Y                                                 -       A->Y    F     BUFx6f_ASAP7_75t_L           5 12.7    17    24      67    (-,-) 
  fopt1155370/Y                                                 -       A->Y    R     INVx8_ASAP7_75t_L            5 11.9    16    12      78    (-,-) 
  fopt1155341/Y                                                 -       A->Y    F     INVx3_ASAP7_75t_L            4  6.7    17    12      90    (-,-) 
  g921409/Y                                                     -       B->Y    R     NAND2x1p5_ASAP7_75t_L        3  3.5    30    15     106    (-,-) 
  g921448/Y                                                     -       A->Y    F     INVx2_ASAP7_75t_L            2  2.8    15    11     116    (-,-) 
  g921528/Y                                                     -       A->Y    F     BUFx6f_ASAP7_75t_L           8  8.9    13    19     136    (-,-) 
  g921557/Y                                                     -       A->Y    R     INVx3_ASAP7_75t_L            5  6.2    19    12     148    (-,-) 
  g921556/Y                                                     -       A->Y    F     INVx3_ASAP7_75t_L            4  3.0    11     8     156    (-,-) 
  g922185/Y                                                     -       A->Y    R     INVx1_ASAP7_75t_L            4  2.9    24    15     171    (-,-) 
  g922518/Y                                                     -       B2->Y   F     OAI33xp33_ASAP7_75t_L        1  0.9    32    20     192    (-,-) 
  g922515/Y                                                     -       B->Y    R     NOR3xp33_ASAP7_75t_L         1  0.9    32    21     212    (-,-) 
  g922513/Y                                                     -       B->Y    F     OAI211xp5_ASAP7_75t_L        1  0.9    27    16     229    (-,-) 
  g922473/Y                                                     -       D->Y    R     NOR5xp2_ASAP7_75t_L          1  1.0    60    35     264    (-,-) 
  PIPELINES[2].ROUNDS[2].U_ROUND_U_SUB_ROM[9].ROM_dout_reg[7]/D -       -       R     DFFASRHQNx1_ASAP7_75t_L      1    -     -     0     264    (-,-) 
#------------------------------------------------------------------------------------------------------------------------------------------------------



Path 42: VIOLATED (-27 ps) Setup Check with Pin PIPELINES[2].ROUNDS[2].U_ROUND_U_SUB_ROM[5].ROM_dout_reg[4]/CLK->D
          Group: clk
     Startpoint: (R) PIPELINES[2].ROUNDS[1].U_ROUND_U_KEY_valid_out_reg/CLK
          Clock: (R) clk
       Endpoint: (R) PIPELINES[2].ROUNDS[2].U_ROUND_U_SUB_ROM[5].ROM_dout_reg[4]/D
          Clock: (R) clk

                     Capture       Launch     
        Clock Edge:+     260            0     
       Src Latency:+       0            0     
       Net Latency:+       0 (I)        0 (I) 
           Arrival:=     260            0     
                                              
             Setup:-      23                  
     Required Time:=     237                  
      Launch Clock:-       0                  
         Data Path:-     264                  
             Slack:=     -27                  

#------------------------------------------------------------------------------------------------------------------------------------------------------
#                         Timing Point                          Flags    Arc    Edge          Cell            Fanout Load Trans Delay Arrival Instance 
#                                                                                                                    (fF)  (ps)  (ps)   (ps)  Location 
#------------------------------------------------------------------------------------------------------------------------------------------------------
  PIPELINES[2].ROUNDS[1].U_ROUND_U_KEY_valid_out_reg/CLK        -       -       R     (arrival)                47792    -     0     0       0    (-,-) 
  PIPELINES[2].ROUNDS[1].U_ROUND_U_KEY_valid_out_reg/QN         -       CLK->QN F     DFFASRHQNx1_ASAP7_75t_L      1  1.6    24    43      43    (-,-) 
  fopt1155406/Y                                                 -       A->Y    F     BUFx6f_ASAP7_75t_L           5 12.7    17    24      67    (-,-) 
  fopt1155370/Y                                                 -       A->Y    R     INVx8_ASAP7_75t_L            5 11.9    16    12      78    (-,-) 
  fopt1155368/Y                                                 -       A->Y    F     INVx3_ASAP7_75t_L            1  1.4     7     6      84    (-,-) 
  g919162/Y                                                     -       B->Y    F     AND2x4_ASAP7_75t_L           3  5.1    13    17     101    (-,-) 
  g919179/Y                                                     -       A->Y    R     INVx4_ASAP7_75t_L           20 14.3    30    18     119    (-,-) 
  g919297/Y                                                     -       B->Y    R     OR2x6_ASAP7_75t_L            7  5.4    13    25     143    (-,-) 
  g919857/Y                                                     -       B->Y    R     OR2x2_ASAP7_75t_L            2  1.8    11    17     161    (-,-) 
  g919947/Y                                                     -       B1->Y   R     OA331x1_ASAP7_75t_L          1  0.9    14    23     184    (-,-) 
  g919945/Y                                                     -       B->Y    F     NAND2xp5_ASAP7_75t_L         1  0.9    14    10     194    (-,-) 
  g919944/Y                                                     -       A->Y    R     NOR5xp2_ASAP7_75t_L          1  0.9    56    26     220    (-,-) 
  g919930/Y                                                     -       B->Y    F     NAND2xp5_ASAP7_75t_L         1  0.9    23    14     234    (-,-) 
  g919929/Y                                                     -       A->Y    R     NOR5xp2_ASAP7_75t_L          1  1.0    59    30     264    (-,-) 
  PIPELINES[2].ROUNDS[2].U_ROUND_U_SUB_ROM[5].ROM_dout_reg[4]/D -       -       R     DFFASRHQNx1_ASAP7_75t_L      1    -     -     0     264    (-,-) 
#------------------------------------------------------------------------------------------------------------------------------------------------------



Path 43: VIOLATED (-27 ps) Setup Check with Pin PIPELINES[2].ROUNDS[2].U_ROUND_U_SUB_ROM[11].ROM_dout_reg[4]/CLK->D
          Group: clk
     Startpoint: (R) PIPELINES[2].ROUNDS[1].U_ROUND_U_KEY_valid_out_reg/CLK
          Clock: (R) clk
       Endpoint: (R) PIPELINES[2].ROUNDS[2].U_ROUND_U_SUB_ROM[11].ROM_dout_reg[4]/D
          Clock: (R) clk

                     Capture       Launch     
        Clock Edge:+     260            0     
       Src Latency:+       0            0     
       Net Latency:+       0 (I)        0 (I) 
           Arrival:=     260            0     
                                              
             Setup:-      17                  
     Required Time:=     243                  
      Launch Clock:-       0                  
         Data Path:-     270                  
             Slack:=     -27                  

#-------------------------------------------------------------------------------------------------------------------------------------------------------
#                         Timing Point                           Flags    Arc    Edge          Cell            Fanout Load Trans Delay Arrival Instance 
#                                                                                                                     (fF)  (ps)  (ps)   (ps)  Location 
#-------------------------------------------------------------------------------------------------------------------------------------------------------
  PIPELINES[2].ROUNDS[1].U_ROUND_U_KEY_valid_out_reg/CLK         -       -       R     (arrival)                47792    -     0     0       0    (-,-) 
  PIPELINES[2].ROUNDS[1].U_ROUND_U_KEY_valid_out_reg/QN          -       CLK->QN F     DFFASRHQNx1_ASAP7_75t_L      1  1.6    24    43      43    (-,-) 
  fopt1155406/Y                                                  -       A->Y    F     BUFx6f_ASAP7_75t_L           5 12.7    17    24      67    (-,-) 
  fopt1155370/Y                                                  -       A->Y    R     INVx8_ASAP7_75t_L            5 11.9    16    12      78    (-,-) 
  fopt1155369/Y                                                  -       A->Y    F     INVx6_ASAP7_75t_L            5  7.2    12     9      87    (-,-) 
  g917042/Y                                                      -       B->Y    R     NAND2x1p5_ASAP7_75t_L        2  2.4    26    11      98    (-,-) 
  g917183/Y                                                      -       A->Y    R     BUFx3_ASAP7_75t_L            9  6.2    20    23     121    (-,-) 
  g328470/Y                                                      -       A->Y    R     BUFx4_ASAP7_75t_L            8  6.3    18    27     148    (-,-) 
  g917838/Y                                                      -       A->Y    F     NOR2x1_ASAP7_75t_L           2  1.6    17    13     162    (-,-) 
  g917836/Y                                                      -       B1->Y   R     AOI32xp33_ASAP7_75t_L        1  0.9    35    22     184    (-,-) 
  g917834/Y                                                      -       C->Y    F     OAI321xp33_ASAP7_75t_L       1  0.9    30    20     204    (-,-) 
  g917820/Y                                                      -       C->Y    R     NOR5xp2_ASAP7_75t_L          1  1.0    59    34     238    (-,-) 
  g917819/Y                                                      -       A->Y    R     AND4x1_ASAP7_75t_L           1  1.0    15    31     270    (-,-) 
  PIPELINES[2].ROUNDS[2].U_ROUND_U_SUB_ROM[11].ROM_dout_reg[4]/D -       -       R     DFFASRHQNx1_ASAP7_75t_L      1    -     -     0     270    (-,-) 
#-------------------------------------------------------------------------------------------------------------------------------------------------------



Path 44: VIOLATED (-27 ps) Setup Check with Pin PIPELINES[1].ROUNDS[2].U_ROUND_U_SUB_ROM[7].ROM_dout_reg[5]/CLK->D
          Group: clk
     Startpoint: (R) PIPELINES[1].ROUNDS[1].U_ROUND_U_KEY_data_out_reg[61]/CLK
          Clock: (R) clk
       Endpoint: (F) PIPELINES[1].ROUNDS[2].U_ROUND_U_SUB_ROM[7].ROM_dout_reg[5]/D
          Clock: (R) clk

                     Capture       Launch     
        Clock Edge:+     260            0     
       Src Latency:+       0            0     
       Net Latency:+       0 (I)        0 (I) 
           Arrival:=     260            0     
                                              
             Setup:-      11                  
     Required Time:=     249                  
      Launch Clock:-       0                  
         Data Path:-     276                  
             Slack:=     -27                  

#------------------------------------------------------------------------------------------------------------------------------------------------------
#                         Timing Point                          Flags    Arc    Edge          Cell            Fanout Load Trans Delay Arrival Instance 
#                                                                                                                    (fF)  (ps)  (ps)   (ps)  Location 
#------------------------------------------------------------------------------------------------------------------------------------------------------
  PIPELINES[1].ROUNDS[1].U_ROUND_U_KEY_data_out_reg[61]/CLK     -       -       R     (arrival)                47792    -     0     0       0    (-,-) 
  PIPELINES[1].ROUNDS[1].U_ROUND_U_KEY_data_out_reg[61]/QN      -       CLK->QN F     DFFASRHQNx1_ASAP7_75t_L     10 11.1    77    78      78    (-,-) 
  g906641/Y                                                     -       B->Y    F     AND2x4_ASAP7_75t_L           4  3.6    12    30     108    (-,-) 
  g906640/Y                                                     -       A->Y    R     INVx2_ASAP7_75t_L            5  5.2    22    14     122    (-,-) 
  g906682/Y                                                     -       B->Y    R     OR2x6_ASAP7_75t_L           14 10.6    19    26     148    (-,-) 
  g907477/Y                                                     -       A->Y    F     INVx1_ASAP7_75t_L            3  2.2    17    13     161    (-,-) 
  g908338/Y                                                     -       A2->Y   R     AOI22xp5_ASAP7_75t_L         1  0.9    24    15     176    (-,-) 
  g908337/Y                                                     -       C->Y    F     OAI221xp5_ASAP7_75t_L        1  0.9    27    16     192    (-,-) 
  g908329/Y                                                     -       C->Y    F     OR5x1_ASAP7_75t_L            1  0.9    16    36     229    (-,-) 
  g908328/Y                                                     -       A->Y    R     NOR5xp2_ASAP7_75t_L          1  1.0    59    28     257    (-,-) 
  g908313/Y                                                     -       A2->Y   F     AOI22xp5_ASAP7_75t_L         1  1.0    29    19     276    (-,-) 
  PIPELINES[1].ROUNDS[2].U_ROUND_U_SUB_ROM[7].ROM_dout_reg[5]/D -       -       F     DFFASRHQNx1_ASAP7_75t_L      1    -     -     0     276    (-,-) 
#------------------------------------------------------------------------------------------------------------------------------------------------------



Path 45: VIOLATED (-27 ps) Setup Check with Pin PIPELINES[1].ROUNDS[2].U_ROUND_U_SUB_ROM[7].ROM_dout_reg[7]/CLK->D
          Group: clk
     Startpoint: (R) PIPELINES[1].ROUNDS[1].U_ROUND_U_KEY_data_out_reg[59]/CLK
          Clock: (R) clk
       Endpoint: (R) PIPELINES[1].ROUNDS[2].U_ROUND_U_SUB_ROM[7].ROM_dout_reg[7]/D
          Clock: (R) clk

                     Capture       Launch     
        Clock Edge:+     260            0     
       Src Latency:+       0            0     
       Net Latency:+       0 (I)        0 (I) 
           Arrival:=     260            0     
                                              
             Setup:-      23                  
     Required Time:=     237                  
      Launch Clock:-       0                  
         Data Path:-     264                  
             Slack:=     -27                  

#------------------------------------------------------------------------------------------------------------------------------------------------------
#                         Timing Point                          Flags    Arc    Edge          Cell            Fanout Load Trans Delay Arrival Instance 
#                                                                                                                    (fF)  (ps)  (ps)   (ps)  Location 
#------------------------------------------------------------------------------------------------------------------------------------------------------
  PIPELINES[1].ROUNDS[1].U_ROUND_U_KEY_data_out_reg[59]/CLK     -       -       R     (arrival)                47792    -     0     0       0    (-,-) 
  PIPELINES[1].ROUNDS[1].U_ROUND_U_KEY_data_out_reg[59]/QN      -       CLK->QN R     DFFASRHQNx1_ASAP7_75t_L     10 10.6    88    78      78    (-,-) 
  g906611/Y                                                     -       A->Y    F     INVx4_ASAP7_75t_L            4  4.0    22    12      90    (-,-) 
  g906610/Y                                                     -       B->Y    F     AND2x4_ASAP7_75t_L           6  6.3    14    23     113    (-,-) 
  g906709/Y                                                     -       B->Y    F     AND2x2_ASAP7_75t_L           4  4.4    17    23     136    (-,-) 
  g906708/Y                                                     -       A->Y    R     INVx3_ASAP7_75t_L           12  9.0    26    17     153    (-,-) 
  g906959/Y                                                     -       B->Y    F     NAND2xp5_ASAP7_75t_L         2  1.8    26    17     170    (-,-) 
  g906958/Y                                                     -       A->Y    R     INVx1_ASAP7_75t_L            1  1.0    15    11     181    (-,-) 
  g906957/Y                                                     -       B1->Y   F     OAI222xp33_ASAP7_75t_L       1  0.8    34    17     199    (-,-) 
  g906956/Y                                                     -       A->Y    R     NOR2xp33_ASAP7_75t_L         1  0.9    28    18     217    (-,-) 
  g906930/Y                                                     -       B->Y    F     NAND5xp2_ASAP7_75t_L         1  0.8    38    22     239    (-,-) 
  g906929/Y                                                     -       A2->Y   R     OAI32xp33_ASAP7_75t_L        1  1.0    40    25     264    (-,-) 
  PIPELINES[1].ROUNDS[2].U_ROUND_U_SUB_ROM[7].ROM_dout_reg[7]/D -       -       R     DFFASRHQNx1_ASAP7_75t_L      1    -     -     0     264    (-,-) 
#------------------------------------------------------------------------------------------------------------------------------------------------------



Path 46: VIOLATED (-27 ps) Setup Check with Pin PIPELINES[1].ROUNDS[2].U_ROUND_U_SUB_ROM[9].ROM_dout_reg[6]/CLK->D
          Group: clk
     Startpoint: (R) PIPELINES[1].ROUNDS[1].U_ROUND_U_KEY_valid_out_reg/CLK
          Clock: (R) clk
       Endpoint: (R) PIPELINES[1].ROUNDS[2].U_ROUND_U_SUB_ROM[9].ROM_dout_reg[6]/D
          Clock: (R) clk

                     Capture       Launch     
        Clock Edge:+     260            0     
       Src Latency:+       0            0     
       Net Latency:+       0 (I)        0 (I) 
           Arrival:=     260            0     
                                              
             Setup:-      22                  
     Required Time:=     238                  
      Launch Clock:-       0                  
         Data Path:-     265                  
             Slack:=     -27                  

#------------------------------------------------------------------------------------------------------------------------------------------------------
#                         Timing Point                          Flags    Arc    Edge          Cell            Fanout Load Trans Delay Arrival Instance 
#                                                                                                                    (fF)  (ps)  (ps)   (ps)  Location 
#------------------------------------------------------------------------------------------------------------------------------------------------------
  PIPELINES[1].ROUNDS[1].U_ROUND_U_KEY_valid_out_reg/CLK        -       -       R     (arrival)                47792    -     0     0       0    (-,-) 
  PIPELINES[1].ROUNDS[1].U_ROUND_U_KEY_valid_out_reg/QN         -       CLK->QN F     DFFASRHQNx1_ASAP7_75t_L      1  1.1    20    40      40    (-,-) 
  fopt1145786/Y                                                 -       A->Y    F     BUFx3_ASAP7_75t_L            2  7.8    19    25      65    (-,-) 
  fopt1145708/Y                                                 -       A->Y    F     BUFx12f_ASAP7_75t_L         15 17.8    15    21      86    (-,-) 
  g902514/Y                                                     -       B->Y    F     AND2x6_ASAP7_75t_L           9 10.2    16    24     110    (-,-) 
  g902513/Y                                                     -       B->Y    F     AND2x4_ASAP7_75t_L           7 10.9    20    25     135    (-,-) 
  g902593/Y                                                     -       A->Y    R     INVx8_ASAP7_75t_L           17 13.4    18    13     148    (-,-) 
  g902655/Y                                                     -       B->Y    R     OR2x2_ASAP7_75t_L            6  4.5    21    24     172    (-,-) 
  g903516/Y                                                     -       B2->Y   R     OA22x2_ASAP7_75t_L           2  1.7    12    20     192    (-,-) 
  g903685/Y                                                     -       B->Y    F     OAI21xp5_ASAP7_75t_L         1  0.9    19    10     203    (-,-) 
  g903683/Y                                                     -       B->Y    R     AOI211xp5_ASAP7_75t_L        1  1.0    35    21     224    (-,-) 
  g903682/Y                                                     -       C->Y    F     A2O1A1Ixp33_ASAP7_75t_L      1  0.9    29    19     244    (-,-) 
  g903681/Y                                                     -       A->Y    R     NOR3xp33_ASAP7_75t_L         1  1.0    34    22     265    (-,-) 
  PIPELINES[1].ROUNDS[2].U_ROUND_U_SUB_ROM[9].ROM_dout_reg[6]/D -       -       R     DFFASRHQNx1_ASAP7_75t_L      1    -     -     0     265    (-,-) 
#------------------------------------------------------------------------------------------------------------------------------------------------------



Path 47: VIOLATED (-27 ps) Setup Check with Pin PIPELINES[7].ROUNDS[8].U_ROUND_U_SUB_ROM[11].ROM_dout_reg[7]/CLK->D
          Group: clk
     Startpoint: (R) PIPELINES[7].ROUNDS[7].U_ROUND_U_KEY_valid_out_reg/CLK
          Clock: (R) clk
       Endpoint: (R) PIPELINES[7].ROUNDS[8].U_ROUND_U_SUB_ROM[11].ROM_dout_reg[7]/D
          Clock: (R) clk

                     Capture       Launch     
        Clock Edge:+     260            0     
       Src Latency:+       0            0     
       Net Latency:+       0 (I)        0 (I) 
           Arrival:=     260            0     
                                              
             Setup:-      23                  
     Required Time:=     237                  
      Launch Clock:-       0                  
         Data Path:-     264                  
             Slack:=     -27                  

#-------------------------------------------------------------------------------------------------------------------------------------------------------
#                         Timing Point                           Flags    Arc    Edge          Cell            Fanout Load Trans Delay Arrival Instance 
#                                                                                                                     (fF)  (ps)  (ps)   (ps)  Location 
#-------------------------------------------------------------------------------------------------------------------------------------------------------
  PIPELINES[7].ROUNDS[7].U_ROUND_U_KEY_valid_out_reg/CLK         -       -       R     (arrival)                47792    -     0     0       0    (-,-) 
  PIPELINES[7].ROUNDS[7].U_ROUND_U_KEY_valid_out_reg/QN          -       CLK->QN F     DFFASRHQNx1_ASAP7_75t_L      1  2.8    32    49      49    (-,-) 
  g882944/Y                                                      -       A->Y    F     BUFx12f_ASAP7_75t_L         38 44.7    30    31      80    (-,-) 
  g886221/Y                                                      -       A->Y    R     INVx3_ASAP7_75t_L            3  3.9    18    13      93    (-,-) 
  g887578/Y                                                      -       A->Y    R     OR2x6_ASAP7_75t_L           12 10.9    20    25     118    (-,-) 
  g887755/Y                                                      -       B->Y    R     OR2x2_ASAP7_75t_L            7  5.6    24    26     144    (-,-) 
  g335288/Y                                                      -       C2->Y   R     OA332x1_ASAP7_75t_L          1  1.0    15    30     174    (-,-) 
  g888058/Y                                                      -       C->Y    F     A2O1A1Ixp33_ASAP7_75t_L      1  1.9    40    22     196    (-,-) 
  g888057/Y                                                      -       A->Y    R     NOR4xp75_ASAP7_75t_L         1  0.9    30    18     214    (-,-) 
  g888056/Y                                                      -       C->Y    F     OAI221xp5_ASAP7_75t_L        1  0.9    28    17     231    (-,-) 
  g888042/Y                                                      -       B->Y    R     NOR5xp2_ASAP7_75t_L          1  1.0    59    33     264    (-,-) 
  PIPELINES[7].ROUNDS[8].U_ROUND_U_SUB_ROM[11].ROM_dout_reg[7]/D -       -       R     DFFASRHQNx1_ASAP7_75t_L      1    -     -     0     264    (-,-) 
#-------------------------------------------------------------------------------------------------------------------------------------------------------



Path 48: VIOLATED (-27 ps) Setup Check with Pin PIPELINES[7].ROUNDS[8].U_ROUND_U_SUB_ROM[13].ROM_dout_reg[6]/CLK->D
          Group: clk
     Startpoint: (R) PIPELINES[7].ROUNDS[7].U_ROUND_U_KEY_valid_out_reg/CLK
          Clock: (R) clk
       Endpoint: (R) PIPELINES[7].ROUNDS[8].U_ROUND_U_SUB_ROM[13].ROM_dout_reg[6]/D
          Clock: (R) clk

                     Capture       Launch     
        Clock Edge:+     260            0     
       Src Latency:+       0            0     
       Net Latency:+       0 (I)        0 (I) 
           Arrival:=     260            0     
                                              
             Setup:-      18                  
     Required Time:=     242                  
      Launch Clock:-       0                  
         Data Path:-     269                  
             Slack:=     -27                  

#-------------------------------------------------------------------------------------------------------------------------------------------------------
#                         Timing Point                           Flags    Arc    Edge          Cell            Fanout Load Trans Delay Arrival Instance 
#                                                                                                                     (fF)  (ps)  (ps)   (ps)  Location 
#-------------------------------------------------------------------------------------------------------------------------------------------------------
  PIPELINES[7].ROUNDS[7].U_ROUND_U_KEY_valid_out_reg/CLK         -       -       R     (arrival)                47792    -     0     0       0    (-,-) 
  PIPELINES[7].ROUNDS[7].U_ROUND_U_KEY_valid_out_reg/QN          -       CLK->QN F     DFFASRHQNx1_ASAP7_75t_L      1  2.8    32    49      49    (-,-) 
  g882944/Y                                                      -       A->Y    F     BUFx12f_ASAP7_75t_L         38 44.7    30    31      80    (-,-) 
  g882975/Y                                                      -       A->Y    F     BUFx6f_ASAP7_75t_L          10  8.9    14    23     103    (-,-) 
  g885050/Y                                                      -       B->Y    F     AND2x2_ASAP7_75t_L           3  2.9    14    20     124    (-,-) 
  g885223/Y                                                      -       A->Y    F     AND2x2_ASAP7_75t_L           2  2.3    11    20     144    (-,-) 
  g885222/Y                                                      -       A->Y    R     INVx2_ASAP7_75t_L            3  2.0    11     8     152    (-,-) 
  g339644/Y                                                      -       B1->Y   F     OAI32xp33_ASAP7_75t_L        1  1.0    27    17     169    (-,-) 
  g885328/Y                                                      -       B->Y    R     AOI21xp5_ASAP7_75t_L         1  0.9    24    17     186    (-,-) 
  g885326/Y                                                      -       C->Y    F     OAI321xp33_ASAP7_75t_L       1  0.9    28    18     204    (-,-) 
  g329708/Y                                                      -       A->Y    R     NOR5xp2_ASAP7_75t_L          1  0.9    56    29     233    (-,-) 
  g329009/Y                                                      -       B->Y    R     AND5x1_ASAP7_75t_L           1  1.0    17    36     269    (-,-) 
  PIPELINES[7].ROUNDS[8].U_ROUND_U_SUB_ROM[13].ROM_dout_reg[6]/D -       -       R     DFFASRHQNx1_ASAP7_75t_L      1    -     -     0     269    (-,-) 
#-------------------------------------------------------------------------------------------------------------------------------------------------------



Path 49: VIOLATED (-27 ps) Setup Check with Pin PIPELINES[5].ROUNDS[7].U_ROUND_U_SUB_ROM[1].ROM_dout_reg[7]/CLK->D
          Group: clk
     Startpoint: (R) PIPELINES[5].ROUNDS[6].U_ROUND_U_KEY_data_out_reg[13]/CLK
          Clock: (R) clk
       Endpoint: (R) PIPELINES[5].ROUNDS[7].U_ROUND_U_SUB_ROM[1].ROM_dout_reg[7]/D
          Clock: (R) clk

                     Capture       Launch     
        Clock Edge:+     260            0     
       Src Latency:+       0            0     
       Net Latency:+       0 (I)        0 (I) 
           Arrival:=     260            0     
                                              
             Setup:-      20                  
     Required Time:=     240                  
      Launch Clock:-       0                  
         Data Path:-     267                  
             Slack:=     -27                  

#------------------------------------------------------------------------------------------------------------------------------------------------------
#                         Timing Point                          Flags    Arc    Edge          Cell            Fanout Load Trans Delay Arrival Instance 
#                                                                                                                    (fF)  (ps)  (ps)   (ps)  Location 
#------------------------------------------------------------------------------------------------------------------------------------------------------
  PIPELINES[5].ROUNDS[6].U_ROUND_U_KEY_data_out_reg[13]/CLK     -       -       R     (arrival)                47792    -     0     0       0    (-,-) 
  PIPELINES[5].ROUNDS[6].U_ROUND_U_KEY_data_out_reg[13]/QN      -       CLK->QN F     DFFASRHQNx1_ASAP7_75t_L     11 10.9    76    77      77    (-,-) 
  g865920/Y                                                     -       A->Y    R     NAND2x1p5_ASAP7_75t_L        8  5.4    45    35     112    (-,-) 
  g866946/Y                                                     -       B->Y    F     NOR2xp33_ASAP7_75t_L         3  2.4    63    35     148    (-,-) 
  g867658/Y                                                     -       A2->Y   R     AOI22xp5_ASAP7_75t_L         1  0.9    29    21     168    (-,-) 
  g331905/Y                                                     -       C->Y    F     OAI211xp5_ASAP7_75t_L        1  0.9    24    15     183    (-,-) 
  g867656/Y                                                     -       B->Y    R     AOI211xp5_ASAP7_75t_L        1  1.0    35    22     205    (-,-) 
  g867648/Y                                                     -       C->Y    R     AND4x1_ASAP7_75t_L           1  0.9    14    26     232    (-,-) 
  g328977/Y                                                     -       A->Y    F     NAND4xp25_ASAP7_75t_L        1  1.0    34    17     249    (-,-) 
  g867647/Y                                                     -       A2->Y   R     AOI22xp5_ASAP7_75t_L         1  1.0    26    18     267    (-,-) 
  PIPELINES[5].ROUNDS[7].U_ROUND_U_SUB_ROM[1].ROM_dout_reg[7]/D -       -       R     DFFASRHQNx1_ASAP7_75t_L      1    -     -     0     267    (-,-) 
#------------------------------------------------------------------------------------------------------------------------------------------------------



Path 50: VIOLATED (-27 ps) Setup Check with Pin PIPELINES[2].ROUNDS[8].U_ROUND_U_SUB_ROM[14].ROM_dout_reg[5]/CLK->D
          Group: clk
     Startpoint: (R) PIPELINES[2].ROUNDS[7].U_ROUND_U_KEY_valid_out_reg/CLK
          Clock: (R) clk
       Endpoint: (R) PIPELINES[2].ROUNDS[8].U_ROUND_U_SUB_ROM[14].ROM_dout_reg[5]/D
          Clock: (R) clk

                     Capture       Launch     
        Clock Edge:+     260            0     
       Src Latency:+       0            0     
       Net Latency:+       0 (I)        0 (I) 
           Arrival:=     260            0     
                                              
             Setup:-      17                  
     Required Time:=     243                  
      Launch Clock:-       0                  
         Data Path:-     270                  
             Slack:=     -27                  

#-------------------------------------------------------------------------------------------------------------------------------------------------------
#                         Timing Point                           Flags    Arc    Edge          Cell            Fanout Load Trans Delay Arrival Instance 
#                                                                                                                     (fF)  (ps)  (ps)   (ps)  Location 
#-------------------------------------------------------------------------------------------------------------------------------------------------------
  PIPELINES[2].ROUNDS[7].U_ROUND_U_KEY_valid_out_reg/CLK         -       -       R     (arrival)                47792    -     0     0       0    (-,-) 
  PIPELINES[2].ROUNDS[7].U_ROUND_U_KEY_valid_out_reg/QN          -       CLK->QN F     DFFASRHQNx1_ASAP7_75t_L      1  1.6    24    43      43    (-,-) 
  fopt1165465/Y                                                  -       A->Y    F     BUFx6f_ASAP7_75t_L           6  8.6    13    21      64    (-,-) 
  fopt1165371/Y                                                  -       A->Y    F     BUFx6f_ASAP7_75t_L          16 16.8    21    23      87    (-,-) 
  g834850/Y                                                      -       B->Y    F     AND2x4_ASAP7_75t_L           9 10.6    20    26     113    (-,-) 
  g834849/Y                                                      -       B->Y    F     AND2x4_ASAP7_75t_L           9 10.7    20    26     138    (-,-) 
  g834886/Y                                                      -       A->Y    R     INVx6_ASAP7_75t_L           14 11.5    20    14     152    (-,-) 
  g834904/Y                                                      -       A->Y    R     OR2x6_ASAP7_75t_L            8  6.7    14    22     175    (-,-) 
  g835065/Y                                                      -       A->Y    F     INVx2_ASAP7_75t_L            1  1.4     8     6     181    (-,-) 
  g835064/Y                                                      -       B->Y    R     NAND2x1_ASAP7_75t_L          3  2.2    24    13     194    (-,-) 
  g261299/Y                                                      -       C->Y    F     OAI221xp5_ASAP7_75t_L        1  0.9    26    16     210    (-,-) 
  g255871/Y                                                      -       A->Y    R     NOR5xp2_ASAP7_75t_L          1  1.0    59    30     241    (-,-) 
  g255229/Y                                                      -       C->Y    R     AND4x1_ASAP7_75t_L           1  1.0    16    28     270    (-,-) 
  PIPELINES[2].ROUNDS[8].U_ROUND_U_SUB_ROM[14].ROM_dout_reg[5]/D -       -       R     DFFASRHQNx1_ASAP7_75t_L      1    -     -     0     270    (-,-) 
#-------------------------------------------------------------------------------------------------------------------------------------------------------

