============================================================
  Generated by:           Genus(TM) Synthesis Solution 21.17-s066_1
  Generated on:           Jul 12 2025  04:46:19 pm
  Module:                 Top_PipelinedCipher
  Operating conditions:   PVT_0P7V_25C 
  Interconnect mode:      global
  Area mode:              physical library
============================================================


Path 1: MET (0 ps) Setup Check with Pin U_SUB_ROM[11].ROM_dout_reg[4]/CLK->D
          Group: clk
     Startpoint: (R) ROUND[8].U_ROUND_U_KEY_valid_out_reg/CLK
          Clock: (R) clk
       Endpoint: (R) U_SUB_ROM[11].ROM_dout_reg[4]/D
          Clock: (R) clk

                     Capture       Launch     
        Clock Edge:+     260            0     
       Src Latency:+       0            0     
       Net Latency:+       0 (I)        0 (I) 
           Arrival:=     260            0     
                                              
             Setup:-      21                  
     Required Time:=     239                  
      Launch Clock:-       0                  
         Data Path:-     239                  
             Slack:=       0                  

#---------------------------------------------------------------------------------------------------------------------------------
#              Timing Point                Flags    Arc    Edge          Cell            Fanout Load Trans Delay Arrival Instance 
#                                                                                               (fF)  (ps)  (ps)   (ps)  Location 
#---------------------------------------------------------------------------------------------------------------------------------
  ROUND[8].U_ROUND_U_KEY_valid_out_reg/CLK -       -       R     (arrival)                10769    -     0     0       0    (-,-) 
  ROUND[8].U_ROUND_U_KEY_valid_out_reg/QN  -       CLK->QN F     DFFASRHQNx1_ASAP7_75t_L      1  1.6    24    43      43    (-,-) 
  g45937/Y                                 -       A->Y    F     BUFx6f_ASAP7_75t_L           4  7.8    12    21      64    (-,-) 
  fopt48417/Y                              -       A->Y    F     BUFx12f_ASAP7_75t_L          8 13.8    12    18      82    (-,-) 
  fopt15039/Y                              -       A->Y    R     INVx4_ASAP7_75t_L            4  6.8    16    11      93    (-,-) 
  fopt25472/Y                              -       A->Y    F     INVx3_ASAP7_75t_L            2  2.1     8     6      99    (-,-) 
  g25471/Y                                 -       B->Y    F     AND2x4_ASAP7_75t_L           4  5.3    12    18     117    (-,-) 
  fopt25475/Y                              -       A->Y    R     INVx4_ASAP7_75t_L            3  3.5    10     8     125    (-,-) 
  fopt5696562/Y                            -       A->Y    F     INVx3_ASAP7_75t_L            4  3.5    10     7     132    (-,-) 
  g5670769/Y                               -       B->Y    R     NAND2xp5_ASAP7_75t_L         3  2.5    33    18     151    (-,-) 
  g45938/Y                                 -       A2->Y   F     OAI22xp5_ASAP7_75t_L         1  0.8    19    14     165    (-,-) 
  g45929/Y                                 -       B->Y    R     NOR2xp33_ASAP7_75t_L         1  0.8    24    16     181    (-,-) 
  g5601284/Y                               -       B->Y    R     OA211x2_ASAP7_75t_L          1  1.9    14    25     207    (-,-) 
  g5598737/Y                               -       A->Y    F     NAND4xp75_ASAP7_75t_L        1  1.9    27    13     220    (-,-) 
  g5597986/Y                               -       C->Y    R     NOR4xp75_ASAP7_75t_L         1  1.0    31    19     239    (-,-) 
  U_SUB_ROM[11].ROM_dout_reg[4]/D          -       -       R     DFFASRHQNx1_ASAP7_75t_L      1    -     -     0     239    (-,-) 
#---------------------------------------------------------------------------------------------------------------------------------



Path 2: MET (0 ps) Setup Check with Pin U_SUB_ROM[13].ROM_dout_reg[6]/CLK->D
          Group: clk
     Startpoint: (R) ROUND[8].U_ROUND_U_KEY_valid_out_reg/CLK
          Clock: (R) clk
       Endpoint: (R) U_SUB_ROM[13].ROM_dout_reg[6]/D
          Clock: (R) clk

                     Capture       Launch     
        Clock Edge:+     260            0     
       Src Latency:+       0            0     
       Net Latency:+       0 (I)        0 (I) 
           Arrival:=     260            0     
                                              
             Setup:-      18                  
     Required Time:=     242                  
      Launch Clock:-       0                  
         Data Path:-     242                  
             Slack:=       0                  

#---------------------------------------------------------------------------------------------------------------------------------
#              Timing Point                Flags    Arc    Edge          Cell            Fanout Load Trans Delay Arrival Instance 
#                                                                                               (fF)  (ps)  (ps)   (ps)  Location 
#---------------------------------------------------------------------------------------------------------------------------------
  ROUND[8].U_ROUND_U_KEY_valid_out_reg/CLK -       -       R     (arrival)                10769    -     0     0       0    (-,-) 
  ROUND[8].U_ROUND_U_KEY_valid_out_reg/QN  -       CLK->QN F     DFFASRHQNx1_ASAP7_75t_L      1  1.6    24    43      43    (-,-) 
  g45937/Y                                 -       A->Y    F     BUFx6f_ASAP7_75t_L           4  7.8    12    21      64    (-,-) 
  g48488/Y                                 -       A->Y    F     BUFx6f_ASAP7_75t_L          13 15.4    19    22      86    (-,-) 
  g5641141/Y                               -       B->Y    R     NAND2x2_ASAP7_75t_L          4  5.6    33    19     104    (-,-) 
  g5639590/Y                               -       A->Y    F     INVx2_ASAP7_75t_L            2  2.6    15    11     115    (-,-) 
  g43490/Y                                 -       B->Y    F     AND2x4_ASAP7_75t_L           8  9.6    18    23     139    (-,-) 
  g43489/Y                                 -       A->Y    R     INVx6_ASAP7_75t_L           11  7.9    15    11     150    (-,-) 
  g5610863/Y                               -       B1->Y   R     OA332x1_ASAP7_75t_L          1  1.0    15    26     176    (-,-) 
  g5608025/Y                               -       C->Y    F     A2O1A1Ixp33_ASAP7_75t_L      1  1.0    27    16     192    (-,-) 
  g5607981/Y                               -       A->Y    R     INVx1_ASAP7_75t_L            1  0.9    14    11     203    (-,-) 
  g5605115__3680/Y                         -       B->Y    F     NAND5xp2_ASAP7_75t_L         1  1.4    51    26     229    (-,-) 
  g5604834__6783/Y                         -       A->Y    R     NOR2x1_ASAP7_75t_L           1  1.0    19    13     242    (-,-) 
  U_SUB_ROM[13].ROM_dout_reg[6]/D          -       -       R     DFFASRHQNx1_ASAP7_75t_L      1    -     -     0     242    (-,-) 
#---------------------------------------------------------------------------------------------------------------------------------



Path 3: MET (0 ps) Setup Check with Pin U_SUB_ROM[10].ROM_dout_reg[5]/CLK->D
          Group: clk
     Startpoint: (R) ROUND[8].U_ROUND_U_KEY_data_out_reg[81]/CLK
          Clock: (R) clk
       Endpoint: (R) U_SUB_ROM[10].ROM_dout_reg[5]/D
          Clock: (R) clk

                     Capture       Launch     
        Clock Edge:+     260            0     
       Src Latency:+       0            0     
       Net Latency:+       0 (I)        0 (I) 
           Arrival:=     260            0     
                                              
             Setup:-      20                  
     Required Time:=     240                  
      Launch Clock:-       0                  
         Data Path:-     240                  
             Slack:=       0                  

#------------------------------------------------------------------------------------------------------------------------------------
#                Timing Point                 Flags    Arc    Edge          Cell            Fanout Load Trans Delay Arrival Instance 
#                                                                                                  (fF)  (ps)  (ps)   (ps)  Location 
#------------------------------------------------------------------------------------------------------------------------------------
  ROUND[8].U_ROUND_U_KEY_data_out_reg[81]/CLK -       -       R     (arrival)                10769    -     0     0       0    (-,-) 
  ROUND[8].U_ROUND_U_KEY_data_out_reg[81]/QN  -       CLK->QN R     DFFASRHQNx1_ASAP7_75t_L      2  2.2    28    46      46    (-,-) 
  g5070823/Y                                  -       A->Y    R     BUFx6f_ASAP7_75t_L          16 16.0    24    25      72    (-,-) 
  g2675/Y                                     -       A->Y    F     INVx6_ASAP7_75t_L           12  9.9    16    12      83    (-,-) 
  g5633370/Y                                  -       B->Y    F     AND2x4_ASAP7_75t_L           8  7.8    16    22     105    (-,-) 
  g5703196/Y                                  -       A->Y    R     NAND2x1_ASAP7_75t_L         10  7.2    60    34     139    (-,-) 
  g5704118/Y                                  -       A->Y    F     INVxp67_ASAP7_75t_L          1  0.9    21    14     152    (-,-) 
  g5704117/Y                                  -       B->Y    R     NAND2xp5_ASAP7_75t_L         1  0.9    17    13     166    (-,-) 
  g5704114/Y                                  -       C->Y    F     NAND3xp33_ASAP7_75t_L        1  1.9    37    20     185    (-,-) 
  g5704113/Y                                  -       A->Y    R     NOR4xp75_ASAP7_75t_L         1  1.0    30    18     203    (-,-) 
  g5598396/Y                                  -       B->Y    F     OAI21xp5_ASAP7_75t_L         1  1.9    33    18     221    (-,-) 
  g5597678/Y                                  -       B->Y    R     NOR4xp75_ASAP7_75t_L         1  1.0    28    19     240    (-,-) 
  U_SUB_ROM[10].ROM_dout_reg[5]/D             -       -       R     DFFASRHQNx1_ASAP7_75t_L      1    -     -     0     240    (-,-) 
#------------------------------------------------------------------------------------------------------------------------------------



Path 4: MET (0 ps) Setup Check with Pin U_SUB_ROM[13].ROM_dout_reg[0]/CLK->D
          Group: clk
     Startpoint: (R) ROUND[8].U_ROUND_U_KEY_valid_out_reg/CLK
          Clock: (R) clk
       Endpoint: (R) U_SUB_ROM[13].ROM_dout_reg[0]/D
          Clock: (R) clk

                     Capture       Launch     
        Clock Edge:+     260            0     
       Src Latency:+       0            0     
       Net Latency:+       0 (I)        0 (I) 
           Arrival:=     260            0     
                                              
             Setup:-      17                  
     Required Time:=     243                  
      Launch Clock:-       0                  
         Data Path:-     243                  
             Slack:=       0                  

#---------------------------------------------------------------------------------------------------------------------------------
#              Timing Point                Flags    Arc    Edge          Cell            Fanout Load Trans Delay Arrival Instance 
#                                                                                               (fF)  (ps)  (ps)   (ps)  Location 
#---------------------------------------------------------------------------------------------------------------------------------
  ROUND[8].U_ROUND_U_KEY_valid_out_reg/CLK -       -       R     (arrival)                10769    -     0     0       0    (-,-) 
  ROUND[8].U_ROUND_U_KEY_valid_out_reg/QN  -       CLK->QN F     DFFASRHQNx1_ASAP7_75t_L      1  1.6    24    43      43    (-,-) 
  g45937/Y                                 -       A->Y    F     BUFx6f_ASAP7_75t_L           4  7.8    12    21      64    (-,-) 
  g48488/Y                                 -       A->Y    F     BUFx6f_ASAP7_75t_L          13 15.4    19    22      86    (-,-) 
  g5641141/Y                               -       B->Y    R     NAND2x2_ASAP7_75t_L          4  5.6    33    19     104    (-,-) 
  g5639590/Y                               -       A->Y    F     INVx2_ASAP7_75t_L            2  2.6    15    11     115    (-,-) 
  g43490/Y                                 -       B->Y    F     AND2x4_ASAP7_75t_L           8  9.6    18    23     139    (-,-) 
  g43489/Y                                 -       A->Y    R     INVx6_ASAP7_75t_L           11  7.9    15    11     150    (-,-) 
  g8560/Y                                  -       B->Y    F     O2A1O1Ixp33_ASAP7_75t_L      1  0.9    24    13     162    (-,-) 
  g5445611/Y                               -       C->Y    R     AOI211xp5_ASAP7_75t_L        1  1.0    35    21     184    (-,-) 
  g5443060/Y                               -       B->Y    F     OAI21xp5_ASAP7_75t_L         1  1.9    29    18     202    (-,-) 
  g5441496/Y                               -       B->Y    R     NOR4xp75_ASAP7_75t_L         1  1.4    34    20     222    (-,-) 
  g5440948/Y                               -       A->Y    F     NAND2x1_ASAP7_75t_L          1  1.4    17    10     233    (-,-) 
  g5440447/Y                               -       B->Y    R     NOR2x1_ASAP7_75t_L           1  1.0    14    10     243    (-,-) 
  U_SUB_ROM[13].ROM_dout_reg[0]/D          -       -       R     DFFASRHQNx1_ASAP7_75t_L      1    -     -     0     243    (-,-) 
#---------------------------------------------------------------------------------------------------------------------------------



Path 5: MET (0 ps) Setup Check with Pin U_SUB_ROM[1].ROM_dout_reg[2]/CLK->D
          Group: clk
     Startpoint: (R) ROUND[8].U_ROUND_U_KEY_valid_out_reg/CLK
          Clock: (R) clk
       Endpoint: (R) U_SUB_ROM[1].ROM_dout_reg[2]/D
          Clock: (R) clk

                     Capture       Launch     
        Clock Edge:+     260            0     
       Src Latency:+       0            0     
       Net Latency:+       0 (I)        0 (I) 
           Arrival:=     260            0     
                                              
             Setup:-      21                  
     Required Time:=     239                  
      Launch Clock:-       0                  
         Data Path:-     239                  
             Slack:=       0                  

#---------------------------------------------------------------------------------------------------------------------------------
#              Timing Point                Flags    Arc    Edge          Cell            Fanout Load Trans Delay Arrival Instance 
#                                                                                               (fF)  (ps)  (ps)   (ps)  Location 
#---------------------------------------------------------------------------------------------------------------------------------
  ROUND[8].U_ROUND_U_KEY_valid_out_reg/CLK -       -       R     (arrival)                10769    -     0     0       0    (-,-) 
  ROUND[8].U_ROUND_U_KEY_valid_out_reg/QN  -       CLK->QN F     DFFASRHQNx1_ASAP7_75t_L      1  1.6    24    43      43    (-,-) 
  g45937/Y                                 -       A->Y    F     BUFx6f_ASAP7_75t_L           4  7.8    12    21      64    (-,-) 
  g41555/Y                                 -       A->Y    R     INVx4_ASAP7_75t_L           10 11.1    24    15      79    (-,-) 
  fopt6339/Y                               -       A->Y    F     INVx4_ASAP7_75t_L            3  3.7    11     8      87    (-,-) 
  g16280/Y                                 -       B->Y    F     AND2x6_ASAP7_75t_L          11 10.0    16    23     110    (-,-) 
  g7470_dup/Y                              -       B->Y    F     AND2x4_ASAP7_75t_L           5  6.6    14    21     131    (-,-) 
  fopt16288/Y                              -       A->Y    R     INVx5_ASAP7_75t_L            4  5.3    12     9     140    (-,-) 
  g5623330/Y                               -       A->Y    R     OR2x6_ASAP7_75t_L            9  6.7    14    21     161    (-,-) 
  g5615240/Y                               -       A1->Y   F     OAI21xp5_ASAP7_75t_L         2  1.6    25    15     176    (-,-) 
  g5608149/Y                               -       A->Y    R     NOR3xp33_ASAP7_75t_L         1  0.9    32    20     196    (-,-) 
  g5605202__1705/Y                         -       A->Y    F     NAND3xp33_ASAP7_75t_L        1  1.9    39    24     220    (-,-) 
  g5604795__2346/Y                         -       B->Y    R     NOR4xp75_ASAP7_75t_L         1  1.0    31    20     239    (-,-) 
  U_SUB_ROM[1].ROM_dout_reg[2]/D           -       -       R     DFFASRHQNx1_ASAP7_75t_L      1    -     -     0     239    (-,-) 
#---------------------------------------------------------------------------------------------------------------------------------



Path 6: MET (0 ps) Setup Check with Pin U_SUB_ROM[6].ROM_dout_reg[7]/CLK->D
          Group: clk
     Startpoint: (R) ROUND[8].U_ROUND_U_KEY_valid_out_reg/CLK
          Clock: (R) clk
       Endpoint: (R) U_SUB_ROM[6].ROM_dout_reg[7]/D
          Clock: (R) clk

                     Capture       Launch     
        Clock Edge:+     260            0     
       Src Latency:+       0            0     
       Net Latency:+       0 (I)        0 (I) 
           Arrival:=     260            0     
                                              
             Setup:-      19                  
     Required Time:=     241                  
      Launch Clock:-       0                  
         Data Path:-     241                  
             Slack:=       0                  

#---------------------------------------------------------------------------------------------------------------------------------
#              Timing Point                Flags    Arc    Edge          Cell            Fanout Load Trans Delay Arrival Instance 
#                                                                                               (fF)  (ps)  (ps)   (ps)  Location 
#---------------------------------------------------------------------------------------------------------------------------------
  ROUND[8].U_ROUND_U_KEY_valid_out_reg/CLK -       -       R     (arrival)                10769    -     0     0       0    (-,-) 
  ROUND[8].U_ROUND_U_KEY_valid_out_reg/QN  -       CLK->QN F     DFFASRHQNx1_ASAP7_75t_L      1  1.6    24    43      43    (-,-) 
  g45937/Y                                 -       A->Y    F     BUFx6f_ASAP7_75t_L           4  7.8    12    21      64    (-,-) 
  fopt48417/Y                              -       A->Y    F     BUFx12f_ASAP7_75t_L          8 13.8    12    18      82    (-,-) 
  fopt15039/Y                              -       A->Y    R     INVx4_ASAP7_75t_L            4  6.8    16    11      93    (-,-) 
  g5640580/Y                               -       B->Y    R     OR2x2_ASAP7_75t_L            2  4.6    21    23     116    (-,-) 
  fopt5696394/Y                            -       A->Y    F     INVx4_ASAP7_75t_L            3  4.6    12     9     125    (-,-) 
  fopt5696393/Y                            -       A->Y    R     INVx3_ASAP7_75t_L            2  2.4    10     8     133    (-,-) 
  g5624354/Y                               -       B->Y    R     AO21x2_ASAP7_75t_L           1  1.0     9    13     146    (-,-) 
  g5618311/Y                               -       B->Y    R     OA21x2_ASAP7_75t_L           1  0.9     9    17     163    (-,-) 
  g5609931/Y                               -       C1->Y   F     OAI322xp33_ASAP7_75t_L       1  1.7    42    21     184    (-,-) 
  g5606731/Y                               -       C->Y    R     NOR3x1_ASAP7_75t_L           1  0.9    21    14     198    (-,-) 
  g5604953__7098/Y                         -       A->Y    F     NAND5xp2_ASAP7_75t_L         1  1.7    57    29     226    (-,-) 
  g5604705__9968/Y                         -       C->Y    R     NOR3x1_ASAP7_75t_L           1  1.0    25    14     241    (-,-) 
  U_SUB_ROM[6].ROM_dout_reg[7]/D           -       -       R     DFFASRHQNx1_ASAP7_75t_L      1    -     -     0     241    (-,-) 
#---------------------------------------------------------------------------------------------------------------------------------



Path 7: MET (0 ps) Setup Check with Pin U_SUB_ROM[10].ROM_dout_reg[4]/CLK->D
          Group: clk
     Startpoint: (R) ROUND[8].U_ROUND_U_KEY_data_out_reg[86]/CLK
          Clock: (R) clk
       Endpoint: (R) U_SUB_ROM[10].ROM_dout_reg[4]/D
          Clock: (R) clk

                     Capture       Launch     
        Clock Edge:+     260            0     
       Src Latency:+       0            0     
       Net Latency:+       0 (I)        0 (I) 
           Arrival:=     260            0     
                                              
             Setup:-      17                  
     Required Time:=     243                  
      Launch Clock:-       0                  
         Data Path:-     243                  
             Slack:=       0                  

#-------------------------------------------------------------------------------------------------------------------------------------
#                Timing Point                 Flags    Arc    Edge           Cell            Fanout Load Trans Delay Arrival Instance 
#                                                                                                   (fF)  (ps)  (ps)   (ps)  Location 
#-------------------------------------------------------------------------------------------------------------------------------------
  ROUND[8].U_ROUND_U_KEY_data_out_reg[86]/CLK -       -       R     (arrival)                 10769    -     0     0       0    (-,-) 
  ROUND[8].U_ROUND_U_KEY_data_out_reg[86]/QN  -       CLK->QN F     DFFASRHQNx1_ASAP7_75t_L       1  1.6    24    43      43    (-,-) 
  g47555/Y                                    -       A->Y    R     INVx2_ASAP7_75t_L             6  6.9    30    20      63    (-,-) 
  g47554/Y                                    -       A->Y    R     BUFx3_ASAP7_75t_L             5  5.4    18    23      86    (-,-) 
  fopt5617/Y                                  -       A->Y    F     INVx3_ASAP7_75t_L             7  5.7    15    11      98    (-,-) 
  g5672606/Y                                  -       A->Y    F     AND2x4_ASAP7_75t_L            5  8.0    16    23     121    (-,-) 
  g18766/Y                                    -       A->Y    R     CKINVDCx5p33_ASAP7_75t_L     10  7.2    15    11     132    (-,-) 
  g51157/Y                                    -       A->Y    F     NAND2xp5_ASAP7_75t_L          2  1.7    22    13     145    (-,-) 
  g51159/Y                                    -       A->Y    R     INVx1_ASAP7_75t_L             1  0.9    13    10     155    (-,-) 
  g51158/Y                                    -       A3->Y   F     OAI33xp33_ASAP7_75t_L         1  1.9    46    24     179    (-,-) 
  g5432315/Y                                  -       D->Y    R     NOR4xp75_ASAP7_75t_L          1  1.0    31    21     200    (-,-) 
  g5430433/Y                                  -       B->Y    R     AND3x1_ASAP7_75t_L            1  1.0    14    22     222    (-,-) 
  g5429728/Y                                  -       A->Y    R     AND3x1_ASAP7_75t_L            1  1.0    14    20     243    (-,-) 
  U_SUB_ROM[10].ROM_dout_reg[4]/D             -       -       R     DFFASRHQNx1_ASAP7_75t_L       1    -     -     0     243    (-,-) 
#-------------------------------------------------------------------------------------------------------------------------------------



Path 8: MET (0 ps) Setup Check with Pin U_SUB_ROM[5].ROM_dout_reg[5]/CLK->D
          Group: clk
     Startpoint: (R) ROUND[8].U_ROUND_U_KEY_valid_out_reg/CLK
          Clock: (R) clk
       Endpoint: (R) U_SUB_ROM[5].ROM_dout_reg[5]/D
          Clock: (R) clk

                     Capture       Launch     
        Clock Edge:+     260            0     
       Src Latency:+       0            0     
       Net Latency:+       0 (I)        0 (I) 
           Arrival:=     260            0     
                                              
             Setup:-      20                  
     Required Time:=     240                  
      Launch Clock:-       0                  
         Data Path:-     240                  
             Slack:=       0                  

#---------------------------------------------------------------------------------------------------------------------------------
#              Timing Point                Flags    Arc    Edge          Cell            Fanout Load Trans Delay Arrival Instance 
#                                                                                               (fF)  (ps)  (ps)   (ps)  Location 
#---------------------------------------------------------------------------------------------------------------------------------
  ROUND[8].U_ROUND_U_KEY_valid_out_reg/CLK -       -       R     (arrival)                10769    -     0     0       0    (-,-) 
  ROUND[8].U_ROUND_U_KEY_valid_out_reg/QN  -       CLK->QN F     DFFASRHQNx1_ASAP7_75t_L      1  1.6    24    43      43    (-,-) 
  g45937/Y                                 -       A->Y    F     BUFx6f_ASAP7_75t_L           4  7.8    12    21      64    (-,-) 
  g48488/Y                                 -       A->Y    F     BUFx6f_ASAP7_75t_L          13 15.4    19    22      86    (-,-) 
  g52016/Y                                 -       B->Y    F     AND2x4_ASAP7_75t_L           7  9.0    17    24     110    (-,-) 
  g48494/Y                                 -       B->Y    R     NAND2x2_ASAP7_75t_L          5  4.4    24    16     126    (-,-) 
  g6284/Y                                  -       A->Y    R     OR2x6_ASAP7_75t_L           11  8.8    17    25     151    (-,-) 
  g5421/Y                                  -       B->Y    R     OR2x2_ASAP7_75t_L            3  2.3    13    19     170    (-,-) 
  g5429/Y                                  -       A->Y    F     INVxp67_ASAP7_75t_L          1  0.9    12     9     179    (-,-) 
  g49689/Y                                 -       B->Y    F     AND2x2_ASAP7_75t_L           1  1.6    10    18     196    (-,-) 
  g49688/Y                                 -       B->Y    R     AOI21x1_ASAP7_75t_L          1  0.9    16    10     206    (-,-) 
  g5704093/Y                               -       A->Y    F     NAND2xp5_ASAP7_75t_L         1  1.9    28    14     221    (-,-) 
  g44977/Y                                 -       C->Y    R     NOR4xp75_ASAP7_75t_L         1  1.0    27    20     240    (-,-) 
  U_SUB_ROM[5].ROM_dout_reg[5]/D           -       -       R     DFFASRHQNx1_ASAP7_75t_L      1    -     -     0     240    (-,-) 
#---------------------------------------------------------------------------------------------------------------------------------



Path 9: MET (0 ps) Setup Check with Pin U_SUB_ROM[12].ROM_dout_reg[2]/CLK->D
          Group: clk
     Startpoint: (R) ROUND[8].U_ROUND_U_KEY_valid_out_reg/CLK
          Clock: (R) clk
       Endpoint: (F) U_SUB_ROM[12].ROM_dout_reg[2]/D
          Clock: (R) clk

                     Capture       Launch     
        Clock Edge:+     260            0     
       Src Latency:+       0            0     
       Net Latency:+       0 (I)        0 (I) 
           Arrival:=     260            0     
                                              
             Setup:-       7                  
     Required Time:=     253                  
      Launch Clock:-       0                  
         Data Path:-     253                  
             Slack:=       0                  

#---------------------------------------------------------------------------------------------------------------------------------
#              Timing Point                Flags    Arc    Edge          Cell            Fanout Load Trans Delay Arrival Instance 
#                                                                                               (fF)  (ps)  (ps)   (ps)  Location 
#---------------------------------------------------------------------------------------------------------------------------------
  ROUND[8].U_ROUND_U_KEY_valid_out_reg/CLK -       -       R     (arrival)                10769    -     0     0       0    (-,-) 
  ROUND[8].U_ROUND_U_KEY_valid_out_reg/QN  -       CLK->QN R     DFFASRHQNx1_ASAP7_75t_L      1  1.6    23    44      44    (-,-) 
  g45937/Y                                 -       A->Y    R     BUFx6f_ASAP7_75t_L           4  7.8    14    19      63    (-,-) 
  g41555/Y                                 -       A->Y    F     INVx4_ASAP7_75t_L           10 11.1    19    13      76    (-,-) 
  fopt5696682/Y                            -       A->Y    R     INVx2_ASAP7_75t_L            2  2.6    15    11      87    (-,-) 
  g5641052/Y                               -       B->Y    R     AND2x4_ASAP7_75t_L           9  7.5    19    22     109    (-,-) 
  g5703617/Y                               -       B->Y    R     AND2x4_ASAP7_75t_L           9  8.9    21    24     133    (-,-) 
  g5628423/Y                               -       A->Y    F     INVx5_ASAP7_75t_L           10  8.1    15    11     144    (-,-) 
  g5626457/Y                               -       A->Y    F     OR2x6_ASAP7_75t_L            9  7.6    15    26     170    (-,-) 
  g44672/Y                                 -       A2->Y   R     OAI31xp33_ASAP7_75t_L        1  0.9    29    18     188    (-,-) 
  g44671/Y                                 -       A->Y    R     OR2x2_ASAP7_75t_L            1  1.7    11    22     209    (-,-) 
  g44670/Y                                 -       B->Y    F     NOR3x1_ASAP7_75t_L           1  1.4    28    12     222    (-,-) 
  g5704084/Y                               -       B->Y    R     NAND2x1_ASAP7_75t_L          1  1.6    21    16     238    (-,-) 
  g175/Y                                   -       C->Y    F     NOR3x1_ASAP7_75t_L           1  1.0    19    15     253    (-,-) 
  U_SUB_ROM[12].ROM_dout_reg[2]/D          -       -       F     DFFASRHQNx1_ASAP7_75t_L      1    -     -     0     253    (-,-) 
#---------------------------------------------------------------------------------------------------------------------------------



Path 10: MET (0 ps) Setup Check with Pin U_SUB_ROM[7].ROM_dout_reg[1]/CLK->D
          Group: clk
     Startpoint: (R) ROUND[8].U_ROUND_U_KEY_valid_out_reg/CLK
          Clock: (R) clk
       Endpoint: (R) U_SUB_ROM[7].ROM_dout_reg[1]/D
          Clock: (R) clk

                     Capture       Launch     
        Clock Edge:+     260            0     
       Src Latency:+       0            0     
       Net Latency:+       0 (I)        0 (I) 
           Arrival:=     260            0     
                                              
             Setup:-      17                  
     Required Time:=     243                  
      Launch Clock:-       0                  
         Data Path:-     243                  
             Slack:=       0                  

#---------------------------------------------------------------------------------------------------------------------------------
#              Timing Point                Flags    Arc    Edge          Cell            Fanout Load Trans Delay Arrival Instance 
#                                                                                               (fF)  (ps)  (ps)   (ps)  Location 
#---------------------------------------------------------------------------------------------------------------------------------
  ROUND[8].U_ROUND_U_KEY_valid_out_reg/CLK -       -       R     (arrival)                10769    -     0     0       0    (-,-) 
  ROUND[8].U_ROUND_U_KEY_valid_out_reg/QN  -       CLK->QN F     DFFASRHQNx1_ASAP7_75t_L      1  1.6    24    43      43    (-,-) 
  g45937/Y                                 -       A->Y    F     BUFx6f_ASAP7_75t_L           4  7.8    12    21      64    (-,-) 
  g48488/Y                                 -       A->Y    F     BUFx6f_ASAP7_75t_L          13 15.4    19    22      86    (-,-) 
  g5641108/Y                               -       B->Y    F     AND2x4_ASAP7_75t_L           5  6.0    14    22     108    (-,-) 
  g5639493/Y                               -       A->Y    R     INVx2_ASAP7_75t_L            1  1.5    10     8     115    (-,-) 
  g39612/Y                                 -       A->Y    R     OR2x6_ASAP7_75t_L            6  7.9    16    21     136    (-,-) 
  fopt39611/Y                              -       A->Y    F     INVx6_ASAP7_75t_L            6  8.0    12     9     145    (-,-) 
  fopt5696596/Y                            -       A->Y    R     INVx3_ASAP7_75t_L            2  1.6     8     6     151    (-,-) 
  g5452580/Y                               -       B3->Y   R     OA33x2_ASAP7_75t_L           1  0.9    10    19     170    (-,-) 
  g5446626/Y                               -       C1->Y   F     OAI311xp33_ASAP7_75t_L       1  0.9    28    15     185    (-,-) 
  g5443633/Y                               -       A->Y    R     NOR5xp2_ASAP7_75t_L          1  1.0    60    31     216    (-,-) 
  g5440445/Y                               -       D->Y    R     AND4x1_ASAP7_75t_L           1  1.0    15    27     243    (-,-) 
  U_SUB_ROM[7].ROM_dout_reg[1]/D           -       -       R     DFFASRHQNx1_ASAP7_75t_L      1    -     -     0     243    (-,-) 
#---------------------------------------------------------------------------------------------------------------------------------



Path 11: MET (0 ps) Setup Check with Pin U_SUB_ROM[6].ROM_dout_reg[3]/CLK->D
          Group: clk
     Startpoint: (R) ROUND[8].U_ROUND_U_KEY_data_out_reg[49]/CLK
          Clock: (R) clk
       Endpoint: (R) U_SUB_ROM[6].ROM_dout_reg[3]/D
          Clock: (R) clk

                     Capture       Launch     
        Clock Edge:+     260            0     
       Src Latency:+       0            0     
       Net Latency:+       0 (I)        0 (I) 
           Arrival:=     260            0     
                                              
             Setup:-      18                  
     Required Time:=     242                  
      Launch Clock:-       0                  
         Data Path:-     242                  
             Slack:=       0                  

#------------------------------------------------------------------------------------------------------------------------------------
#                Timing Point                 Flags    Arc    Edge          Cell            Fanout Load Trans Delay Arrival Instance 
#                                                                                                  (fF)  (ps)  (ps)   (ps)  Location 
#------------------------------------------------------------------------------------------------------------------------------------
  ROUND[8].U_ROUND_U_KEY_data_out_reg[49]/CLK -       -       R     (arrival)                10769    -     0     0       0    (-,-) 
  ROUND[8].U_ROUND_U_KEY_data_out_reg[49]/QN  -       CLK->QN F     DFFASRHQNx1_ASAP7_75t_L      2  2.3    28    47      47    (-,-) 
  g5070801/Y                                  -       A->Y    F     BUFx6f_ASAP7_75t_L          17 15.5    20    26      73    (-,-) 
  g5071255/Y                                  -       A->Y    F     HB1xp67_ASAP7_75t_L          5  3.7    35    32     105    (-,-) 
  g5472288/Y                                  -       A->Y    R     INVx1_ASAP7_75t_L            6  4.9    43    29     134    (-,-) 
  g5464159/Y                                  -       A->Y    F     NOR2x1_ASAP7_75t_L           2  1.7    23    18     152    (-,-) 
  g5455598/Y                                  -       A1->Y   R     AOI22xp5_ASAP7_75t_L         2  1.6    35    21     174    (-,-) 
  g5452455/Y                                  -       A->Y    F     INVx1_ASAP7_75t_L            1  0.9    14    10     183    (-,-) 
  g5445459/Y                                  -       C->Y    R     NOR3xp33_ASAP7_75t_L         1  0.9    31    18     201    (-,-) 
  g5442676/Y                                  -       A->Y    F     NAND4xp25_ASAP7_75t_L        1  1.7    48    27     228    (-,-) 
  g9698/Y                                     -       C->Y    R     NOR3x1_ASAP7_75t_L           1  1.0    20    14     242    (-,-) 
  U_SUB_ROM[6].ROM_dout_reg[3]/D              -       -       R     DFFASRHQNx1_ASAP7_75t_L      1    -     -     0     242    (-,-) 
#------------------------------------------------------------------------------------------------------------------------------------



Path 12: MET (0 ps) Setup Check with Pin U_SUB_ROM[3].ROM_dout_reg[2]/CLK->D
          Group: clk
     Startpoint: (R) ROUND[8].U_ROUND_U_KEY_valid_out_reg/CLK
          Clock: (R) clk
       Endpoint: (R) U_SUB_ROM[3].ROM_dout_reg[2]/D
          Clock: (R) clk

                     Capture       Launch     
        Clock Edge:+     260            0     
       Src Latency:+       0            0     
       Net Latency:+       0 (I)        0 (I) 
           Arrival:=     260            0     
                                              
             Setup:-      18                  
     Required Time:=     242                  
      Launch Clock:-       0                  
         Data Path:-     242                  
             Slack:=       0                  

#---------------------------------------------------------------------------------------------------------------------------------
#              Timing Point                Flags    Arc    Edge          Cell            Fanout Load Trans Delay Arrival Instance 
#                                                                                               (fF)  (ps)  (ps)   (ps)  Location 
#---------------------------------------------------------------------------------------------------------------------------------
  ROUND[8].U_ROUND_U_KEY_valid_out_reg/CLK -       -       R     (arrival)                10769    -     0     0       0    (-,-) 
  ROUND[8].U_ROUND_U_KEY_valid_out_reg/QN  -       CLK->QN F     DFFASRHQNx1_ASAP7_75t_L      1  1.6    24    43      43    (-,-) 
  g45937/Y                                 -       A->Y    F     BUFx6f_ASAP7_75t_L           4  7.8    12    21      64    (-,-) 
  fopt48417/Y                              -       A->Y    F     BUFx12f_ASAP7_75t_L          8 13.8    12    18      82    (-,-) 
  g5678811/Y                               -       B->Y    F     AND2x4_ASAP7_75t_L           4  4.9    12    19     100    (-,-) 
  g5672815/Y                               -       B->Y    F     AND2x4_ASAP7_75t_L           7  7.7    16    21     122    (-,-) 
  fopt10036/Y                              -       A->Y    R     INVx2_ASAP7_75t_L            2  1.6    10     8     130    (-,-) 
  g5667876/Y                               -       B->Y    R     OR2x2_ASAP7_75t_L            7  5.4    24    23     153    (-,-) 
  g5665398/Y                               -       A->Y    F     INVx1_ASAP7_75t_L            2  1.7    16    12     165    (-,-) 
  g5658630/Y                               -       B->Y    R     NAND2xp5_ASAP7_75t_L         2  1.5    22    15     180    (-,-) 
  g5602394/Y                               -       C->Y    F     OAI211xp5_ASAP7_75t_L        1  1.9    40    21     201    (-,-) 
  g5600123/Y                               -       A->Y    R     NOR4xp75_ASAP7_75t_L         1  1.4    34    21     222    (-,-) 
  g5598862/Y                               -       A->Y    F     NAND2x1_ASAP7_75t_L          1  1.4    16    10     232    (-,-) 
  g5598089/Y                               -       A->Y    R     NOR2x1_ASAP7_75t_L           1  1.0    17    10     242    (-,-) 
  U_SUB_ROM[3].ROM_dout_reg[2]/D           -       -       R     DFFASRHQNx1_ASAP7_75t_L      1    -     -     0     242    (-,-) 
#---------------------------------------------------------------------------------------------------------------------------------



Path 13: MET (0 ps) Setup Check with Pin U_SUB_ROM[10].ROM_dout_reg[6]/CLK->D
          Group: clk
     Startpoint: (R) ROUND[8].U_ROUND_U_KEY_valid_out_reg/CLK
          Clock: (R) clk
       Endpoint: (R) U_SUB_ROM[10].ROM_dout_reg[6]/D
          Clock: (R) clk

                     Capture       Launch     
        Clock Edge:+     260            0     
       Src Latency:+       0            0     
       Net Latency:+       0 (I)        0 (I) 
           Arrival:=     260            0     
                                              
             Setup:-      17                  
     Required Time:=     243                  
      Launch Clock:-       0                  
         Data Path:-     243                  
             Slack:=       0                  

#---------------------------------------------------------------------------------------------------------------------------------
#              Timing Point                Flags    Arc    Edge          Cell            Fanout Load Trans Delay Arrival Instance 
#                                                                                               (fF)  (ps)  (ps)   (ps)  Location 
#---------------------------------------------------------------------------------------------------------------------------------
  ROUND[8].U_ROUND_U_KEY_valid_out_reg/CLK -       -       R     (arrival)                10769    -     0     0       0    (-,-) 
  ROUND[8].U_ROUND_U_KEY_valid_out_reg/QN  -       CLK->QN F     DFFASRHQNx1_ASAP7_75t_L      1  1.6    24    43      43    (-,-) 
  g45937/Y                                 -       A->Y    F     BUFx6f_ASAP7_75t_L           4  7.8    12    21      64    (-,-) 
  g41555/Y                                 -       A->Y    R     INVx4_ASAP7_75t_L           10 11.1    24    15      79    (-,-) 
  fopt5696739/Y                            -       A->Y    F     INVx2_ASAP7_75t_L            3  3.7    16    12      90    (-,-) 
  g43755/Y                                 -       B->Y    F     AND2x4_ASAP7_75t_L           4  5.1    12    20     110    (-,-) 
  g43763/Y                                 -       B->Y    R     NAND2x1_ASAP7_75t_L          6  4.6    41    22     133    (-,-) 
  g5694253/Y                               -       A->Y    R     BUFx2_ASAP7_75t_L            4  3.1    16    24     157    (-,-) 
  g5704053/Y                               -       C->Y    F     O2A1O1Ixp33_ASAP7_75t_L      1  0.9    24    12     169    (-,-) 
  g5704052/Y                               -       C->Y    R     AOI311xp33_ASAP7_75t_L       1  1.0    37    24     193    (-,-) 
  g5704049/Y                               -       D->Y    R     AND4x1_ASAP7_75t_L           1  1.0    15    26     219    (-,-) 
  g5597784/Y                               -       A->Y    R     AND4x1_ASAP7_75t_L           1  1.0    15    24     243    (-,-) 
  U_SUB_ROM[10].ROM_dout_reg[6]/D          -       -       R     DFFASRHQNx1_ASAP7_75t_L      1    -     -     0     243    (-,-) 
#---------------------------------------------------------------------------------------------------------------------------------



Path 14: MET (0 ps) Setup Check with Pin U_SUB_ROM[7].ROM_dout_reg[0]/CLK->D
          Group: clk
     Startpoint: (R) ROUND[8].U_ROUND_U_KEY_valid_out_reg/CLK
          Clock: (R) clk
       Endpoint: (R) U_SUB_ROM[7].ROM_dout_reg[0]/D
          Clock: (R) clk

                     Capture       Launch     
        Clock Edge:+     260            0     
       Src Latency:+       0            0     
       Net Latency:+       0 (I)        0 (I) 
           Arrival:=     260            0     
                                              
             Setup:-      17                  
     Required Time:=     243                  
      Launch Clock:-       0                  
         Data Path:-     243                  
             Slack:=       0                  

#---------------------------------------------------------------------------------------------------------------------------------
#              Timing Point                Flags    Arc    Edge          Cell            Fanout Load Trans Delay Arrival Instance 
#                                                                                               (fF)  (ps)  (ps)   (ps)  Location 
#---------------------------------------------------------------------------------------------------------------------------------
  ROUND[8].U_ROUND_U_KEY_valid_out_reg/CLK -       -       R     (arrival)                10769    -     0     0       0    (-,-) 
  ROUND[8].U_ROUND_U_KEY_valid_out_reg/QN  -       CLK->QN F     DFFASRHQNx1_ASAP7_75t_L      1  1.6    24    43      43    (-,-) 
  g45937/Y                                 -       A->Y    F     BUFx6f_ASAP7_75t_L           4  7.8    12    21      64    (-,-) 
  fopt48417/Y                              -       A->Y    F     BUFx12f_ASAP7_75t_L          8 13.8    12    18      82    (-,-) 
  fopt15039/Y                              -       A->Y    R     INVx4_ASAP7_75t_L            4  6.8    16    11      93    (-,-) 
  fopt142/Y                                -       A->Y    F     INVx4_ASAP7_75t_L            5  7.2    14    10     103    (-,-) 
  g5640679/Y                               -       B->Y    F     AND2x4_ASAP7_75t_L           4  5.4    13    20     123    (-,-) 
  g5703605/Y                               -       A->Y    R     INVx5_ASAP7_75t_L           11  8.5    16    11     134    (-,-) 
  g5471413/Y                               -       A->Y    F     INVx1_ASAP7_75t_L            2  1.8    15    11     145    (-,-) 
  g5447018/Y                               -       A2->Y   R     AOI22xp5_ASAP7_75t_L         1  0.8    24    14     159    (-,-) 
  g5443260/Y                               -       C->Y    R     OA211x2_ASAP7_75t_L          1  0.9    11    22     181    (-,-) 
  g42579/Y                                 -       C->Y    F     OAI221xp5_ASAP7_75t_L        1  1.9    40    21     202    (-,-) 
  g5704044/Y                               -       A->Y    R     NOR4xp75_ASAP7_75t_L         1  1.0    31    18     220    (-,-) 
  g42746/Y                                 -       B->Y    R     AND3x1_ASAP7_75t_L           1  1.0    14    23     243    (-,-) 
  U_SUB_ROM[7].ROM_dout_reg[0]/D           -       -       R     DFFASRHQNx1_ASAP7_75t_L      1    -     -     0     243    (-,-) 
#---------------------------------------------------------------------------------------------------------------------------------



Path 15: MET (0 ps) Setup Check with Pin U_SUB_ROM[12].ROM_dout_reg[5]/CLK->D
          Group: clk
     Startpoint: (R) ROUND[8].U_ROUND_U_KEY_valid_out_reg/CLK
          Clock: (R) clk
       Endpoint: (R) U_SUB_ROM[12].ROM_dout_reg[5]/D
          Clock: (R) clk

                     Capture       Launch     
        Clock Edge:+     260            0     
       Src Latency:+       0            0     
       Net Latency:+       0 (I)        0 (I) 
           Arrival:=     260            0     
                                              
             Setup:-      17                  
     Required Time:=     243                  
      Launch Clock:-       0                  
         Data Path:-     243                  
             Slack:=       0                  

#---------------------------------------------------------------------------------------------------------------------------------
#              Timing Point                Flags    Arc    Edge          Cell            Fanout Load Trans Delay Arrival Instance 
#                                                                                               (fF)  (ps)  (ps)   (ps)  Location 
#---------------------------------------------------------------------------------------------------------------------------------
  ROUND[8].U_ROUND_U_KEY_valid_out_reg/CLK -       -       R     (arrival)                10769    -     0     0       0    (-,-) 
  ROUND[8].U_ROUND_U_KEY_valid_out_reg/QN  -       CLK->QN F     DFFASRHQNx1_ASAP7_75t_L      1  1.6    24    43      43    (-,-) 
  g45937/Y                                 -       A->Y    F     BUFx6f_ASAP7_75t_L           4  7.8    12    21      64    (-,-) 
  g41555/Y                                 -       A->Y    R     INVx4_ASAP7_75t_L           10 11.1    24    15      79    (-,-) 
  fopt5696682/Y                            -       A->Y    F     INVx2_ASAP7_75t_L            2  2.6    13    10      88    (-,-) 
  g5641052/Y                               -       B->Y    F     AND2x4_ASAP7_75t_L           9  7.5    16    21     110    (-,-) 
  g5632292/Y                               -       B->Y    F     AND2x4_ASAP7_75t_L           3  4.3    11    19     129    (-,-) 
  g5628537/Y                               -       A->Y    F     BUFx3_ASAP7_75t_L            3  3.8    12    18     147    (-,-) 
  g5623013/Y                               -       B->Y    R     NAND2x1_ASAP7_75t_L          3  2.8    29    16     163    (-,-) 
  g5620441/Y                               -       A->Y    F     INVx2_ASAP7_75t_L            4  2.8    15    11     174    (-,-) 
  g47364/Y                                 -       A->Y    R     NAND3xp33_ASAP7_75t_L        1  1.9    35    17     191    (-,-) 
  g47363/Y                                 -       B->Y    F     NAND4xp75_ASAP7_75t_L        1  1.3    24    15     206    (-,-) 
  g47361/Y                                 -       B->Y    R     AOI211x1_ASAP7_75t_L         1  1.0    25    15     221    (-,-) 
  g49161/Y                                 -       B->Y    R     AND3x1_ASAP7_75t_L           1  1.0    13    22     243    (-,-) 
  U_SUB_ROM[12].ROM_dout_reg[5]/D          -       -       R     DFFASRHQNx1_ASAP7_75t_L      1    -     -     0     243    (-,-) 
#---------------------------------------------------------------------------------------------------------------------------------



Path 16: MET (0 ps) Setup Check with Pin U_SUB_ROM[9].ROM_dout_reg[0]/CLK->D
          Group: clk
     Startpoint: (R) ROUND[8].U_ROUND_U_KEY_valid_out_reg/CLK
          Clock: (R) clk
       Endpoint: (R) U_SUB_ROM[9].ROM_dout_reg[0]/D
          Clock: (R) clk

                     Capture       Launch     
        Clock Edge:+     260            0     
       Src Latency:+       0            0     
       Net Latency:+       0 (I)        0 (I) 
           Arrival:=     260            0     
                                              
             Setup:-      17                  
     Required Time:=     243                  
      Launch Clock:-       0                  
         Data Path:-     243                  
             Slack:=       0                  

#---------------------------------------------------------------------------------------------------------------------------------
#              Timing Point                Flags    Arc    Edge          Cell            Fanout Load Trans Delay Arrival Instance 
#                                                                                               (fF)  (ps)  (ps)   (ps)  Location 
#---------------------------------------------------------------------------------------------------------------------------------
  ROUND[8].U_ROUND_U_KEY_valid_out_reg/CLK -       -       R     (arrival)                10769    -     0     0       0    (-,-) 
  ROUND[8].U_ROUND_U_KEY_valid_out_reg/QN  -       CLK->QN F     DFFASRHQNx1_ASAP7_75t_L      1  1.6    24    43      43    (-,-) 
  g45937/Y                                 -       A->Y    F     BUFx6f_ASAP7_75t_L           4  7.8    12    21      64    (-,-) 
  g48488/Y                                 -       A->Y    F     BUFx6f_ASAP7_75t_L          13 15.4    19    22      86    (-,-) 
  g47535/Y                                 -       B->Y    F     AND2x4_ASAP7_75t_L           8  9.7    19    24     110    (-,-) 
  g5652540/Y                               -       B->Y    F     AND2x4_ASAP7_75t_L           1  5.2    12    21     131    (-,-) 
  fopt5696191/Y                            -       A->Y    R     INVx8_ASAP7_75t_L           14 12.6    16    11     142    (-,-) 
  fopt5696186/Y                            -       A->Y    R     BUFx3_ASAP7_75t_L            4  3.2    12    18     160    (-,-) 
  g45513/Y                                 -       B2->Y   F     OAI22xp5_ASAP7_75t_L         1  1.0    22    11     171    (-,-) 
  g5447433/Y                               -       A2->Y   R     AOI22xp5_ASAP7_75t_L         1  0.9    27    16     187    (-,-) 
  g5445605/Y                               -       C->Y    F     OAI221xp5_ASAP7_75t_L        1  1.3    31    20     206    (-,-) 
  g5442173/Y                               -       B->Y    R     AOI211x1_ASAP7_75t_L         1  1.0    26    16     222    (-,-) 
  g5440270/Y                               -       C->Y    R     AND3x1_ASAP7_75t_L           1  1.0    13    21     243    (-,-) 
  U_SUB_ROM[9].ROM_dout_reg[0]/D           -       -       R     DFFASRHQNx1_ASAP7_75t_L      1    -     -     0     243    (-,-) 
#---------------------------------------------------------------------------------------------------------------------------------



Path 17: MET (0 ps) Setup Check with Pin U_SUB_ROM[11].ROM_dout_reg[2]/CLK->D
          Group: clk
     Startpoint: (R) ROUND[8].U_ROUND_U_KEY_data_out_reg[94]/CLK
          Clock: (R) clk
       Endpoint: (F) U_SUB_ROM[11].ROM_dout_reg[2]/D
          Clock: (R) clk

                     Capture       Launch     
        Clock Edge:+     260            0     
       Src Latency:+       0            0     
       Net Latency:+       0 (I)        0 (I) 
           Arrival:=     260            0     
                                              
             Setup:-       5                  
     Required Time:=     255                  
      Launch Clock:-       0                  
         Data Path:-     255                  
             Slack:=       0                  

#------------------------------------------------------------------------------------------------------------------------------------
#                Timing Point                 Flags    Arc    Edge          Cell            Fanout Load Trans Delay Arrival Instance 
#                                                                                                  (fF)  (ps)  (ps)   (ps)  Location 
#------------------------------------------------------------------------------------------------------------------------------------
  ROUND[8].U_ROUND_U_KEY_data_out_reg[94]/CLK -       -       R     (arrival)                10769    -     0     0       0    (-,-) 
  ROUND[8].U_ROUND_U_KEY_data_out_reg[94]/QN  -       CLK->QN F     DFFASRHQNx1_ASAP7_75t_L      2  2.1    27    46      46    (-,-) 
  g5653293/Y                                  -       A->Y    R     INVx2_ASAP7_75t_L            3  3.6    20    15      60    (-,-) 
  g5642470/Y                                  -       A->Y    F     INVx3_ASAP7_75t_L            4  4.0    13    10      70    (-,-) 
  g5678785/Y                                  -       A->Y    F     OR2x2_ASAP7_75t_L           10  7.9    29    30     100    (-,-) 
  g5676002/Y                                  -       B->Y    F     OR2x4_ASAP7_75t_L            9  6.9    19    36     136    (-,-) 
  g5666744/Y                                  -       B->Y    F     OR2x2_ASAP7_75t_L            2  1.6    10    22     158    (-,-) 
  g5654924/Y                                  -       A1->Y   F     AO21x1_ASAP7_75t_L           1  0.8     9    17     175    (-,-) 
  g5602016/Y                                  -       B->Y    F     OA211x2_ASAP7_75t_L          1  0.8    12    28     203    (-,-) 
  g5598911/Y                                  -       C->Y    F     OA211x2_ASAP7_75t_L          1  0.9    12    31     234    (-,-) 
  g5597965/Y                                  -       D->Y    F     AND5x1_ASAP7_75t_L           1  1.0    10    21     255    (-,-) 
  U_SUB_ROM[11].ROM_dout_reg[2]/D             -       -       F     DFFASRHQNx1_ASAP7_75t_L      1    -     -     0     255    (-,-) 
#------------------------------------------------------------------------------------------------------------------------------------



Path 18: MET (0 ps) Setup Check with Pin U_SUB_ROM[5].ROM_dout_reg[7]/CLK->D
          Group: clk
     Startpoint: (R) ROUND[8].U_ROUND_U_KEY_valid_out_reg/CLK
          Clock: (R) clk
       Endpoint: (R) U_SUB_ROM[5].ROM_dout_reg[7]/D
          Clock: (R) clk

                     Capture       Launch     
        Clock Edge:+     260            0     
       Src Latency:+       0            0     
       Net Latency:+       0 (I)        0 (I) 
           Arrival:=     260            0     
                                              
             Setup:-      17                  
     Required Time:=     243                  
      Launch Clock:-       0                  
         Data Path:-     243                  
             Slack:=       0                  

#---------------------------------------------------------------------------------------------------------------------------------
#              Timing Point                Flags    Arc    Edge          Cell            Fanout Load Trans Delay Arrival Instance 
#                                                                                               (fF)  (ps)  (ps)   (ps)  Location 
#---------------------------------------------------------------------------------------------------------------------------------
  ROUND[8].U_ROUND_U_KEY_valid_out_reg/CLK -       -       R     (arrival)                10769    -     0     0       0    (-,-) 
  ROUND[8].U_ROUND_U_KEY_valid_out_reg/QN  -       CLK->QN F     DFFASRHQNx1_ASAP7_75t_L      1  1.6    24    43      43    (-,-) 
  g45937/Y                                 -       A->Y    F     BUFx6f_ASAP7_75t_L           4  7.8    12    21      64    (-,-) 
  g48488/Y                                 -       A->Y    F     BUFx6f_ASAP7_75t_L          13 15.4    19    22      86    (-,-) 
  g52016/Y                                 -       B->Y    F     AND2x4_ASAP7_75t_L           7  9.0    17    24     110    (-,-) 
  g48494/Y                                 -       B->Y    R     NAND2x2_ASAP7_75t_L          5  4.4    24    16     126    (-,-) 
  g6284/Y                                  -       A->Y    R     OR2x6_ASAP7_75t_L           11  8.8    17    25     151    (-,-) 
  g5617318/Y                               -       B->Y    F     NOR2x1_ASAP7_75t_L           2  1.8    17    12     163    (-,-) 
  g5704011/Y                               -       A->Y    R     INVx1_ASAP7_75t_L            2  2.4    22    15     178    (-,-) 
  g5704010/Y                               -       A->Y    F     INVx2_ASAP7_75t_L            1  0.9     8     6     184    (-,-) 
  g5704009/Y                               -       B->Y    R     NAND2xp5_ASAP7_75t_L         1  1.7    25    14     198    (-,-) 
  g5704006/Y                               -       C->Y    F     NAND3x1_ASAP7_75t_L          1  1.7    20    11     208    (-,-) 
  g5704005/Y                               -       B->Y    R     NOR3x1_ASAP7_75t_L           1  1.0    22    12     221    (-,-) 
  g5440243/Y                               -       A->Y    R     AND3x1_ASAP7_75t_L           1  1.0    14    22     243    (-,-) 
  U_SUB_ROM[5].ROM_dout_reg[7]/D           -       -       R     DFFASRHQNx1_ASAP7_75t_L      1    -     -     0     243    (-,-) 
#---------------------------------------------------------------------------------------------------------------------------------



Path 19: MET (0 ps) Setup Check with Pin U_SUB_ROM[5].ROM_dout_reg[3]/CLK->D
          Group: clk
     Startpoint: (R) ROUND[8].U_ROUND_U_KEY_valid_out_reg/CLK
          Clock: (R) clk
       Endpoint: (R) U_SUB_ROM[5].ROM_dout_reg[3]/D
          Clock: (R) clk

                     Capture       Launch     
        Clock Edge:+     260            0     
       Src Latency:+       0            0     
       Net Latency:+       0 (I)        0 (I) 
           Arrival:=     260            0     
                                              
             Setup:-      21                  
     Required Time:=     239                  
      Launch Clock:-       0                  
         Data Path:-     239                  
             Slack:=       0                  

#---------------------------------------------------------------------------------------------------------------------------------
#              Timing Point                Flags    Arc    Edge          Cell            Fanout Load Trans Delay Arrival Instance 
#                                                                                               (fF)  (ps)  (ps)   (ps)  Location 
#---------------------------------------------------------------------------------------------------------------------------------
  ROUND[8].U_ROUND_U_KEY_valid_out_reg/CLK -       -       R     (arrival)                10769    -     0     0       0    (-,-) 
  ROUND[8].U_ROUND_U_KEY_valid_out_reg/QN  -       CLK->QN F     DFFASRHQNx1_ASAP7_75t_L      1  1.6    24    43      43    (-,-) 
  g45937/Y                                 -       A->Y    F     BUFx6f_ASAP7_75t_L           4  7.8    12    21      64    (-,-) 
  g48488/Y                                 -       A->Y    F     BUFx6f_ASAP7_75t_L          13 15.4    19    22      86    (-,-) 
  g52016/Y                                 -       B->Y    F     AND2x4_ASAP7_75t_L           7  9.0    17    24     110    (-,-) 
  g48494/Y                                 -       B->Y    R     NAND2x2_ASAP7_75t_L          5  4.4    24    16     126    (-,-) 
  fopt7999/Y                               -       A->Y    F     INVx1_ASAP7_75t_L            2  2.3    19    14     140    (-,-) 
  fopt7998/Y                               -       A->Y    R     INVx2_ASAP7_75t_L            2  1.8    12     9     149    (-,-) 
  fopt7997/Y                               -       A->Y    R     BUFx3_ASAP7_75t_L            4  3.0    12    16     166    (-,-) 
  g5703989/Y                               -       A1->Y   F     OAI311xp33_ASAP7_75t_L       1  0.9    26    14     179    (-,-) 
  g45701/Y                                 -       B->Y    R     AOI211xp5_ASAP7_75t_L        1  0.9    34    21     200    (-,-) 
  g5703985/Y                               -       B->Y    F     NAND2xp5_ASAP7_75t_L         1  1.9    28    19     219    (-,-) 
  g45692/Y                                 -       D->Y    R     NOR4xp75_ASAP7_75t_L         1  1.0    31    20     239    (-,-) 
  U_SUB_ROM[5].ROM_dout_reg[3]/D           -       -       R     DFFASRHQNx1_ASAP7_75t_L      1    -     -     0     239    (-,-) 
#---------------------------------------------------------------------------------------------------------------------------------



Path 20: MET (0 ps) Setup Check with Pin U_SUB_ROM[2].ROM_dout_reg[2]/CLK->D
          Group: clk
     Startpoint: (R) ROUND[8].U_ROUND_U_KEY_valid_out_reg/CLK
          Clock: (R) clk
       Endpoint: (R) U_SUB_ROM[2].ROM_dout_reg[2]/D
          Clock: (R) clk

                     Capture       Launch     
        Clock Edge:+     260            0     
       Src Latency:+       0            0     
       Net Latency:+       0 (I)        0 (I) 
           Arrival:=     260            0     
                                              
             Setup:-      17                  
     Required Time:=     243                  
      Launch Clock:-       0                  
         Data Path:-     243                  
             Slack:=       0                  

#---------------------------------------------------------------------------------------------------------------------------------
#              Timing Point                Flags    Arc    Edge          Cell            Fanout Load Trans Delay Arrival Instance 
#                                                                                               (fF)  (ps)  (ps)   (ps)  Location 
#---------------------------------------------------------------------------------------------------------------------------------
  ROUND[8].U_ROUND_U_KEY_valid_out_reg/CLK -       -       R     (arrival)                10769    -     0     0       0    (-,-) 
  ROUND[8].U_ROUND_U_KEY_valid_out_reg/QN  -       CLK->QN F     DFFASRHQNx1_ASAP7_75t_L      1  1.6    24    43      43    (-,-) 
  g45937/Y                                 -       A->Y    F     BUFx6f_ASAP7_75t_L           4  7.8    12    21      64    (-,-) 
  g48488/Y                                 -       A->Y    F     BUFx6f_ASAP7_75t_L          13 15.4    19    22      86    (-,-) 
  g5640597/Y                               -       B->Y    F     AND2x4_ASAP7_75t_L           4  6.3    14    22     108    (-,-) 
  g5632133/Y                               -       B->Y    F     AND2x4_ASAP7_75t_L           5  8.4    18    22     130    (-,-) 
  g5628233/Y                               -       A->Y    R     INVx8_ASAP7_75t_L           17 12.4    17    12     142    (-,-) 
  g5445717/Y                               -       B2->Y   F     OAI322xp33_ASAP7_75t_L       1  0.9    31    18     160    (-,-) 
  g5442972/Y                               -       B->Y    R     AOI211xp5_ASAP7_75t_L        1  0.9    34    22     182    (-,-) 
  g5442078/Y                               -       A->Y    F     NAND3xp33_ASAP7_75t_L        1  0.9    26    17     199    (-,-) 
  g5441492/Y                               -       A->Y    R     NOR3xp33_ASAP7_75t_L         1  1.0    34    21     220    (-,-) 
  g5440230/Y                               -       B->Y    R     AND3x1_ASAP7_75t_L           1  1.0    14    23     243    (-,-) 
  U_SUB_ROM[2].ROM_dout_reg[2]/D           -       -       R     DFFASRHQNx1_ASAP7_75t_L      1    -     -     0     243    (-,-) 
#---------------------------------------------------------------------------------------------------------------------------------



Path 21: MET (0 ps) Setup Check with Pin U_SUB_ROM[6].ROM_dout_reg[1]/CLK->D
          Group: clk
     Startpoint: (R) ROUND[8].U_ROUND_U_KEY_valid_out_reg/CLK
          Clock: (R) clk
       Endpoint: (F) U_SUB_ROM[6].ROM_dout_reg[1]/D
          Clock: (R) clk

                     Capture       Launch     
        Clock Edge:+     260            0     
       Src Latency:+       0            0     
       Net Latency:+       0 (I)        0 (I) 
           Arrival:=     260            0     
                                              
             Setup:-       6                  
     Required Time:=     254                  
      Launch Clock:-       0                  
         Data Path:-     254                  
             Slack:=       0                  

#---------------------------------------------------------------------------------------------------------------------------------
#              Timing Point                Flags    Arc    Edge          Cell            Fanout Load Trans Delay Arrival Instance 
#                                                                                               (fF)  (ps)  (ps)   (ps)  Location 
#---------------------------------------------------------------------------------------------------------------------------------
  ROUND[8].U_ROUND_U_KEY_valid_out_reg/CLK -       -       R     (arrival)                10769    -     0     0       0    (-,-) 
  ROUND[8].U_ROUND_U_KEY_valid_out_reg/QN  -       CLK->QN R     DFFASRHQNx1_ASAP7_75t_L      1  1.6    23    44      44    (-,-) 
  g45937/Y                                 -       A->Y    R     BUFx6f_ASAP7_75t_L           4  7.8    14    19      63    (-,-) 
  g48353/Y                                 -       A->Y    R     BUFx8_ASAP7_75t_L            7  7.9    14    22      86    (-,-) 
  g48355/Y                                 -       B->Y    R     AND2x4_ASAP7_75t_L          10  9.9    23    24     109    (-,-) 
  g48365/Y                                 -       B->Y    R     AND2x4_ASAP7_75t_L           8  8.8    21    25     134    (-,-) 
  g5628125/Y                               -       A->Y    F     INVx6_ASAP7_75t_L           10  7.8    13    10     144    (-,-) 
  g5455215/Y                               -       B2->Y   R     OAI22xp5_ASAP7_75t_L         2  2.0    39    22     166    (-,-) 
  g5445533/Y                               -       A2->Y   F     AOI211x1_ASAP7_75t_L         1  0.9    28    21     186    (-,-) 
  g5443431/Y                               -       B->Y    R     OAI211xp5_ASAP7_75t_L        1  1.0    32    18     204    (-,-) 
  g5441906/Y                               -       B->Y    F     AOI21xp5_ASAP7_75t_L         1  1.6    27    17     221    (-,-) 
  g5440923/Y                               -       C->Y    R     NAND3x1_ASAP7_75t_L          1  1.5    27    22     243    (-,-) 
  g5440586/Y                               -       B->Y    F     NOR2x1_ASAP7_75t_L           1  1.0    16    11     254    (-,-) 
  U_SUB_ROM[6].ROM_dout_reg[1]/D           -       -       F     DFFASRHQNx1_ASAP7_75t_L      1    -     -     0     254    (-,-) 
#---------------------------------------------------------------------------------------------------------------------------------



Path 22: MET (0 ps) Setup Check with Pin U_SUB_ROM[12].ROM_dout_reg[1]/CLK->D
          Group: clk
     Startpoint: (R) ROUND[8].U_ROUND_U_KEY_valid_out_reg/CLK
          Clock: (R) clk
       Endpoint: (R) U_SUB_ROM[12].ROM_dout_reg[1]/D
          Clock: (R) clk

                     Capture       Launch     
        Clock Edge:+     260            0     
       Src Latency:+       0            0     
       Net Latency:+       0 (I)        0 (I) 
           Arrival:=     260            0     
                                              
             Setup:-      18                  
     Required Time:=     242                  
      Launch Clock:-       0                  
         Data Path:-     242                  
             Slack:=       0                  

#---------------------------------------------------------------------------------------------------------------------------------
#              Timing Point                Flags    Arc    Edge          Cell            Fanout Load Trans Delay Arrival Instance 
#                                                                                               (fF)  (ps)  (ps)   (ps)  Location 
#---------------------------------------------------------------------------------------------------------------------------------
  ROUND[8].U_ROUND_U_KEY_valid_out_reg/CLK -       -       R     (arrival)                10769    -     0     0       0    (-,-) 
  ROUND[8].U_ROUND_U_KEY_valid_out_reg/QN  -       CLK->QN F     DFFASRHQNx1_ASAP7_75t_L      1  1.6    24    43      43    (-,-) 
  g45937/Y                                 -       A->Y    F     BUFx6f_ASAP7_75t_L           4  7.8    12    21      64    (-,-) 
  g41555/Y                                 -       A->Y    R     INVx4_ASAP7_75t_L           10 11.1    24    15      79    (-,-) 
  fopt5696682/Y                            -       A->Y    F     INVx2_ASAP7_75t_L            2  2.6    13    10      88    (-,-) 
  g5641052/Y                               -       B->Y    F     AND2x4_ASAP7_75t_L           9  7.5    16    21     110    (-,-) 
  g5632292/Y                               -       B->Y    F     AND2x4_ASAP7_75t_L           3  4.3    11    19     129    (-,-) 
  g5703620/Y                               -       A->Y    R     INVx4_ASAP7_75t_L            6  6.2    14    10     139    (-,-) 
  g5628544/Y                               -       A->Y    F     INVx4_ASAP7_75t_L            8  7.4    14    10     149    (-,-) 
  g5628543/Y                               -       A->Y    R     INVx2_ASAP7_75t_L            5  3.8    17    12     161    (-,-) 
  g5457882/Y                               -       B2->Y   R     OA22x2_ASAP7_75t_L           1  1.0     9    18     180    (-,-) 
  g5447082/Y                               -       A2->Y   F     OAI22xp5_ASAP7_75t_L         1  0.9    19    11     190    (-,-) 
  g5442440/Y                               -       A->Y    R     NOR4xp25_ASAP7_75t_L         1  0.9    44    23     214    (-,-) 
  g43542/Y                                 -       B->Y    F     NAND2xp5_ASAP7_75t_L         1  1.4    26    18     231    (-,-) 
  g43532/Y                                 -       B->Y    R     NOR2x1_ASAP7_75t_L           1  1.0    16    12     242    (-,-) 
  U_SUB_ROM[12].ROM_dout_reg[1]/D          -       -       R     DFFASRHQNx1_ASAP7_75t_L      1    -     -     0     242    (-,-) 
#---------------------------------------------------------------------------------------------------------------------------------



Path 23: MET (0 ps) Setup Check with Pin U_SUB_ROM[15].ROM_dout_reg[6]/CLK->D
          Group: clk
     Startpoint: (R) ROUND[8].U_ROUND_U_KEY_valid_out_reg/CLK
          Clock: (R) clk
       Endpoint: (R) U_SUB_ROM[15].ROM_dout_reg[6]/D
          Clock: (R) clk

                     Capture       Launch     
        Clock Edge:+     260            0     
       Src Latency:+       0            0     
       Net Latency:+       0 (I)        0 (I) 
           Arrival:=     260            0     
                                              
             Setup:-      17                  
     Required Time:=     243                  
      Launch Clock:-       0                  
         Data Path:-     243                  
             Slack:=       0                  

#---------------------------------------------------------------------------------------------------------------------------------
#              Timing Point                Flags    Arc    Edge          Cell            Fanout Load Trans Delay Arrival Instance 
#                                                                                               (fF)  (ps)  (ps)   (ps)  Location 
#---------------------------------------------------------------------------------------------------------------------------------
  ROUND[8].U_ROUND_U_KEY_valid_out_reg/CLK -       -       R     (arrival)                10769    -     0     0       0    (-,-) 
  ROUND[8].U_ROUND_U_KEY_valid_out_reg/QN  -       CLK->QN F     DFFASRHQNx1_ASAP7_75t_L      1  1.6    24    43      43    (-,-) 
  g45937/Y                                 -       A->Y    F     BUFx6f_ASAP7_75t_L           4  7.8    12    21      64    (-,-) 
  fopt48417/Y                              -       A->Y    F     BUFx12f_ASAP7_75t_L          8 13.8    12    18      82    (-,-) 
  g5702897/Y                               -       B->Y    F     AND2x4_ASAP7_75t_L           7  8.7    18    22     104    (-,-) 
  g48428/Y                                 -       A->Y    R     INVx4_ASAP7_75t_L            7  6.3    16    12     116    (-,-) 
  g5672005/Y                               -       A->Y    R     OR2x6_ASAP7_75t_L           10  7.9    15    22     138    (-,-) 
  g5692313/Y                               -       A->Y    F     INVx1_ASAP7_75t_L            2  1.7    14    10     148    (-,-) 
  g5666581/Y                               -       B->Y    R     NAND2xp5_ASAP7_75t_L         1  1.0    17    12     160    (-,-) 
  g5603546/Y                               -       B1->Y   R     OA222x2_ASAP7_75t_L          1  0.9    12    27     187    (-,-) 
  g51118/Y                                 -       C->Y    R     AND5x1_ASAP7_75t_L           1  0.9    16    31     218    (-,-) 
  g5598185/Y                               -       B->Y    F     NAND2xp5_ASAP7_75t_L         1  1.4    22    13     232    (-,-) 
  g5597805/Y                               -       B->Y    R     NOR2x1_ASAP7_75t_L           1  1.0    16    11     243    (-,-) 
  U_SUB_ROM[15].ROM_dout_reg[6]/D          -       -       R     DFFASRHQNx1_ASAP7_75t_L      1    -     -     0     243    (-,-) 
#---------------------------------------------------------------------------------------------------------------------------------



Path 24: MET (0 ps) Setup Check with Pin U_SUB_ROM[8].ROM_dout_reg[3]/CLK->D
          Group: clk
     Startpoint: (R) ROUND[8].U_ROUND_U_KEY_valid_out_reg/CLK
          Clock: (R) clk
       Endpoint: (R) U_SUB_ROM[8].ROM_dout_reg[3]/D
          Clock: (R) clk

                     Capture       Launch     
        Clock Edge:+     260            0     
       Src Latency:+       0            0     
       Net Latency:+       0 (I)        0 (I) 
           Arrival:=     260            0     
                                              
             Setup:-      18                  
     Required Time:=     242                  
      Launch Clock:-       0                  
         Data Path:-     242                  
             Slack:=       0                  

#---------------------------------------------------------------------------------------------------------------------------------
#              Timing Point                Flags    Arc    Edge          Cell            Fanout Load Trans Delay Arrival Instance 
#                                                                                               (fF)  (ps)  (ps)   (ps)  Location 
#---------------------------------------------------------------------------------------------------------------------------------
  ROUND[8].U_ROUND_U_KEY_valid_out_reg/CLK -       -       R     (arrival)                10769    -     0     0       0    (-,-) 
  ROUND[8].U_ROUND_U_KEY_valid_out_reg/QN  -       CLK->QN F     DFFASRHQNx1_ASAP7_75t_L      1  1.6    24    43      43    (-,-) 
  g45937/Y                                 -       A->Y    F     BUFx6f_ASAP7_75t_L           4  7.8    12    21      64    (-,-) 
  g48488/Y                                 -       A->Y    F     BUFx6f_ASAP7_75t_L          13 15.4    19    22      86    (-,-) 
  g5703418/Y                               -       B->Y    F     AND2x4_ASAP7_75t_L           5  8.3    17    24     109    (-,-) 
  g5677952/Y                               -       A->Y    R     INVx2_ASAP7_75t_L            1  1.5    10     8     118    (-,-) 
  g5672558/Y                               -       A->Y    R     OR2x6_ASAP7_75t_L           10  9.3    18    22     139    (-,-) 
  g5668976/Y                               -       A->Y    F     INVx4_ASAP7_75t_L            5  5.0    12     9     148    (-,-) 
  g27140/Y                                 -       B->Y    R     NAND2x1p5_ASAP7_75t_L        2  2.2    19    11     159    (-,-) 
  g11924/Y                                 -       B1->Y   F     OAI32xp33_ASAP7_75t_L        2  1.5    38    22     181    (-,-) 
  g5432375/Y                               -       B->Y    R     NOR4xp25_ASAP7_75t_L         1  1.7    66    38     219    (-,-) 
  g5430184/Y                               -       C->Y    F     NAND3x1_ASAP7_75t_L          1  1.8    21    12     231    (-,-) 
  g5429293/Y                               -       A->Y    R     NOR3x1_ASAP7_75t_L           1  1.0    20    11     242    (-,-) 
  U_SUB_ROM[8].ROM_dout_reg[3]/D           -       -       R     DFFASRHQNx1_ASAP7_75t_L      1    -     -     0     242    (-,-) 
#---------------------------------------------------------------------------------------------------------------------------------



Path 25: MET (0 ps) Setup Check with Pin U_SUB_ROM[5].ROM_dout_reg[4]/CLK->D
          Group: clk
     Startpoint: (R) ROUND[8].U_ROUND_U_KEY_valid_out_reg/CLK
          Clock: (R) clk
       Endpoint: (R) U_SUB_ROM[5].ROM_dout_reg[4]/D
          Clock: (R) clk

                     Capture       Launch     
        Clock Edge:+     260            0     
       Src Latency:+       0            0     
       Net Latency:+       0 (I)        0 (I) 
           Arrival:=     260            0     
                                              
             Setup:-      17                  
     Required Time:=     243                  
      Launch Clock:-       0                  
         Data Path:-     243                  
             Slack:=       0                  

#---------------------------------------------------------------------------------------------------------------------------------
#              Timing Point                Flags    Arc    Edge          Cell            Fanout Load Trans Delay Arrival Instance 
#                                                                                               (fF)  (ps)  (ps)   (ps)  Location 
#---------------------------------------------------------------------------------------------------------------------------------
  ROUND[8].U_ROUND_U_KEY_valid_out_reg/CLK -       -       R     (arrival)                10769    -     0     0       0    (-,-) 
  ROUND[8].U_ROUND_U_KEY_valid_out_reg/QN  -       CLK->QN F     DFFASRHQNx1_ASAP7_75t_L      1  1.6    24    43      43    (-,-) 
  g45937/Y                                 -       A->Y    F     BUFx6f_ASAP7_75t_L           4  7.8    12    21      64    (-,-) 
  g41555/Y                                 -       A->Y    R     INVx4_ASAP7_75t_L           10 11.1    24    15      79    (-,-) 
  fopt5696739/Y                            -       A->Y    F     INVx2_ASAP7_75t_L            3  3.7    16    12      90    (-,-) 
  g5703810/Y                               -       B->Y    F     AND2x4_ASAP7_75t_L           7  7.8    16    22     113    (-,-) 
  fopt31492/Y                              -       A->Y    R     INVx1_ASAP7_75t_L            2  1.6    16    12     125    (-,-) 
  g5466002/Y                               -       B->Y    R     OR2x2_ASAP7_75t_L            3  2.3    13    19     144    (-,-) 
  g5703831/Y                               -       B->Y    R     OA211x2_ASAP7_75t_L          1  1.0    11    22     165    (-,-) 
  g5703830/Y                               -       A1->Y   R     OA222x2_ASAP7_75t_L          1  1.7    15    28     193    (-,-) 
  g5703828/Y                               -       B->Y    F     NAND3x1_ASAP7_75t_L          1  1.0    12     9     202    (-,-) 
  g5703827/Y                               -       A->Y    R     INVx1_ASAP7_75t_L            1  1.4    14    10     212    (-,-) 
  g5703806/Y                               -       D->Y    R     AND5x2_ASAP7_75t_L           1  1.0    13    31     243    (-,-) 
  U_SUB_ROM[5].ROM_dout_reg[4]/D           -       -       R     DFFASRHQNx1_ASAP7_75t_L      1    -     -     0     243    (-,-) 
#---------------------------------------------------------------------------------------------------------------------------------



Path 26: MET (0 ps) Setup Check with Pin U_SUB_ROM[2].ROM_dout_reg[4]/CLK->D
          Group: clk
     Startpoint: (R) ROUND[8].U_ROUND_U_KEY_valid_out_reg/CLK
          Clock: (R) clk
       Endpoint: (R) U_SUB_ROM[2].ROM_dout_reg[4]/D
          Clock: (R) clk

                     Capture       Launch     
        Clock Edge:+     260            0     
       Src Latency:+       0            0     
       Net Latency:+       0 (I)        0 (I) 
           Arrival:=     260            0     
                                              
             Setup:-      17                  
     Required Time:=     243                  
      Launch Clock:-       0                  
         Data Path:-     243                  
             Slack:=       0                  

#---------------------------------------------------------------------------------------------------------------------------------
#              Timing Point                Flags    Arc    Edge          Cell            Fanout Load Trans Delay Arrival Instance 
#                                                                                               (fF)  (ps)  (ps)   (ps)  Location 
#---------------------------------------------------------------------------------------------------------------------------------
  ROUND[8].U_ROUND_U_KEY_valid_out_reg/CLK -       -       R     (arrival)                10769    -     0     0       0    (-,-) 
  ROUND[8].U_ROUND_U_KEY_valid_out_reg/QN  -       CLK->QN F     DFFASRHQNx1_ASAP7_75t_L      1  1.6    24    43      43    (-,-) 
  g45937/Y                                 -       A->Y    F     BUFx6f_ASAP7_75t_L           4  7.8    12    21      64    (-,-) 
  fopt48417/Y                              -       A->Y    F     BUFx12f_ASAP7_75t_L          8 13.8    12    18      82    (-,-) 
  fopt15040/Y                              -       A->Y    F     BUFx12f_ASAP7_75t_L         14 14.1    12    18     100    (-,-) 
  g8360/Y                                  -       B->Y    F     AND2x2_ASAP7_75t_L           4  4.7    18    23     123    (-,-) 
  g5637707/Y                               -       A->Y    R     INVx4_ASAP7_75t_L           10  7.3    18    13     136    (-,-) 
  g5628891/Y                               -       B->Y    R     OR2x2_ASAP7_75t_L            2  1.8    12    19     155    (-,-) 
  g5457834/Y                               -       A1->Y   F     OAI22xp5_ASAP7_75t_L         1  0.9    22    12     166    (-,-) 
  g47758/Y                                 -       B->Y    R     AOI211xp5_ASAP7_75t_L        1  0.9    35    21     187    (-,-) 
  g47748/Y                                 -       B->Y    F     NAND2xp5_ASAP7_75t_L         1  1.9    29    19     206    (-,-) 
  g5440945/Y                               -       D->Y    R     NOR4xp75_ASAP7_75t_L         1  0.9    28    19     226    (-,-) 
  g44951/Y                                 -       A->Y    R     AND2x2_ASAP7_75t_L           1  1.0     9    18     243    (-,-) 
  U_SUB_ROM[2].ROM_dout_reg[4]/D           -       -       R     DFFASRHQNx1_ASAP7_75t_L      1    -     -     0     243    (-,-) 
#---------------------------------------------------------------------------------------------------------------------------------



Path 27: MET (0 ps) Setup Check with Pin U_SUB_ROM[13].ROM_dout_reg[7]/CLK->D
          Group: clk
     Startpoint: (R) ROUND[8].U_ROUND_U_KEY_valid_out_reg/CLK
          Clock: (R) clk
       Endpoint: (R) U_SUB_ROM[13].ROM_dout_reg[7]/D
          Clock: (R) clk

                     Capture       Launch     
        Clock Edge:+     260            0     
       Src Latency:+       0            0     
       Net Latency:+       0 (I)        0 (I) 
           Arrival:=     260            0     
                                              
             Setup:-      18                  
     Required Time:=     242                  
      Launch Clock:-       0                  
         Data Path:-     242                  
             Slack:=       0                  

#---------------------------------------------------------------------------------------------------------------------------------
#              Timing Point                Flags    Arc    Edge          Cell            Fanout Load Trans Delay Arrival Instance 
#                                                                                               (fF)  (ps)  (ps)   (ps)  Location 
#---------------------------------------------------------------------------------------------------------------------------------
  ROUND[8].U_ROUND_U_KEY_valid_out_reg/CLK -       -       R     (arrival)                10769    -     0     0       0    (-,-) 
  ROUND[8].U_ROUND_U_KEY_valid_out_reg/QN  -       CLK->QN F     DFFASRHQNx1_ASAP7_75t_L      1  1.6    24    43      43    (-,-) 
  g45937/Y                                 -       A->Y    F     BUFx6f_ASAP7_75t_L           4  7.8    12    21      64    (-,-) 
  g48488/Y                                 -       A->Y    F     BUFx6f_ASAP7_75t_L          13 15.4    19    22      86    (-,-) 
  g5641141/Y                               -       B->Y    R     NAND2x2_ASAP7_75t_L          4  5.6    33    19     104    (-,-) 
  g5639591/Y                               -       A->Y    F     INVx1_ASAP7_75t_L            3  2.2    21    15     119    (-,-) 
  g5635187/Y                               -       B->Y    R     NAND2xp5_ASAP7_75t_L         3  2.4    32    21     140    (-,-) 
  g5457890/Y                               -       B1->Y   R     OA22x2_ASAP7_75t_L           1  0.9    10    21     161    (-,-) 
  g5446912/Y                               -       B2->Y   F     OAI322xp33_ASAP7_75t_L       1  1.0    34    18     179    (-,-) 
  g5443992/Y                               -       A->Y    F     OR4x1_ASAP7_75t_L            1  0.9    14    31     210    (-,-) 
  g51085/Y                                 -       A->Y    F     OR2x2_ASAP7_75t_L            1  1.7    11    20     231    (-,-) 
  g51078/Y                                 -       C->Y    R     NOR3x1_ASAP7_75t_L           1  1.0    19    12     242    (-,-) 
  U_SUB_ROM[13].ROM_dout_reg[7]/D          -       -       R     DFFASRHQNx1_ASAP7_75t_L      1    -     -     0     242    (-,-) 
#---------------------------------------------------------------------------------------------------------------------------------



Path 28: MET (0 ps) Setup Check with Pin U_SUB_ROM[12].ROM_dout_reg[4]/CLK->D
          Group: clk
     Startpoint: (R) ROUND[8].U_ROUND_U_KEY_valid_out_reg/CLK
          Clock: (R) clk
       Endpoint: (R) U_SUB_ROM[12].ROM_dout_reg[4]/D
          Clock: (R) clk

                     Capture       Launch     
        Clock Edge:+     260            0     
       Src Latency:+       0            0     
       Net Latency:+       0 (I)        0 (I) 
           Arrival:=     260            0     
                                              
             Setup:-      20                  
     Required Time:=     240                  
      Launch Clock:-       0                  
         Data Path:-     240                  
             Slack:=       0                  

#---------------------------------------------------------------------------------------------------------------------------------
#              Timing Point                Flags    Arc    Edge          Cell            Fanout Load Trans Delay Arrival Instance 
#                                                                                               (fF)  (ps)  (ps)   (ps)  Location 
#---------------------------------------------------------------------------------------------------------------------------------
  ROUND[8].U_ROUND_U_KEY_valid_out_reg/CLK -       -       R     (arrival)                10769    -     0     0       0    (-,-) 
  ROUND[8].U_ROUND_U_KEY_valid_out_reg/QN  -       CLK->QN R     DFFASRHQNx1_ASAP7_75t_L      1  1.6    23    44      44    (-,-) 
  g45937/Y                                 -       A->Y    R     BUFx6f_ASAP7_75t_L           4  7.8    14    19      63    (-,-) 
  g48488/Y                                 -       A->Y    R     BUFx6f_ASAP7_75t_L          13 15.4    23    22      85    (-,-) 
  fopt7322/Y                               -       A->Y    R     BUFx6f_ASAP7_75t_L           6  7.4    14    19     104    (-,-) 
  fopt7326/Y                               -       A->Y    F     INVx3_ASAP7_75t_L            5  4.2    12     9     113    (-,-) 
  fopt5696744/Y                            -       A->Y    F     BUFx6f_ASAP7_75t_L           9  9.4    14    19     132    (-,-) 
  fopt5696747/Y                            -       A->Y    R     INVx6_ASAP7_75t_L            8  6.4    12     9     141    (-,-) 
  fopt5696746/Y                            -       A->Y    F     INVx2_ASAP7_75t_L            5  3.8    14    10     151    (-,-) 
  g5618400/Y                               -       B2->Y   R     AOI22xp5_ASAP7_75t_L         1  0.8    24    14     165    (-,-) 
  g5609906/Y                               -       B->Y    R     OA211x2_ASAP7_75t_L          1  0.8    11    23     187    (-,-) 
  g5606803/Y                               -       B->Y    R     OA211x2_ASAP7_75t_L          1  1.7    14    23     210    (-,-) 
  g5605338__5526/Y                         -       A->Y    F     NAND3x1_ASAP7_75t_L          1  1.9    19    10     220    (-,-) 
  g5604670__1705/Y                         -       D->Y    R     NOR4xp75_ASAP7_75t_L         1  1.0    30    19     240    (-,-) 
  U_SUB_ROM[12].ROM_dout_reg[4]/D          -       -       R     DFFASRHQNx1_ASAP7_75t_L      1    -     -     0     240    (-,-) 
#---------------------------------------------------------------------------------------------------------------------------------



Path 29: MET (0 ps) Setup Check with Pin U_SUB_ROM[6].ROM_dout_reg[4]/CLK->D
          Group: clk
     Startpoint: (R) ROUND[8].U_ROUND_U_KEY_valid_out_reg/CLK
          Clock: (R) clk
       Endpoint: (R) U_SUB_ROM[6].ROM_dout_reg[4]/D
          Clock: (R) clk

                     Capture       Launch     
        Clock Edge:+     260            0     
       Src Latency:+       0            0     
       Net Latency:+       0 (I)        0 (I) 
           Arrival:=     260            0     
                                              
             Setup:-      18                  
     Required Time:=     242                  
      Launch Clock:-       0                  
         Data Path:-     242                  
             Slack:=       0                  

#---------------------------------------------------------------------------------------------------------------------------------
#              Timing Point                Flags    Arc    Edge          Cell            Fanout Load Trans Delay Arrival Instance 
#                                                                                               (fF)  (ps)  (ps)   (ps)  Location 
#---------------------------------------------------------------------------------------------------------------------------------
  ROUND[8].U_ROUND_U_KEY_valid_out_reg/CLK -       -       R     (arrival)                10769    -     0     0       0    (-,-) 
  ROUND[8].U_ROUND_U_KEY_valid_out_reg/QN  -       CLK->QN F     DFFASRHQNx1_ASAP7_75t_L      1  1.6    24    43      43    (-,-) 
  g45937/Y                                 -       A->Y    F     BUFx6f_ASAP7_75t_L           4  7.8    12    21      64    (-,-) 
  g48353/Y                                 -       A->Y    F     BUFx8_ASAP7_75t_L            7  7.9    13    23      87    (-,-) 
  g5703612/Y                               -       B->Y    F     AND2x4_ASAP7_75t_L           5  6.5    15    20     107    (-,-) 
  g46086/Y                                 -       B->Y    F     AND2x4_ASAP7_75t_L           4  5.9    13    20     128    (-,-) 
  g46085/Y                                 -       A->Y    R     INVx4_ASAP7_75t_L            7  6.1    15    11     138    (-,-) 
  g5625510/Y                               -       A->Y    R     OR3x1_ASAP7_75t_L            2  1.7    16    16     155    (-,-) 
  g5623436/Y                               -       A->Y    F     INVx1_ASAP7_75t_L            1  0.9    10     8     162    (-,-) 
  g5615023/Y                               -       C->Y    R     AOI221xp5_ASAP7_75t_L        1  0.9    34    19     182    (-,-) 
  g5605746/Y                               -       B->Y    R     AND5x1_ASAP7_75t_L           1  0.9    16    33     215    (-,-) 
  g5703709/Y                               -       B->Y    F     NAND2xp5_ASAP7_75t_L         1  1.7    25    15     229    (-,-) 
  g45305/Y                                 -       C->Y    R     NOR3x1_ASAP7_75t_L           1  1.0    18    13     242    (-,-) 
  U_SUB_ROM[6].ROM_dout_reg[4]/D           -       -       R     DFFASRHQNx1_ASAP7_75t_L      1    -     -     0     242    (-,-) 
#---------------------------------------------------------------------------------------------------------------------------------



Path 30: MET (0 ps) Setup Check with Pin U_SUB_ROM[14].ROM_dout_reg[3]/CLK->D
          Group: clk
     Startpoint: (R) ROUND[8].U_ROUND_U_KEY_valid_out_reg/CLK
          Clock: (R) clk
       Endpoint: (R) U_SUB_ROM[14].ROM_dout_reg[3]/D
          Clock: (R) clk

                     Capture       Launch     
        Clock Edge:+     260            0     
       Src Latency:+       0            0     
       Net Latency:+       0 (I)        0 (I) 
           Arrival:=     260            0     
                                              
             Setup:-      18                  
     Required Time:=     242                  
      Launch Clock:-       0                  
         Data Path:-     242                  
             Slack:=       0                  

#---------------------------------------------------------------------------------------------------------------------------------
#              Timing Point                Flags    Arc    Edge          Cell            Fanout Load Trans Delay Arrival Instance 
#                                                                                               (fF)  (ps)  (ps)   (ps)  Location 
#---------------------------------------------------------------------------------------------------------------------------------
  ROUND[8].U_ROUND_U_KEY_valid_out_reg/CLK -       -       R     (arrival)                10769    -     0     0       0    (-,-) 
  ROUND[8].U_ROUND_U_KEY_valid_out_reg/QN  -       CLK->QN F     DFFASRHQNx1_ASAP7_75t_L      1  1.6    24    43      43    (-,-) 
  g45937/Y                                 -       A->Y    F     BUFx6f_ASAP7_75t_L           4  7.8    12    21      64    (-,-) 
  g48488/Y                                 -       A->Y    F     BUFx6f_ASAP7_75t_L          13 15.4    19    22      86    (-,-) 
  g6483/Y                                  -       B->Y    F     AND2x4_ASAP7_75t_L           7  8.0    17    23     109    (-,-) 
  fopt14727/Y                              -       A->Y    F     BUFx4f_ASAP7_75t_L           6  6.4    14    21     130    (-,-) 
  fopt14725/Y                              -       A->Y    R     INVx4_ASAP7_75t_L            4  3.0    10     8     137    (-,-) 
  g5464506/Y                               -       B->Y    R     OR2x2_ASAP7_75t_L            3  2.4    14    18     155    (-,-) 
  g5455188/Y                               -       A2->Y   F     OAI22xp5_ASAP7_75t_L         1  1.0    20    12     167    (-,-) 
  g5443444/Y                               -       C->Y    F     OR4x1_ASAP7_75t_L            1  1.7    18    34     201    (-,-) 
  g5441200/Y                               -       B->Y    R     NOR3x1_ASAP7_75t_L           1  0.9    19    12     213    (-,-) 
  g5703657/Y                               -       A->Y    F     NAND3xp33_ASAP7_75t_L        1  1.1    28    16     228    (-,-) 
  g42691/Y                                 -       B->Y    R     NOR2xp67_ASAP7_75t_L         1  1.0    20    14     242    (-,-) 
  U_SUB_ROM[14].ROM_dout_reg[3]/D          -       -       R     DFFASRHQNx1_ASAP7_75t_L      1    -     -     0     242    (-,-) 
#---------------------------------------------------------------------------------------------------------------------------------



Path 31: MET (0 ps) Setup Check with Pin U_SUB_ROM[12].ROM_dout_reg[6]/CLK->D
          Group: clk
     Startpoint: (R) ROUND[8].U_ROUND_U_KEY_data_out_reg[100]/CLK
          Clock: (R) clk
       Endpoint: (R) U_SUB_ROM[12].ROM_dout_reg[6]/D
          Clock: (R) clk

                     Capture       Launch     
        Clock Edge:+     260            0     
       Src Latency:+       0            0     
       Net Latency:+       0 (I)        0 (I) 
           Arrival:=     260            0     
                                              
             Setup:-      18                  
     Required Time:=     242                  
      Launch Clock:-       0                  
         Data Path:-     242                  
             Slack:=       0                  

#-------------------------------------------------------------------------------------------------------------------------------------
#                Timing Point                  Flags    Arc    Edge          Cell            Fanout Load Trans Delay Arrival Instance 
#                                                                                                   (fF)  (ps)  (ps)   (ps)  Location 
#-------------------------------------------------------------------------------------------------------------------------------------
  ROUND[8].U_ROUND_U_KEY_data_out_reg[100]/CLK -       -       R     (arrival)                10769    -     0     0       0    (-,-) 
  ROUND[8].U_ROUND_U_KEY_data_out_reg[100]/QN  -       CLK->QN R     DFFASRHQNx1_ASAP7_75t_L      4  3.1    35    51      51    (-,-) 
  g5641185/Y                                   -       A->Y    R     OR2x2_ASAP7_75t_L           14 11.4    46    40      90    (-,-) 
  g5639712/Y                                   -       A->Y    F     INVx3_ASAP7_75t_L           10  7.0    24    17     107    (-,-) 
  g43482/Y                                     -       A->Y    R     NAND2xp5_ASAP7_75t_L         7  5.2    64    37     144    (-,-) 
  g43484/Y                                     -       A2->Y   R     OA33x2_ASAP7_75t_L           1  0.9    10    26     170    (-,-) 
  g43483/Y                                     -       C->Y    F     OAI221xp5_ASAP7_75t_L        1  0.9    28    14     184    (-,-) 
  g45189/Y                                     -       A->Y    R     NOR4xp25_ASAP7_75t_L         1  0.9    44    25     210    (-,-) 
  g45187/Y                                     -       B->Y    F     NAND2xp5_ASAP7_75t_L         1  1.7    29    19     229    (-,-) 
  g45181/Y                                     -       C->Y    R     NOR3x1_ASAP7_75t_L           1  1.0    19    13     242    (-,-) 
  U_SUB_ROM[12].ROM_dout_reg[6]/D              -       -       R     DFFASRHQNx1_ASAP7_75t_L      1    -     -     0     242    (-,-) 
#-------------------------------------------------------------------------------------------------------------------------------------



Path 32: MET (0 ps) Setup Check with Pin U_SUB_ROM[7].ROM_dout_reg[3]/CLK->D
          Group: clk
     Startpoint: (R) ROUND[8].U_ROUND_U_KEY_valid_out_reg/CLK
          Clock: (R) clk
       Endpoint: (R) U_SUB_ROM[7].ROM_dout_reg[3]/D
          Clock: (R) clk

                     Capture       Launch     
        Clock Edge:+     260            0     
       Src Latency:+       0            0     
       Net Latency:+       0 (I)        0 (I) 
           Arrival:=     260            0     
                                              
             Setup:-      18                  
     Required Time:=     242                  
      Launch Clock:-       0                  
         Data Path:-     242                  
             Slack:=       0                  

#---------------------------------------------------------------------------------------------------------------------------------
#              Timing Point                Flags    Arc    Edge          Cell            Fanout Load Trans Delay Arrival Instance 
#                                                                                               (fF)  (ps)  (ps)   (ps)  Location 
#---------------------------------------------------------------------------------------------------------------------------------
  ROUND[8].U_ROUND_U_KEY_valid_out_reg/CLK -       -       R     (arrival)                10769    -     0     0       0    (-,-) 
  ROUND[8].U_ROUND_U_KEY_valid_out_reg/QN  -       CLK->QN F     DFFASRHQNx1_ASAP7_75t_L      1  1.6    24    43      43    (-,-) 
  g45937/Y                                 -       A->Y    F     BUFx6f_ASAP7_75t_L           4  7.8    12    21      64    (-,-) 
  g48488/Y                                 -       A->Y    F     BUFx6f_ASAP7_75t_L          13 15.4    19    22      86    (-,-) 
  g5641108/Y                               -       B->Y    F     AND2x4_ASAP7_75t_L           5  6.0    14    22     108    (-,-) 
  g5639493/Y                               -       A->Y    R     INVx2_ASAP7_75t_L            1  1.5    10     8     115    (-,-) 
  g39612/Y                                 -       A->Y    R     OR2x6_ASAP7_75t_L            6  7.9    16    21     136    (-,-) 
  g5626354/Y                               -       A->Y    R     OR2x6_ASAP7_75t_L            5  4.5    12    20     156    (-,-) 
  g25964/Y                                 -       A->Y    F     INVx2_ASAP7_75t_L            4  2.9    11     8     164    (-,-) 
  g5618100/Y                               -       B->Y    R     OAI21xp5_ASAP7_75t_L         1  0.9    23     9     174    (-,-) 
  g5609797/Y                               -       C->Y    F     OAI221xp5_ASAP7_75t_L        1  0.9    31    16     190    (-,-) 
  g5605514/Y                               -       B->Y    R     NOR3xp33_ASAP7_75t_L         1  1.7    47    28     218    (-,-) 
  g5604945__5526/Y                         -       B->Y    F     NAND3x1_ASAP7_75t_L          1  1.8    21    13     231    (-,-) 
  g5604506__6131/Y                         -       A->Y    R     NOR3x1_ASAP7_75t_L           1  1.0    20    11     242    (-,-) 
  U_SUB_ROM[7].ROM_dout_reg[3]/D           -       -       R     DFFASRHQNx1_ASAP7_75t_L      1    -     -     0     242    (-,-) 
#---------------------------------------------------------------------------------------------------------------------------------



Path 33: MET (0 ps) Setup Check with Pin ROUND[8].U_ROUND_U_SUB_ROM[7].ROM_dout_reg[6]/CLK->D
          Group: clk
     Startpoint: (R) ROUND[7].U_ROUND_U_KEY_valid_out_reg/CLK
          Clock: (R) clk
       Endpoint: (R) ROUND[8].U_ROUND_U_SUB_ROM[7].ROM_dout_reg[6]/D
          Clock: (R) clk

                     Capture       Launch     
        Clock Edge:+     260            0     
       Src Latency:+       0            0     
       Net Latency:+       0 (I)        0 (I) 
           Arrival:=     260            0     
                                              
             Setup:-      17                  
     Required Time:=     243                  
      Launch Clock:-       0                  
         Data Path:-     243                  
             Slack:=       0                  

#----------------------------------------------------------------------------------------------------------------------------------------
#                  Timing Point                   Flags    Arc    Edge          Cell            Fanout Load Trans Delay Arrival Instance 
#                                                                                                      (fF)  (ps)  (ps)   (ps)  Location 
#----------------------------------------------------------------------------------------------------------------------------------------
  ROUND[7].U_ROUND_U_KEY_valid_out_reg/CLK        -       -       R     (arrival)                10769    -     0     0       0    (-,-) 
  ROUND[7].U_ROUND_U_KEY_valid_out_reg/QN         -       CLK->QN F     DFFASRHQNx1_ASAP7_75t_L      1  1.6    24    43      43    (-,-) 
  fopt51041/Y                                     -       A->Y    F     BUFx6f_ASAP7_75t_L           3  7.9    12    21      64    (-,-) 
  fopt52380/Y                                     -       A->Y    F     BUFx12f_ASAP7_75t_L         16 20.6    16    20      84    (-,-) 
  g5652455/Y                                      -       A->Y    F     BUFx6f_ASAP7_75t_L           7  7.9    12    19     103    (-,-) 
  g5703030/Y                                      -       A->Y    R     INVx4_ASAP7_75t_L            3  4.7    12     9     112    (-,-) 
  g5652453/Y                                      -       A->Y    F     INVx5_ASAP7_75t_L            7  7.3    12     9     121    (-,-) 
  g5630685/Y                                      -       A->Y    F     AND2x2_ASAP7_75t_L           2  2.3    11    20     141    (-,-) 
  g5626788/Y                                      -       A->Y    R     INVx2_ASAP7_75t_L            3  2.9    14    10     150    (-,-) 
  g10285/Y                                        -       B2->Y   F     OAI33xp33_ASAP7_75t_L        2  1.6    43    23     173    (-,-) 
  g10289/Y                                        -       C->Y    F     OR4x1_ASAP7_75t_L            1  1.4    17    35     208    (-,-) 
  g10287/Y                                        -       B->Y    R     NOR2x1_ASAP7_75t_L           1  1.0    16    10     218    (-,-) 
  g5604552__10286/Y                               -       A->Y    R     AND4x1_ASAP7_75t_L           1  1.0    15    24     243    (-,-) 
  ROUND[8].U_ROUND_U_SUB_ROM[7].ROM_dout_reg[6]/D -       -       R     DFFASRHQNx1_ASAP7_75t_L      1    -     -     0     243    (-,-) 
#----------------------------------------------------------------------------------------------------------------------------------------



Path 34: MET (0 ps) Setup Check with Pin ROUND[8].U_ROUND_U_SUB_ROM[13].ROM_dout_reg[6]/CLK->D
          Group: clk
     Startpoint: (R) ROUND[7].U_ROUND_U_KEY_valid_out_reg/CLK
          Clock: (R) clk
       Endpoint: (R) ROUND[8].U_ROUND_U_SUB_ROM[13].ROM_dout_reg[6]/D
          Clock: (R) clk

                     Capture       Launch     
        Clock Edge:+     260            0     
       Src Latency:+       0            0     
       Net Latency:+       0 (I)        0 (I) 
           Arrival:=     260            0     
                                              
             Setup:-      18                  
     Required Time:=     242                  
      Launch Clock:-       0                  
         Data Path:-     242                  
             Slack:=       0                  

#-----------------------------------------------------------------------------------------------------------------------------------------
#                  Timing Point                    Flags    Arc    Edge          Cell            Fanout Load Trans Delay Arrival Instance 
#                                                                                                       (fF)  (ps)  (ps)   (ps)  Location 
#-----------------------------------------------------------------------------------------------------------------------------------------
  ROUND[7].U_ROUND_U_KEY_valid_out_reg/CLK         -       -       R     (arrival)                10769    -     0     0       0    (-,-) 
  ROUND[7].U_ROUND_U_KEY_valid_out_reg/QN          -       CLK->QN F     DFFASRHQNx1_ASAP7_75t_L      1  1.6    24    43      43    (-,-) 
  fopt51041/Y                                      -       A->Y    F     BUFx6f_ASAP7_75t_L           3  7.9    12    21      64    (-,-) 
  fopt52380/Y                                      -       A->Y    F     BUFx12f_ASAP7_75t_L         16 20.6    16    20      84    (-,-) 
  g5640888/Y                                       -       B->Y    F     AND2x4_ASAP7_75t_L           3  3.5    10    18     103    (-,-) 
  g5703478/Y                                       -       A->Y    F     BUFx6f_ASAP7_75t_L           8 11.0    15    19     122    (-,-) 
  g11767/Y                                         -       B->Y    F     AND2x4_ASAP7_75t_L           4  5.3    12    20     141    (-,-) 
  g5627118/Y                                       -       A->Y    R     INVx3_ASAP7_75t_L            6  4.6    15    10     152    (-,-) 
  g5471398/Y                                       -       A->Y    F     INVx1_ASAP7_75t_L            1  1.0    10     8     160    (-,-) 
  g5448261/Y                                       -       A2->Y   R     AOI22xp5_ASAP7_75t_L         1  0.9    24    14     173    (-,-) 
  g4249/Y                                          -       C->Y    F     OAI321xp33_ASAP7_75t_L       1  0.9    31    18     191    (-,-) 
  g5442004/Y                                       -       A->Y    F     OR5x1_ASAP7_75t_L            1  1.7    20    38     229    (-,-) 
  g5440578/Y                                       -       C->Y    R     NOR3x1_ASAP7_75t_L           1  1.0    22    13     242    (-,-) 
  ROUND[8].U_ROUND_U_SUB_ROM[13].ROM_dout_reg[6]/D -       -       R     DFFASRHQNx1_ASAP7_75t_L      1    -     -     0     242    (-,-) 
#-----------------------------------------------------------------------------------------------------------------------------------------



Path 35: MET (0 ps) Setup Check with Pin ROUND[8].U_ROUND_U_SUB_ROM[13].ROM_dout_reg[4]/CLK->D
          Group: clk
     Startpoint: (R) ROUND[7].U_ROUND_U_KEY_valid_out_reg/CLK
          Clock: (R) clk
       Endpoint: (R) ROUND[8].U_ROUND_U_SUB_ROM[13].ROM_dout_reg[4]/D
          Clock: (R) clk

                     Capture       Launch     
        Clock Edge:+     260            0     
       Src Latency:+       0            0     
       Net Latency:+       0 (I)        0 (I) 
           Arrival:=     260            0     
                                              
             Setup:-      17                  
     Required Time:=     243                  
      Launch Clock:-       0                  
         Data Path:-     243                  
             Slack:=       0                  

#-----------------------------------------------------------------------------------------------------------------------------------------
#                  Timing Point                    Flags    Arc    Edge          Cell            Fanout Load Trans Delay Arrival Instance 
#                                                                                                       (fF)  (ps)  (ps)   (ps)  Location 
#-----------------------------------------------------------------------------------------------------------------------------------------
  ROUND[7].U_ROUND_U_KEY_valid_out_reg/CLK         -       -       R     (arrival)                10769    -     0     0       0    (-,-) 
  ROUND[7].U_ROUND_U_KEY_valid_out_reg/QN          -       CLK->QN F     DFFASRHQNx1_ASAP7_75t_L      1  1.6    24    43      43    (-,-) 
  fopt51041/Y                                      -       A->Y    F     BUFx6f_ASAP7_75t_L           3  7.9    12    21      64    (-,-) 
  fopt52380/Y                                      -       A->Y    F     BUFx12f_ASAP7_75t_L         16 20.6    16    20      84    (-,-) 
  g5640888/Y                                       -       B->Y    F     AND2x4_ASAP7_75t_L           3  3.5    10    18     103    (-,-) 
  g5632007/Y                                       -       B->Y    F     AND2x4_ASAP7_75t_L           4  4.2    11    17     120    (-,-) 
  g5628031/Y                                       -       A->Y    R     INVx3_ASAP7_75t_L           10  7.4    21    13     133    (-,-) 
  g5465811/Y                                       -       B->Y    F     NOR2xp67_ASAP7_75t_L         2  1.8    24    16     149    (-,-) 
  g5464656/Y                                       -       A->Y    R     INVx1_ASAP7_75t_L            1  1.0    14    11     160    (-,-) 
  g5446604/Y                                       -       B->Y    F     O2A1O1Ixp33_ASAP7_75t_L      1  1.0    23    13     173    (-,-) 
  g5444408/Y                                       -       C->Y    F     OR3x1_ASAP7_75t_L            1  1.0    12    25     198    (-,-) 
  g5443307/Y                                       -       C->Y    R     O2A1O1Ixp33_ASAP7_75t_L      1  1.0    34    18     216    (-,-) 
  g5440393/Y                                       -       C->Y    R     AND4x1_ASAP7_75t_L           1  1.0    15    27     243    (-,-) 
  ROUND[8].U_ROUND_U_SUB_ROM[13].ROM_dout_reg[4]/D -       -       R     DFFASRHQNx1_ASAP7_75t_L      1    -     -     0     243    (-,-) 
#-----------------------------------------------------------------------------------------------------------------------------------------



Path 36: MET (0 ps) Setup Check with Pin ROUND[8].U_ROUND_U_SUB_ROM[7].ROM_dout_reg[4]/CLK->D
          Group: clk
     Startpoint: (R) ROUND[7].U_ROUND_U_KEY_valid_out_reg/CLK
          Clock: (R) clk
       Endpoint: (R) ROUND[8].U_ROUND_U_SUB_ROM[7].ROM_dout_reg[4]/D
          Clock: (R) clk

                     Capture       Launch     
        Clock Edge:+     260            0     
       Src Latency:+       0            0     
       Net Latency:+       0 (I)        0 (I) 
           Arrival:=     260            0     
                                              
             Setup:-      21                  
     Required Time:=     239                  
      Launch Clock:-       0                  
         Data Path:-     239                  
             Slack:=       0                  

#----------------------------------------------------------------------------------------------------------------------------------------
#                  Timing Point                   Flags    Arc    Edge          Cell            Fanout Load Trans Delay Arrival Instance 
#                                                                                                      (fF)  (ps)  (ps)   (ps)  Location 
#----------------------------------------------------------------------------------------------------------------------------------------
  ROUND[7].U_ROUND_U_KEY_valid_out_reg/CLK        -       -       R     (arrival)                10769    -     0     0       0    (-,-) 
  ROUND[7].U_ROUND_U_KEY_valid_out_reg/QN         -       CLK->QN F     DFFASRHQNx1_ASAP7_75t_L      1  1.6    24    43      43    (-,-) 
  fopt51041/Y                                     -       A->Y    F     BUFx6f_ASAP7_75t_L           3  7.9    12    21      64    (-,-) 
  fopt52380/Y                                     -       A->Y    F     BUFx12f_ASAP7_75t_L         16 20.6    16    20      84    (-,-) 
  g5652430/Y                                      -       A->Y    R     INVx4_ASAP7_75t_L            4  3.7    12     9      93    (-,-) 
  g52679/Y                                        -       A->Y    F     INVx2_ASAP7_75t_L            4  3.4    13     9     102    (-,-) 
  g52682/Y                                        -       B->Y    F     AND2x4_ASAP7_75t_L           3  3.4    10    17     120    (-,-) 
  g52683/Y                                        -       B->Y    F     AND2x4_ASAP7_75t_L           2  3.2    10    16     136    (-,-) 
  g1663/Y                                         -       A->Y    F     BUFx4f_ASAP7_75t_L           5  4.2    10    17     153    (-,-) 
  g1664/Y                                         -       A->Y    R     INVx1_ASAP7_75t_L            1  0.9    10     8     161    (-,-) 
  g5614670/Y                                      -       B1->Y   F     OAI22xp5_ASAP7_75t_L         1  0.9    19    11     172    (-,-) 
  g5608801/Y                                      -       B->Y    R     NAND2xp5_ASAP7_75t_L         1  0.9    21    13     184    (-,-) 
  g5606873/Y                                      -       C->Y    F     NAND5xp2_ASAP7_75t_L         1  1.9    62    33     217    (-,-) 
  g5604647__26276/Y                               -       C->Y    R     NOR4xp75_ASAP7_75t_L         1  1.0    32    22     239    (-,-) 
  ROUND[8].U_ROUND_U_SUB_ROM[7].ROM_dout_reg[4]/D -       -       R     DFFASRHQNx1_ASAP7_75t_L      1    -     -     0     239    (-,-) 
#----------------------------------------------------------------------------------------------------------------------------------------



Path 37: MET (0 ps) Setup Check with Pin ROUND[8].U_ROUND_U_SUB_ROM[7].ROM_dout_reg[2]/CLK->D
          Group: clk
     Startpoint: (R) ROUND[7].U_ROUND_U_KEY_valid_out_reg/CLK
          Clock: (R) clk
       Endpoint: (F) ROUND[8].U_ROUND_U_SUB_ROM[7].ROM_dout_reg[2]/D
          Clock: (R) clk

                     Capture       Launch     
        Clock Edge:+     260            0     
       Src Latency:+       0            0     
       Net Latency:+       0 (I)        0 (I) 
           Arrival:=     260            0     
                                              
             Setup:-      10                  
     Required Time:=     250                  
      Launch Clock:-       0                  
         Data Path:-     250                  
             Slack:=       0                  

#----------------------------------------------------------------------------------------------------------------------------------------
#                  Timing Point                   Flags    Arc    Edge          Cell            Fanout Load Trans Delay Arrival Instance 
#                                                                                                      (fF)  (ps)  (ps)   (ps)  Location 
#----------------------------------------------------------------------------------------------------------------------------------------
  ROUND[7].U_ROUND_U_KEY_valid_out_reg/CLK        -       -       R     (arrival)                10769    -     0     0       0    (-,-) 
  ROUND[7].U_ROUND_U_KEY_valid_out_reg/QN         -       CLK->QN R     DFFASRHQNx1_ASAP7_75t_L      1  1.6    23    44      44    (-,-) 
  fopt51041/Y                                     -       A->Y    R     BUFx6f_ASAP7_75t_L           3  7.9    14    20      63    (-,-) 
  fopt52380/Y                                     -       A->Y    R     BUFx12f_ASAP7_75t_L         16 20.7    19    20      83    (-,-) 
  g5652430/Y                                      -       A->Y    F     INVx4_ASAP7_75t_L            4  3.7    10     8      91    (-,-) 
  g52679/Y                                        -       A->Y    R     INVx2_ASAP7_75t_L            4  3.4    15    10     101    (-,-) 
  g52682/Y                                        -       B->Y    R     AND2x4_ASAP7_75t_L           3  3.4    11    18     119    (-,-) 
  g52683/Y                                        -       B->Y    R     AND2x4_ASAP7_75t_L           2  3.2    12    17     136    (-,-) 
  g5703521/Y                                      -       B->Y    F     NAND2x1p5_ASAP7_75t_L        2  1.9    13     8     144    (-,-) 
  g5703520/Y                                      -       B->Y    F     AND2x4_ASAP7_75t_L           1  1.0     6    15     160    (-,-) 
  g5609752/Y                                      -       A2->Y   F     OA21x2_ASAP7_75t_L           1  1.3    10    19     178    (-,-) 
  g25210/Y                                        -       C->Y    F     OA221x2_ASAP7_75t_L          1  1.9    14    22     200    (-,-) 
  g25209/Y                                        -       A->Y    R     NAND2x1p5_ASAP7_75t_L        1  2.0    16    12     213    (-,-) 
  g25208/Y                                        -       B->Y    F     NOR2x1p5_ASAP7_75t_L         1  1.7    18     9     222    (-,-) 
  g5605407__4733/Y                                -       A->Y    R     NAND3x1_ASAP7_75t_L          1  1.8    29    16     238    (-,-) 
  g5604947__3680/Y                                -       A->Y    F     NOR3x1_ASAP7_75t_L           1  1.0    26    13     250    (-,-) 
  ROUND[8].U_ROUND_U_SUB_ROM[7].ROM_dout_reg[2]/D -       -       F     DFFASRHQNx1_ASAP7_75t_L      1    -     -     0     250    (-,-) 
#----------------------------------------------------------------------------------------------------------------------------------------



Path 38: MET (0 ps) Setup Check with Pin U_SUB_ROM[8].ROM_dout_reg[5]/CLK->D
          Group: clk
     Startpoint: (R) ROUND[8].U_ROUND_U_KEY_data_out_reg[66]/CLK
          Clock: (R) clk
       Endpoint: (R) U_SUB_ROM[8].ROM_dout_reg[5]/D
          Clock: (R) clk

                     Capture       Launch     
        Clock Edge:+     260            0     
       Src Latency:+       0            0     
       Net Latency:+       0 (I)        0 (I) 
           Arrival:=     260            0     
                                              
             Setup:-      18                  
     Required Time:=     242                  
      Launch Clock:-       0                  
         Data Path:-     242                  
             Slack:=       0                  

#------------------------------------------------------------------------------------------------------------------------------------
#                Timing Point                 Flags    Arc    Edge          Cell            Fanout Load Trans Delay Arrival Instance 
#                                                                                                  (fF)  (ps)  (ps)   (ps)  Location 
#------------------------------------------------------------------------------------------------------------------------------------
  ROUND[8].U_ROUND_U_KEY_data_out_reg[66]/CLK -       -       R     (arrival)                10769    -     0     0       0    (-,-) 
  ROUND[8].U_ROUND_U_KEY_data_out_reg[66]/QN  -       CLK->QN R     DFFASRHQNx1_ASAP7_75t_L      2  2.3    29    47      47    (-,-) 
  g27129/Y                                    -       A->Y    R     BUFx6f_ASAP7_75t_L          22 21.4    31    28      75    (-,-) 
  g5683062/Y                                  -       A->Y    F     INVx8_ASAP7_75t_L           17 12.9    18    12      88    (-,-) 
  g5681346/Y                                  -       B->Y    F     AND2x4_ASAP7_75t_L          13 11.7    22    26     113    (-,-) 
  g5675904/Y                                  -       B->Y    R     NAND2x1_ASAP7_75t_L          4  3.6    35    22     135    (-,-) 
  g5673166/Y                                  -       A->Y    F     INVx2_ASAP7_75t_L            1  1.4    12     8     143    (-,-) 
  g5703422/Y                                  -       A->Y    R     NAND2x1_ASAP7_75t_L          4  2.9    28    18     161    (-,-) 
  g5601998/Y                                  -       B->Y    R     OA211x2_ASAP7_75t_L          1  1.0    11    24     185    (-,-) 
  g5599746/Y                                  -       B->Y    R     AND4x1_ASAP7_75t_L           1  0.9    14    23     208    (-,-) 
  g5598232/Y                                  -       B->Y    F     OAI211xp5_ASAP7_75t_L        1  1.8    40    20     228    (-,-) 
  g5703414/Y                                  -       A->Y    R     NOR3x1_ASAP7_75t_L           1  1.0    22    13     242    (-,-) 
  U_SUB_ROM[8].ROM_dout_reg[5]/D              -       -       R     DFFASRHQNx1_ASAP7_75t_L      1    -     -     0     242    (-,-) 
#------------------------------------------------------------------------------------------------------------------------------------



Path 39: MET (0 ps) Setup Check with Pin U_KEYEXP_ROUND_KEY_GEN[9].RKGEN_U_SUB_U_ROM[1].ROM_dout_reg[6]/CLK->D
          Group: clk
     Startpoint: (R) U_KEYEXP_ROUND_KEY_GEN[9].RKGEN_U_valid_FirstStage_reg/CLK
          Clock: (R) clk
       Endpoint: (R) U_KEYEXP_ROUND_KEY_GEN[9].RKGEN_U_SUB_U_ROM[1].ROM_dout_reg[6]/D
          Clock: (R) clk

                     Capture       Launch     
        Clock Edge:+     260            0     
       Src Latency:+       0            0     
       Net Latency:+       0 (I)        0 (I) 
           Arrival:=     260            0     
                                              
             Setup:-      17                  
     Required Time:=     243                  
      Launch Clock:-       0                  
         Data Path:-     243                  
             Slack:=       0                  

#---------------------------------------------------------------------------------------------------------------------------------------------------------
#                          Timing Point                            Flags    Arc    Edge          Cell            Fanout Load Trans Delay Arrival Instance 
#                                                                                                                       (fF)  (ps)  (ps)   (ps)  Location 
#---------------------------------------------------------------------------------------------------------------------------------------------------------
  U_KEYEXP_ROUND_KEY_GEN[9].RKGEN_U_valid_FirstStage_reg/CLK       -       -       R     (arrival)                10769    -     0     0       0    (-,-) 
  U_KEYEXP_ROUND_KEY_GEN[9].RKGEN_U_valid_FirstStage_reg/QN        -       CLK->QN F     DFFASRHQNx1_ASAP7_75t_L      1  2.2    28    46      46    (-,-) 
  fopt5698090/Y                                                    -       A->Y    R     INVx3_ASAP7_75t_L            3  6.0    22    16      62    (-,-) 
  fopt5698033/Y                                                    -       A->Y    F     INVx4_ASAP7_75t_L            6  7.3    16    12      74    (-,-) 
  g5633300/Y                                                       -       B->Y    F     AND2x4_ASAP7_75t_L           2  3.5    10    18      92    (-,-) 
  g5677097/Y                                                       -       A->Y    R     INVx4_ASAP7_75t_L            9  6.8    15    10     102    (-,-) 
  g5672428/Y                                                       -       A->Y    R     OR2x6_ASAP7_75t_L            7  6.6    14    21     124    (-,-) 
  g5668835/Y                                                       -       A->Y    F     INVx3_ASAP7_75t_L            4  6.1    15    11     135    (-,-) 
  g5664597/Y                                                       -       B->Y    R     NAND2x1_ASAP7_75t_L          6  4.6    42    23     158    (-,-) 
  g5685371/Y                                                       -       A2->Y   F     OAI22xp5_ASAP7_75t_L         1  0.9    22    16     174    (-,-) 
  g5430523/Y                                                       -       A->Y    F     OR5x1_ASAP7_75t_L            1  1.8    21    36     210    (-,-) 
  g5429467/Y                                                       -       A->Y    R     NOR3x1_ASAP7_75t_L           1  1.0    21    11     221    (-,-) 
  g5429204/Y                                                       -       A->Y    R     AND3x1_ASAP7_75t_L           1  1.0    14    22     243    (-,-) 
  U_KEYEXP_ROUND_KEY_GEN[9].RKGEN_U_SUB_U_ROM[1].ROM_dout_reg[6]/D -       -       R     DFFASRHQNx1_ASAP7_75t_L      1    -     -     0     243    (-,-) 
#---------------------------------------------------------------------------------------------------------------------------------------------------------



Path 40: MET (0 ps) Setup Check with Pin ROUND[8].U_ROUND_U_SUB_ROM[4].ROM_dout_reg[3]/CLK->D
          Group: clk
     Startpoint: (R) ROUND[7].U_ROUND_U_KEY_valid_out_reg/CLK
          Clock: (R) clk
       Endpoint: (R) ROUND[8].U_ROUND_U_SUB_ROM[4].ROM_dout_reg[3]/D
          Clock: (R) clk

                     Capture       Launch     
        Clock Edge:+     260            0     
       Src Latency:+       0            0     
       Net Latency:+       0 (I)        0 (I) 
           Arrival:=     260            0     
                                              
             Setup:-      20                  
     Required Time:=     240                  
      Launch Clock:-       0                  
         Data Path:-     240                  
             Slack:=       0                  

#----------------------------------------------------------------------------------------------------------------------------------------
#                  Timing Point                   Flags    Arc    Edge          Cell            Fanout Load Trans Delay Arrival Instance 
#                                                                                                      (fF)  (ps)  (ps)   (ps)  Location 
#----------------------------------------------------------------------------------------------------------------------------------------
  ROUND[7].U_ROUND_U_KEY_valid_out_reg/CLK        -       -       R     (arrival)                10769    -     0     0       0    (-,-) 
  ROUND[7].U_ROUND_U_KEY_valid_out_reg/QN         -       CLK->QN F     DFFASRHQNx1_ASAP7_75t_L      1  1.6    24    43      43    (-,-) 
  fopt51041/Y                                     -       A->Y    F     BUFx6f_ASAP7_75t_L           3  7.9    12    21      64    (-,-) 
  fopt51040/Y                                     -       A->Y    F     BUFx12f_ASAP7_75t_L         19 23.2    18    21      85    (-,-) 
  g48519/Y                                        -       B->Y    F     AND2x4_ASAP7_75t_L           5  6.3    14    21     106    (-,-) 
  g5677555/Y                                      -       A->Y    R     INVx2_ASAP7_75t_L            2  2.2    12     9     115    (-,-) 
  g5671605/Y                                      -       A->Y    R     OR2x2_ASAP7_75t_L            9  6.6    28    27     142    (-,-) 
  g5660497/Y                                      -       A1->Y   F     OAI32xp33_ASAP7_75t_L        1  1.0    30    18     159    (-,-) 
  g5603102/Y                                      -       A1->Y   R     AOI21xp5_ASAP7_75t_L         1  0.9    22    15     174    (-,-) 
  g5600572/Y                                      -       C->Y    F     OAI221xp5_ASAP7_75t_L        1  1.0    29    17     191    (-,-) 
  g5598759/Y                                      -       A->Y    F     OR4x1_ASAP7_75t_L            1  1.9    19    34     225    (-,-) 
  g5598150/Y                                      -       A->Y    R     NOR4xp75_ASAP7_75t_L         1  1.0    28    15     240    (-,-) 
  ROUND[8].U_ROUND_U_SUB_ROM[4].ROM_dout_reg[3]/D -       -       R     DFFASRHQNx1_ASAP7_75t_L      1    -     -     0     240    (-,-) 
#----------------------------------------------------------------------------------------------------------------------------------------



Path 41: MET (0 ps) Setup Check with Pin U_KEYEXP_ROUND_KEY_GEN[8].RKGEN_U_SUB_U_ROM[0].ROM_dout_reg[5]/CLK->D
          Group: clk
     Startpoint: (R) U_KEYEXP_ROUND_KEY_GEN[8].RKGEN_U_valid_FirstStage_reg/CLK
          Clock: (R) clk
       Endpoint: (F) U_KEYEXP_ROUND_KEY_GEN[8].RKGEN_U_SUB_U_ROM[0].ROM_dout_reg[5]/D
          Clock: (R) clk

                     Capture       Launch     
        Clock Edge:+     260            0     
       Src Latency:+       0            0     
       Net Latency:+       0 (I)        0 (I) 
           Arrival:=     260            0     
                                              
             Setup:-       8                  
     Required Time:=     252                  
      Launch Clock:-       0                  
         Data Path:-     252                  
             Slack:=       0                  

#---------------------------------------------------------------------------------------------------------------------------------------------------------
#                          Timing Point                            Flags    Arc    Edge          Cell            Fanout Load Trans Delay Arrival Instance 
#                                                                                                                       (fF)  (ps)  (ps)   (ps)  Location 
#---------------------------------------------------------------------------------------------------------------------------------------------------------
  U_KEYEXP_ROUND_KEY_GEN[8].RKGEN_U_valid_FirstStage_reg/CLK       -       -       R     (arrival)                10769    -     0     0       0    (-,-) 
  U_KEYEXP_ROUND_KEY_GEN[8].RKGEN_U_valid_FirstStage_reg/QN        -       CLK->QN R     DFFASRHQNx1_ASAP7_75t_L      2  2.5    30    48      48    (-,-) 
  fopt5699636/Y                                                    -       A->Y    F     INVx2_ASAP7_75t_L            2  3.5    17    12      60    (-,-) 
  fopt5699615/Y                                                    -       A->Y    R     INVx4_ASAP7_75t_L            6  7.0    17    12      73    (-,-) 
  g5679105/Y                                                       -       B->Y    R     AND2x6_ASAP7_75t_L          11 10.6    19    26      99    (-,-) 
  g5676572/Y                                                       -       B->Y    R     AND2x4_ASAP7_75t_L           4  4.7    14    20     119    (-,-) 
  g5673613/Y                                                       -       A->Y    F     INVx3_ASAP7_75t_L            7  4.9    13    10     128    (-,-) 
  g5664675/Y                                                       -       B->Y    F     OR2x2_ASAP7_75t_L            5  4.3    18    25     153    (-,-) 
  g5659708/Y                                                       -       B->Y    R     NOR2x1_ASAP7_75t_L           2  1.8    20    13     166    (-,-) 
  g5657455/Y                                                       -       A->Y    F     INVx1_ASAP7_75t_L            3  2.3    18    13     180    (-,-) 
  g5603693/Y                                                       -       A2->Y   R     OAI221xp5_ASAP7_75t_L        1  1.4    54    27     207    (-,-) 
  g5600460/Y                                                       -       A->Y    F     NOR2x1_ASAP7_75t_L           1  1.4    24    18     225    (-,-) 
  g5598087/Y                                                       -       A->Y    R     NAND2x1_ASAP7_75t_L          1  1.9    24    18     244    (-,-) 
  g5597973/Y                                                       -       A->Y    F     NOR4xp75_ASAP7_75t_L         1  1.0    22     8     252    (-,-) 
  U_KEYEXP_ROUND_KEY_GEN[8].RKGEN_U_SUB_U_ROM[0].ROM_dout_reg[5]/D -       -       F     DFFASRHQNx1_ASAP7_75t_L      1    -     -     0     252    (-,-) 
#---------------------------------------------------------------------------------------------------------------------------------------------------------



Path 42: MET (0 ps) Setup Check with Pin ROUND[8].U_ROUND_U_SUB_ROM[9].ROM_dout_reg[5]/CLK->D
          Group: clk
     Startpoint: (R) ROUND[7].U_ROUND_U_KEY_valid_out_reg/CLK
          Clock: (R) clk
       Endpoint: (R) ROUND[8].U_ROUND_U_SUB_ROM[9].ROM_dout_reg[5]/D
          Clock: (R) clk

                     Capture       Launch     
        Clock Edge:+     260            0     
       Src Latency:+       0            0     
       Net Latency:+       0 (I)        0 (I) 
           Arrival:=     260            0     
                                              
             Setup:-      18                  
     Required Time:=     242                  
      Launch Clock:-       0                  
         Data Path:-     242                  
             Slack:=       0                  

#----------------------------------------------------------------------------------------------------------------------------------------
#                  Timing Point                   Flags    Arc    Edge          Cell            Fanout Load Trans Delay Arrival Instance 
#                                                                                                      (fF)  (ps)  (ps)   (ps)  Location 
#----------------------------------------------------------------------------------------------------------------------------------------
  ROUND[7].U_ROUND_U_KEY_valid_out_reg/CLK        -       -       R     (arrival)                10769    -     0     0       0    (-,-) 
  ROUND[7].U_ROUND_U_KEY_valid_out_reg/QN         -       CLK->QN F     DFFASRHQNx1_ASAP7_75t_L      1  1.6    24    43      43    (-,-) 
  fopt51041/Y                                     -       A->Y    F     BUFx6f_ASAP7_75t_L           3  7.9    12    21      64    (-,-) 
  fopt52380/Y                                     -       A->Y    F     BUFx12f_ASAP7_75t_L         16 20.6    16    20      84    (-,-) 
  g5703090/Y                                      -       A->Y    R     INVx2_ASAP7_75t_L            3  4.1    19    13      97    (-,-) 
  g27191/Y                                        -       A->Y    F     INVx4_ASAP7_75t_L            4  6.0    14    10     107    (-,-) 
  g14338/Y                                        -       B->Y    F     AND2x4_ASAP7_75t_L           3  4.1    11    18     126    (-,-) 
  fopt1931/Y                                      -       A->Y    R     INVx4_ASAP7_75t_L            5  4.0    11     8     134    (-,-) 
  g5618216/Y                                      -       A1->Y   R     OA21x2_ASAP7_75t_L           1  0.9     9    17     151    (-,-) 
  g5129/Y                                         -       C1->Y   F     OAI322xp33_ASAP7_75t_L       1  0.9    31    16     167    (-,-) 
  g5607027/Y                                      -       B->Y    R     AOI311xp33_ASAP7_75t_L       1  1.0    38    25     192    (-,-) 
  g5605435__4733/Y                                -       A->Y    R     AND4x1_ASAP7_75t_L           1  1.4    18    30     222    (-,-) 
  g5604935__2346/Y                                -       A->Y    F     NAND2x1_ASAP7_75t_L          1  1.8    17    10     232    (-,-) 
  g5604586__18604/Y                               -       A->Y    R     NOR3x1_ASAP7_75t_L           1  1.0    17    11     242    (-,-) 
  ROUND[8].U_ROUND_U_SUB_ROM[9].ROM_dout_reg[5]/D -       -       R     DFFASRHQNx1_ASAP7_75t_L      1    -     -     0     242    (-,-) 
#----------------------------------------------------------------------------------------------------------------------------------------



Path 43: MET (0 ps) Setup Check with Pin ROUND[8].U_ROUND_U_SUB_ROM[14].ROM_dout_reg[6]/CLK->D
          Group: clk
     Startpoint: (R) ROUND[7].U_ROUND_U_KEY_valid_out_reg/CLK
          Clock: (R) clk
       Endpoint: (R) ROUND[8].U_ROUND_U_SUB_ROM[14].ROM_dout_reg[6]/D
          Clock: (R) clk

                     Capture       Launch     
        Clock Edge:+     260            0     
       Src Latency:+       0            0     
       Net Latency:+       0 (I)        0 (I) 
           Arrival:=     260            0     
                                              
             Setup:-      18                  
     Required Time:=     242                  
      Launch Clock:-       0                  
         Data Path:-     242                  
             Slack:=       0                  

#-----------------------------------------------------------------------------------------------------------------------------------------
#                  Timing Point                    Flags    Arc    Edge          Cell            Fanout Load Trans Delay Arrival Instance 
#                                                                                                       (fF)  (ps)  (ps)   (ps)  Location 
#-----------------------------------------------------------------------------------------------------------------------------------------
  ROUND[7].U_ROUND_U_KEY_valid_out_reg/CLK         -       -       R     (arrival)                10769    -     0     0       0    (-,-) 
  ROUND[7].U_ROUND_U_KEY_valid_out_reg/QN          -       CLK->QN F     DFFASRHQNx1_ASAP7_75t_L      1  1.6    24    43      43    (-,-) 
  fopt51041/Y                                      -       A->Y    F     BUFx6f_ASAP7_75t_L           3  7.9    12    21      64    (-,-) 
  fopt51040/Y                                      -       A->Y    F     BUFx12f_ASAP7_75t_L         19 23.2    18    21      85    (-,-) 
  g48518/Y                                         -       A->Y    R     INVx2_ASAP7_75t_L            2  2.2    13    10      95    (-,-) 
  g5089/Y                                          -       A->Y    R     OR2x6_ASAP7_75t_L            6  7.4    16    21     116    (-,-) 
  g21072/Y                                         -       A->Y    R     OR2x6_ASAP7_75t_L            5  6.3    14    21     137    (-,-) 
  g5669212/Y                                       -       A->Y    F     INVx4_ASAP7_75t_L            6  5.0    11     8     145    (-,-) 
  g5664549/Y                                       -       B->Y    R     NAND2x1_ASAP7_75t_L          3  2.5    29    15     160    (-,-) 
  g5662222/Y                                       -       A->Y    F     INVx1_ASAP7_75t_L            2  1.6    16    12     172    (-,-) 
  g7665/Y                                          -       C1->Y   R     AOI322xp5_ASAP7_75t_L        1  1.0    41    24     196    (-,-) 
  g7664/Y                                          -       A->Y    F     INVx1_ASAP7_75t_L            1  0.9    15    10     206    (-,-) 
  g7662/Y                                          -       B->Y    R     NAND2xp5_ASAP7_75t_L         1  1.7    29    16     222    (-,-) 
  g42491/Y                                         -       B->Y    F     NAND3x1_ASAP7_75t_L          1  1.4    16    11     233    (-,-) 
  g43122/Y                                         -       B->Y    R     NOR2x1_ASAP7_75t_L           1  1.0    17    10     242    (-,-) 
  ROUND[8].U_ROUND_U_SUB_ROM[14].ROM_dout_reg[6]/D -       -       R     DFFASRHQNx1_ASAP7_75t_L      1    -     -     0     242    (-,-) 
#-----------------------------------------------------------------------------------------------------------------------------------------



Path 44: MET (0 ps) Setup Check with Pin ROUND[8].U_ROUND_U_SUB_ROM[14].ROM_dout_reg[3]/CLK->D
          Group: clk
     Startpoint: (R) ROUND[7].U_ROUND_U_KEY_data_out_reg[114]/CLK
          Clock: (R) clk
       Endpoint: (R) ROUND[8].U_ROUND_U_SUB_ROM[14].ROM_dout_reg[3]/D
          Clock: (R) clk

                     Capture       Launch     
        Clock Edge:+     260            0     
       Src Latency:+       0            0     
       Net Latency:+       0 (I)        0 (I) 
           Arrival:=     260            0     
                                              
             Setup:-      20                  
     Required Time:=     240                  
      Launch Clock:-       0                  
         Data Path:-     240                  
             Slack:=       0                  

#-----------------------------------------------------------------------------------------------------------------------------------------
#                  Timing Point                    Flags    Arc    Edge          Cell            Fanout Load Trans Delay Arrival Instance 
#                                                                                                       (fF)  (ps)  (ps)   (ps)  Location 
#-----------------------------------------------------------------------------------------------------------------------------------------
  ROUND[7].U_ROUND_U_KEY_data_out_reg[114]/CLK     -       -       R     (arrival)                10769    -     0     0       0    (-,-) 
  ROUND[7].U_ROUND_U_KEY_data_out_reg[114]/QN      -       CLK->QN R     DFFASRHQNx1_ASAP7_75t_L      5  4.7    46    57      57    (-,-) 
  g5703264/Y                                       -       A->Y    F     INVx2_ASAP7_75t_L            3  3.4    20    14      71    (-,-) 
  g5682203/Y                                       -       A->Y    F     BUFx6f_ASAP7_75t_L          12 12.6    17    23      94    (-,-) 
  g5682202/Y                                       -       A->Y    R     INVx8_ASAP7_75t_L           16 11.4    16    12     105    (-,-) 
  g5680713/Y                                       -       A->Y    R     OR2x2_ASAP7_75t_L            7  5.5    24    26     131    (-,-) 
  g5679186/Y                                       -       A->Y    F     INVx1_ASAP7_75t_L            2  1.7    16    12     143    (-,-) 
  g5674519/Y                                       -       B->Y    R     NAND2xp5_ASAP7_75t_L         2  1.6    28    16     159    (-,-) 
  g5660584/Y                                       -       C->Y    F     OAI221xp5_ASAP7_75t_L        1  0.9    27    17     175    (-,-) 
  g5601414/Y                                       -       B2->Y   R     AOI321xp33_ASAP7_75t_L       1  1.7    53    32     207    (-,-) 
  g5598902/Y                                       -       B->Y    F     NAND3x1_ASAP7_75t_L          1  1.9    22    13     221    (-,-) 
  g18136/Y                                         -       D->Y    R     NOR4xp75_ASAP7_75t_L         1  1.0    28    19     240    (-,-) 
  ROUND[8].U_ROUND_U_SUB_ROM[14].ROM_dout_reg[3]/D -       -       R     DFFASRHQNx1_ASAP7_75t_L      1    -     -     0     240    (-,-) 
#-----------------------------------------------------------------------------------------------------------------------------------------



Path 45: MET (0 ps) Setup Check with Pin ROUND[8].U_ROUND_U_SUB_ROM[14].ROM_dout_reg[1]/CLK->D
          Group: clk
     Startpoint: (R) ROUND[7].U_ROUND_U_KEY_valid_out_reg/CLK
          Clock: (R) clk
       Endpoint: (R) ROUND[8].U_ROUND_U_SUB_ROM[14].ROM_dout_reg[1]/D
          Clock: (R) clk

                     Capture       Launch     
        Clock Edge:+     260            0     
       Src Latency:+       0            0     
       Net Latency:+       0 (I)        0 (I) 
           Arrival:=     260            0     
                                              
             Setup:-      17                  
     Required Time:=     243                  
      Launch Clock:-       0                  
         Data Path:-     243                  
             Slack:=       0                  

#-----------------------------------------------------------------------------------------------------------------------------------------
#                  Timing Point                    Flags    Arc    Edge          Cell            Fanout Load Trans Delay Arrival Instance 
#                                                                                                       (fF)  (ps)  (ps)   (ps)  Location 
#-----------------------------------------------------------------------------------------------------------------------------------------
  ROUND[7].U_ROUND_U_KEY_valid_out_reg/CLK         -       -       R     (arrival)                10769    -     0     0       0    (-,-) 
  ROUND[7].U_ROUND_U_KEY_valid_out_reg/QN          -       CLK->QN F     DFFASRHQNx1_ASAP7_75t_L      1  1.6    24    43      43    (-,-) 
  fopt51041/Y                                      -       A->Y    F     BUFx6f_ASAP7_75t_L           3  7.9    12    21      64    (-,-) 
  g38138/Y                                         -       A->Y    F     BUFx12f_ASAP7_75t_L         10 13.0    12    18      82    (-,-) 
  g5678990/Y                                       -       B->Y    F     AND2x6_ASAP7_75t_L          12 11.9    18    25     106    (-,-) 
  g45165/Y                                         -       B->Y    F     AND2x4_ASAP7_75t_L           5  6.6    14    22     128    (-,-) 
  g5664859/Y                                       -       B->Y    R     NAND2xp5_ASAP7_75t_L         2  2.1    33    18     146    (-,-) 
  g5659218/Y                                       -       B->Y    R     OR2x2_ASAP7_75t_L            3  2.3    13    22     168    (-,-) 
  g11136/Y                                         -       A1->Y   F     OAI222xp33_ASAP7_75t_L       1  0.9    33    18     186    (-,-) 
  g11131/Y                                         -       D->Y    R     NOR4xp25_ASAP7_75t_L         1  1.0    46    28     214    (-,-) 
  g5429250/Y                                       -       B->Y    R     AND4x1_ASAP7_75t_L           1  1.0    15    29     243    (-,-) 
  ROUND[8].U_ROUND_U_SUB_ROM[14].ROM_dout_reg[1]/D -       -       R     DFFASRHQNx1_ASAP7_75t_L      1    -     -     0     243    (-,-) 
#-----------------------------------------------------------------------------------------------------------------------------------------



Path 46: MET (0 ps) Setup Check with Pin ROUND[8].U_ROUND_U_SUB_ROM[9].ROM_dout_reg[1]/CLK->D
          Group: clk
     Startpoint: (R) ROUND[7].U_ROUND_U_KEY_valid_out_reg/CLK
          Clock: (R) clk
       Endpoint: (R) ROUND[8].U_ROUND_U_SUB_ROM[9].ROM_dout_reg[1]/D
          Clock: (R) clk

                     Capture       Launch     
        Clock Edge:+     260            0     
       Src Latency:+       0            0     
       Net Latency:+       0 (I)        0 (I) 
           Arrival:=     260            0     
                                              
             Setup:-      21                  
     Required Time:=     239                  
      Launch Clock:-       0                  
         Data Path:-     239                  
             Slack:=       0                  

#----------------------------------------------------------------------------------------------------------------------------------------
#                  Timing Point                   Flags    Arc    Edge          Cell            Fanout Load Trans Delay Arrival Instance 
#                                                                                                      (fF)  (ps)  (ps)   (ps)  Location 
#----------------------------------------------------------------------------------------------------------------------------------------
  ROUND[7].U_ROUND_U_KEY_valid_out_reg/CLK        -       -       R     (arrival)                10769    -     0     0       0    (-,-) 
  ROUND[7].U_ROUND_U_KEY_valid_out_reg/QN         -       CLK->QN F     DFFASRHQNx1_ASAP7_75t_L      1  1.6    24    43      43    (-,-) 
  fopt51041/Y                                     -       A->Y    F     BUFx6f_ASAP7_75t_L           3  7.9    12    21      64    (-,-) 
  fopt52380/Y                                     -       A->Y    F     BUFx12f_ASAP7_75t_L         16 20.6    16    20      84    (-,-) 
  g5703225/Y                                      -       B->Y    F     AND2x4_ASAP7_75t_L           7  9.3    18    23     107    (-,-) 
  fopt1100/Y                                      -       A->Y    R     INVx2_ASAP7_75t_L            4  4.2    20    14     121    (-,-) 
  fopt1099/Y                                      -       A->Y    R     BUFx6f_ASAP7_75t_L           9  6.5    12    18     139    (-,-) 
  fopt1097/Y                                      -       A->Y    F     INVx1_ASAP7_75t_L            1  0.9     9     7     146    (-,-) 
  g5626161/Y                                      -       A->Y    R     NAND2xp5_ASAP7_75t_L         4  3.4    42    23     169    (-,-) 
  g5608403/Y                                      -       C1->Y   F     OAI222xp33_ASAP7_75t_L       1  1.0    34    21     190    (-,-) 
  g5605729/Y                                      -       B->Y    F     OR3x1_ASAP7_75t_L            1  1.9    18    30     220    (-,-) 
  g49502/Y                                        -       D->Y    R     NOR4xp75_ASAP7_75t_L         1  1.0    30    19     239    (-,-) 
  ROUND[8].U_ROUND_U_SUB_ROM[9].ROM_dout_reg[1]/D -       -       R     DFFASRHQNx1_ASAP7_75t_L      1    -     -     0     239    (-,-) 
#----------------------------------------------------------------------------------------------------------------------------------------



Path 47: MET (0 ps) Setup Check with Pin ROUND[8].U_ROUND_U_SUB_ROM[3].ROM_dout_reg[1]/CLK->D
          Group: clk
     Startpoint: (R) ROUND[7].U_ROUND_U_KEY_valid_out_reg/CLK
          Clock: (R) clk
       Endpoint: (R) ROUND[8].U_ROUND_U_SUB_ROM[3].ROM_dout_reg[1]/D
          Clock: (R) clk

                     Capture       Launch     
        Clock Edge:+     260            0     
       Src Latency:+       0            0     
       Net Latency:+       0 (I)        0 (I) 
           Arrival:=     260            0     
                                              
             Setup:-      18                  
     Required Time:=     242                  
      Launch Clock:-       0                  
         Data Path:-     242                  
             Slack:=       0                  

#----------------------------------------------------------------------------------------------------------------------------------------
#                  Timing Point                   Flags    Arc    Edge          Cell            Fanout Load Trans Delay Arrival Instance 
#                                                                                                      (fF)  (ps)  (ps)   (ps)  Location 
#----------------------------------------------------------------------------------------------------------------------------------------
  ROUND[7].U_ROUND_U_KEY_valid_out_reg/CLK        -       -       R     (arrival)                10769    -     0     0       0    (-,-) 
  ROUND[7].U_ROUND_U_KEY_valid_out_reg/QN         -       CLK->QN F     DFFASRHQNx1_ASAP7_75t_L      1  1.6    24    43      43    (-,-) 
  fopt51041/Y                                     -       A->Y    F     BUFx6f_ASAP7_75t_L           3  7.9    12    21      64    (-,-) 
  fopt52380/Y                                     -       A->Y    F     BUFx12f_ASAP7_75t_L         16 20.6    16    20      84    (-,-) 
  g5641110/Y                                      -       B->Y    F     AND2x4_ASAP7_75t_L           7  9.2    18    23     107    (-,-) 
  g5632269/Y                                      -       B->Y    F     AND2x4_ASAP7_75t_L           9 10.2    19    25     132    (-,-) 
  g6044/Y                                         -       B->Y    R     NAND2x1_ASAP7_75t_L          6  4.7    43    25     157    (-,-) 
  g6052/Y                                         -       A->Y    F     INVxp67_ASAP7_75t_L          1  0.9    18    13     169    (-,-) 
  g6051/Y                                         -       A->Y    R     NAND3xp33_ASAP7_75t_L        1  1.7    31    17     187    (-,-) 
  g6048/Y                                         -       C->Y    F     NAND3x1_ASAP7_75t_L          1  1.3    15    10     197    (-,-) 
  g6047/Y                                         -       B->Y    R     AOI211x1_ASAP7_75t_L         1  0.9    22    13     210    (-,-) 
  g5440245/Y                                      -       C->Y    R     AND5x1_ASAP7_75t_L           1  1.0    16    33     242    (-,-) 
  ROUND[8].U_ROUND_U_SUB_ROM[3].ROM_dout_reg[1]/D -       -       R     DFFASRHQNx1_ASAP7_75t_L      1    -     -     0     242    (-,-) 
#----------------------------------------------------------------------------------------------------------------------------------------



Path 48: MET (0 ps) Setup Check with Pin U_KEYEXP_ROUND_KEY_GEN[9].RKGEN_U_SUB_U_ROM[0].ROM_dout_reg[4]/CLK->D
          Group: clk
     Startpoint: (R) U_KEYEXP_ROUND_KEY_GEN[9].RKGEN_U_Key_FirstStage_reg[30]/CLK
          Clock: (R) clk
       Endpoint: (R) U_KEYEXP_ROUND_KEY_GEN[9].RKGEN_U_SUB_U_ROM[0].ROM_dout_reg[4]/D
          Clock: (R) clk

                     Capture       Launch     
        Clock Edge:+     260            0     
       Src Latency:+       0            0     
       Net Latency:+       0 (I)        0 (I) 
           Arrival:=     260            0     
                                              
             Setup:-      17                  
     Required Time:=     243                  
      Launch Clock:-       0                  
         Data Path:-     243                  
             Slack:=       0                  

#---------------------------------------------------------------------------------------------------------------------------------------------------------
#                          Timing Point                            Flags    Arc    Edge          Cell            Fanout Load Trans Delay Arrival Instance 
#                                                                                                                       (fF)  (ps)  (ps)   (ps)  Location 
#---------------------------------------------------------------------------------------------------------------------------------------------------------
  U_KEYEXP_ROUND_KEY_GEN[9].RKGEN_U_Key_FirstStage_reg[30]/CLK     -       -       R     (arrival)                10769    -     0     0       0    (-,-) 
  U_KEYEXP_ROUND_KEY_GEN[9].RKGEN_U_Key_FirstStage_reg[30]/QN      -       CLK->QN F     DFFASRHQNx1_ASAP7_75t_L      4  4.1    39    54      54    (-,-) 
  g5638263/Y                                                       -       A->Y    R     INVx3_ASAP7_75t_L            4  5.2    23    17      71    (-,-) 
  g5678410/Y                                                       -       B->Y    R     OR2x6_ASAP7_75t_L            8  5.6    13    23      95    (-,-) 
  g5676860/Y                                                       -       A->Y    F     INVx1_ASAP7_75t_L            4  2.8    19    13     108    (-,-) 
  g5670528/Y                                                       -       A->Y    R     NAND2xp5_ASAP7_75t_L         5  4.0    50    29     137    (-,-) 
  g5685367/Y                                                       -       A2->Y   F     OAI22xp5_ASAP7_75t_L         1  0.9    24    17     154    (-,-) 
  g5436147/Y                                                       -       B->Y    R     AOI211xp5_ASAP7_75t_L        1  0.9    34    21     175    (-,-) 
  g5433426/Y                                                       -       C->Y    F     OAI221xp5_ASAP7_75t_L        1  0.9    27    18     192    (-,-) 
  g5431566/Y                                                       -       B->Y    R     AOI211xp5_ASAP7_75t_L        1  1.0    38    23     215    (-,-) 
  g5429281/Y                                                       -       B->Y    R     AND4x1_ASAP7_75t_L           1  1.0    15    28     243    (-,-) 
  U_KEYEXP_ROUND_KEY_GEN[9].RKGEN_U_SUB_U_ROM[0].ROM_dout_reg[4]/D -       -       R     DFFASRHQNx1_ASAP7_75t_L      1    -     -     0     243    (-,-) 
#---------------------------------------------------------------------------------------------------------------------------------------------------------



Path 49: MET (0 ps) Setup Check with Pin ROUND[8].U_ROUND_U_SUB_ROM[11].ROM_dout_reg[6]/CLK->D
          Group: clk
     Startpoint: (R) ROUND[7].U_ROUND_U_KEY_data_out_reg[95]/CLK
          Clock: (R) clk
       Endpoint: (R) ROUND[8].U_ROUND_U_SUB_ROM[11].ROM_dout_reg[6]/D
          Clock: (R) clk

                     Capture       Launch     
        Clock Edge:+     260            0     
       Src Latency:+       0            0     
       Net Latency:+       0 (I)        0 (I) 
           Arrival:=     260            0     
                                              
             Setup:-      18                  
     Required Time:=     242                  
      Launch Clock:-       0                  
         Data Path:-     242                  
             Slack:=       0                  

#-----------------------------------------------------------------------------------------------------------------------------------------
#                  Timing Point                    Flags    Arc    Edge          Cell            Fanout Load Trans Delay Arrival Instance 
#                                                                                                       (fF)  (ps)  (ps)   (ps)  Location 
#-----------------------------------------------------------------------------------------------------------------------------------------
  ROUND[7].U_ROUND_U_KEY_data_out_reg[95]/CLK      -       -       R     (arrival)                10769    -     0     0       0    (-,-) 
  ROUND[7].U_ROUND_U_KEY_data_out_reg[95]/QN       -       CLK->QN R     DFFASRHQNx1_ASAP7_75t_L      1  1.6    23    44      44    (-,-) 
  g5651010/Y                                       -       A->Y    R     BUFx6f_ASAP7_75t_L           9 12.5    20    22      66    (-,-) 
  g5469611/Y                                       -       A->Y    F     INVx8_ASAP7_75t_L           11  9.1    12     9      75    (-,-) 
  g5644627/Y                                       -       B->Y    F     AND2x2_ASAP7_75t_L           6  6.3    22    25     100    (-,-) 
  g10478/Y                                         -       A->Y    R     INVx4_ASAP7_75t_L           17 12.7    29    19     120    (-,-) 
  g5636415/Y                                       -       B->Y    R     OR2x2_ASAP7_75t_L            6  4.6    21    26     145    (-,-) 
  g5632791/Y                                       -       A->Y    F     INVx1_ASAP7_75t_L            1  0.9    11     8     154    (-,-) 
  g5617339/Y                                       -       A->Y    R     NAND2xp5_ASAP7_75t_L         2  1.7    24    15     169    (-,-) 
  g5609506/Y                                       -       C1->Y   F     OAI331xp33_ASAP7_75t_L       1  0.9    31    21     190    (-,-) 
  g43225/Y                                         -       C->Y    R     AOI211xp5_ASAP7_75t_L        1  1.7    51    29     218    (-,-) 
  g5703180/Y                                       -       C->Y    F     NAND3x1_ASAP7_75t_L          1  1.7    22    11     230    (-,-) 
  g41940/Y                                         -       B->Y    R     NOR3x1_ASAP7_75t_L           1  1.0    19    13     242    (-,-) 
  ROUND[8].U_ROUND_U_SUB_ROM[11].ROM_dout_reg[6]/D -       -       R     DFFASRHQNx1_ASAP7_75t_L      1    -     -     0     242    (-,-) 
#-----------------------------------------------------------------------------------------------------------------------------------------



Path 50: MET (0 ps) Setup Check with Pin ROUND[8].U_ROUND_U_SUB_ROM[11].ROM_dout_reg[0]/CLK->D
          Group: clk
     Startpoint: (R) ROUND[7].U_ROUND_U_KEY_valid_out_reg/CLK
          Clock: (R) clk
       Endpoint: (R) ROUND[8].U_ROUND_U_SUB_ROM[11].ROM_dout_reg[0]/D
          Clock: (R) clk

                     Capture       Launch     
        Clock Edge:+     260            0     
       Src Latency:+       0            0     
       Net Latency:+       0 (I)        0 (I) 
           Arrival:=     260            0     
                                              
             Setup:-      17                  
     Required Time:=     243                  
      Launch Clock:-       0                  
         Data Path:-     243                  
             Slack:=       0                  

#-----------------------------------------------------------------------------------------------------------------------------------------
#                  Timing Point                    Flags    Arc    Edge          Cell            Fanout Load Trans Delay Arrival Instance 
#                                                                                                       (fF)  (ps)  (ps)   (ps)  Location 
#-----------------------------------------------------------------------------------------------------------------------------------------
  ROUND[7].U_ROUND_U_KEY_valid_out_reg/CLK         -       -       R     (arrival)                10769    -     0     0       0    (-,-) 
  ROUND[7].U_ROUND_U_KEY_valid_out_reg/QN          -       CLK->QN F     DFFASRHQNx1_ASAP7_75t_L      1  1.6    24    43      43    (-,-) 
  fopt51041/Y                                      -       A->Y    F     BUFx6f_ASAP7_75t_L           3  7.9    12    21      64    (-,-) 
  fopt52380/Y                                      -       A->Y    F     BUFx12f_ASAP7_75t_L         16 20.6    16    20      84    (-,-) 
  g5652430/Y                                       -       A->Y    R     INVx4_ASAP7_75t_L            4  3.7    12     9      93    (-,-) 
  g41787/Y                                         -       B->Y    R     OR2x2_ASAP7_75t_L            2  2.3    13    18     111    (-,-) 
  g43219/Y                                         -       A->Y    R     OR2x6_ASAP7_75t_L            4  5.6    13    20     131    (-,-) 
  g42224/Y                                         -       B->Y    R     OR2x2_ASAP7_75t_L            7  5.6    24    24     156    (-,-) 
  g46617/Y                                         -       B1->Y   F     OAI222xp33_ASAP7_75t_L       1  0.9    35    20     175    (-,-) 
  g46616/Y                                         -       A->Y    R     NOR3xp33_ASAP7_75t_L         1  0.8    32    21     196    (-,-) 
  g42226/Y                                         -       C->Y    R     OA211x2_ASAP7_75t_L          1  1.0    11    23     219    (-,-) 
  g49120/Y                                         -       B->Y    R     AND4x1_ASAP7_75t_L           1  1.0    15    24     243    (-,-) 
  ROUND[8].U_ROUND_U_SUB_ROM[11].ROM_dout_reg[0]/D -       -       R     DFFASRHQNx1_ASAP7_75t_L      1    -     -     0     243    (-,-) 
#-----------------------------------------------------------------------------------------------------------------------------------------

