============================================================
  Generated by:           Genus(TM) Synthesis Solution 21.17-s066_1
  Generated on:           Jul 12 2025  04:24:31 pm
  Module:                 Top_PipelinedCipher
  Operating conditions:   PVT_0P7V_25C 
  Interconnect mode:      global
  Area mode:              physical library
============================================================


Path 1: VIOLATED (-40 ps) Setup Check with Pin ROUND[4].U_ROUND_U_SUB_ROM[1].ROM_dout_reg[5]/clk->d
          Group: clk
     Startpoint: (R) ROUND[3].U_ROUND_U_KEY_data_out_reg[10]/clk
          Clock: (R) clk
       Endpoint: (R) ROUND[4].U_ROUND_U_SUB_ROM[1].ROM_dout_reg[5]/d
          Clock: (R) clk

                     Capture       Launch     
        Clock Edge:+     260            0     
       Src Latency:+       0            0     
       Net Latency:+       0 (I)        0 (I) 
           Arrival:=     260            0     
                                              
             Setup:-       9                  
     Required Time:=     251                  
      Launch Clock:-       0                  
         Data Path:-     291                  
             Slack:=     -40                  

#----------------------------------------------------------------------------------------------------------------------------------
#                  Timing Point                   Flags    Arc    Edge       Cell         Fanout Load Trans Delay Arrival Instance 
#                                                                                                (fF)  (ps)  (ps)   (ps)  Location 
#----------------------------------------------------------------------------------------------------------------------------------
  ROUND[3].U_ROUND_U_KEY_data_out_reg[10]/clk     -       -       R     (arrival)          10769    -     0     0       0    (-,-) 
  ROUND[3].U_ROUND_U_KEY_data_out_reg[10]/q       (u)     clk->q  F     unmapped_d_flop       42 42.0     0    92      92    (-,-) 
  g4872143/z                                      (u)     in_1->z F     unmapped_complex2     26 26.0     0    35     126    (-,-) 
  g5001442/z                                      (u)     in_0->z F     unmapped_complex2      7  7.0     0    22     148    (-,-) 
  g4985228/z                                      (u)     in_0->z F     unmapped_or2           1  1.0     0     9     157    (-,-) 
  g4985226/z                                      (u)     in_1->z R     unmapped_nand2         1  1.0     0     9     166    (-,-) 
  g5013460/z                                      (u)     in_0->z R     unmapped_complex2      1  1.0     0     9     175    (-,-) 
  g5014580/z                                      (u)     in_1->z F     unmapped_complex2      1  1.0     0     9     184    (-,-) 
  g5015675/z                                      (u)     in_1->z R     unmapped_complex2      1  1.0     0     9     193    (-,-) 
  g4961283/z                                      (u)     in_1->z R     unmapped_complex2      1  1.0     0     9     202    (-,-) 
  g5016832/z                                      (u)     in_0->z R     unmapped_complex2      1  1.0     0     9     211    (-,-) 
  g4958052/z                                      (u)     in_1->z R     unmapped_complex2      1  1.0     0     9     220    (-,-) 
  g4957759/z                                      (u)     in_1->z R     unmapped_or2           1  1.0     0     9     229    (-,-) 
  g4957353/z                                      (u)     in_0->z R     unmapped_or2           1  1.0     0     9     238    (-,-) 
  g4957030/z                                      (u)     in_1->z R     unmapped_or2           1  1.0     0     9     246    (-,-) 
  g4956693/z                                      (u)     in_0->z R     unmapped_or2           1  1.0     0     9     255    (-,-) 
  g5017431/z                                      (u)     in_0->z R     unmapped_complex2      1  1.0     0     9     264    (-,-) 
  g4956519/z                                      (u)     in_1->z R     unmapped_or2           1  1.0     0     9     273    (-,-) 
  g4956408/z                                      (u)     in_1->z R     unmapped_or2           1  1.0     0     9     282    (-,-) 
  g4956396/z                                      (u)     in_1->z R     unmapped_or2           1  1.0     0     9     291    (-,-) 
  ROUND[4].U_ROUND_U_SUB_ROM[1].ROM_dout_reg[5]/d -       -       R     unmapped_d_flop        1    -     -     0     291    (-,-) 
#----------------------------------------------------------------------------------------------------------------------------------

(u) : Net has unmapped pin(s).



Path 2: VIOLATED (-39 ps) Setup Check with Pin ROUND[4].U_ROUND_U_SUB_ROM[6].ROM_dout_reg[5]/clk->d
          Group: clk
     Startpoint: (R) ROUND[3].U_ROUND_U_KEY_data_out_reg[55]/clk
          Clock: (R) clk
       Endpoint: (R) ROUND[4].U_ROUND_U_SUB_ROM[6].ROM_dout_reg[5]/d
          Clock: (R) clk

                     Capture       Launch     
        Clock Edge:+     260            0     
       Src Latency:+       0            0     
       Net Latency:+       0 (I)        0 (I) 
           Arrival:=     260            0     
                                              
             Setup:-       9                  
     Required Time:=     251                  
      Launch Clock:-       0                  
         Data Path:-     290                  
             Slack:=     -39                  

#----------------------------------------------------------------------------------------------------------------------------------
#                  Timing Point                   Flags    Arc    Edge       Cell         Fanout Load Trans Delay Arrival Instance 
#                                                                                                (fF)  (ps)  (ps)   (ps)  Location 
#----------------------------------------------------------------------------------------------------------------------------------
  ROUND[3].U_ROUND_U_KEY_data_out_reg[55]/clk     -       -       R     (arrival)          10769    -     0     0       0    (-,-) 
  ROUND[3].U_ROUND_U_KEY_data_out_reg[55]/q       (u)     clk->q  R     unmapped_d_flop       40 40.0     0    91      91    (-,-) 
  g4872506/z                                      (u)     in_1->z F     unmapped_complex2     25 25.0     0    34     126    (-,-) 
  g5000522/z                                      (u)     in_0->z F     unmapped_complex2      7  7.0     0    22     148    (-,-) 
  g4987402/z                                      (u)     in_0->z F     unmapped_or2           1  1.0     0     9     157    (-,-) 
  g4979387/z                                      (u)     in_1->z R     unmapped_nand2         1  1.0     0     9     166    (-,-) 
  g5013462/z                                      (u)     in_0->z R     unmapped_complex2      1  1.0     0     9     174    (-,-) 
  g5014584/z                                      (u)     in_1->z F     unmapped_complex2      1  1.0     0     9     183    (-,-) 
  g5015679/z                                      (u)     in_1->z R     unmapped_complex2      1  1.0     0     9     192    (-,-) 
  g4960045/z                                      (u)     in_1->z R     unmapped_complex2      1  1.0     0     9     201    (-,-) 
  g4959515/z                                      (u)     in_0->z R     unmapped_complex2      1  1.0     0     9     210    (-,-) 
  g4958284/z                                      (u)     in_1->z R     unmapped_or2           1  1.0     0     9     219    (-,-) 
  g4958026/z                                      (u)     in_0->z R     unmapped_or2           1  1.0     0     9     228    (-,-) 
  g4957266/z                                      (u)     in_0->z R     unmapped_complex2      1  1.0     0     9     237    (-,-) 
  g5017333/z                                      (u)     in_0->z R     unmapped_complex2      1  1.0     0     9     246    (-,-) 
  g4956699/z                                      (u)     in_1->z R     unmapped_complex2      1  1.0     0     9     254    (-,-) 
  g5017432/z                                      (u)     in_0->z R     unmapped_complex2      1  1.0     0     9     263    (-,-) 
  g4956505/z                                      (u)     in_0->z R     unmapped_or2           1  1.0     0     9     272    (-,-) 
  g4956423/z                                      (u)     in_1->z R     unmapped_or2           1  1.0     0     9     281    (-,-) 
  g4956398/z                                      (u)     in_1->z R     unmapped_or2           1  1.0     0     9     290    (-,-) 
  ROUND[4].U_ROUND_U_SUB_ROM[6].ROM_dout_reg[5]/d -       -       R     unmapped_d_flop        1    -     -     0     290    (-,-) 
#----------------------------------------------------------------------------------------------------------------------------------

(u) : Net has unmapped pin(s).



Path 3: VIOLATED (-39 ps) Setup Check with Pin ROUND[4].U_ROUND_U_SUB_ROM[6].ROM_dout_reg[0]/clk->d
          Group: clk
     Startpoint: (R) ROUND[3].U_ROUND_U_KEY_data_out_reg[55]/clk
          Clock: (R) clk
       Endpoint: (R) ROUND[4].U_ROUND_U_SUB_ROM[6].ROM_dout_reg[0]/d
          Clock: (R) clk

                     Capture       Launch     
        Clock Edge:+     260            0     
       Src Latency:+       0            0     
       Net Latency:+       0 (I)        0 (I) 
           Arrival:=     260            0     
                                              
             Setup:-       9                  
     Required Time:=     251                  
      Launch Clock:-       0                  
         Data Path:-     290                  
             Slack:=     -39                  

#----------------------------------------------------------------------------------------------------------------------------------
#                  Timing Point                   Flags    Arc    Edge       Cell         Fanout Load Trans Delay Arrival Instance 
#                                                                                                (fF)  (ps)  (ps)   (ps)  Location 
#----------------------------------------------------------------------------------------------------------------------------------
  ROUND[3].U_ROUND_U_KEY_data_out_reg[55]/clk     -       -       R     (arrival)          10769    -     0     0       0    (-,-) 
  ROUND[3].U_ROUND_U_KEY_data_out_reg[55]/q       (u)     clk->q  R     unmapped_d_flop       40 40.0     0    91      91    (-,-) 
  g4872506/z                                      (u)     in_1->z F     unmapped_complex2     25 25.0     0    34     126    (-,-) 
  g5000522/z                                      (u)     in_0->z F     unmapped_complex2      7  7.0     0    22     148    (-,-) 
  g4986492/z                                      (u)     in_1->z F     unmapped_or2           1  1.0     0     9     157    (-,-) 
  g4981805/z                                      (u)     in_0->z R     unmapped_nand2         1  1.0     0     9     166    (-,-) 
  g4967571/z                                      (u)     in_0->z F     unmapped_nand2         1  1.0     0     9     174    (-,-) 
  g4965202/z                                      (u)     in_0->z R     unmapped_nand2         1  1.0     0     9     183    (-,-) 
  g5015682/z                                      (u)     in_0->z R     unmapped_complex2      1  1.0     0     9     192    (-,-) 
  g4960499/z                                      (u)     in_1->z R     unmapped_complex2      1  1.0     0     9     201    (-,-) 
  g5016834/z                                      (u)     in_0->z R     unmapped_complex2      1  1.0     0     9     210    (-,-) 
  g4958612/z                                      (u)     in_1->z R     unmapped_complex2      1  1.0     0     9     219    (-,-) 
  g5017185/z                                      (u)     in_0->z R     unmapped_complex2      1  1.0     0     9     228    (-,-) 
  g4957270/z                                      (u)     in_0->z R     unmapped_or2           1  1.0     0     9     237    (-,-) 
  g5017334/z                                      (u)     in_0->z R     unmapped_complex2      1  1.0     0     9     246    (-,-) 
  g4956714/z                                      (u)     in_1->z R     unmapped_complex2      1  1.0     0     9     254    (-,-) 
  g4956596/z                                      (u)     in_1->z R     unmapped_or2           1  1.0     0     9     263    (-,-) 
  g4956446/z                                      (u)     in_1->z R     unmapped_or2           1  1.0     0     9     272    (-,-) 
  g4956442/z                                      (u)     in_0->z R     unmapped_or2           1  1.0     0     9     281    (-,-) 
  g4956400/z                                      (u)     in_1->z R     unmapped_or2           1  1.0     0     9     290    (-,-) 
  ROUND[4].U_ROUND_U_SUB_ROM[6].ROM_dout_reg[0]/d -       -       R     unmapped_d_flop        1    -     -     0     290    (-,-) 
#----------------------------------------------------------------------------------------------------------------------------------

(u) : Net has unmapped pin(s).



Path 4: VIOLATED (-39 ps) Setup Check with Pin ROUND[4].U_ROUND_U_SUB_ROM[4].ROM_dout_reg[5]/clk->d
          Group: clk
     Startpoint: (R) ROUND[3].U_ROUND_U_KEY_data_out_reg[39]/clk
          Clock: (R) clk
       Endpoint: (R) ROUND[4].U_ROUND_U_SUB_ROM[4].ROM_dout_reg[5]/d
          Clock: (R) clk

                     Capture       Launch     
        Clock Edge:+     260            0     
       Src Latency:+       0            0     
       Net Latency:+       0 (I)        0 (I) 
           Arrival:=     260            0     
                                              
             Setup:-       9                  
     Required Time:=     251                  
      Launch Clock:-       0                  
         Data Path:-     290                  
             Slack:=     -39                  

#----------------------------------------------------------------------------------------------------------------------------------
#                  Timing Point                   Flags    Arc    Edge       Cell         Fanout Load Trans Delay Arrival Instance 
#                                                                                                (fF)  (ps)  (ps)   (ps)  Location 
#----------------------------------------------------------------------------------------------------------------------------------
  ROUND[3].U_ROUND_U_KEY_data_out_reg[39]/clk     -       -       R     (arrival)          10769    -     0     0       0    (-,-) 
  ROUND[3].U_ROUND_U_KEY_data_out_reg[39]/q       (u)     clk->q  R     unmapped_d_flop       40 40.0     0    91      91    (-,-) 
  g4872848/z                                      (u)     in_1->z F     unmapped_complex2     25 25.0     0    34     126    (-,-) 
  g4999587/z                                      (u)     in_0->z F     unmapped_complex2      7  7.0     0    22     148    (-,-) 
  g4986330/z                                      (u)     in_0->z F     unmapped_or2           1  1.0     0     9     157    (-,-) 
  g4982165/z                                      (u)     in_0->z R     unmapped_nand2         1  1.0     0     9     166    (-,-) 
  g4968047/z                                      (u)     in_0->z R     unmapped_complex2      1  1.0     0     9     174    (-,-) 
  g4964688/z                                      (u)     in_0->z F     unmapped_complex2      1  1.0     0     9     183    (-,-) 
  g4961691/z                                      (u)     in_0->z R     unmapped_complex2      1  1.0     0     9     192    (-,-) 
  g5016494/z                                      (u)     in_0->z R     unmapped_complex2      1  1.0     0     9     201    (-,-) 
  g4959198/z                                      (u)     in_1->z R     unmapped_or2           1  1.0     0     9     210    (-,-) 
  g5017076/z                                      (u)     in_0->z R     unmapped_complex2      1  1.0     0     9     219    (-,-) 
  g4957947/z                                      (u)     in_1->z R     unmapped_complex2      1  1.0     0     9     228    (-,-) 
  g5017280/z                                      (u)     in_0->z R     unmapped_complex2      1  1.0     0     9     237    (-,-) 
  g4956834/z                                      (u)     in_1->z R     unmapped_complex2      1  1.0     0     9     246    (-,-) 
  g5017398/z                                      (u)     in_0->z R     unmapped_complex2      1  1.0     0     9     254    (-,-) 
  g4956616/z                                      (u)     in_1->z R     unmapped_or2           1  1.0     0     9     263    (-,-) 
  g4956489/z                                      (u)     in_1->z R     unmapped_or2           1  1.0     0     9     272    (-,-) 
  g4956429/z                                      (u)     in_0->z R     unmapped_or2           1  1.0     0     9     281    (-,-) 
  g4956404/z                                      (u)     in_1->z R     unmapped_or2           1  1.0     0     9     290    (-,-) 
  ROUND[4].U_ROUND_U_SUB_ROM[4].ROM_dout_reg[5]/d -       -       R     unmapped_d_flop        1    -     -     0     290    (-,-) 
#----------------------------------------------------------------------------------------------------------------------------------

(u) : Net has unmapped pin(s).



Path 5: VIOLATED (-39 ps) Setup Check with Pin ROUND[4].U_ROUND_U_SUB_ROM[3].ROM_dout_reg[5]/clk->d
          Group: clk
     Startpoint: (R) ROUND[3].U_ROUND_U_KEY_data_out_reg[31]/clk
          Clock: (R) clk
       Endpoint: (R) ROUND[4].U_ROUND_U_SUB_ROM[3].ROM_dout_reg[5]/d
          Clock: (R) clk

                     Capture       Launch     
        Clock Edge:+     260            0     
       Src Latency:+       0            0     
       Net Latency:+       0 (I)        0 (I) 
           Arrival:=     260            0     
                                              
             Setup:-       9                  
     Required Time:=     251                  
      Launch Clock:-       0                  
         Data Path:-     290                  
             Slack:=     -39                  

#----------------------------------------------------------------------------------------------------------------------------------
#                  Timing Point                   Flags    Arc    Edge       Cell         Fanout Load Trans Delay Arrival Instance 
#                                                                                                (fF)  (ps)  (ps)   (ps)  Location 
#----------------------------------------------------------------------------------------------------------------------------------
  ROUND[3].U_ROUND_U_KEY_data_out_reg[31]/clk     -       -       R     (arrival)          10769    -     0     0       0    (-,-) 
  ROUND[3].U_ROUND_U_KEY_data_out_reg[31]/q       (u)     clk->q  R     unmapped_d_flop       40 40.0     0    91      91    (-,-) 
  g4872294/z                                      (u)     in_0->z F     unmapped_complex2     24 24.0     0    34     125    (-,-) 
  g5000590/z                                      (u)     in_0->z F     unmapped_complex2      7  7.0     0    22     147    (-,-) 
  g4987302/z                                      (u)     in_0->z F     unmapped_or2           1  1.0     0     9     156    (-,-) 
  g4979603/z                                      (u)     in_1->z R     unmapped_nand2         1  1.0     0     9     165    (-,-) 
  g5013469/z                                      (u)     in_0->z R     unmapped_complex2      1  1.0     0     9     174    (-,-) 
  g5014605/z                                      (u)     in_1->z F     unmapped_complex2      1  1.0     0     9     183    (-,-) 
  g5015695/z                                      (u)     in_1->z R     unmapped_complex2      1  1.0     0     9     192    (-,-) 
  g4960164/z                                      (u)     in_1->z R     unmapped_complex2      1  1.0     0     9     201    (-,-) 
  g5016841/z                                      (u)     in_0->z R     unmapped_complex2      1  1.0     0     9     210    (-,-) 
  g4958422/z                                      (u)     in_1->z R     unmapped_complex2      1  1.0     0     9     218    (-,-) 
  g4958003/z                                      (u)     in_0->z R     unmapped_complex2      1  1.0     0     9     227    (-,-) 
  g4957152/z                                      (u)     in_0->z R     unmapped_or2           1  1.0     0     9     236    (-,-) 
  g4956973/z                                      (u)     in_0->z R     unmapped_complex2      1  1.0     0     9     245    (-,-) 
  g4956705/z                                      (u)     in_1->z R     unmapped_or2           1  1.0     0     9     254    (-,-) 
  g4956620/z                                      (u)     in_1->z R     unmapped_or2           1  1.0     0     9     263    (-,-) 
  g4956445/z                                      (u)     in_1->z R     unmapped_or2           1  1.0     0     9     272    (-,-) 
  g4956414/z                                      (u)     in_1->z R     unmapped_or2           1  1.0     0     9     281    (-,-) 
  g4956405/z                                      (u)     in_1->z R     unmapped_or2           1  1.0     0     9     290    (-,-) 
  ROUND[4].U_ROUND_U_SUB_ROM[3].ROM_dout_reg[5]/d -       -       R     unmapped_d_flop        1    -     -     0     290    (-,-) 
#----------------------------------------------------------------------------------------------------------------------------------

(u) : Net has unmapped pin(s).



Path 6: VIOLATED (-38 ps) Setup Check with Pin ROUND[4].U_ROUND_U_SUB_ROM[4].ROM_dout_reg[6]/clk->d
          Group: clk
     Startpoint: (R) ROUND[3].U_ROUND_U_KEY_data_out_reg[33]/clk
          Clock: (R) clk
       Endpoint: (R) ROUND[4].U_ROUND_U_SUB_ROM[4].ROM_dout_reg[6]/d
          Clock: (R) clk

                     Capture       Launch     
        Clock Edge:+     260            0     
       Src Latency:+       0            0     
       Net Latency:+       0 (I)        0 (I) 
           Arrival:=     260            0     
                                              
             Setup:-       9                  
     Required Time:=     251                  
      Launch Clock:-       0                  
         Data Path:-     289                  
             Slack:=     -38                  

#----------------------------------------------------------------------------------------------------------------------------------
#                  Timing Point                   Flags    Arc    Edge       Cell         Fanout Load Trans Delay Arrival Instance 
#                                                                                                (fF)  (ps)  (ps)   (ps)  Location 
#----------------------------------------------------------------------------------------------------------------------------------
  ROUND[3].U_ROUND_U_KEY_data_out_reg[33]/clk     -       -       R     (arrival)          10769    -     0     0       0    (-,-) 
  ROUND[3].U_ROUND_U_KEY_data_out_reg[33]/q       (u)     clk->q  R     unmapped_d_flop       37 37.0     0    91      91    (-,-) 
  g4872850/z                                      (u)     in_0->z F     unmapped_nand2        18 18.0     0    31     122    (-,-) 
  g4999595/z                                      (u)     in_0->z F     unmapped_complex2     15 15.0     0    30     152    (-,-) 
  g4986242/z                                      (u)     in_0->z F     unmapped_or2           2  2.0     0    13     164    (-,-) 
  g4982410/z                                      (u)     in_1->z F     unmapped_or2           1  1.0     0     9     173    (-,-) 
  g4968324/z                                      (u)     in_1->z R     unmapped_nand2         1  1.0     0     9     182    (-,-) 
  g4964361/z                                      (u)     in_1->z R     unmapped_or2           1  1.0     0     9     191    (-,-) 
  g5015741/z                                      (u)     in_0->z R     unmapped_complex2      1  1.0     0     9     200    (-,-) 
  g4959945/z                                      (u)     in_1->z R     unmapped_complex2      1  1.0     0     9     209    (-,-) 
  g5016866/z                                      (u)     in_0->z R     unmapped_complex2      1  1.0     0     9     218    (-,-) 
  g4958106/z                                      (u)     in_1->z R     unmapped_or2           1  1.0     0     9     227    (-,-) 
  g4957618/z                                      (u)     in_0->z R     unmapped_complex2      1  1.0     0     9     236    (-,-) 
  g5017294/z                                      (u)     in_0->z R     unmapped_complex2      1  1.0     0     9     244    (-,-) 
  g4956965/z                                      (u)     in_1->z R     unmapped_or2           1  1.0     0     9     253    (-,-) 
  g4956723/z                                      (u)     in_1->z R     unmapped_or2           1  1.0     0     9     262    (-,-) 
  g4956541/z                                      (u)     in_0->z R     unmapped_or2           1  1.0     0     9     271    (-,-) 
  g4956529/z                                      (u)     in_0->z R     unmapped_or2           1  1.0     0     9     280    (-,-) 
  g4956437/z                                      (u)     in_1->z R     unmapped_or2           1  1.0     0     9     289    (-,-) 
  ROUND[4].U_ROUND_U_SUB_ROM[4].ROM_dout_reg[6]/d -       -       R     unmapped_d_flop        1    -     -     0     289    (-,-) 
#----------------------------------------------------------------------------------------------------------------------------------

(u) : Net has unmapped pin(s).



Path 7: VIOLATED (-33 ps) Setup Check with Pin ROUND[4].U_ROUND_U_SUB_ROM[14].ROM_dout_reg[6]/clk->d
          Group: clk
     Startpoint: (R) ROUND[3].U_ROUND_U_KEY_data_out_reg[113]/clk
          Clock: (R) clk
       Endpoint: (R) ROUND[4].U_ROUND_U_SUB_ROM[14].ROM_dout_reg[6]/d
          Clock: (R) clk

                     Capture       Launch     
        Clock Edge:+     260            0     
       Src Latency:+       0            0     
       Net Latency:+       0 (I)        0 (I) 
           Arrival:=     260            0     
                                              
             Setup:-       9                  
     Required Time:=     251                  
      Launch Clock:-       0                  
         Data Path:-     284                  
             Slack:=     -33                  

#-----------------------------------------------------------------------------------------------------------------------------------
#                  Timing Point                    Flags    Arc    Edge       Cell         Fanout Load Trans Delay Arrival Instance 
#                                                                                                 (fF)  (ps)  (ps)   (ps)  Location 
#-----------------------------------------------------------------------------------------------------------------------------------
  ROUND[3].U_ROUND_U_KEY_data_out_reg[113]/clk     -       -       R     (arrival)          10769    -     0     0       0    (-,-) 
  ROUND[3].U_ROUND_U_KEY_data_out_reg[113]/q       (u)     clk->q  R     unmapped_d_flop       38 38.0     0    91      91    (-,-) 
  g4872099/z                                       (u)     in_0->z F     unmapped_nand2        19 19.0     0    32     123    (-,-) 
  g5001575/z                                       (u)     in_0->z F     unmapped_complex2     13 13.0     0    28     150    (-,-) 
  g4985529/z                                       (u)     in_1->z F     unmapped_or2           1  1.0     0     9     159    (-,-) 
  g4984380/z                                       (u)     in_1->z F     unmapped_complex2      1  1.0     0     9     168    (-,-) 
  g4971037/z                                       (u)     in_1->z R     unmapped_nand2         1  1.0     0     9     177    (-,-) 
  g4965111/z                                       (u)     in_0->z R     unmapped_complex2      1  1.0     0     9     186    (-,-) 
  g5015707/z                                       (u)     in_0->z R     unmapped_complex2      1  1.0     0     9     195    (-,-) 
  g4960439/z                                       (u)     in_1->z R     unmapped_complex2      1  1.0     0     9     204    (-,-) 
  g5016852/z                                       (u)     in_0->z R     unmapped_complex2      1  1.0     0     9     213    (-,-) 
  g4958752/z                                       (u)     in_1->z R     unmapped_or2           1  1.0     0     9     222    (-,-) 
  g4957512/z                                       (u)     in_0->z R     unmapped_or2           1  1.0     0     9     231    (-,-) 
  g5017282/z                                       (u)     in_0->z R     unmapped_complex2      1  1.0     0     9     240    (-,-) 
  g4957035/z                                       (u)     in_1->z R     unmapped_or2           1  1.0     0     9     248    (-,-) 
  g4956658/z                                       (u)     in_0->z R     unmapped_or2           1  1.0     0     9     257    (-,-) 
  g4956653/z                                       (u)     in_0->z R     unmapped_or2           1  1.0     0     9     266    (-,-) 
  g4956509/z                                       (u)     in_1->z R     unmapped_or2           1  1.0     0     9     275    (-,-) 
  g4956415/z                                       (u)     in_1->z R     unmapped_or2           1  1.0     0     9     284    (-,-) 
  ROUND[4].U_ROUND_U_SUB_ROM[14].ROM_dout_reg[6]/d -       -       R     unmapped_d_flop        1    -     -     0     284    (-,-) 
#-----------------------------------------------------------------------------------------------------------------------------------

(u) : Net has unmapped pin(s).



Path 8: VIOLATED (-32 ps) Setup Check with Pin ROUND[4].U_ROUND_U_SUB_ROM[3].ROM_dout_reg[6]/clk->d
          Group: clk
     Startpoint: (R) ROUND[3].U_ROUND_U_KEY_data_out_reg[25]/clk
          Clock: (R) clk
       Endpoint: (R) ROUND[4].U_ROUND_U_SUB_ROM[3].ROM_dout_reg[6]/d
          Clock: (R) clk

                     Capture       Launch     
        Clock Edge:+     260            0     
       Src Latency:+       0            0     
       Net Latency:+       0 (I)        0 (I) 
           Arrival:=     260            0     
                                              
             Setup:-       9                  
     Required Time:=     251                  
      Launch Clock:-       0                  
         Data Path:-     283                  
             Slack:=     -32                  

#----------------------------------------------------------------------------------------------------------------------------------
#                  Timing Point                   Flags    Arc    Edge       Cell         Fanout Load Trans Delay Arrival Instance 
#                                                                                                (fF)  (ps)  (ps)   (ps)  Location 
#----------------------------------------------------------------------------------------------------------------------------------
  ROUND[3].U_ROUND_U_KEY_data_out_reg[25]/clk     -       -       R     (arrival)          10769    -     0     0       0    (-,-) 
  ROUND[3].U_ROUND_U_KEY_data_out_reg[25]/q       (u)     clk->q  R     unmapped_d_flop       37 37.0     0    91      91    (-,-) 
  g4872300/z                                      (u)     in_1->z F     unmapped_nand2        19 19.0     0    32     122    (-,-) 
  g5001051/z                                      (u)     in_0->z F     unmapped_complex2     15 15.0     0    30     152    (-,-) 
  g4987346/z                                      (u)     in_0->z F     unmapped_or2           3  3.0     0    15     167    (-,-) 
  g4983882/z                                      (u)     in_1->z F     unmapped_or2           1  1.0     0     9     176    (-,-) 
  g4970431/z                                      (u)     in_0->z R     unmapped_nand2         1  1.0     0     9     185    (-,-) 
  g4963173/z                                      (u)     in_1->z R     unmapped_complex2      1  1.0     0     9     194    (-,-) 
  g4960058/z                                      (u)     in_1->z R     unmapped_or2           1  1.0     0     9     203    (-,-) 
  g4959490/z                                      (u)     in_0->z R     unmapped_or2           1  1.0     0     9     212    (-,-) 
  g5017086/z                                      (u)     in_0->z R     unmapped_complex2      1  1.0     0     9     221    (-,-) 
  g4957820/z                                      (u)     in_1->z R     unmapped_complex2      1  1.0     0     9     230    (-,-) 
  g4957227/z                                      (u)     in_1->z R     unmapped_or2           1  1.0     0     9     239    (-,-) 
  g4956957/z                                      (u)     in_0->z R     unmapped_or2           1  1.0     0     9     248    (-,-) 
  g4956695/z                                      (u)     in_0->z R     unmapped_or2           1  1.0     0     9     256    (-,-) 
  g4956604/z                                      (u)     in_0->z R     unmapped_or2           1  1.0     0     9     265    (-,-) 
  g4956474/z                                      (u)     in_1->z R     unmapped_or2           1  1.0     0     9     274    (-,-) 
  g4956422/z                                      (u)     in_1->z R     unmapped_or2           1  1.0     0     9     283    (-,-) 
  ROUND[4].U_ROUND_U_SUB_ROM[3].ROM_dout_reg[6]/d -       -       R     unmapped_d_flop        1    -     -     0     283    (-,-) 
#----------------------------------------------------------------------------------------------------------------------------------

(u) : Net has unmapped pin(s).



Path 9: VIOLATED (-32 ps) Setup Check with Pin ROUND[4].U_ROUND_U_SUB_ROM[9].ROM_dout_reg[6]/clk->d
          Group: clk
     Startpoint: (R) ROUND[3].U_ROUND_U_KEY_data_out_reg[79]/clk
          Clock: (R) clk
       Endpoint: (R) ROUND[4].U_ROUND_U_SUB_ROM[9].ROM_dout_reg[6]/d
          Clock: (R) clk

                     Capture       Launch     
        Clock Edge:+     260            0     
       Src Latency:+       0            0     
       Net Latency:+       0 (I)        0 (I) 
           Arrival:=     260            0     
                                              
             Setup:-       9                  
     Required Time:=     251                  
      Launch Clock:-       0                  
         Data Path:-     283                  
             Slack:=     -32                  

#----------------------------------------------------------------------------------------------------------------------------------
#                  Timing Point                   Flags    Arc    Edge       Cell         Fanout Load Trans Delay Arrival Instance 
#                                                                                                (fF)  (ps)  (ps)   (ps)  Location 
#----------------------------------------------------------------------------------------------------------------------------------
  ROUND[3].U_ROUND_U_KEY_data_out_reg[79]/clk     -       -       R     (arrival)          10769    -     0     0       0    (-,-) 
  ROUND[3].U_ROUND_U_KEY_data_out_reg[79]/q       (u)     clk->q  F     unmapped_d_flop       42 42.0     0    92      92    (-,-) 
  g4872011/z                                      (u)     in_1->z F     unmapped_complex2     23 23.0     0    33     125    (-,-) 
  g5001791/z                                      (u)     in_1->z F     unmapped_or2           9  9.0     0    24     150    (-,-) 
  g5012076/z                                      (u)     in_1->z F     unmapped_complex2      1  1.0     0     9     158    (-,-) 
  g4984955/z                                      (u)     in_1->z F     unmapped_or2           1  1.0     0     9     167    (-,-) 
  g4971875/z                                      (u)     in_1->z R     unmapped_nand2         1  1.0     0     9     176    (-,-) 
  g4966007/z                                      (u)     in_1->z R     unmapped_or2           1  1.0     0     9     185    (-,-) 
  g5015727/z                                      (u)     in_0->z R     unmapped_complex2      1  1.0     0     9     194    (-,-) 
  g4961042/z                                      (u)     in_1->z R     unmapped_complex2      1  1.0     0     9     203    (-,-) 
  g4958841/z                                      (u)     in_1->z R     unmapped_or2           1  1.0     0     9     212    (-,-) 
  g4958787/z                                      (u)     in_0->z R     unmapped_or2           1  1.0     0     9     221    (-,-) 
  g5017196/z                                      (u)     in_0->z R     unmapped_complex2      1  1.0     0     9     230    (-,-) 
  g4957260/z                                      (u)     in_0->z R     unmapped_or2           1  1.0     0     9     238    (-,-) 
  g4957034/z                                      (u)     in_0->z R     unmapped_or2           1  1.0     0     9     247    (-,-) 
  g4956722/z                                      (u)     in_1->z R     unmapped_or2           1  1.0     0     9     256    (-,-) 
  g4956576/z                                      (u)     in_0->z R     unmapped_or2           1  1.0     0     9     265    (-,-) 
  g4956508/z                                      (u)     in_1->z R     unmapped_or2           1  1.0     0     9     274    (-,-) 
  g4956431/z                                      (u)     in_1->z R     unmapped_or2           1  1.0     0     9     283    (-,-) 
  ROUND[4].U_ROUND_U_SUB_ROM[9].ROM_dout_reg[6]/d -       -       R     unmapped_d_flop        1    -     -     0     283    (-,-) 
#----------------------------------------------------------------------------------------------------------------------------------

(u) : Net has unmapped pin(s).



Path 10: VIOLATED (-32 ps) Setup Check with Pin ROUND[4].U_ROUND_U_SUB_ROM[8].ROM_dout_reg[0]/clk->d
          Group: clk
     Startpoint: (R) ROUND[3].U_ROUND_U_KEY_data_out_reg[65]/clk
          Clock: (R) clk
       Endpoint: (R) ROUND[4].U_ROUND_U_SUB_ROM[8].ROM_dout_reg[0]/d
          Clock: (R) clk

                     Capture       Launch     
        Clock Edge:+     260            0     
       Src Latency:+       0            0     
       Net Latency:+       0 (I)        0 (I) 
           Arrival:=     260            0     
                                              
             Setup:-       9                  
     Required Time:=     251                  
      Launch Clock:-       0                  
         Data Path:-     283                  
             Slack:=     -32                  

#----------------------------------------------------------------------------------------------------------------------------------
#                  Timing Point                   Flags    Arc    Edge       Cell         Fanout Load Trans Delay Arrival Instance 
#                                                                                                (fF)  (ps)  (ps)   (ps)  Location 
#----------------------------------------------------------------------------------------------------------------------------------
  ROUND[3].U_ROUND_U_KEY_data_out_reg[65]/clk     -       -       R     (arrival)          10769    -     0     0       0    (-,-) 
  ROUND[3].U_ROUND_U_KEY_data_out_reg[65]/q       (u)     clk->q  F     unmapped_d_flop       38 38.0     0    91      91    (-,-) 
  g5005916/z                                      (u)     in_0->z F     unmapped_complex2     19 19.0     0    32     123    (-,-) 
  g4996879/z                                      (u)     in_0->z F     unmapped_or2           4  4.0     0    18     141    (-,-) 
  g4987206/z                                      (u)     in_1->z F     unmapped_or2           1  1.0     0     9     150    (-,-) 
  g4979898/z                                      (u)     in_1->z F     unmapped_complex2      1  1.0     0     9     158    (-,-) 
  g4967821/z                                      (u)     in_1->z R     unmapped_nand2         1  1.0     0     9     167    (-,-) 
  g4964923/z                                      (u)     in_0->z R     unmapped_complex2      1  1.0     0     9     176    (-,-) 
  g5015680/z                                      (u)     in_0->z R     unmapped_complex2      1  1.0     0     9     185    (-,-) 
  g4960338/z                                      (u)     in_1->z R     unmapped_complex2      1  1.0     0     9     194    (-,-) 
  g4958962/z                                      (u)     in_1->z R     unmapped_or2           1  1.0     0     9     203    (-,-) 
  g5017071/z                                      (u)     in_0->z R     unmapped_complex2      1  1.0     0     9     212    (-,-) 
  g4957986/z                                      (u)     in_1->z R     unmapped_complex2      1  1.0     0     9     221    (-,-) 
  g4957115/z                                      (u)     in_1->z R     unmapped_or2           1  1.0     0     9     230    (-,-) 
  g4956907/z                                      (u)     in_0->z R     unmapped_or2           1  1.0     0     9     238    (-,-) 
  g5017396/z                                      (u)     in_0->z R     unmapped_complex2      1  1.0     0     9     247    (-,-) 
  g4956548/z                                      (u)     in_1->z R     unmapped_complex2      1  1.0     0     9     256    (-,-) 
  g4956460/z                                      (u)     in_1->z R     unmapped_or2           1  1.0     0     9     265    (-,-) 
  g4956427/z                                      (u)     in_0->z R     unmapped_or2           1  1.0     0     9     274    (-,-) 
  g4956399/z                                      (u)     in_1->z R     unmapped_or2           1  1.0     0     9     283    (-,-) 
  ROUND[4].U_ROUND_U_SUB_ROM[8].ROM_dout_reg[0]/d -       -       R     unmapped_d_flop        1    -     -     0     283    (-,-) 
#----------------------------------------------------------------------------------------------------------------------------------

(u) : Net has unmapped pin(s).



Path 11: VIOLATED (-32 ps) Setup Check with Pin ROUND[4].U_ROUND_U_SUB_ROM[4].ROM_dout_reg[2]/clk->d
          Group: clk
     Startpoint: (R) ROUND[3].U_ROUND_U_KEY_data_out_reg[39]/clk
          Clock: (R) clk
       Endpoint: (R) ROUND[4].U_ROUND_U_SUB_ROM[4].ROM_dout_reg[2]/d
          Clock: (R) clk

                     Capture       Launch     
        Clock Edge:+     260            0     
       Src Latency:+       0            0     
       Net Latency:+       0 (I)        0 (I) 
           Arrival:=     260            0     
                                              
             Setup:-       9                  
     Required Time:=     251                  
      Launch Clock:-       0                  
         Data Path:-     282                  
             Slack:=     -32                  

#----------------------------------------------------------------------------------------------------------------------------------
#                  Timing Point                   Flags    Arc    Edge       Cell         Fanout Load Trans Delay Arrival Instance 
#                                                                                                (fF)  (ps)  (ps)   (ps)  Location 
#----------------------------------------------------------------------------------------------------------------------------------
  ROUND[3].U_ROUND_U_KEY_data_out_reg[39]/clk     -       -       R     (arrival)          10769    -     0     0       0    (-,-) 
  ROUND[3].U_ROUND_U_KEY_data_out_reg[39]/q       (u)     clk->q  R     unmapped_d_flop       40 40.0     0    91      91    (-,-) 
  g4872846/z                                      (u)     in_1->z F     unmapped_nand2        25 25.0     0    34     126    (-,-) 
  g4999568/z                                      (u)     in_1->z F     unmapped_or2           8  8.0     0    23     149    (-,-) 
  g4987347/z                                      (u)     in_0->z F     unmapped_complex2      1  1.0     0     9     158    (-,-) 
  g4979515/z                                      (u)     in_1->z R     unmapped_nand2         1  1.0     0     9     167    (-,-) 
  g4968119/z                                      (u)     in_0->z F     unmapped_complex2      1  1.0     0     9     176    (-,-) 
  g4964273/z                                      (u)     in_0->z R     unmapped_nand2         1  1.0     0     9     185    (-,-) 
  g4962851/z                                      (u)     in_0->z R     unmapped_complex2      1  1.0     0     9     194    (-,-) 
  g5016510/z                                      (u)     in_0->z R     unmapped_complex2      1  1.0     0     9     202    (-,-) 
  g4959698/z                                      (u)     in_1->z R     unmapped_complex2      1  1.0     0     9     211    (-,-) 
  g4958166/z                                      (u)     in_1->z R     unmapped_or2           1  1.0     0     9     220    (-,-) 
  g4957837/z                                      (u)     in_0->z R     unmapped_complex2      1  1.0     0     9     229    (-,-) 
  g5017284/z                                      (u)     in_0->z R     unmapped_complex2      1  1.0     0     9     238    (-,-) 
  g4956831/z                                      (u)     in_1->z R     unmapped_complex2      1  1.0     0     9     247    (-,-) 
  g4956712/z                                      (u)     in_1->z R     unmapped_or2           1  1.0     0     9     256    (-,-) 
  g5017434/z                                      (u)     in_0->z R     unmapped_complex2      1  1.0     0     9     265    (-,-) 
  g4956512/z                                      (u)     in_1->z R     unmapped_or2           1  1.0     0     9     274    (-,-) 
  g4956418/z                                      (u)     in_0->z R     unmapped_or2           1  1.0     0     9     282    (-,-) 
  ROUND[4].U_ROUND_U_SUB_ROM[4].ROM_dout_reg[2]/d -       -       R     unmapped_d_flop        1    -     -     0     282    (-,-) 
#----------------------------------------------------------------------------------------------------------------------------------

(u) : Net has unmapped pin(s).



Path 12: VIOLATED (-31 ps) Setup Check with Pin ROUND[4].U_ROUND_U_SUB_ROM[15].ROM_dout_reg[2]/clk->d
          Group: clk
     Startpoint: (R) ROUND[3].U_ROUND_U_KEY_data_out_reg[121]/clk
          Clock: (R) clk
       Endpoint: (R) ROUND[4].U_ROUND_U_SUB_ROM[15].ROM_dout_reg[2]/d
          Clock: (R) clk

                     Capture       Launch     
        Clock Edge:+     260            0     
       Src Latency:+       0            0     
       Net Latency:+       0 (I)        0 (I) 
           Arrival:=     260            0     
                                              
             Setup:-       9                  
     Required Time:=     251                  
      Launch Clock:-       0                  
         Data Path:-     282                  
             Slack:=     -31                  

#-----------------------------------------------------------------------------------------------------------------------------------
#                  Timing Point                    Flags    Arc    Edge       Cell         Fanout Load Trans Delay Arrival Instance 
#                                                                                                 (fF)  (ps)  (ps)   (ps)  Location 
#-----------------------------------------------------------------------------------------------------------------------------------
  ROUND[3].U_ROUND_U_KEY_data_out_reg[121]/clk     -       -       R     (arrival)          10769    -     0     0       0    (-,-) 
  ROUND[3].U_ROUND_U_KEY_data_out_reg[121]/q       (u)     clk->q  F     unmapped_d_flop       39 39.0     0    91      91    (-,-) 
  g4873073/z                                       (u)     in_1->z F     unmapped_or2          16 16.0     0    30     122    (-,-) 
  g4998922/z                                       (u)     in_0->z F     unmapped_or2           8  8.0     0    23     145    (-,-) 
  g4987806/z                                       (u)     in_1->z F     unmapped_or2           2  2.0     0    13     158    (-,-) 
  g4979415/z                                       (u)     in_0->z R     unmapped_nand2         1  1.0     0     9     167    (-,-) 
  g4968202/z                                       (u)     in_0->z F     unmapped_nand2         1  1.0     0     9     176    (-,-) 
  g5014640/z                                       (u)     in_1->z R     unmapped_complex2      1  1.0     0     9     184    (-,-) 
  g4961418/z                                       (u)     in_1->z R     unmapped_complex2      1  1.0     0     9     193    (-,-) 
  g4960604/z                                       (u)     in_0->z R     unmapped_complex2      1  1.0     0     9     202    (-,-) 
  g5016858/z                                       (u)     in_0->z R     unmapped_complex2      1  1.0     0     9     211    (-,-) 
  g4958484/z                                       (u)     in_1->z R     unmapped_or2           1  1.0     0     9     220    (-,-) 
  g4957528/z                                       (u)     in_0->z R     unmapped_complex2      1  1.0     0     9     229    (-,-) 
  g4957296/z                                       (u)     in_0->z R     unmapped_or2           1  1.0     0     9     238    (-,-) 
  g4957027/z                                       (u)     in_1->z R     unmapped_or2           1  1.0     0     9     247    (-,-) 
  g5017403/z                                       (u)     in_0->z R     unmapped_complex2      1  1.0     0     9     256    (-,-) 
  g4956609/z                                       (u)     in_0->z R     unmapped_or2           1  1.0     0     9     265    (-,-) 
  g4956499/z                                       (u)     in_1->z R     unmapped_or2           1  1.0     0     9     274    (-,-) 
  g4956420/z                                       (u)     in_1->z R     unmapped_or2           1  1.0     0     9     282    (-,-) 
  ROUND[4].U_ROUND_U_SUB_ROM[15].ROM_dout_reg[2]/d -       -       R     unmapped_d_flop        1    -     -     0     282    (-,-) 
#-----------------------------------------------------------------------------------------------------------------------------------

(u) : Net has unmapped pin(s).



Path 13: VIOLATED (-31 ps) Setup Check with Pin ROUND[4].U_ROUND_U_SUB_ROM[12].ROM_dout_reg[4]/clk->d
          Group: clk
     Startpoint: (R) ROUND[3].U_ROUND_U_KEY_data_out_reg[97]/clk
          Clock: (R) clk
       Endpoint: (R) ROUND[4].U_ROUND_U_SUB_ROM[12].ROM_dout_reg[4]/d
          Clock: (R) clk

                     Capture       Launch     
        Clock Edge:+     260            0     
       Src Latency:+       0            0     
       Net Latency:+       0 (I)        0 (I) 
           Arrival:=     260            0     
                                              
             Setup:-       9                  
     Required Time:=     251                  
      Launch Clock:-       0                  
         Data Path:-     282                  
             Slack:=     -31                  

#-----------------------------------------------------------------------------------------------------------------------------------
#                  Timing Point                    Flags    Arc    Edge       Cell         Fanout Load Trans Delay Arrival Instance 
#                                                                                                 (fF)  (ps)  (ps)   (ps)  Location 
#-----------------------------------------------------------------------------------------------------------------------------------
  ROUND[3].U_ROUND_U_KEY_data_out_reg[97]/clk      -       -       R     (arrival)          10769    -     0     0       0    (-,-) 
  ROUND[3].U_ROUND_U_KEY_data_out_reg[97]/q        (u)     clk->q  R     unmapped_d_flop       38 38.0     0    91      91    (-,-) 
  g4872244/z                                       (u)     in_1->z F     unmapped_nand2        19 19.0     0    32     123    (-,-) 
  g5001093/z                                       (u)     in_0->z F     unmapped_complex2     18 18.0     0    31     154    (-,-) 
  g4989901/z                                       (u)     in_1->z R     unmapped_nand2         2  2.0     0    13     167    (-,-) 
  g4974736/z                                       (u)     in_0->z F     unmapped_complex2      1  1.0     0     9     176    (-,-) 
  g4971085/z                                       (u)     in_0->z F     unmapped_or2           1  1.0     0     9     184    (-,-) 
  g4965221/z                                       (u)     in_0->z R     unmapped_nand2         1  1.0     0     9     193    (-,-) 
  g4963038/z                                       (u)     in_0->z R     unmapped_complex2      1  1.0     0     9     202    (-,-) 
  g5016558/z                                       (u)     in_0->z R     unmapped_complex2      1  1.0     0     9     211    (-,-) 
  g4959064/z                                       (u)     in_0->z R     unmapped_or2           1  1.0     0     9     220    (-,-) 
  g4958587/z                                       (u)     in_0->z R     unmapped_complex2      1  1.0     0     9     229    (-,-) 
  g5017206/z                                       (u)     in_0->z R     unmapped_complex2      1  1.0     0     9     238    (-,-) 
  g4957276/z                                       (u)     in_1->z R     unmapped_or2           1  1.0     0     9     247    (-,-) 
  g4957000/z                                       (u)     in_0->z R     unmapped_or2           1  1.0     0     9     256    (-,-) 
  g4956710/z                                       (u)     in_1->z R     unmapped_or2           1  1.0     0     9     265    (-,-) 
  g4956606/z                                       (u)     in_1->z R     unmapped_or2           1  1.0     0     9     274    (-,-) 
  g4956468/z                                       (u)     in_1->z R     unmapped_or2           1  1.0     0     9     282    (-,-) 
  ROUND[4].U_ROUND_U_SUB_ROM[12].ROM_dout_reg[4]/d -       -       R     unmapped_d_flop        1    -     -     0     282    (-,-) 
#-----------------------------------------------------------------------------------------------------------------------------------

(u) : Net has unmapped pin(s).



Path 14: VIOLATED (-31 ps) Setup Check with Pin ROUND[4].U_ROUND_U_SUB_ROM[2].ROM_dout_reg[5]/clk->d
          Group: clk
     Startpoint: (R) ROUND[3].U_ROUND_U_KEY_data_out_reg[17]/clk
          Clock: (R) clk
       Endpoint: (R) ROUND[4].U_ROUND_U_SUB_ROM[2].ROM_dout_reg[5]/d
          Clock: (R) clk

                     Capture       Launch     
        Clock Edge:+     260            0     
       Src Latency:+       0            0     
       Net Latency:+       0 (I)        0 (I) 
           Arrival:=     260            0     
                                              
             Setup:-       9                  
     Required Time:=     251                  
      Launch Clock:-       0                  
         Data Path:-     282                  
             Slack:=     -31                  

#----------------------------------------------------------------------------------------------------------------------------------
#                  Timing Point                   Flags    Arc    Edge       Cell         Fanout Load Trans Delay Arrival Instance 
#                                                                                                (fF)  (ps)  (ps)   (ps)  Location 
#----------------------------------------------------------------------------------------------------------------------------------
  ROUND[3].U_ROUND_U_KEY_data_out_reg[17]/clk     -       -       R     (arrival)          10769    -     0     0       0    (-,-) 
  ROUND[3].U_ROUND_U_KEY_data_out_reg[17]/q       (u)     clk->q  F     unmapped_d_flop       42 42.0     0    92      92    (-,-) 
  g5005394/z                                      (u)     in_0->z F     unmapped_complex2     17 17.0     0    31     123    (-,-) 
  g5011459/z                                      (u)     in_0->z F     unmapped_complex2     11 11.0     0    26     149    (-,-) 
  g4986946/z                                      (u)     in_0->z F     unmapped_or2           1  1.0     0     9     158    (-,-) 
  g4980551/z                                      (u)     in_0->z R     unmapped_nand2         1  1.0     0     9     167    (-,-) 
  g4967041/z                                      (u)     in_0->z R     unmapped_complex2      1  1.0     0     9     176    (-,-) 
  g4965790/z                                      (u)     in_0->z F     unmapped_complex2      1  1.0     0     9     184    (-,-) 
  g4962056/z                                      (u)     in_1->z R     unmapped_nand2         1  1.0     0     9     193    (-,-) 
  g5016515/z                                      (u)     in_0->z R     unmapped_complex2      1  1.0     0     9     202    (-,-) 
  g4958912/z                                      (u)     in_1->z R     unmapped_complex2      1  1.0     0     9     211    (-,-) 
  g5017087/z                                      (u)     in_0->z R     unmapped_complex2      1  1.0     0     9     220    (-,-) 
  g4957823/z                                      (u)     in_1->z R     unmapped_or2           1  1.0     0     9     229    (-,-) 
  g5017288/z                                      (u)     in_0->z R     unmapped_complex2      1  1.0     0     9     238    (-,-) 
  g4956961/z                                      (u)     in_0->z R     unmapped_or2           1  1.0     0     9     247    (-,-) 
  g4956721/z                                      (u)     in_0->z R     unmapped_or2           1  1.0     0     9     256    (-,-) 
  g4956563/z                                      (u)     in_0->z R     unmapped_or2           1  1.0     0     9     264    (-,-) 
  g4956449/z                                      (u)     in_1->z R     unmapped_or2           1  1.0     0     9     273    (-,-) 
  g4956424/z                                      (u)     in_1->z R     unmapped_or2           1  1.0     0     9     282    (-,-) 
  ROUND[4].U_ROUND_U_SUB_ROM[2].ROM_dout_reg[5]/d -       -       R     unmapped_d_flop        1    -     -     0     282    (-,-) 
#----------------------------------------------------------------------------------------------------------------------------------

(u) : Net has unmapped pin(s).



Path 15: VIOLATED (-31 ps) Setup Check with Pin ROUND[4].U_ROUND_U_SUB_ROM[8].ROM_dout_reg[2]/clk->d
          Group: clk
     Startpoint: (R) ROUND[3].U_ROUND_U_KEY_data_out_reg[65]/clk
          Clock: (R) clk
       Endpoint: (R) ROUND[4].U_ROUND_U_SUB_ROM[8].ROM_dout_reg[2]/d
          Clock: (R) clk

                     Capture       Launch     
        Clock Edge:+     260            0     
       Src Latency:+       0            0     
       Net Latency:+       0 (I)        0 (I) 
           Arrival:=     260            0     
                                              
             Setup:-       9                  
     Required Time:=     251                  
      Launch Clock:-       0                  
         Data Path:-     282                  
             Slack:=     -31                  

#----------------------------------------------------------------------------------------------------------------------------------
#                  Timing Point                   Flags    Arc    Edge       Cell         Fanout Load Trans Delay Arrival Instance 
#                                                                                                (fF)  (ps)  (ps)   (ps)  Location 
#----------------------------------------------------------------------------------------------------------------------------------
  ROUND[3].U_ROUND_U_KEY_data_out_reg[65]/clk     -       -       R     (arrival)          10769    -     0     0       0    (-,-) 
  ROUND[3].U_ROUND_U_KEY_data_out_reg[65]/q       (u)     clk->q  F     unmapped_d_flop       38 38.0     0    91      91    (-,-) 
  g4872729/z                                      (u)     in_1->z F     unmapped_or2          16 16.0     0    30     122    (-,-) 
  g4999787/z                                      (u)     in_0->z F     unmapped_or2           8  8.0     0    23     145    (-,-) 
  g4987379/z                                      (u)     in_1->z F     unmapped_or2           2  2.0     0    13     158    (-,-) 
  g4979449/z                                      (u)     in_0->z R     unmapped_nand2         1  1.0     0     9     166    (-,-) 
  g4968175/z                                      (u)     in_0->z F     unmapped_nand2         1  1.0     0     9     175    (-,-) 
  g4964656/z                                      (u)     in_0->z R     unmapped_complex2      1  1.0     0     9     184    (-,-) 
  g5015746/z                                      (u)     in_0->z R     unmapped_complex2      1  1.0     0     9     193    (-,-) 
  g4960169/z                                      (u)     in_1->z R     unmapped_complex2      1  1.0     0     9     202    (-,-) 
  g5016870/z                                      (u)     in_0->z R     unmapped_complex2      1  1.0     0     9     211    (-,-) 
  g4958463/z                                      (u)     in_1->z R     unmapped_or2           1  1.0     0     9     220    (-,-) 
  g5017199/z                                      (u)     in_0->z R     unmapped_complex2      1  1.0     0     9     229    (-,-) 
  g4957102/z                                      (u)     in_1->z R     unmapped_complex2      1  1.0     0     9     238    (-,-) 
  g4956886/z                                      (u)     in_1->z R     unmapped_or2           1  1.0     0     9     247    (-,-) 
  g5017407/z                                      (u)     in_0->z R     unmapped_complex2      1  1.0     0     9     256    (-,-) 
  g4956547/z                                      (u)     in_1->z R     unmapped_complex2      1  1.0     0     9     264    (-,-) 
  g4956459/z                                      (u)     in_1->z R     unmapped_or2           1  1.0     0     9     273    (-,-) 
  g4956440/z                                      (u)     in_1->z R     unmapped_or2           1  1.0     0     9     282    (-,-) 
  ROUND[4].U_ROUND_U_SUB_ROM[8].ROM_dout_reg[2]/d -       -       R     unmapped_d_flop        1    -     -     0     282    (-,-) 
#----------------------------------------------------------------------------------------------------------------------------------

(u) : Net has unmapped pin(s).



Path 16: VIOLATED (-31 ps) Setup Check with Pin ROUND[4].U_ROUND_U_SUB_ROM[8].ROM_dout_reg[4]/clk->d
          Group: clk
     Startpoint: (R) ROUND[3].U_ROUND_U_KEY_data_out_reg[65]/clk
          Clock: (R) clk
       Endpoint: (R) ROUND[4].U_ROUND_U_SUB_ROM[8].ROM_dout_reg[4]/d
          Clock: (R) clk

                     Capture       Launch     
        Clock Edge:+     260            0     
       Src Latency:+       0            0     
       Net Latency:+       0 (I)        0 (I) 
           Arrival:=     260            0     
                                              
             Setup:-       9                  
     Required Time:=     251                  
      Launch Clock:-       0                  
         Data Path:-     282                  
             Slack:=     -31                  

#----------------------------------------------------------------------------------------------------------------------------------
#                  Timing Point                   Flags    Arc    Edge       Cell         Fanout Load Trans Delay Arrival Instance 
#                                                                                                (fF)  (ps)  (ps)   (ps)  Location 
#----------------------------------------------------------------------------------------------------------------------------------
  ROUND[3].U_ROUND_U_KEY_data_out_reg[65]/clk     -       -       R     (arrival)          10769    -     0     0       0    (-,-) 
  ROUND[3].U_ROUND_U_KEY_data_out_reg[65]/q       (u)     clk->q  R     unmapped_d_flop       38 38.0     0    91      91    (-,-) 
  g4872745/z                                      (u)     in_1->z F     unmapped_nand2        19 19.0     0    32     123    (-,-) 
  g4999862/z                                      (u)     in_0->z F     unmapped_complex2     17 17.0     0    31     154    (-,-) 
  g4991942/z                                      (u)     in_0->z R     unmapped_nand2         2  2.0     0    13     166    (-,-) 
  g4975748/z                                      (u)     in_0->z F     unmapped_complex2      1  1.0     0     9     175    (-,-) 
  g4970445/z                                      (u)     in_0->z F     unmapped_or2           1  1.0     0     9     184    (-,-) 
  g4964525/z                                      (u)     in_0->z R     unmapped_nand2         1  1.0     0     9     193    (-,-) 
  g5015803/z                                      (u)     in_0->z R     unmapped_complex2      1  1.0     0     9     202    (-,-) 
  g4960094/z                                      (u)     in_1->z R     unmapped_complex2      1  1.0     0     9     211    (-,-) 
  g4959418/z                                      (u)     in_1->z R     unmapped_or2           1  1.0     0     9     220    (-,-) 
  g5017111/z                                      (u)     in_0->z R     unmapped_complex2      1  1.0     0     9     229    (-,-) 
  g4957775/z                                      (u)     in_0->z R     unmapped_or2           1  1.0     0     9     238    (-,-) 
  g4957166/z                                      (u)     in_1->z R     unmapped_or2           1  1.0     0     9     246    (-,-) 
  g5017352/z                                      (u)     in_0->z R     unmapped_complex2      1  1.0     0     9     255    (-,-) 
  g4956690/z                                      (u)     in_0->z R     unmapped_or2           1  1.0     0     9     264    (-,-) 
  g4956608/z                                      (u)     in_1->z R     unmapped_or2           1  1.0     0     9     273    (-,-) 
  g4956484/z                                      (u)     in_1->z R     unmapped_or2           1  1.0     0     9     282    (-,-) 
  ROUND[4].U_ROUND_U_SUB_ROM[8].ROM_dout_reg[4]/d -       -       R     unmapped_d_flop        1    -     -     0     282    (-,-) 
#----------------------------------------------------------------------------------------------------------------------------------

(u) : Net has unmapped pin(s).



Path 17: VIOLATED (-31 ps) Setup Check with Pin ROUND[4].U_ROUND_U_SUB_ROM[1].ROM_dout_reg[0]/clk->d
          Group: clk
     Startpoint: (R) ROUND[3].U_ROUND_U_KEY_data_out_reg[10]/clk
          Clock: (R) clk
       Endpoint: (R) ROUND[4].U_ROUND_U_SUB_ROM[1].ROM_dout_reg[0]/d
          Clock: (R) clk

                     Capture       Launch     
        Clock Edge:+     260            0     
       Src Latency:+       0            0     
       Net Latency:+       0 (I)        0 (I) 
           Arrival:=     260            0     
                                              
             Setup:-       9                  
     Required Time:=     251                  
      Launch Clock:-       0                  
         Data Path:-     282                  
             Slack:=     -31                  

#----------------------------------------------------------------------------------------------------------------------------------
#                  Timing Point                   Flags    Arc    Edge       Cell         Fanout Load Trans Delay Arrival Instance 
#                                                                                                (fF)  (ps)  (ps)   (ps)  Location 
#----------------------------------------------------------------------------------------------------------------------------------
  ROUND[3].U_ROUND_U_KEY_data_out_reg[10]/clk     -       -       R     (arrival)          10769    -     0     0       0    (-,-) 
  ROUND[3].U_ROUND_U_KEY_data_out_reg[10]/q       (u)     clk->q  F     unmapped_d_flop       42 42.0     0    92      92    (-,-) 
  g4872143/z                                      (u)     in_1->z F     unmapped_complex2     26 26.0     0    35     126    (-,-) 
  g5001442/z                                      (u)     in_0->z F     unmapped_complex2      7  7.0     0    22     148    (-,-) 
  g4986125/z                                      (u)     in_1->z F     unmapped_or2           1  1.0     0     9     157    (-,-) 
  g4982764/z                                      (u)     in_0->z R     unmapped_nand2         1  1.0     0     9     166    (-,-) 
  g4968943/z                                      (u)     in_0->z F     unmapped_nand2         1  1.0     0     9     175    (-,-) 
  g4963632/z                                      (u)     in_0->z R     unmapped_nand2         1  1.0     0     9     184    (-,-) 
  g5015700/z                                      (u)     in_0->z R     unmapped_complex2      1  1.0     0     9     193    (-,-) 
  g4960601/z                                      (u)     in_1->z R     unmapped_complex2      1  1.0     0     9     202    (-,-) 
  g5016844/z                                      (u)     in_0->z R     unmapped_complex2      1  1.0     0     9     211    (-,-) 
  g4958460/z                                      (u)     in_1->z R     unmapped_complex2      1  1.0     0     9     220    (-,-) 
  g5017190/z                                      (u)     in_0->z R     unmapped_complex2      1  1.0     0     9     229    (-,-) 
  g4957466/z                                      (u)     in_1->z R     unmapped_complex2      1  1.0     0     9     238    (-,-) 
  g5017336/z                                      (u)     in_0->z R     unmapped_complex2      1  1.0     0     9     246    (-,-) 
  g4956747/z                                      (u)     in_0->z R     unmapped_or2           1  1.0     0     9     255    (-,-) 
  g4956589/z                                      (u)     in_1->z R     unmapped_or2           1  1.0     0     9     264    (-,-) 
  g4956475/z                                      (u)     in_0->z R     unmapped_or2           1  1.0     0     9     273    (-,-) 
  g4956409/z                                      (u)     in_1->z R     unmapped_or2           1  1.0     0     9     282    (-,-) 
  ROUND[4].U_ROUND_U_SUB_ROM[1].ROM_dout_reg[0]/d -       -       R     unmapped_d_flop        1    -     -     0     282    (-,-) 
#----------------------------------------------------------------------------------------------------------------------------------

(u) : Net has unmapped pin(s).



Path 18: VIOLATED (-31 ps) Setup Check with Pin ROUND[4].U_ROUND_U_SUB_ROM[14].ROM_dout_reg[0]/clk->d
          Group: clk
     Startpoint: (R) ROUND[3].U_ROUND_U_KEY_data_out_reg[113]/clk
          Clock: (R) clk
       Endpoint: (R) ROUND[4].U_ROUND_U_SUB_ROM[14].ROM_dout_reg[0]/d
          Clock: (R) clk

                     Capture       Launch     
        Clock Edge:+     260            0     
       Src Latency:+       0            0     
       Net Latency:+       0 (I)        0 (I) 
           Arrival:=     260            0     
                                              
             Setup:-       9                  
     Required Time:=     251                  
      Launch Clock:-       0                  
         Data Path:-     282                  
             Slack:=     -31                  

#-----------------------------------------------------------------------------------------------------------------------------------
#                  Timing Point                    Flags    Arc    Edge       Cell         Fanout Load Trans Delay Arrival Instance 
#                                                                                                 (fF)  (ps)  (ps)   (ps)  Location 
#-----------------------------------------------------------------------------------------------------------------------------------
  ROUND[3].U_ROUND_U_KEY_data_out_reg[113]/clk     -       -       R     (arrival)          10769    -     0     0       0    (-,-) 
  ROUND[3].U_ROUND_U_KEY_data_out_reg[113]/q       (u)     clk->q  F     unmapped_d_flop       38 38.0     0    91      91    (-,-) 
  g5005434/z                                       (u)     in_1->z F     unmapped_complex2     16 16.0     0    30     122    (-,-) 
  g5001497/z                                       (u)     in_0->z F     unmapped_or2           4  4.0     0    18     139    (-,-) 
  g4986008/z                                       (u)     in_1->z F     unmapped_or2           1  1.0     0     9     148    (-,-) 
  g4983127/z                                       (u)     in_1->z F     unmapped_complex2      1  1.0     0     9     157    (-,-) 
  g4969323/z                                       (u)     in_1->z R     unmapped_nand2         1  1.0     0     9     166    (-,-) 
  g4963361/z                                       (u)     in_0->z R     unmapped_complex2      1  1.0     0     9     175    (-,-) 
  g5015692/z                                       (u)     in_0->z R     unmapped_complex2      1  1.0     0     9     184    (-,-) 
  g4961089/z                                       (u)     in_1->z R     unmapped_complex2      1  1.0     0     9     193    (-,-) 
  g4958906/z                                       (u)     in_0->z R     unmapped_complex2      1  1.0     0     9     202    (-,-) 
  g5017074/z                                       (u)     in_0->z R     unmapped_complex2      1  1.0     0     9     211    (-,-) 
  g4957714/z                                       (u)     in_1->z R     unmapped_complex2      1  1.0     0     9     220    (-,-) 
  g4957369/z                                       (u)     in_0->z R     unmapped_complex2      1  1.0     0     9     228    (-,-) 
  g4956842/z                                       (u)     in_0->z R     unmapped_complex2      1  1.0     0     9     237    (-,-) 
  g5017397/z                                       (u)     in_0->z R     unmapped_complex2      1  1.0     0     9     246    (-,-) 
  g4956572/z                                       (u)     in_1->z R     unmapped_or2           1  1.0     0     9     255    (-,-) 
  g4956530/z                                       (u)     in_1->z R     unmapped_or2           1  1.0     0     9     264    (-,-) 
  g4956426/z                                       (u)     in_1->z R     unmapped_or2           1  1.0     0     9     273    (-,-) 
  g4956403/z                                       (u)     in_1->z R     unmapped_or2           1  1.0     0     9     282    (-,-) 
  ROUND[4].U_ROUND_U_SUB_ROM[14].ROM_dout_reg[0]/d -       -       R     unmapped_d_flop        1    -     -     0     282    (-,-) 
#-----------------------------------------------------------------------------------------------------------------------------------

(u) : Net has unmapped pin(s).



Path 19: VIOLATED (-31 ps) Setup Check with Pin ROUND[4].U_ROUND_U_SUB_ROM[9].ROM_dout_reg[0]/clk->d
          Group: clk
     Startpoint: (R) ROUND[3].U_ROUND_U_KEY_data_out_reg[79]/clk
          Clock: (R) clk
       Endpoint: (R) ROUND[4].U_ROUND_U_SUB_ROM[9].ROM_dout_reg[0]/d
          Clock: (R) clk

                     Capture       Launch     
        Clock Edge:+     260            0     
       Src Latency:+       0            0     
       Net Latency:+       0 (I)        0 (I) 
           Arrival:=     260            0     
                                              
             Setup:-       9                  
     Required Time:=     251                  
      Launch Clock:-       0                  
         Data Path:-     282                  
             Slack:=     -31                  

#----------------------------------------------------------------------------------------------------------------------------------
#                  Timing Point                   Flags    Arc    Edge       Cell         Fanout Load Trans Delay Arrival Instance 
#                                                                                                (fF)  (ps)  (ps)   (ps)  Location 
#----------------------------------------------------------------------------------------------------------------------------------
  ROUND[3].U_ROUND_U_KEY_data_out_reg[79]/clk     -       -       R     (arrival)          10769    -     0     0       0    (-,-) 
  ROUND[3].U_ROUND_U_KEY_data_out_reg[79]/q       (u)     clk->q  R     unmapped_d_flop       42 42.0     0    92      92    (-,-) 
  g4872017/z                                      (u)     in_1->z F     unmapped_complex2     25 25.0     0    34     126    (-,-) 
  g5001770/z                                      (u)     in_0->z F     unmapped_complex2      7  7.0     0    22     148    (-,-) 
  g4985984/z                                      (u)     in_1->z F     unmapped_or2           1  1.0     0     9     157    (-,-) 
  g4983214/z                                      (u)     in_1->z F     unmapped_complex2      1  1.0     0     9     166    (-,-) 
  g4963448/z                                      (u)     in_1->z R     unmapped_complex2      1  1.0     0     9     175    (-,-) 
  g5015687/z                                      (u)     in_0->z R     unmapped_complex2      1  1.0     0     9     184    (-,-) 
  g4960975/z                                      (u)     in_1->z R     unmapped_complex2      1  1.0     0     9     193    (-,-) 
  g5016835/z                                      (u)     in_0->z R     unmapped_complex2      1  1.0     0     9     202    (-,-) 
  g4958696/z                                      (u)     in_1->z R     unmapped_complex2      1  1.0     0     9     210    (-,-) 
  g5017187/z                                      (u)     in_0->z R     unmapped_complex2      1  1.0     0     9     219    (-,-) 
  g4957127/z                                      (u)     in_0->z R     unmapped_or2           1  1.0     0     9     228    (-,-) 
  g4956915/z                                      (u)     in_0->z R     unmapped_or2           1  1.0     0     9     237    (-,-) 
  g4956762/z                                      (u)     in_1->z R     unmapped_or2           1  1.0     0     9     246    (-,-) 
  g5017433/z                                      (u)     in_0->z R     unmapped_complex2      1  1.0     0     9     255    (-,-) 
  g4956515/z                                      (u)     in_0->z R     unmapped_or2           1  1.0     0     9     264    (-,-) 
  g4956411/z                                      (u)     in_1->z R     unmapped_or2           1  1.0     0     9     273    (-,-) 
  g4956401/z                                      (u)     in_1->z R     unmapped_or2           1  1.0     0     9     282    (-,-) 
  ROUND[4].U_ROUND_U_SUB_ROM[9].ROM_dout_reg[0]/d -       -       R     unmapped_d_flop        1    -     -     0     282    (-,-) 
#----------------------------------------------------------------------------------------------------------------------------------

(u) : Net has unmapped pin(s).



Path 20: VIOLATED (-30 ps) Setup Check with Pin ROUND[4].U_ROUND_U_SUB_ROM[0].ROM_dout_reg[0]/clk->d
          Group: clk
     Startpoint: (R) ROUND[3].U_ROUND_U_KEY_data_out_reg[7]/clk
          Clock: (R) clk
       Endpoint: (R) ROUND[4].U_ROUND_U_SUB_ROM[0].ROM_dout_reg[0]/d
          Clock: (R) clk

                     Capture       Launch     
        Clock Edge:+     260            0     
       Src Latency:+       0            0     
       Net Latency:+       0 (I)        0 (I) 
           Arrival:=     260            0     
                                              
             Setup:-       9                  
     Required Time:=     251                  
      Launch Clock:-       0                  
         Data Path:-     281                  
             Slack:=     -30                  

#----------------------------------------------------------------------------------------------------------------------------------
#                  Timing Point                   Flags    Arc    Edge       Cell         Fanout Load Trans Delay Arrival Instance 
#                                                                                                (fF)  (ps)  (ps)   (ps)  Location 
#----------------------------------------------------------------------------------------------------------------------------------
  ROUND[3].U_ROUND_U_KEY_data_out_reg[7]/clk      -       -       R     (arrival)          10769    -     0     0       0    (-,-) 
  ROUND[3].U_ROUND_U_KEY_data_out_reg[7]/q        (u)     clk->q  R     unmapped_d_flop       43 43.0     0    92      92    (-,-) 
  g4872807/z                                      (u)     in_1->z F     unmapped_complex2     24 24.0     0    34     126    (-,-) 
  g4999678/z                                      (u)     in_0->z F     unmapped_complex2      7  7.0     0    22     148    (-,-) 
  g4985476/z                                      (u)     in_1->z F     unmapped_or2           1  1.0     0     9     157    (-,-) 
  g4984588/z                                      (u)     in_1->z F     unmapped_complex2      1  1.0     0     9     166    (-,-) 
  g4965449/z                                      (u)     in_1->z R     unmapped_complex2      1  1.0     0     9     175    (-,-) 
  g5015696/z                                      (u)     in_0->z R     unmapped_complex2      1  1.0     0     9     184    (-,-) 
  g4960681/z                                      (u)     in_1->z R     unmapped_complex2      1  1.0     0     9     192    (-,-) 
  g5016842/z                                      (u)     in_0->z R     unmapped_complex2      1  1.0     0     9     201    (-,-) 
  g4958375/z                                      (u)     in_1->z R     unmapped_complex2      1  1.0     0     9     210    (-,-) 
  g4957935/z                                      (u)     in_1->z R     unmapped_or2           1  1.0     0     9     219    (-,-) 
  g4957343/z                                      (u)     in_0->z R     unmapped_complex2      1  1.0     0     9     228    (-,-) 
  g4956933/z                                      (u)     in_1->z R     unmapped_or2           1  1.0     0     9     237    (-,-) 
  g4956738/z                                      (u)     in_1->z R     unmapped_or2           1  1.0     0     9     246    (-,-) 
  g4956582/z                                      (u)     in_0->z R     unmapped_complex2      1  1.0     0     9     255    (-,-) 
  g4956527/z                                      (u)     in_0->z R     unmapped_or2           1  1.0     0     9     264    (-,-) 
  g4956428/z                                      (u)     in_1->z R     unmapped_or2           1  1.0     0     9     272    (-,-) 
  g4956406/z                                      (u)     in_0->z R     unmapped_or2           1  1.0     0     9     281    (-,-) 
  ROUND[4].U_ROUND_U_SUB_ROM[0].ROM_dout_reg[0]/d -       -       R     unmapped_d_flop        1    -     -     0     281    (-,-) 
#----------------------------------------------------------------------------------------------------------------------------------

(u) : Net has unmapped pin(s).



Path 21: VIOLATED (-30 ps) Setup Check with Pin ROUND[4].U_ROUND_U_SUB_ROM[10].ROM_dout_reg[4]/clk->d
          Group: clk
     Startpoint: (R) ROUND[3].U_ROUND_U_KEY_data_out_reg[81]/clk
          Clock: (R) clk
       Endpoint: (R) ROUND[4].U_ROUND_U_SUB_ROM[10].ROM_dout_reg[4]/d
          Clock: (R) clk

                     Capture       Launch     
        Clock Edge:+     260            0     
       Src Latency:+       0            0     
       Net Latency:+       0 (I)        0 (I) 
           Arrival:=     260            0     
                                              
             Setup:-       9                  
     Required Time:=     251                  
      Launch Clock:-       0                  
         Data Path:-     281                  
             Slack:=     -30                  

#-----------------------------------------------------------------------------------------------------------------------------------
#                  Timing Point                    Flags    Arc    Edge       Cell         Fanout Load Trans Delay Arrival Instance 
#                                                                                                 (fF)  (ps)  (ps)   (ps)  Location 
#-----------------------------------------------------------------------------------------------------------------------------------
  ROUND[3].U_ROUND_U_KEY_data_out_reg[81]/clk      -       -       R     (arrival)          10769    -     0     0       0    (-,-) 
  ROUND[3].U_ROUND_U_KEY_data_out_reg[81]/q        (u)     clk->q  R     unmapped_d_flop       38 38.0     0    91      91    (-,-) 
  g4872919/z                                       (u)     in_1->z F     unmapped_nand2        18 18.0     0    31     122    (-,-) 
  g4999439/z                                       (u)     in_0->z F     unmapped_complex2     16 16.0     0    30     153    (-,-) 
  g4988831/z                                       (u)     in_1->z R     unmapped_nand2         2  2.0     0    13     166    (-,-) 
  g4975285/z                                       (u)     in_0->z F     unmapped_complex2      1  1.0     0     9     174    (-,-) 
  g4970756/z                                       (u)     in_0->z F     unmapped_or2           1  1.0     0     9     183    (-,-) 
  g4964834/z                                       (u)     in_1->z R     unmapped_nand2         1  1.0     0     9     192    (-,-) 
  g4962008/z                                       (u)     in_0->z R     unmapped_complex2      1  1.0     0     9     201    (-,-) 
  g5016560/z                                       (u)     in_0->z R     unmapped_complex2      1  1.0     0     9     210    (-,-) 
  g4959046/z                                       (u)     in_0->z R     unmapped_or2           1  1.0     0     9     219    (-,-) 
  g4958626/z                                       (u)     in_0->z R     unmapped_complex2      1  1.0     0     9     228    (-,-) 
  g5017207/z                                       (u)     in_0->z R     unmapped_complex2      1  1.0     0     9     237    (-,-) 
  g4957100/z                                       (u)     in_1->z R     unmapped_complex2      1  1.0     0     9     246    (-,-) 
  g4956902/z                                       (u)     in_0->z R     unmapped_complex2      1  1.0     0     9     254    (-,-) 
  g4956755/z                                       (u)     in_1->z R     unmapped_or2           1  1.0     0     9     263    (-,-) 
  g4956553/z                                       (u)     in_1->z R     unmapped_or2           1  1.0     0     9     272    (-,-) 
  g4956469/z                                       (u)     in_1->z R     unmapped_or2           1  1.0     0     9     281    (-,-) 
  ROUND[4].U_ROUND_U_SUB_ROM[10].ROM_dout_reg[4]/d -       -       R     unmapped_d_flop        1    -     -     0     281    (-,-) 
#-----------------------------------------------------------------------------------------------------------------------------------

(u) : Net has unmapped pin(s).



Path 22: VIOLATED (-30 ps) Setup Check with Pin ROUND[4].U_ROUND_U_SUB_ROM[4].ROM_dout_reg[0]/clk->d
          Group: clk
     Startpoint: (R) ROUND[3].U_ROUND_U_KEY_data_out_reg[39]/clk
          Clock: (R) clk
       Endpoint: (R) ROUND[4].U_ROUND_U_SUB_ROM[4].ROM_dout_reg[0]/d
          Clock: (R) clk

                     Capture       Launch     
        Clock Edge:+     260            0     
       Src Latency:+       0            0     
       Net Latency:+       0 (I)        0 (I) 
           Arrival:=     260            0     
                                              
             Setup:-       9                  
     Required Time:=     251                  
      Launch Clock:-       0                  
         Data Path:-     281                  
             Slack:=     -30                  

#----------------------------------------------------------------------------------------------------------------------------------
#                  Timing Point                   Flags    Arc    Edge       Cell         Fanout Load Trans Delay Arrival Instance 
#                                                                                                (fF)  (ps)  (ps)   (ps)  Location 
#----------------------------------------------------------------------------------------------------------------------------------
  ROUND[3].U_ROUND_U_KEY_data_out_reg[39]/clk     -       -       R     (arrival)          10769    -     0     0       0    (-,-) 
  ROUND[3].U_ROUND_U_KEY_data_out_reg[39]/q       (u)     clk->q  R     unmapped_d_flop       40 40.0     0    91      91    (-,-) 
  g4872848/z                                      (u)     in_1->z F     unmapped_complex2     25 25.0     0    34     126    (-,-) 
  g4999587/z                                      (u)     in_0->z F     unmapped_complex2      7  7.0     0    22     148    (-,-) 
  g4986122/z                                      (u)     in_1->z F     unmapped_or2           1  1.0     0     9     157    (-,-) 
  g4982772/z                                      (u)     in_1->z R     unmapped_nand2         1  1.0     0     9     166    (-,-) 
  g4968948/z                                      (u)     in_0->z F     unmapped_nand2         1  1.0     0     9     174    (-,-) 
  g4963769/z                                      (u)     in_1->z R     unmapped_nand2         1  1.0     0     9     183    (-,-) 
  g4962039/z                                      (u)     in_0->z R     unmapped_complex2      1  1.0     0     9     192    (-,-) 
  g5016518/z                                      (u)     in_0->z R     unmapped_complex2      1  1.0     0     9     201    (-,-) 
  g4958812/z                                      (u)     in_1->z R     unmapped_complex2      1  1.0     0     9     210    (-,-) 
  g4958793/z                                      (u)     in_1->z R     unmapped_or2           1  1.0     0     9     219    (-,-) 
  g4957817/z                                      (u)     in_0->z R     unmapped_complex2      1  1.0     0     9     228    (-,-) 
  g5017289/z                                      (u)     in_0->z R     unmapped_complex2      1  1.0     0     9     237    (-,-) 
  g4956897/z                                      (u)     in_0->z R     unmapped_or2           1  1.0     0     9     246    (-,-) 
  g4956761/z                                      (u)     in_0->z R     unmapped_complex2      1  1.0     0     9     254    (-,-) 
  g4956640/z                                      (u)     in_1->z R     unmapped_or2           1  1.0     0     9     263    (-,-) 
  g4956453/z                                      (u)     in_1->z R     unmapped_or2           1  1.0     0     9     272    (-,-) 
  g4956425/z                                      (u)     in_0->z R     unmapped_or2           1  1.0     0     9     281    (-,-) 
  ROUND[4].U_ROUND_U_SUB_ROM[4].ROM_dout_reg[0]/d -       -       R     unmapped_d_flop        1    -     -     0     281    (-,-) 
#----------------------------------------------------------------------------------------------------------------------------------

(u) : Net has unmapped pin(s).



Path 23: VIOLATED (-30 ps) Setup Check with Pin ROUND[4].U_ROUND_U_SUB_ROM[14].ROM_dout_reg[5]/clk->d
          Group: clk
     Startpoint: (R) ROUND[3].U_ROUND_U_KEY_data_out_reg[113]/clk
          Clock: (R) clk
       Endpoint: (R) ROUND[4].U_ROUND_U_SUB_ROM[14].ROM_dout_reg[5]/d
          Clock: (R) clk

                     Capture       Launch     
        Clock Edge:+     260            0     
       Src Latency:+       0            0     
       Net Latency:+       0 (I)        0 (I) 
           Arrival:=     260            0     
                                              
             Setup:-       9                  
     Required Time:=     251                  
      Launch Clock:-       0                  
         Data Path:-     281                  
             Slack:=     -30                  

#-----------------------------------------------------------------------------------------------------------------------------------
#                  Timing Point                    Flags    Arc    Edge       Cell         Fanout Load Trans Delay Arrival Instance 
#                                                                                                 (fF)  (ps)  (ps)   (ps)  Location 
#-----------------------------------------------------------------------------------------------------------------------------------
  ROUND[3].U_ROUND_U_KEY_data_out_reg[113]/clk     -       -       R     (arrival)          10769    -     0     0       0    (-,-) 
  ROUND[3].U_ROUND_U_KEY_data_out_reg[113]/q       (u)     clk->q  F     unmapped_d_flop       38 38.0     0    91      91    (-,-) 
  g5005434/z                                       (u)     in_1->z F     unmapped_complex2     16 16.0     0    30     122    (-,-) 
  g5011422/z                                       (u)     in_0->z F     unmapped_complex2     11 11.0     0    26     148    (-,-) 
  g4985269/z                                       (u)     in_0->z F     unmapped_or2           1  1.0     0     9     156    (-,-) 
  g4985094/z                                       (u)     in_1->z R     unmapped_nand2         1  1.0     0     9     165    (-,-) 
  g4972125/z                                       (u)     in_0->z R     unmapped_complex2      1  1.0     0     9     174    (-,-) 
  g4966250/z                                       (u)     in_0->z F     unmapped_complex2      1  1.0     0     9     183    (-,-) 
  g4961932/z                                       (u)     in_1->z R     unmapped_nand2         1  1.0     0     9     192    (-,-) 
  g5016513/z                                       (u)     in_0->z R     unmapped_complex2      1  1.0     0     9     201    (-,-) 
  g4959246/z                                       (u)     in_1->z R     unmapped_complex2      1  1.0     0     9     210    (-,-) 
  g5017084/z                                       (u)     in_0->z R     unmapped_complex2      1  1.0     0     9     219    (-,-) 
  g4957693/z                                       (u)     in_1->z R     unmapped_complex2      1  1.0     0     9     228    (-,-) 
  g5017287/z                                       (u)     in_0->z R     unmapped_complex2      1  1.0     0     9     237    (-,-) 
  g4956865/z                                       (u)     in_0->z R     unmapped_or2           1  1.0     0     9     246    (-,-) 
  g5017404/z                                       (u)     in_0->z R     unmapped_complex2      1  1.0     0     9     254    (-,-) 
  g4956555/z                                       (u)     in_1->z R     unmapped_or2           1  1.0     0     9     263    (-,-) 
  g4956481/z                                       (u)     in_0->z R     unmapped_or2           1  1.0     0     9     272    (-,-) 
  g4956421/z                                       (u)     in_1->z R     unmapped_or2           1  1.0     0     9     281    (-,-) 
  ROUND[4].U_ROUND_U_SUB_ROM[14].ROM_dout_reg[5]/d -       -       R     unmapped_d_flop        1    -     -     0     281    (-,-) 
#-----------------------------------------------------------------------------------------------------------------------------------

(u) : Net has unmapped pin(s).



Path 24: VIOLATED (-30 ps) Setup Check with Pin ROUND[4].U_ROUND_U_SUB_ROM[2].ROM_dout_reg[4]/clk->d
          Group: clk
     Startpoint: (R) ROUND[3].U_ROUND_U_KEY_data_out_reg[17]/clk
          Clock: (R) clk
       Endpoint: (R) ROUND[4].U_ROUND_U_SUB_ROM[2].ROM_dout_reg[4]/d
          Clock: (R) clk

                     Capture       Launch     
        Clock Edge:+     260            0     
       Src Latency:+       0            0     
       Net Latency:+       0 (I)        0 (I) 
           Arrival:=     260            0     
                                              
             Setup:-       9                  
     Required Time:=     251                  
      Launch Clock:-       0                  
         Data Path:-     281                  
             Slack:=     -30                  

#----------------------------------------------------------------------------------------------------------------------------------
#                  Timing Point                   Flags    Arc    Edge       Cell         Fanout Load Trans Delay Arrival Instance 
#                                                                                                (fF)  (ps)  (ps)   (ps)  Location 
#----------------------------------------------------------------------------------------------------------------------------------
  ROUND[3].U_ROUND_U_KEY_data_out_reg[17]/clk     -       -       R     (arrival)          10769    -     0     0       0    (-,-) 
  ROUND[3].U_ROUND_U_KEY_data_out_reg[17]/q       (u)     clk->q  R     unmapped_d_flop       42 42.0     0    92      92    (-,-) 
  g4872056/z                                      (u)     in_1->z F     unmapped_nand2        18 18.0     0    31     123    (-,-) 
  g5001690/z                                      (u)     in_0->z F     unmapped_complex2     15 15.0     0    30     153    (-,-) 
  g4992183/z                                      (u)     in_0->z R     unmapped_nand2         2  2.0     0    13     165    (-,-) 
  g4974998/z                                      (u)     in_0->z F     unmapped_complex2      1  1.0     0     9     174    (-,-) 
  g4970920/z                                      (u)     in_0->z F     unmapped_or2           1  1.0     0     9     183    (-,-) 
  g4965007/z                                      (u)     in_1->z R     unmapped_nand2         1  1.0     0     9     192    (-,-) 
  g4962465/z                                      (u)     in_0->z R     unmapped_complex2      1  1.0     0     9     201    (-,-) 
  g5016600/z                                      (u)     in_0->z R     unmapped_complex2      1  1.0     0     9     210    (-,-) 
  g4958846/z                                      (u)     in_1->z R     unmapped_or2           1  1.0     0     9     219    (-,-) 
  g4958776/z                                      (u)     in_0->z R     unmapped_complex2      1  1.0     0     9     228    (-,-) 
  g4957601/z                                      (u)     in_0->z R     unmapped_or2           1  1.0     0     9     237    (-,-) 
  g4957194/z                                      (u)     in_1->z R     unmapped_or2           1  1.0     0     9     246    (-,-) 
  g4957041/z                                      (u)     in_1->z R     unmapped_or2           1  1.0     0     9     254    (-,-) 
  g5017414/z                                      (u)     in_0->z R     unmapped_complex2      1  1.0     0     9     263    (-,-) 
  g4956649/z                                      (u)     in_0->z R     unmapped_or2           1  1.0     0     9     272    (-,-) 
  g4956516/z                                      (u)     in_1->z R     unmapped_or2           1  1.0     0     9     281    (-,-) 
  ROUND[4].U_ROUND_U_SUB_ROM[2].ROM_dout_reg[4]/d -       -       R     unmapped_d_flop        1    -     -     0     281    (-,-) 
#----------------------------------------------------------------------------------------------------------------------------------

(u) : Net has unmapped pin(s).



Path 25: VIOLATED (-30 ps) Setup Check with Pin ROUND[4].U_ROUND_U_SUB_ROM[7].ROM_dout_reg[0]/clk->d
          Group: clk
     Startpoint: (R) ROUND[3].U_ROUND_U_KEY_data_out_reg[63]/clk
          Clock: (R) clk
       Endpoint: (R) ROUND[4].U_ROUND_U_SUB_ROM[7].ROM_dout_reg[0]/d
          Clock: (R) clk

                     Capture       Launch     
        Clock Edge:+     260            0     
       Src Latency:+       0            0     
       Net Latency:+       0 (I)        0 (I) 
           Arrival:=     260            0     
                                              
             Setup:-       9                  
     Required Time:=     251                  
      Launch Clock:-       0                  
         Data Path:-     281                  
             Slack:=     -30                  

#----------------------------------------------------------------------------------------------------------------------------------
#                  Timing Point                   Flags    Arc    Edge       Cell         Fanout Load Trans Delay Arrival Instance 
#                                                                                                (fF)  (ps)  (ps)   (ps)  Location 
#----------------------------------------------------------------------------------------------------------------------------------
  ROUND[3].U_ROUND_U_KEY_data_out_reg[63]/clk     -       -       R     (arrival)          10769    -     0     0       0    (-,-) 
  ROUND[3].U_ROUND_U_KEY_data_out_reg[63]/q       (u)     clk->q  R     unmapped_d_flop       40 40.0     0    91      91    (-,-) 
  g4872640/z                                      (u)     in_1->z F     unmapped_complex2     24 24.0     0    34     125    (-,-) 
  g5000095/z                                      (u)     in_0->z F     unmapped_complex2      7  7.0     0    22     147    (-,-) 
  g4986955/z                                      (u)     in_1->z F     unmapped_or2           1  1.0     0     9     156    (-,-) 
  g4980523/z                                      (u)     in_0->z R     unmapped_nand2         1  1.0     0     9     165    (-,-) 
  g4967075/z                                      (u)     in_0->z F     unmapped_nand2         1  1.0     0     9     174    (-,-) 
  g4965706/z                                      (u)     in_0->z R     unmapped_nand2         1  1.0     0     9     183    (-,-) 
  g5015747/z                                      (u)     in_0->z R     unmapped_complex2      1  1.0     0     9     192    (-,-) 
  g4960824/z                                      (u)     in_1->z R     unmapped_complex2      1  1.0     0     9     201    (-,-) 
  g4959807/z                                      (u)     in_0->z R     unmapped_or2           1  1.0     0     9     210    (-,-) 
  g5017092/z                                      (u)     in_0->z R     unmapped_complex2      1  1.0     0     9     218    (-,-) 
  g4957604/z                                      (u)     in_0->z R     unmapped_or2           1  1.0     0     9     227    (-,-) 
  g4957435/z                                      (u)     in_1->z R     unmapped_or2           1  1.0     0     9     236    (-,-) 
  g5017344/z                                      (u)     in_0->z R     unmapped_complex2      1  1.0     0     9     245    (-,-) 
  g4956784/z                                      (u)     in_1->z R     unmapped_or2           1  1.0     0     9     254    (-,-) 
  g4956540/z                                      (u)     in_0->z R     unmapped_or2           1  1.0     0     9     263    (-,-) 
  g4956452/z                                      (u)     in_0->z R     unmapped_or2           1  1.0     0     9     272    (-,-) 
  g4956441/z                                      (u)     in_1->z R     unmapped_or2           1  1.0     0     9     281    (-,-) 
  ROUND[4].U_ROUND_U_SUB_ROM[7].ROM_dout_reg[0]/d -       -       R     unmapped_d_flop        1    -     -     0     281    (-,-) 
#----------------------------------------------------------------------------------------------------------------------------------

(u) : Net has unmapped pin(s).



Path 26: VIOLATED (-30 ps) Setup Check with Pin ROUND[4].U_ROUND_U_SUB_ROM[3].ROM_dout_reg[0]/clk->d
          Group: clk
     Startpoint: (R) ROUND[3].U_ROUND_U_KEY_data_out_reg[31]/clk
          Clock: (R) clk
       Endpoint: (R) ROUND[4].U_ROUND_U_SUB_ROM[3].ROM_dout_reg[0]/d
          Clock: (R) clk

                     Capture       Launch     
        Clock Edge:+     260            0     
       Src Latency:+       0            0     
       Net Latency:+       0 (I)        0 (I) 
           Arrival:=     260            0     
                                              
             Setup:-       9                  
     Required Time:=     251                  
      Launch Clock:-       0                  
         Data Path:-     281                  
             Slack:=     -30                  

#----------------------------------------------------------------------------------------------------------------------------------
#                  Timing Point                   Flags    Arc    Edge       Cell         Fanout Load Trans Delay Arrival Instance 
#                                                                                                (fF)  (ps)  (ps)   (ps)  Location 
#----------------------------------------------------------------------------------------------------------------------------------
  ROUND[3].U_ROUND_U_KEY_data_out_reg[31]/clk     -       -       R     (arrival)          10769    -     0     0       0    (-,-) 
  ROUND[3].U_ROUND_U_KEY_data_out_reg[31]/q       (u)     clk->q  R     unmapped_d_flop       40 40.0     0    91      91    (-,-) 
  g4872294/z                                      (u)     in_0->z F     unmapped_complex2     24 24.0     0    34     125    (-,-) 
  g5000590/z                                      (u)     in_0->z F     unmapped_complex2      7  7.0     0    22     147    (-,-) 
  g4986257/z                                      (u)     in_1->z F     unmapped_or2           1  1.0     0     9     156    (-,-) 
  g4982370/z                                      (u)     in_1->z R     unmapped_nand2         1  1.0     0     9     165    (-,-) 
  g4968297/z                                      (u)     in_0->z F     unmapped_nand2         1  1.0     0     9     174    (-,-) 
  g4964423/z                                      (u)     in_0->z R     unmapped_nand2         1  1.0     0     9     183    (-,-) 
  g5015701/z                                      (u)     in_0->z R     unmapped_complex2      1  1.0     0     9     192    (-,-) 
  g4960044/z                                      (u)     in_1->z R     unmapped_complex2      1  1.0     0     9     201    (-,-) 
  g5016846/z                                      (u)     in_0->z R     unmapped_complex2      1  1.0     0     9     210    (-,-) 
  g4958285/z                                      (u)     in_1->z R     unmapped_or2           1  1.0     0     9     218    (-,-) 
  g4957958/z                                      (u)     in_0->z R     unmapped_or2           1  1.0     0     9     227    (-,-) 
  g5017281/z                                      (u)     in_0->z R     unmapped_complex2      1  1.0     0     9     236    (-,-) 
  g4956839/z                                      (u)     in_0->z R     unmapped_or2           1  1.0     0     9     245    (-,-) 
  g4956663/z                                      (u)     in_0->z R     unmapped_or2           1  1.0     0     9     254    (-,-) 
  g4956652/z                                      (u)     in_1->z R     unmapped_or2           1  1.0     0     9     263    (-,-) 
  g4956447/z                                      (u)     in_0->z R     unmapped_or2           1  1.0     0     9     272    (-,-) 
  g4956410/z                                      (u)     in_0->z R     unmapped_or2           1  1.0     0     9     281    (-,-) 
  ROUND[4].U_ROUND_U_SUB_ROM[3].ROM_dout_reg[0]/d -       -       R     unmapped_d_flop        1    -     -     0     281    (-,-) 
#----------------------------------------------------------------------------------------------------------------------------------

(u) : Net has unmapped pin(s).



Path 27: VIOLATED (-30 ps) Setup Check with Pin ROUND[4].U_ROUND_U_SUB_ROM[1].ROM_dout_reg[4]/clk->d
          Group: clk
     Startpoint: (R) ROUND[3].U_ROUND_U_KEY_data_out_reg[9]/clk
          Clock: (R) clk
       Endpoint: (R) ROUND[4].U_ROUND_U_SUB_ROM[1].ROM_dout_reg[4]/d
          Clock: (R) clk

                     Capture       Launch     
        Clock Edge:+     260            0     
       Src Latency:+       0            0     
       Net Latency:+       0 (I)        0 (I) 
           Arrival:=     260            0     
                                              
             Setup:-       9                  
     Required Time:=     251                  
      Launch Clock:-       0                  
         Data Path:-     281                  
             Slack:=     -30                  

#----------------------------------------------------------------------------------------------------------------------------------
#                  Timing Point                   Flags    Arc    Edge       Cell         Fanout Load Trans Delay Arrival Instance 
#                                                                                                (fF)  (ps)  (ps)   (ps)  Location 
#----------------------------------------------------------------------------------------------------------------------------------
  ROUND[3].U_ROUND_U_KEY_data_out_reg[9]/clk      -       -       R     (arrival)          10769    -     0     0       0    (-,-) 
  ROUND[3].U_ROUND_U_KEY_data_out_reg[9]/q        (u)     clk->q  R     unmapped_d_flop       38 38.0     0    91      91    (-,-) 
  g4872145/z                                      (u)     in_1->z F     unmapped_nand2        17 17.0     0    31     122    (-,-) 
  g5001469/z                                      (u)     in_0->z F     unmapped_complex2     16 16.0     0    30     152    (-,-) 
  g4988543/z                                      (u)     in_0->z R     unmapped_nand2         2  2.0     0    13     165    (-,-) 
  g4975845/z                                      (u)     in_0->z F     unmapped_complex2      1  1.0     0     9     174    (-,-) 
  g4970387/z                                      (u)     in_0->z F     unmapped_or2           1  1.0     0     9     183    (-,-) 
  g4964452/z                                      (u)     in_1->z R     unmapped_nand2         1  1.0     0     9     192    (-,-) 
  g4963140/z                                      (u)     in_0->z R     unmapped_complex2      1  1.0     0     9     201    (-,-) 
  g5016623/z                                      (u)     in_0->z R     unmapped_complex2      1  1.0     0     9     210    (-,-) 
  g4959511/z                                      (u)     in_1->z R     unmapped_complex2      1  1.0     0     9     218    (-,-) 
  g4958308/z                                      (u)     in_0->z R     unmapped_complex2      1  1.0     0     9     227    (-,-) 
  g4957750/z                                      (u)     in_0->z R     unmapped_or2           1  1.0     0     9     236    (-,-) 
  g4957219/z                                      (u)     in_1->z R     unmapped_or2           1  1.0     0     9     245    (-,-) 
  g4956843/z                                      (u)     in_0->z R     unmapped_or2           1  1.0     0     9     254    (-,-) 
  g5017416/z                                      (u)     in_0->z R     unmapped_complex2      1  1.0     0     9     263    (-,-) 
  g4956654/z                                      (u)     in_1->z R     unmapped_or2           1  1.0     0     9     272    (-,-) 
  g4956537/z                                      (u)     in_0->z R     unmapped_or2           1  1.0     0     9     281    (-,-) 
  ROUND[4].U_ROUND_U_SUB_ROM[1].ROM_dout_reg[4]/d -       -       R     unmapped_d_flop        1    -     -     0     281    (-,-) 
#----------------------------------------------------------------------------------------------------------------------------------

(u) : Net has unmapped pin(s).



Path 28: VIOLATED (-30 ps) Setup Check with Pin ROUND[4].U_ROUND_U_SUB_ROM[3].ROM_dout_reg[4]/clk->d
          Group: clk
     Startpoint: (R) ROUND[3].U_ROUND_U_KEY_data_out_reg[25]/clk
          Clock: (R) clk
       Endpoint: (R) ROUND[4].U_ROUND_U_SUB_ROM[3].ROM_dout_reg[4]/d
          Clock: (R) clk

                     Capture       Launch     
        Clock Edge:+     260            0     
       Src Latency:+       0            0     
       Net Latency:+       0 (I)        0 (I) 
           Arrival:=     260            0     
                                              
             Setup:-       9                  
     Required Time:=     251                  
      Launch Clock:-       0                  
         Data Path:-     280                  
             Slack:=     -30                  

#----------------------------------------------------------------------------------------------------------------------------------
#                  Timing Point                   Flags    Arc    Edge       Cell         Fanout Load Trans Delay Arrival Instance 
#                                                                                                (fF)  (ps)  (ps)   (ps)  Location 
#----------------------------------------------------------------------------------------------------------------------------------
  ROUND[3].U_ROUND_U_KEY_data_out_reg[25]/clk     -       -       R     (arrival)          10769    -     0     0       0    (-,-) 
  ROUND[3].U_ROUND_U_KEY_data_out_reg[25]/q       (u)     clk->q  R     unmapped_d_flop       37 37.0     0    91      91    (-,-) 
  g4872300/z                                      (u)     in_1->z F     unmapped_nand2        19 19.0     0    32     122    (-,-) 
  g5001051/z                                      (u)     in_0->z F     unmapped_complex2     15 15.0     0    30     152    (-,-) 
  g4990757/z                                      (u)     in_0->z R     unmapped_nand2         2  2.0     0    13     165    (-,-) 
  g4975372/z                                      (u)     in_0->z F     unmapped_complex2      1  1.0     0     9     174    (-,-) 
  g4970702/z                                      (u)     in_0->z F     unmapped_or2           1  1.0     0     9     183    (-,-) 
  g4964783/z                                      (u)     in_0->z R     unmapped_nand2         1  1.0     0     9     192    (-,-) 
  g5015771/z                                      (u)     in_0->z R     unmapped_complex2      1  1.0     0     9     200    (-,-) 
  g4960251/z                                      (u)     in_1->z R     unmapped_or2           1  1.0     0     9     209    (-,-) 
  g4959128/z                                      (u)     in_0->z R     unmapped_or2           1  1.0     0     9     218    (-,-) 
  g5017096/z                                      (u)     in_0->z R     unmapped_complex2      1  1.0     0     9     227    (-,-) 
  g4957806/z                                      (u)     in_1->z R     unmapped_complex2      1  1.0     0     9     236    (-,-) 
  g5017299/z                                      (u)     in_0->z R     unmapped_complex2      1  1.0     0     9     245    (-,-) 
  g4956851/z                                      (u)     in_0->z R     unmapped_or2           1  1.0     0     9     254    (-,-) 
  g4956775/z                                      (u)     in_0->z R     unmapped_or2           1  1.0     0     9     263    (-,-) 
  g4956539/z                                      (u)     in_1->z R     unmapped_or2           1  1.0     0     9     272    (-,-) 
  g4956458/z                                      (u)     in_1->z R     unmapped_or2           1  1.0     0     9     280    (-,-) 
  ROUND[4].U_ROUND_U_SUB_ROM[3].ROM_dout_reg[4]/d -       -       R     unmapped_d_flop        1    -     -     0     280    (-,-) 
#----------------------------------------------------------------------------------------------------------------------------------

(u) : Net has unmapped pin(s).



Path 29: VIOLATED (-29 ps) Setup Check with Pin ROUND[4].U_ROUND_U_SUB_ROM[6].ROM_dout_reg[4]/clk->d
          Group: clk
     Startpoint: (R) ROUND[3].U_ROUND_U_KEY_data_out_reg[49]/clk
          Clock: (R) clk
       Endpoint: (R) ROUND[4].U_ROUND_U_SUB_ROM[6].ROM_dout_reg[4]/d
          Clock: (R) clk

                     Capture       Launch     
        Clock Edge:+     260            0     
       Src Latency:+       0            0     
       Net Latency:+       0 (I)        0 (I) 
           Arrival:=     260            0     
                                              
             Setup:-       9                  
     Required Time:=     251                  
      Launch Clock:-       0                  
         Data Path:-     280                  
             Slack:=     -29                  

#----------------------------------------------------------------------------------------------------------------------------------
#                  Timing Point                   Flags    Arc    Edge       Cell         Fanout Load Trans Delay Arrival Instance 
#                                                                                                (fF)  (ps)  (ps)   (ps)  Location 
#----------------------------------------------------------------------------------------------------------------------------------
  ROUND[3].U_ROUND_U_KEY_data_out_reg[49]/clk     -       -       R     (arrival)          10769    -     0     0       0    (-,-) 
  ROUND[3].U_ROUND_U_KEY_data_out_reg[49]/q       (u)     clk->q  R     unmapped_d_flop       41 41.0     0    92      92    (-,-) 
  g4872504/z                                      (u)     in_0->z F     unmapped_nand2        19 19.0     0    32     123    (-,-) 
  g5000534/z                                      (u)     in_0->z F     unmapped_complex2     14 14.0     0    29     152    (-,-) 
  g4988548/z                                      (u)     in_0->z R     unmapped_nand2         2  2.0     0    13     165    (-,-) 
  g4977172/z                                      (u)     in_0->z F     unmapped_complex2      1  1.0     0     9     174    (-,-) 
  g4969621/z                                      (u)     in_0->z F     unmapped_or2           1  1.0     0     9     182    (-,-) 
  g5014782/z                                      (u)     in_0->z R     unmapped_complex2      1  1.0     0     9     191    (-,-) 
  g4961679/z                                      (u)     in_1->z R     unmapped_complex2      1  1.0     0     9     200    (-,-) 
  g5016584/z                                      (u)     in_0->z R     unmapped_complex2      1  1.0     0     9     209    (-,-) 
  g4959610/z                                      (u)     in_1->z R     unmapped_complex2      1  1.0     0     9     218    (-,-) 
  g5017113/z                                      (u)     in_0->z R     unmapped_complex2      1  1.0     0     9     227    (-,-) 
  g4957745/z                                      (u)     in_1->z R     unmapped_complex2      1  1.0     0     9     236    (-,-) 
  g5017308/z                                      (u)     in_0->z R     unmapped_complex2      1  1.0     0     9     245    (-,-) 
  g4956966/z                                      (u)     in_1->z R     unmapped_or2           1  1.0     0     9     254    (-,-) 
  g4956763/z                                      (u)     in_1->z R     unmapped_or2           1  1.0     0     9     263    (-,-) 
  g4956564/z                                      (u)     in_1->z R     unmapped_or2           1  1.0     0     9     272    (-,-) 
  g4956492/z                                      (u)     in_0->z R     unmapped_or2           1  1.0     0     9     280    (-,-) 
  ROUND[4].U_ROUND_U_SUB_ROM[6].ROM_dout_reg[4]/d -       -       R     unmapped_d_flop        1    -     -     0     280    (-,-) 
#----------------------------------------------------------------------------------------------------------------------------------

(u) : Net has unmapped pin(s).



Path 30: VIOLATED (-29 ps) Setup Check with Pin ROUND[4].U_ROUND_U_SUB_ROM[15].ROM_dout_reg[7]/clk->d
          Group: clk
     Startpoint: (R) ROUND[3].U_ROUND_U_KEY_data_out_reg[121]/clk
          Clock: (R) clk
       Endpoint: (R) ROUND[4].U_ROUND_U_SUB_ROM[15].ROM_dout_reg[7]/d
          Clock: (R) clk

                     Capture       Launch     
        Clock Edge:+     260            0     
       Src Latency:+       0            0     
       Net Latency:+       0 (I)        0 (I) 
           Arrival:=     260            0     
                                              
             Setup:-       9                  
     Required Time:=     251                  
      Launch Clock:-       0                  
         Data Path:-     280                  
             Slack:=     -29                  

#-----------------------------------------------------------------------------------------------------------------------------------
#                  Timing Point                    Flags    Arc    Edge       Cell         Fanout Load Trans Delay Arrival Instance 
#                                                                                                 (fF)  (ps)  (ps)   (ps)  Location 
#-----------------------------------------------------------------------------------------------------------------------------------
  ROUND[3].U_ROUND_U_KEY_data_out_reg[121]/clk     -       -       R     (arrival)          10769    -     0     0       0    (-,-) 
  ROUND[3].U_ROUND_U_KEY_data_out_reg[121]/q       (u)     clk->q  F     unmapped_d_flop       39 39.0     0    91      91    (-,-) 
  g5006091/z                                       (u)     in_0->z F     unmapped_complex2     15 15.0     0    30     121    (-,-) 
  g5011418/z                                       (u)     in_0->z F     unmapped_complex2      9  9.0     0    24     145    (-,-) 
  g4990987/z                                       (u)     in_0->z F     unmapped_complex2      5  5.0     0    19     164    (-,-) 
  g4978700/z                                       (u)     in_1->z F     unmapped_or2           1  1.0     0     9     173    (-,-) 
  g4968703/z                                       (u)     in_0->z F     unmapped_or2           1  1.0     0     9     182    (-,-) 
  g4964008/z                                       (u)     in_1->z R     unmapped_nand2         1  1.0     0     9     191    (-,-) 
  g4962411/z                                       (u)     in_0->z R     unmapped_complex2      1  1.0     0     9     200    (-,-) 
  g4960049/z                                       (u)     in_0->z R     unmapped_or2           1  1.0     0     9     209    (-,-) 
  g5016901/z                                       (u)     in_0->z R     unmapped_complex2      1  1.0     0     9     218    (-,-) 
  g4958323/z                                       (u)     in_1->z R     unmapped_complex2      1  1.0     0     9     227    (-,-) 
  g4957640/z                                       (u)     in_1->z R     unmapped_or2           1  1.0     0     9     236    (-,-) 
  g4957199/z                                       (u)     in_1->z R     unmapped_or2           1  1.0     0     9     244    (-,-) 
  g5017355/z                                       (u)     in_0->z R     unmapped_complex2      1  1.0     0     9     253    (-,-) 
  g4956698/z                                       (u)     in_1->z R     unmapped_or2           1  1.0     0     9     262    (-,-) 
  g4956615/z                                       (u)     in_0->z R     unmapped_or2           1  1.0     0     9     271    (-,-) 
  g4956498/z                                       (u)     in_0->z R     unmapped_or2           1  1.0     0     9     280    (-,-) 
  ROUND[4].U_ROUND_U_SUB_ROM[15].ROM_dout_reg[7]/d -       -       R     unmapped_d_flop        1    -     -     0     280    (-,-) 
#-----------------------------------------------------------------------------------------------------------------------------------

(u) : Net has unmapped pin(s).



Path 31: VIOLATED (-29 ps) Setup Check with Pin ROUND[4].U_ROUND_U_SUB_ROM[7].ROM_dout_reg[6]/clk->d
          Group: clk
     Startpoint: (R) ROUND[3].U_ROUND_U_KEY_data_out_reg[57]/clk
          Clock: (R) clk
       Endpoint: (R) ROUND[4].U_ROUND_U_SUB_ROM[7].ROM_dout_reg[6]/d
          Clock: (R) clk

                     Capture       Launch     
        Clock Edge:+     260            0     
       Src Latency:+       0            0     
       Net Latency:+       0 (I)        0 (I) 
           Arrival:=     260            0     
                                              
             Setup:-       9                  
     Required Time:=     251                  
      Launch Clock:-       0                  
         Data Path:-     280                  
             Slack:=     -29                  

#----------------------------------------------------------------------------------------------------------------------------------
#                  Timing Point                   Flags    Arc    Edge       Cell         Fanout Load Trans Delay Arrival Instance 
#                                                                                                (fF)  (ps)  (ps)   (ps)  Location 
#----------------------------------------------------------------------------------------------------------------------------------
  ROUND[3].U_ROUND_U_KEY_data_out_reg[57]/clk     -       -       R     (arrival)          10769    -     0     0       0    (-,-) 
  ROUND[3].U_ROUND_U_KEY_data_out_reg[57]/q       (u)     clk->q  F     unmapped_d_flop       40 40.0     0    91      91    (-,-) 
  g4872651/z                                      (u)     in_1->z F     unmapped_or2          17 17.0     0    31     122    (-,-) 
  g5000099/z                                      (u)     in_1->z F     unmapped_or2           9  9.0     0    24     147    (-,-) 
  g5012042/z                                      (u)     in_0->z F     unmapped_complex2      1  1.0     0     9     156    (-,-) 
  g5013066/z                                      (u)     in_1->z F     unmapped_complex2      1  1.0     0     9     164    (-,-) 
  g4969213/z                                      (u)     in_1->z R     unmapped_nand2         1  1.0     0     9     173    (-,-) 
  g5014627/z                                      (u)     in_0->z R     unmapped_complex2      1  1.0     0     9     182    (-,-) 
  g4961392/z                                      (u)     in_1->z R     unmapped_complex2      1  1.0     0     9     191    (-,-) 
  g5016506/z                                      (u)     in_0->z R     unmapped_complex2      1  1.0     0     9     200    (-,-) 
  g4959300/z                                      (u)     in_1->z R     unmapped_or2           1  1.0     0     9     209    (-,-) 
  g5017079/z                                      (u)     in_0->z R     unmapped_complex2      1  1.0     0     9     218    (-,-) 
  g4957641/z                                      (u)     in_1->z R     unmapped_complex2      1  1.0     0     9     227    (-,-) 
  g4957164/z                                      (u)     in_1->z R     unmapped_or2           1  1.0     0     9     236    (-,-) 
  g4957007/z                                      (u)     in_0->z R     unmapped_or2           1  1.0     0     9     244    (-,-) 
  g5017401/z                                      (u)     in_0->z R     unmapped_complex2      1  1.0     0     9     253    (-,-) 
  g4956636/z                                      (u)     in_1->z R     unmapped_or2           1  1.0     0     9     262    (-,-) 
  g4956496/z                                      (u)     in_1->z R     unmapped_or2           1  1.0     0     9     271    (-,-) 
  g4956416/z                                      (u)     in_0->z R     unmapped_or2           1  1.0     0     9     280    (-,-) 
  ROUND[4].U_ROUND_U_SUB_ROM[7].ROM_dout_reg[6]/d -       -       R     unmapped_d_flop        1    -     -     0     280    (-,-) 
#----------------------------------------------------------------------------------------------------------------------------------

(u) : Net has unmapped pin(s).



Path 32: VIOLATED (-29 ps) Setup Check with Pin ROUND[4].U_ROUND_U_SUB_ROM[4].ROM_dout_reg[4]/clk->d
          Group: clk
     Startpoint: (R) ROUND[3].U_ROUND_U_KEY_data_out_reg[33]/clk
          Clock: (R) clk
       Endpoint: (R) ROUND[4].U_ROUND_U_SUB_ROM[4].ROM_dout_reg[4]/d
          Clock: (R) clk

                     Capture       Launch     
        Clock Edge:+     260            0     
       Src Latency:+       0            0     
       Net Latency:+       0 (I)        0 (I) 
           Arrival:=     260            0     
                                              
             Setup:-       9                  
     Required Time:=     251                  
      Launch Clock:-       0                  
         Data Path:-     280                  
             Slack:=     -29                  

#----------------------------------------------------------------------------------------------------------------------------------
#                  Timing Point                   Flags    Arc    Edge       Cell         Fanout Load Trans Delay Arrival Instance 
#                                                                                                (fF)  (ps)  (ps)   (ps)  Location 
#----------------------------------------------------------------------------------------------------------------------------------
  ROUND[3].U_ROUND_U_KEY_data_out_reg[33]/clk     -       -       R     (arrival)          10769    -     0     0       0    (-,-) 
  ROUND[3].U_ROUND_U_KEY_data_out_reg[33]/q       (u)     clk->q  R     unmapped_d_flop       37 37.0     0    91      91    (-,-) 
  g4872850/z                                      (u)     in_0->z F     unmapped_nand2        18 18.0     0    31     122    (-,-) 
  g4999595/z                                      (u)     in_0->z F     unmapped_complex2     15 15.0     0    30     152    (-,-) 
  g4988546/z                                      (u)     in_0->z R     unmapped_nand2         2  2.0     0    13     164    (-,-) 
  g4974910/z                                      (u)     in_0->z F     unmapped_complex2      1  1.0     0     9     173    (-,-) 
  g4970986/z                                      (u)     in_0->z F     unmapped_or2           1  1.0     0     9     182    (-,-) 
  g4965083/z                                      (u)     in_1->z R     unmapped_nand2         1  1.0     0     9     191    (-,-) 
  g4962656/z                                      (u)     in_0->z R     unmapped_complex2      1  1.0     0     9     200    (-,-) 
  g5016618/z                                      (u)     in_0->z R     unmapped_complex2      1  1.0     0     9     209    (-,-) 
  g4958847/z                                      (u)     in_1->z R     unmapped_complex2      1  1.0     0     9     218    (-,-) 
  g4958773/z                                      (u)     in_0->z R     unmapped_or2           1  1.0     0     9     227    (-,-) 
  g5017235/z                                      (u)     in_0->z R     unmapped_complex2      1  1.0     0     9     236    (-,-) 
  g4957211/z                                      (u)     in_1->z R     unmapped_or2           1  1.0     0     9     244    (-,-) 
  g4956836/z                                      (u)     in_1->z R     unmapped_or2           1  1.0     0     9     253    (-,-) 
  g4956670/z                                      (u)     in_0->z R     unmapped_or2           1  1.0     0     9     262    (-,-) 
  g4956645/z                                      (u)     in_1->z R     unmapped_or2           1  1.0     0     9     271    (-,-) 
  g4956533/z                                      (u)     in_1->z R     unmapped_or2           1  1.0     0     9     280    (-,-) 
  ROUND[4].U_ROUND_U_SUB_ROM[4].ROM_dout_reg[4]/d -       -       R     unmapped_d_flop        1    -     -     0     280    (-,-) 
#----------------------------------------------------------------------------------------------------------------------------------

(u) : Net has unmapped pin(s).



Path 33: VIOLATED (-29 ps) Setup Check with Pin ROUND[4].U_ROUND_U_SUB_ROM[12].ROM_dout_reg[0]/clk->d
          Group: clk
     Startpoint: (R) ROUND[3].U_ROUND_U_KEY_data_out_reg[97]/clk
          Clock: (R) clk
       Endpoint: (R) ROUND[4].U_ROUND_U_SUB_ROM[12].ROM_dout_reg[0]/d
          Clock: (R) clk

                     Capture       Launch     
        Clock Edge:+     260            0     
       Src Latency:+       0            0     
       Net Latency:+       0 (I)        0 (I) 
           Arrival:=     260            0     
                                              
             Setup:-       9                  
     Required Time:=     251                  
      Launch Clock:-       0                  
         Data Path:-     280                  
             Slack:=     -29                  

#-----------------------------------------------------------------------------------------------------------------------------------
#                  Timing Point                    Flags    Arc    Edge       Cell         Fanout Load Trans Delay Arrival Instance 
#                                                                                                 (fF)  (ps)  (ps)   (ps)  Location 
#-----------------------------------------------------------------------------------------------------------------------------------
  ROUND[3].U_ROUND_U_KEY_data_out_reg[97]/clk      -       -       R     (arrival)          10769    -     0     0       0    (-,-) 
  ROUND[3].U_ROUND_U_KEY_data_out_reg[97]/q        (u)     clk->q  F     unmapped_d_flop       38 38.0     0    91      91    (-,-) 
  g5005585/z                                       (u)     in_0->z F     unmapped_complex2     18 18.0     0    31     122    (-,-) 
  g4997039/z                                       (u)     in_0->z F     unmapped_or2           3  3.0     0    15     138    (-,-) 
  g4986062/z                                       (u)     in_1->z F     unmapped_or2           1  1.0     0     9     146    (-,-) 
  g4982985/z                                       (u)     in_1->z F     unmapped_complex2      1  1.0     0     9     155    (-,-) 
  g4969199/z                                       (u)     in_1->z R     unmapped_nand2         1  1.0     0     9     164    (-,-) 
  g4963445/z                                       (u)     in_0->z R     unmapped_complex2      1  1.0     0     9     173    (-,-) 
  g5015676/z                                       (u)     in_0->z R     unmapped_complex2      1  1.0     0     9     182    (-,-) 
  g4960942/z                                       (u)     in_1->z R     unmapped_complex2      1  1.0     0     9     191    (-,-) 
  g4959351/z                                       (u)     in_0->z R     unmapped_complex2      1  1.0     0     9     200    (-,-) 
  g5017070/z                                       (u)     in_0->z R     unmapped_complex2      1  1.0     0     9     209    (-,-) 
  g4957517/z                                       (u)     in_1->z R     unmapped_complex2      1  1.0     0     9     218    (-,-) 
  g4957469/z                                       (u)     in_0->z R     unmapped_or2           1  1.0     0     9     227    (-,-) 
  g5017332/z                                       (u)     in_0->z R     unmapped_complex2      1  1.0     0     9     236    (-,-) 
  g4956792/z                                       (u)     in_1->z R     unmapped_complex2      1  1.0     0     9     244    (-,-) 
  g4956545/z                                       (u)     in_0->z R     unmapped_complex2      1  1.0     0     9     253    (-,-) 
  g4956491/z                                       (u)     in_1->z R     unmapped_or2           1  1.0     0     9     262    (-,-) 
  g4956435/z                                       (u)     in_0->z R     unmapped_or2           1  1.0     0     9     271    (-,-) 
  g4956397/z                                       (u)     in_1->z R     unmapped_or2           1  1.0     0     9     280    (-,-) 
  ROUND[4].U_ROUND_U_SUB_ROM[12].ROM_dout_reg[0]/d -       -       R     unmapped_d_flop        1    -     -     0     280    (-,-) 
#-----------------------------------------------------------------------------------------------------------------------------------

(u) : Net has unmapped pin(s).



Path 34: VIOLATED (-29 ps) Setup Check with Pin ROUND[4].U_ROUND_U_SUB_ROM[1].ROM_dout_reg[3]/clk->d
          Group: clk
     Startpoint: (R) ROUND[3].U_ROUND_U_KEY_data_out_reg[9]/clk
          Clock: (R) clk
       Endpoint: (R) ROUND[4].U_ROUND_U_SUB_ROM[1].ROM_dout_reg[3]/d
          Clock: (R) clk

                     Capture       Launch     
        Clock Edge:+     260            0     
       Src Latency:+       0            0     
       Net Latency:+       0 (I)        0 (I) 
           Arrival:=     260            0     
                                              
             Setup:-       9                  
     Required Time:=     251                  
      Launch Clock:-       0                  
         Data Path:-     280                  
             Slack:=     -29                  

#----------------------------------------------------------------------------------------------------------------------------------
#                  Timing Point                   Flags    Arc    Edge       Cell         Fanout Load Trans Delay Arrival Instance 
#                                                                                                (fF)  (ps)  (ps)   (ps)  Location 
#----------------------------------------------------------------------------------------------------------------------------------
  ROUND[3].U_ROUND_U_KEY_data_out_reg[9]/clk      -       -       R     (arrival)          10769    -     0     0       0    (-,-) 
  ROUND[3].U_ROUND_U_KEY_data_out_reg[9]/q        (u)     clk->q  F     unmapped_d_flop       38 38.0     0    91      91    (-,-) 
  g5005509/z                                      (u)     in_0->z F     unmapped_complex2     17 17.0     0    31     122    (-,-) 
  g5001428/z                                      (u)     in_0->z F     unmapped_complex2     12 12.0     0    27     149    (-,-) 
  g4992496/z                                      (u)     in_1->z F     unmapped_or2           3  3.0     0    15     164    (-,-) 
  g4978956/z                                      (u)     in_0->z R     unmapped_nand2         1  1.0     0     9     173    (-,-) 
  g4968542/z                                      (u)     in_0->z F     unmapped_complex2      1  1.0     0     9     182    (-,-) 
  g4964157/z                                      (u)     in_1->z R     unmapped_nand2         1  1.0     0     9     191    (-,-) 
  g4962655/z                                      (u)     in_1->z R     unmapped_or2           1  1.0     0     9     200    (-,-) 
  g5016569/z                                      (u)     in_0->z R     unmapped_complex2      1  1.0     0     9     209    (-,-) 
  g4959846/z                                      (u)     in_1->z R     unmapped_complex2      1  1.0     0     9     218    (-,-) 
  g5017109/z                                      (u)     in_0->z R     unmapped_complex2      1  1.0     0     9     226    (-,-) 
  g4957936/z                                      (u)     in_0->z R     unmapped_or2           1  1.0     0     9     235    (-,-) 
  g4957390/z                                      (u)     in_0->z R     unmapped_complex2      1  1.0     0     9     244    (-,-) 
  g4956942/z                                      (u)     in_1->z R     unmapped_or2           1  1.0     0     9     253    (-,-) 
  g4956766/z                                      (u)     in_0->z R     unmapped_or2           1  1.0     0     9     262    (-,-) 
  g4956561/z                                      (u)     in_1->z R     unmapped_or2           1  1.0     0     9     271    (-,-) 
  g4956483/z                                      (u)     in_1->z R     unmapped_or2           1  1.0     0     9     280    (-,-) 
  ROUND[4].U_ROUND_U_SUB_ROM[1].ROM_dout_reg[3]/d -       -       R     unmapped_d_flop        1    -     -     0     280    (-,-) 
#----------------------------------------------------------------------------------------------------------------------------------

(u) : Net has unmapped pin(s).



Path 35: VIOLATED (-29 ps) Setup Check with Pin ROUND[4].U_ROUND_U_SUB_ROM[2].ROM_dout_reg[3]/clk->d
          Group: clk
     Startpoint: (R) ROUND[3].U_ROUND_U_KEY_data_out_reg[17]/clk
          Clock: (R) clk
       Endpoint: (R) ROUND[4].U_ROUND_U_SUB_ROM[2].ROM_dout_reg[3]/d
          Clock: (R) clk

                     Capture       Launch     
        Clock Edge:+     260            0     
       Src Latency:+       0            0     
       Net Latency:+       0 (I)        0 (I) 
           Arrival:=     260            0     
                                              
             Setup:-       9                  
     Required Time:=     251                  
      Launch Clock:-       0                  
         Data Path:-     280                  
             Slack:=     -29                  

#----------------------------------------------------------------------------------------------------------------------------------
#                  Timing Point                   Flags    Arc    Edge       Cell         Fanout Load Trans Delay Arrival Instance 
#                                                                                                (fF)  (ps)  (ps)   (ps)  Location 
#----------------------------------------------------------------------------------------------------------------------------------
  ROUND[3].U_ROUND_U_KEY_data_out_reg[17]/clk     -       -       R     (arrival)          10769    -     0     0       0    (-,-) 
  ROUND[3].U_ROUND_U_KEY_data_out_reg[17]/q       (u)     clk->q  F     unmapped_d_flop       42 42.0     0    92      92    (-,-) 
  g5005394/z                                      (u)     in_0->z F     unmapped_complex2     17 17.0     0    31     123    (-,-) 
  g5011459/z                                      (u)     in_0->z F     unmapped_complex2     11 11.0     0    26     149    (-,-) 
  g4992133/z                                      (u)     in_1->z F     unmapped_or2           3  3.0     0    15     164    (-,-) 
  g4976348/z                                      (u)     in_0->z R     unmapped_nand2         1  1.0     0     9     173    (-,-) 
  g4970073/z                                      (u)     in_0->z F     unmapped_complex2      1  1.0     0     9     182    (-,-) 
  g4964091/z                                      (u)     in_0->z R     unmapped_complex2      1  1.0     0     9     191    (-,-) 
  g5015799/z                                      (u)     in_0->z R     unmapped_complex2      1  1.0     0     9     200    (-,-) 
  g4959926/z                                      (u)     in_1->z R     unmapped_complex2      1  1.0     0     9     209    (-,-) 
  g5016893/z                                      (u)     in_0->z R     unmapped_complex2      1  1.0     0     9     218    (-,-) 
  g4958085/z                                      (u)     in_1->z R     unmapped_complex2      1  1.0     0     9     226    (-,-) 
  g5017212/z                                      (u)     in_0->z R     unmapped_complex2      1  1.0     0     9     235    (-,-) 
  g4957416/z                                      (u)     in_1->z R     unmapped_or2           1  1.0     0     9     244    (-,-) 
  g4956913/z                                      (u)     in_0->z R     unmapped_or2           1  1.0     0     9     253    (-,-) 
  g4956786/z                                      (u)     in_0->z R     unmapped_or2           1  1.0     0     9     262    (-,-) 
  g4956568/z                                      (u)     in_0->z R     unmapped_or2           1  1.0     0     9     271    (-,-) 
  g4956482/z                                      (u)     in_1->z R     unmapped_or2           1  1.0     0     9     280    (-,-) 
  ROUND[4].U_ROUND_U_SUB_ROM[2].ROM_dout_reg[3]/d -       -       R     unmapped_d_flop        1    -     -     0     280    (-,-) 
#----------------------------------------------------------------------------------------------------------------------------------

(u) : Net has unmapped pin(s).



Path 36: VIOLATED (-29 ps) Setup Check with Pin ROUND[4].U_ROUND_U_SUB_ROM[13].ROM_dout_reg[7]/clk->d
          Group: clk
     Startpoint: (R) ROUND[3].U_ROUND_U_KEY_data_out_reg[111]/clk
          Clock: (R) clk
       Endpoint: (R) ROUND[4].U_ROUND_U_SUB_ROM[13].ROM_dout_reg[7]/d
          Clock: (R) clk

                     Capture       Launch     
        Clock Edge:+     260            0     
       Src Latency:+       0            0     
       Net Latency:+       0 (I)        0 (I) 
           Arrival:=     260            0     
                                              
             Setup:-       9                  
     Required Time:=     251                  
      Launch Clock:-       0                  
         Data Path:-     280                  
             Slack:=     -29                  

#-----------------------------------------------------------------------------------------------------------------------------------
#                  Timing Point                    Flags    Arc    Edge       Cell         Fanout Load Trans Delay Arrival Instance 
#                                                                                                 (fF)  (ps)  (ps)   (ps)  Location 
#-----------------------------------------------------------------------------------------------------------------------------------
  ROUND[3].U_ROUND_U_KEY_data_out_reg[111]/clk     -       -       R     (arrival)          10769    -     0     0       0    (-,-) 
  ROUND[3].U_ROUND_U_KEY_data_out_reg[111]/q       (u)     clk->q  R     unmapped_d_flop       39 39.0     0    91      91    (-,-) 
  g4872689/z                                       (u)     in_0->z F     unmapped_complex2     25 25.0     0    34     125    (-,-) 
  g4996899/z                                       (u)     in_1->z F     unmapped_or2           6  6.0     0    21     146    (-,-) 
  g4988663/z                                       (u)     in_0->z F     unmapped_or2           1  1.0     0     9     155    (-,-) 
  g4976454/z                                       (u)     in_0->z R     unmapped_nand2         1  1.0     0     9     164    (-,-) 
  g5013488/z                                       (u)     in_0->z R     unmapped_complex2      1  1.0     0     9     173    (-,-) 
  g5014669/z                                       (u)     in_1->z F     unmapped_complex2      1  1.0     0     9     182    (-,-) 
  g5015731/z                                       (u)     in_1->z R     unmapped_complex2      1  1.0     0     9     191    (-,-) 
  g4960033/z                                       (u)     in_0->z R     unmapped_or2           1  1.0     0     9     200    (-,-) 
  g5016863/z                                       (u)     in_0->z R     unmapped_complex2      1  1.0     0     9     208    (-,-) 
  g5017088/z                                       (u)     in_1->z R     unmapped_complex2      1  1.0     0     9     217    (-,-) 
  g4957758/z                                       (u)     in_1->z R     unmapped_complex2      1  1.0     0     9     226    (-,-) 
  g4957290/z                                       (u)     in_1->z R     unmapped_or2           1  1.0     0     9     235    (-,-) 
  g5017342/z                                       (u)     in_0->z R     unmapped_complex2      1  1.0     0     9     244    (-,-) 
  g4956726/z                                       (u)     in_0->z R     unmapped_or2           1  1.0     0     9     253    (-,-) 
  g4956584/z                                       (u)     in_1->z R     unmapped_or2           1  1.0     0     9     262    (-,-) 
  g4956500/z                                       (u)     in_0->z R     unmapped_or2           1  1.0     0     9     271    (-,-) 
  g4956433/z                                       (u)     in_1->z R     unmapped_or2           1  1.0     0     9     280    (-,-) 
  ROUND[4].U_ROUND_U_SUB_ROM[13].ROM_dout_reg[7]/d -       -       R     unmapped_d_flop        1    -     -     0     280    (-,-) 
#-----------------------------------------------------------------------------------------------------------------------------------

(u) : Net has unmapped pin(s).



Path 37: VIOLATED (-28 ps) Setup Check with Pin ROUND[4].U_ROUND_U_SUB_ROM[14].ROM_dout_reg[7]/clk->d
          Group: clk
     Startpoint: (R) ROUND[3].U_ROUND_U_KEY_data_out_reg[119]/clk
          Clock: (R) clk
       Endpoint: (R) ROUND[4].U_ROUND_U_SUB_ROM[14].ROM_dout_reg[7]/d
          Clock: (R) clk

                     Capture       Launch     
        Clock Edge:+     260            0     
       Src Latency:+       0            0     
       Net Latency:+       0 (I)        0 (I) 
           Arrival:=     260            0     
                                              
             Setup:-       9                  
     Required Time:=     251                  
      Launch Clock:-       0                  
         Data Path:-     280                  
             Slack:=     -28                  

#-----------------------------------------------------------------------------------------------------------------------------------
#                  Timing Point                    Flags    Arc    Edge       Cell         Fanout Load Trans Delay Arrival Instance 
#                                                                                                 (fF)  (ps)  (ps)   (ps)  Location 
#-----------------------------------------------------------------------------------------------------------------------------------
  ROUND[3].U_ROUND_U_KEY_data_out_reg[119]/clk     -       -       R     (arrival)          10769    -     0     0       0    (-,-) 
  ROUND[3].U_ROUND_U_KEY_data_out_reg[119]/q       (u)     clk->q  R     unmapped_d_flop       40 40.0     0    91      91    (-,-) 
  g4872095/z                                       (u)     in_0->z F     unmapped_complex2     24 24.0     0    34     125    (-,-) 
  g4997626/z                                       (u)     in_1->z F     unmapped_or2           6  6.0     0    21     146    (-,-) 
  g4988445/z                                       (u)     in_0->z F     unmapped_or2           1  1.0     0     9     155    (-,-) 
  g4977089/z                                       (u)     in_0->z R     unmapped_nand2         1  1.0     0     9     164    (-,-) 
  g5013475/z                                       (u)     in_0->z R     unmapped_complex2      1  1.0     0     9     173    (-,-) 
  g5014630/z                                       (u)     in_1->z F     unmapped_complex2      1  1.0     0     9     182    (-,-) 
  g4961749/z                                       (u)     in_0->z R     unmapped_nand2         1  1.0     0     9     190    (-,-) 
  g4960637/z                                       (u)     in_0->z R     unmapped_or2           1  1.0     0     9     199    (-,-) 
  g5016853/z                                       (u)     in_0->z R     unmapped_complex2      1  1.0     0     9     208    (-,-) 
  g4958428/z                                       (u)     in_1->z R     unmapped_or2           1  1.0     0     9     217    (-,-) 
  g4958018/z                                       (u)     in_1->z R     unmapped_or2           1  1.0     0     9     226    (-,-) 
  g4957323/z                                       (u)     in_1->z R     unmapped_or2           1  1.0     0     9     235    (-,-) 
  g5017339/z                                       (u)     in_0->z R     unmapped_complex2      1  1.0     0     9     244    (-,-) 
  g4956720/z                                       (u)     in_0->z R     unmapped_or2           1  1.0     0     9     253    (-,-) 
  g4956598/z                                       (u)     in_0->z R     unmapped_or2           1  1.0     0     9     262    (-,-) 
  g4956514/z                                       (u)     in_0->z R     unmapped_or2           1  1.0     0     9     271    (-,-) 
  g4956417/z                                       (u)     in_1->z R     unmapped_or2           1  1.0     0     9     280    (-,-) 
  ROUND[4].U_ROUND_U_SUB_ROM[14].ROM_dout_reg[7]/d -       -       R     unmapped_d_flop        1    -     -     0     280    (-,-) 
#-----------------------------------------------------------------------------------------------------------------------------------

(u) : Net has unmapped pin(s).



Path 38: VIOLATED (-28 ps) Setup Check with Pin ROUND[4].U_ROUND_U_SUB_ROM[15].ROM_dout_reg[0]/clk->d
          Group: clk
     Startpoint: (R) ROUND[3].U_ROUND_U_KEY_data_out_reg[127]/clk
          Clock: (R) clk
       Endpoint: (R) ROUND[4].U_ROUND_U_SUB_ROM[15].ROM_dout_reg[0]/d
          Clock: (R) clk

                     Capture       Launch     
        Clock Edge:+     260            0     
       Src Latency:+       0            0     
       Net Latency:+       0 (I)        0 (I) 
           Arrival:=     260            0     
                                              
             Setup:-       9                  
     Required Time:=     251                  
      Launch Clock:-       0                  
         Data Path:-     279                  
             Slack:=     -28                  

#-----------------------------------------------------------------------------------------------------------------------------------
#                  Timing Point                    Flags    Arc    Edge       Cell         Fanout Load Trans Delay Arrival Instance 
#                                                                                                 (fF)  (ps)  (ps)   (ps)  Location 
#-----------------------------------------------------------------------------------------------------------------------------------
  ROUND[3].U_ROUND_U_KEY_data_out_reg[127]/clk     -       -       R     (arrival)          10769    -     0     0       0    (-,-) 
  ROUND[3].U_ROUND_U_KEY_data_out_reg[127]/q       (u)     clk->q  R     unmapped_d_flop       41 41.0     0    92      92    (-,-) 
  g4873070/z                                       (u)     in_1->z F     unmapped_complex2     23 23.0     0    33     125    (-,-) 
  g4996900/z                                       (u)     in_0->z F     unmapped_complex2      6  6.0     0    21     146    (-,-) 
  g4986642/z                                       (u)     in_1->z F     unmapped_or2           1  1.0     0     9     155    (-,-) 
  g4981386/z                                       (u)     in_1->z F     unmapped_complex2      1  1.0     0     9     164    (-,-) 
  g5014594/z                                       (u)     in_1->z R     unmapped_complex2      1  1.0     0     9     172    (-,-) 
  g4963056/z                                       (u)     in_1->z R     unmapped_complex2      1  1.0     0     9     181    (-,-) 
  g4960845/z                                       (u)     in_0->z R     unmapped_complex2      1  1.0     0     9     190    (-,-) 
  g5016839/z                                       (u)     in_0->z R     unmapped_complex2      1  1.0     0     9     199    (-,-) 
  g4958069/z                                       (u)     in_0->z R     unmapped_or2           1  1.0     0     9     208    (-,-) 
  g4957605/z                                       (u)     in_0->z R     unmapped_complex2      1  1.0     0     9     217    (-,-) 
  g4957417/z                                       (u)     in_0->z R     unmapped_complex2      1  1.0     0     9     226    (-,-) 
  g4956837/z                                       (u)     in_1->z R     unmapped_or2           1  1.0     0     9     235    (-,-) 
  g4956774/z                                       (u)     in_1->z R     unmapped_or2           1  1.0     0     9     244    (-,-) 
  g4956544/z                                       (u)     in_1->z R     unmapped_or2           1  1.0     0     9     253    (-,-) 
  g4956456/z                                       (u)     in_0->z R     unmapped_or2           1  1.0     0     9     262    (-,-) 
  g4956439/z                                       (u)     in_1->z R     unmapped_or2           1  1.0     0     9     270    (-,-) 
  g4956402/z                                       (u)     in_1->z R     unmapped_or2           1  1.0     0     9     279    (-,-) 
  ROUND[4].U_ROUND_U_SUB_ROM[15].ROM_dout_reg[0]/d -       -       R     unmapped_d_flop        1    -     -     0     279    (-,-) 
#-----------------------------------------------------------------------------------------------------------------------------------

(u) : Net has unmapped pin(s).



Path 39: VIOLATED (-28 ps) Setup Check with Pin ROUND[4].U_ROUND_U_SUB_ROM[7].ROM_dout_reg[4]/clk->d
          Group: clk
     Startpoint: (R) ROUND[3].U_ROUND_U_KEY_data_out_reg[57]/clk
          Clock: (R) clk
       Endpoint: (R) ROUND[4].U_ROUND_U_SUB_ROM[7].ROM_dout_reg[4]/d
          Clock: (R) clk

                     Capture       Launch     
        Clock Edge:+     260            0     
       Src Latency:+       0            0     
       Net Latency:+       0 (I)        0 (I) 
           Arrival:=     260            0     
                                              
             Setup:-       9                  
     Required Time:=     251                  
      Launch Clock:-       0                  
         Data Path:-     279                  
             Slack:=     -28                  

#----------------------------------------------------------------------------------------------------------------------------------
#                  Timing Point                   Flags    Arc    Edge       Cell         Fanout Load Trans Delay Arrival Instance 
#                                                                                                (fF)  (ps)  (ps)   (ps)  Location 
#----------------------------------------------------------------------------------------------------------------------------------
  ROUND[3].U_ROUND_U_KEY_data_out_reg[57]/clk     -       -       R     (arrival)          10769    -     0     0       0    (-,-) 
  ROUND[3].U_ROUND_U_KEY_data_out_reg[57]/q       (u)     clk->q  R     unmapped_d_flop       40 40.0     0    91      91    (-,-) 
  g4872642/z                                      (u)     in_1->z F     unmapped_nand2        19 19.0     0    32     123    (-,-) 
  g5000114/z                                      (u)     in_0->z F     unmapped_complex2     13 13.0     0    28     151    (-,-) 
  g4986733/z                                      (u)     in_0->z R     unmapped_nand2         2  2.0     0    13     164    (-,-) 
  g4975087/z                                      (u)     in_0->z F     unmapped_complex2      1  1.0     0     9     172    (-,-) 
  g4970863/z                                      (u)     in_0->z F     unmapped_or2           1  1.0     0     9     181    (-,-) 
  g4964948/z                                      (u)     in_1->z R     unmapped_nand2         1  1.0     0     9     190    (-,-) 
  g5015797/z                                      (u)     in_0->z R     unmapped_complex2      1  1.0     0     9     199    (-,-) 
  g4960352/z                                      (u)     in_1->z R     unmapped_complex2      1  1.0     0     9     208    (-,-) 
  g4958921/z                                      (u)     in_0->z R     unmapped_complex2      1  1.0     0     9     217    (-,-) 
  g5017106/z                                      (u)     in_0->z R     unmapped_complex2      1  1.0     0     9     226    (-,-) 
  g4957787/z                                      (u)     in_1->z R     unmapped_complex2      1  1.0     0     9     235    (-,-) 
  g4957161/z                                      (u)     in_1->z R     unmapped_or2           1  1.0     0     9     244    (-,-) 
  g4956990/z                                      (u)     in_0->z R     unmapped_or2           1  1.0     0     9     253    (-,-) 
  g4956683/z                                      (u)     in_1->z R     unmapped_or2           1  1.0     0     9     262    (-,-) 
  g4956631/z                                      (u)     in_1->z R     unmapped_or2           1  1.0     0     9     270    (-,-) 
  g4956479/z                                      (u)     in_1->z R     unmapped_or2           1  1.0     0     9     279    (-,-) 
  ROUND[4].U_ROUND_U_SUB_ROM[7].ROM_dout_reg[4]/d -       -       R     unmapped_d_flop        1    -     -     0     279    (-,-) 
#----------------------------------------------------------------------------------------------------------------------------------

(u) : Net has unmapped pin(s).



Path 40: VIOLATED (-28 ps) Setup Check with Pin ROUND[4].U_ROUND_U_SUB_ROM[6].ROM_dout_reg[2]/clk->d
          Group: clk
     Startpoint: (R) ROUND[3].U_ROUND_U_KEY_data_out_reg[49]/clk
          Clock: (R) clk
       Endpoint: (R) ROUND[4].U_ROUND_U_SUB_ROM[6].ROM_dout_reg[2]/d
          Clock: (R) clk

                     Capture       Launch     
        Clock Edge:+     260            0     
       Src Latency:+       0            0     
       Net Latency:+       0 (I)        0 (I) 
           Arrival:=     260            0     
                                              
             Setup:-       9                  
     Required Time:=     251                  
      Launch Clock:-       0                  
         Data Path:-     279                  
             Slack:=     -28                  

#----------------------------------------------------------------------------------------------------------------------------------
#                  Timing Point                   Flags    Arc    Edge       Cell         Fanout Load Trans Delay Arrival Instance 
#                                                                                                (fF)  (ps)  (ps)   (ps)  Location 
#----------------------------------------------------------------------------------------------------------------------------------
  ROUND[3].U_ROUND_U_KEY_data_out_reg[49]/clk     -       -       R     (arrival)          10769    -     0     0       0    (-,-) 
  ROUND[3].U_ROUND_U_KEY_data_out_reg[49]/q       (u)     clk->q  R     unmapped_d_flop       41 41.0     0    92      92    (-,-) 
  g4872526/z                                      (u)     in_0->z F     unmapped_nand2        16 16.0     0    30     122    (-,-) 
  g5000507/z                                      (u)     in_0->z F     unmapped_complex2      8  8.0     0    23     146    (-,-) 
  g4986150/z                                      (u)     in_1->z F     unmapped_or2           1  1.0     0     9     154    (-,-) 
  g4982685/z                                      (u)     in_0->z R     unmapped_nand2         1  1.0     0     9     163    (-,-) 
  g4968820/z                                      (u)     in_0->z F     unmapped_complex2      1  1.0     0     9     172    (-,-) 
  g4963929/z                                      (u)     in_0->z R     unmapped_nand2         1  1.0     0     9     181    (-,-) 
  g4962292/z                                      (u)     in_1->z R     unmapped_or2           1  1.0     0     9     190    (-,-) 
  g4960124/z                                      (u)     in_0->z R     unmapped_complex2      1  1.0     0     9     199    (-,-) 
  g4959365/z                                      (u)     in_0->z R     unmapped_or2           1  1.0     0     9     208    (-,-) 
  g4958390/z                                      (u)     in_1->z R     unmapped_or2           1  1.0     0     9     217    (-,-) 
  g4957742/z                                      (u)     in_0->z R     unmapped_complex2      1  1.0     0     9     226    (-,-) 
  g4957175/z                                      (u)     in_1->z R     unmapped_or2           1  1.0     0     9     234    (-,-) 
  g4956896/z                                      (u)     in_0->z R     unmapped_or2           1  1.0     0     9     243    (-,-) 
  g4956711/z                                      (u)     in_1->z R     unmapped_or2           1  1.0     0     9     252    (-,-) 
  g4956605/z                                      (u)     in_1->z R     unmapped_or2           1  1.0     0     9     261    (-,-) 
  g4956510/z                                      (u)     in_1->z R     unmapped_or2           1  1.0     0     9     270    (-,-) 
  g4956432/z                                      (u)     in_0->z R     unmapped_or2           1  1.0     0     9     279    (-,-) 
  ROUND[4].U_ROUND_U_SUB_ROM[6].ROM_dout_reg[2]/d -       -       R     unmapped_d_flop        1    -     -     0     279    (-,-) 
#----------------------------------------------------------------------------------------------------------------------------------

(u) : Net has unmapped pin(s).



Path 41: VIOLATED (-28 ps) Setup Check with Pin ROUND[4].U_ROUND_U_SUB_ROM[12].ROM_dout_reg[6]/clk->d
          Group: clk
     Startpoint: (R) ROUND[3].U_ROUND_U_KEY_data_out_reg[97]/clk
          Clock: (R) clk
       Endpoint: (R) ROUND[4].U_ROUND_U_SUB_ROM[12].ROM_dout_reg[6]/d
          Clock: (R) clk

                     Capture       Launch     
        Clock Edge:+     260            0     
       Src Latency:+       0            0     
       Net Latency:+       0 (I)        0 (I) 
           Arrival:=     260            0     
                                              
             Setup:-       9                  
     Required Time:=     251                  
      Launch Clock:-       0                  
         Data Path:-     279                  
             Slack:=     -28                  

#-----------------------------------------------------------------------------------------------------------------------------------
#                  Timing Point                    Flags    Arc    Edge       Cell         Fanout Load Trans Delay Arrival Instance 
#                                                                                                 (fF)  (ps)  (ps)   (ps)  Location 
#-----------------------------------------------------------------------------------------------------------------------------------
  ROUND[3].U_ROUND_U_KEY_data_out_reg[97]/clk      -       -       R     (arrival)          10769    -     0     0       0    (-,-) 
  ROUND[3].U_ROUND_U_KEY_data_out_reg[97]/q        (u)     clk->q  R     unmapped_d_flop       38 38.0     0    91      91    (-,-) 
  g4872244/z                                       (u)     in_1->z F     unmapped_nand2        19 19.0     0    32     123    (-,-) 
  g5001093/z                                       (u)     in_0->z F     unmapped_complex2     18 18.0     0    31     154    (-,-) 
  g4985339/z                                       (u)     in_1->z F     unmapped_or2           1  1.0     0     9     163    (-,-) 
  g4984961/z                                       (u)     in_0->z R     unmapped_nand2         1  1.0     0     9     172    (-,-) 
  g4971934/z                                       (u)     in_0->z F     unmapped_nand2         1  1.0     0     9     181    (-,-) 
  g4966050/z                                       (u)     in_1->z R     unmapped_nand2         1  1.0     0     9     190    (-,-) 
  g4961465/z                                       (u)     in_0->z R     unmapped_or2           1  1.0     0     9     198    (-,-) 
  g5016598/z                                       (u)     in_0->z R     unmapped_complex2      1  1.0     0     9     207    (-,-) 
  g4958995/z                                       (u)     in_0->z R     unmapped_or2           1  1.0     0     9     216    (-,-) 
  g4958479/z                                       (u)     in_0->z R     unmapped_complex2      1  1.0     0     9     225    (-,-) 
  g5017225/z                                       (u)     in_0->z R     unmapped_complex2      1  1.0     0     9     234    (-,-) 
  g4957188/z                                       (u)     in_1->z R     unmapped_complex2      1  1.0     0     9     243    (-,-) 
  g4956822/z                                       (u)     in_1->z R     unmapped_or2           1  1.0     0     9     252    (-,-) 
  g4956746/z                                       (u)     in_0->z R     unmapped_or2           1  1.0     0     9     261    (-,-) 
  g4956625/z                                       (u)     in_0->z R     unmapped_or2           1  1.0     0     9     270    (-,-) 
  g4956511/z                                       (u)     in_1->z R     unmapped_or2           1  1.0     0     9     279    (-,-) 
  ROUND[4].U_ROUND_U_SUB_ROM[12].ROM_dout_reg[6]/d -       -       R     unmapped_d_flop        1    -     -     0     279    (-,-) 
#-----------------------------------------------------------------------------------------------------------------------------------

(u) : Net has unmapped pin(s).



Path 42: VIOLATED (-27 ps) Setup Check with Pin ROUND[4].U_ROUND_U_SUB_ROM[9].ROM_dout_reg[1]/clk->d
          Group: clk
     Startpoint: (R) ROUND[3].U_ROUND_U_KEY_data_out_reg[73]/clk
          Clock: (R) clk
       Endpoint: (R) ROUND[4].U_ROUND_U_SUB_ROM[9].ROM_dout_reg[1]/d
          Clock: (R) clk

                     Capture       Launch     
        Clock Edge:+     260            0     
       Src Latency:+       0            0     
       Net Latency:+       0 (I)        0 (I) 
           Arrival:=     260            0     
                                              
             Setup:-       9                  
     Required Time:=     251                  
      Launch Clock:-       0                  
         Data Path:-     278                  
             Slack:=     -27                  

#----------------------------------------------------------------------------------------------------------------------------------
#                  Timing Point                   Flags    Arc    Edge       Cell         Fanout Load Trans Delay Arrival Instance 
#                                                                                                (fF)  (ps)  (ps)   (ps)  Location 
#----------------------------------------------------------------------------------------------------------------------------------
  ROUND[3].U_ROUND_U_KEY_data_out_reg[73]/clk     -       -       R     (arrival)          10769    -     0     0       0    (-,-) 
  ROUND[3].U_ROUND_U_KEY_data_out_reg[73]/q       (u)     clk->q  R     unmapped_d_flop       40 40.0     0    91      91    (-,-) 
  g4872006/z                                      (u)     in_0->z F     unmapped_nand2        19 19.0     0    32     123    (-,-) 
  g5001773/z                                      (u)     in_0->z F     unmapped_complex2     16 16.0     0    30     154    (-,-) 
  g5012166/z                                      (u)     in_0->z F     unmapped_complex2      4  4.0     0    18     172    (-,-) 
  g5013124/z                                      (u)     in_0->z F     unmapped_complex2      1  1.0     0     9     180    (-,-) 
  g4971714/z                                      (u)     in_0->z F     unmapped_or2           1  1.0     0     9     189    (-,-) 
  g4965835/z                                      (u)     in_1->z R     unmapped_nand2         1  1.0     0     9     198    (-,-) 
  g5015849/z                                      (u)     in_0->z R     unmapped_complex2      1  1.0     0     9     207    (-,-) 
  g4960899/z                                      (u)     in_1->z R     unmapped_complex2      1  1.0     0     9     216    (-,-) 
  g5016919/z                                      (u)     in_0->z R     unmapped_complex2      1  1.0     0     9     225    (-,-) 
  g4958126/z                                      (u)     in_0->z R     unmapped_or2           1  1.0     0     9     234    (-,-) 
  g5017232/z                                      (u)     in_0->z R     unmapped_complex2      1  1.0     0     9     243    (-,-) 
  g4957463/z                                      (u)     in_1->z R     unmapped_or2           1  1.0     0     9     252    (-,-) 
  g4956981/z                                      (u)     in_0->z R     unmapped_or2           1  1.0     0     9     260    (-,-) 
  g4956791/z                                      (u)     in_1->z R     unmapped_or2           1  1.0     0     9     269    (-,-) 
  g4956531/z                                      (u)     in_1->z R     unmapped_or2           1  1.0     0     9     278    (-,-) 
  ROUND[4].U_ROUND_U_SUB_ROM[9].ROM_dout_reg[1]/d -       -       R     unmapped_d_flop        1    -     -     0     278    (-,-) 
#----------------------------------------------------------------------------------------------------------------------------------

(u) : Net has unmapped pin(s).



Path 43: VIOLATED (-27 ps) Setup Check with Pin ROUND[4].U_ROUND_U_SUB_ROM[8].ROM_dout_reg[3]/clk->d
          Group: clk
     Startpoint: (R) ROUND[3].U_ROUND_U_KEY_data_out_reg[65]/clk
          Clock: (R) clk
       Endpoint: (R) ROUND[4].U_ROUND_U_SUB_ROM[8].ROM_dout_reg[3]/d
          Clock: (R) clk

                     Capture       Launch     
        Clock Edge:+     260            0     
       Src Latency:+       0            0     
       Net Latency:+       0 (I)        0 (I) 
           Arrival:=     260            0     
                                              
             Setup:-       9                  
     Required Time:=     251                  
      Launch Clock:-       0                  
         Data Path:-     278                  
             Slack:=     -27                  

#----------------------------------------------------------------------------------------------------------------------------------
#                  Timing Point                   Flags    Arc    Edge       Cell         Fanout Load Trans Delay Arrival Instance 
#                                                                                                (fF)  (ps)  (ps)   (ps)  Location 
#----------------------------------------------------------------------------------------------------------------------------------
  ROUND[3].U_ROUND_U_KEY_data_out_reg[65]/clk     -       -       R     (arrival)          10769    -     0     0       0    (-,-) 
  ROUND[3].U_ROUND_U_KEY_data_out_reg[65]/q       (u)     clk->q  F     unmapped_d_flop       38 38.0     0    91      91    (-,-) 
  g5005916/z                                      (u)     in_0->z F     unmapped_complex2     19 19.0     0    32     123    (-,-) 
  g4999883/z                                      (u)     in_0->z F     unmapped_complex2     12 12.0     0    27     150    (-,-) 
  g5012147/z                                      (u)     in_0->z F     unmapped_complex2      2  2.0     0    13     162    (-,-) 
  g4983122/z                                      (u)     in_0->z F     unmapped_or2           1  1.0     0     9     171    (-,-) 
  g4969321/z                                      (u)     in_1->z R     unmapped_nand2         1  1.0     0     9     180    (-,-) 
  g5014704/z                                      (u)     in_0->z R     unmapped_complex2      1  1.0     0     9     189    (-,-) 
  g4961324/z                                      (u)     in_1->z R     unmapped_or2           1  1.0     0     9     198    (-,-) 
  g5016541/z                                      (u)     in_0->z R     unmapped_complex2      1  1.0     0     9     207    (-,-) 
  g4959613/z                                      (u)     in_1->z R     unmapped_or2           1  1.0     0     9     216    (-,-) 
  g4958233/z                                      (u)     in_0->z R     unmapped_complex2      1  1.0     0     9     225    (-,-) 
  g5017204/z                                      (u)     in_0->z R     unmapped_complex2      1  1.0     0     9     234    (-,-) 
  g4957267/z                                      (u)     in_1->z R     unmapped_complex2      1  1.0     0     9     242    (-,-) 
  g4956844/z                                      (u)     in_0->z R     unmapped_or2           1  1.0     0     9     251    (-,-) 
  g4956787/z                                      (u)     in_1->z R     unmapped_or2           1  1.0     0     9     260    (-,-) 
  g4956579/z                                      (u)     in_0->z R     unmapped_or2           1  1.0     0     9     269    (-,-) 
  g4956455/z                                      (u)     in_1->z R     unmapped_or2           1  1.0     0     9     278    (-,-) 
  ROUND[4].U_ROUND_U_SUB_ROM[8].ROM_dout_reg[3]/d -       -       R     unmapped_d_flop        1    -     -     0     278    (-,-) 
#----------------------------------------------------------------------------------------------------------------------------------

(u) : Net has unmapped pin(s).



Path 44: VIOLATED (-27 ps) Setup Check with Pin ROUND[4].U_ROUND_U_SUB_ROM[15].ROM_dout_reg[6]/clk->d
          Group: clk
     Startpoint: (R) ROUND[3].U_ROUND_U_KEY_data_out_reg[121]/clk
          Clock: (R) clk
       Endpoint: (R) ROUND[4].U_ROUND_U_SUB_ROM[15].ROM_dout_reg[6]/d
          Clock: (R) clk

                     Capture       Launch     
        Clock Edge:+     260            0     
       Src Latency:+       0            0     
       Net Latency:+       0 (I)        0 (I) 
           Arrival:=     260            0     
                                              
             Setup:-       9                  
     Required Time:=     251                  
      Launch Clock:-       0                  
         Data Path:-     278                  
             Slack:=     -27                  

#-----------------------------------------------------------------------------------------------------------------------------------
#                  Timing Point                    Flags    Arc    Edge       Cell         Fanout Load Trans Delay Arrival Instance 
#                                                                                                 (fF)  (ps)  (ps)   (ps)  Location 
#-----------------------------------------------------------------------------------------------------------------------------------
  ROUND[3].U_ROUND_U_KEY_data_out_reg[121]/clk     -       -       R     (arrival)          10769    -     0     0       0    (-,-) 
  ROUND[3].U_ROUND_U_KEY_data_out_reg[121]/q       (u)     clk->q  R     unmapped_d_flop       39 39.0     0    91      91    (-,-) 
  g4873068/z                                       (u)     in_1->z F     unmapped_nand2        18 18.0     0    31     122    (-,-) 
  g4998939/z                                       (u)     in_0->z F     unmapped_complex2     17 17.0     0    31     153    (-,-) 
  g4985422/z                                       (u)     in_1->z F     unmapped_or2           1  1.0     0     9     162    (-,-) 
  g4984730/z                                       (u)     in_0->z R     unmapped_nand2         1  1.0     0     9     171    (-,-) 
  g4971537/z                                       (u)     in_0->z F     unmapped_nand2         1  1.0     0     9     180    (-,-) 
  g4965630/z                                       (u)     in_0->z R     unmapped_nand2         1  1.0     0     9     189    (-,-) 
  g4962612/z                                       (u)     in_0->z R     unmapped_complex2      1  1.0     0     9     198    (-,-) 
  g5016580/z                                       (u)     in_0->z R     unmapped_complex2      1  1.0     0     9     207    (-,-) 
  g4959594/z                                       (u)     in_1->z R     unmapped_complex2      1  1.0     0     9     216    (-,-) 
  g5017112/z                                       (u)     in_0->z R     unmapped_complex2      1  1.0     0     9     225    (-,-) 
  g4957735/z                                       (u)     in_1->z R     unmapped_complex2      1  1.0     0     9     234    (-,-) 
  g4957387/z                                       (u)     in_0->z R     unmapped_or2           1  1.0     0     9     242    (-,-) 
  g4956874/z                                       (u)     in_0->z R     unmapped_or2           1  1.0     0     9     251    (-,-) 
  g4956760/z                                       (u)     in_1->z R     unmapped_or2           1  1.0     0     9     260    (-,-) 
  g5017438/z                                       (u)     in_0->z R     unmapped_complex2      1  1.0     0     9     269    (-,-) 
  g4956487/z                                       (u)     in_0->z R     unmapped_or2           1  1.0     0     9     278    (-,-) 
  ROUND[4].U_ROUND_U_SUB_ROM[15].ROM_dout_reg[6]/d -       -       R     unmapped_d_flop        1    -     -     0     278    (-,-) 
#-----------------------------------------------------------------------------------------------------------------------------------

(u) : Net has unmapped pin(s).



Path 45: VIOLATED (-27 ps) Setup Check with Pin ROUND[4].U_ROUND_U_SUB_ROM[3].ROM_dout_reg[3]/clk->d
          Group: clk
     Startpoint: (R) ROUND[3].U_ROUND_U_KEY_data_out_reg[25]/clk
          Clock: (R) clk
       Endpoint: (R) ROUND[4].U_ROUND_U_SUB_ROM[3].ROM_dout_reg[3]/d
          Clock: (R) clk

                     Capture       Launch     
        Clock Edge:+     260            0     
       Src Latency:+       0            0     
       Net Latency:+       0 (I)        0 (I) 
           Arrival:=     260            0     
                                              
             Setup:-       9                  
     Required Time:=     251                  
      Launch Clock:-       0                  
         Data Path:-     278                  
             Slack:=     -27                  

#----------------------------------------------------------------------------------------------------------------------------------
#                  Timing Point                   Flags    Arc    Edge       Cell         Fanout Load Trans Delay Arrival Instance 
#                                                                                                (fF)  (ps)  (ps)   (ps)  Location 
#----------------------------------------------------------------------------------------------------------------------------------
  ROUND[3].U_ROUND_U_KEY_data_out_reg[25]/clk     -       -       R     (arrival)          10769    -     0     0       0    (-,-) 
  ROUND[3].U_ROUND_U_KEY_data_out_reg[25]/q       (u)     clk->q  F     unmapped_d_flop       37 37.0     0    91      91    (-,-) 
  g5005629/z                                      (u)     in_0->z F     unmapped_complex2     17 17.0     0    31     122    (-,-) 
  g5011431/z                                      (u)     in_0->z F     unmapped_complex2     13 13.0     0    28     150    (-,-) 
  g5012011/z                                      (u)     in_0->z F     unmapped_complex2      2  2.0     0    13     162    (-,-) 
  g4977914/z                                      (u)     in_0->z F     unmapped_or2           1  1.0     0     9     171    (-,-) 
  g4969172/z                                      (u)     in_1->z R     unmapped_nand2         1  1.0     0     9     180    (-,-) 
  g5014835/z                                      (u)     in_0->z R     unmapped_complex2      1  1.0     0     9     189    (-,-) 
  g4961553/z                                      (u)     in_1->z R     unmapped_complex2      1  1.0     0     9     198    (-,-) 
  g5016609/z                                      (u)     in_0->z R     unmapped_complex2      1  1.0     0     9     207    (-,-) 
  g4959341/z                                      (u)     in_1->z R     unmapped_complex2      1  1.0     0     9     216    (-,-) 
  g4958413/z                                      (u)     in_0->z R     unmapped_complex2      1  1.0     0     9     224    (-,-) 
  g4957753/z                                      (u)     in_0->z R     unmapped_or2           1  1.0     0     9     233    (-,-) 
  g5017316/z                                      (u)     in_0->z R     unmapped_complex2      1  1.0     0     9     242    (-,-) 
  g4956963/z                                      (u)     in_0->z R     unmapped_or2           1  1.0     0     9     251    (-,-) 
  g4956686/z                                      (u)     in_1->z R     unmapped_or2           1  1.0     0     9     260    (-,-) 
  g4956621/z                                      (u)     in_1->z R     unmapped_or2           1  1.0     0     9     269    (-,-) 
  g4956523/z                                      (u)     in_1->z R     unmapped_or2           1  1.0     0     9     278    (-,-) 
  ROUND[4].U_ROUND_U_SUB_ROM[3].ROM_dout_reg[3]/d -       -       R     unmapped_d_flop        1    -     -     0     278    (-,-) 
#----------------------------------------------------------------------------------------------------------------------------------

(u) : Net has unmapped pin(s).



Path 46: VIOLATED (-26 ps) Setup Check with Pin ROUND[4].U_ROUND_U_SUB_ROM[10].ROM_dout_reg[1]/clk->d
          Group: clk
     Startpoint: (R) ROUND[3].U_ROUND_U_KEY_data_out_reg[81]/clk
          Clock: (R) clk
       Endpoint: (R) ROUND[4].U_ROUND_U_SUB_ROM[10].ROM_dout_reg[1]/d
          Clock: (R) clk

                     Capture       Launch     
        Clock Edge:+     260            0     
       Src Latency:+       0            0     
       Net Latency:+       0 (I)        0 (I) 
           Arrival:=     260            0     
                                              
             Setup:-       9                  
     Required Time:=     251                  
      Launch Clock:-       0                  
         Data Path:-     278                  
             Slack:=     -26                  

#-----------------------------------------------------------------------------------------------------------------------------------
#                  Timing Point                    Flags    Arc    Edge       Cell         Fanout Load Trans Delay Arrival Instance 
#                                                                                                 (fF)  (ps)  (ps)   (ps)  Location 
#-----------------------------------------------------------------------------------------------------------------------------------
  ROUND[3].U_ROUND_U_KEY_data_out_reg[81]/clk      -       -       R     (arrival)          10769    -     0     0       0    (-,-) 
  ROUND[3].U_ROUND_U_KEY_data_out_reg[81]/q        (u)     clk->q  R     unmapped_d_flop       38 38.0     0    91      91    (-,-) 
  g4872919/z                                       (u)     in_1->z F     unmapped_nand2        18 18.0     0    31     122    (-,-) 
  g4999439/z                                       (u)     in_0->z F     unmapped_complex2     16 16.0     0    30     153    (-,-) 
  g5012118/z                                       (u)     in_0->z F     unmapped_complex2      4  4.0     0    18     171    (-,-) 
  g5013125/z                                       (u)     in_0->z F     unmapped_complex2      1  1.0     0     9     180    (-,-) 
  g4970551/z                                       (u)     in_0->z F     unmapped_or2           1  1.0     0     9     188    (-,-) 
  g4964639/z                                       (u)     in_0->z R     unmapped_nand2         1  1.0     0     9     197    (-,-) 
  g5015851/z                                       (u)     in_0->z R     unmapped_complex2      1  1.0     0     9     206    (-,-) 
  g4960160/z                                       (u)     in_1->z R     unmapped_complex2      1  1.0     0     9     215    (-,-) 
  g4959352/z                                       (u)     in_0->z R     unmapped_complex2      1  1.0     0     9     224    (-,-) 
  g4958402/z                                       (u)     in_1->z R     unmapped_or2           1  1.0     0     9     233    (-,-) 
  g5017233/z                                       (u)     in_0->z R     unmapped_complex2      1  1.0     0     9     242    (-,-) 
  g4957172/z                                       (u)     in_1->z R     unmapped_complex2      1  1.0     0     9     251    (-,-) 
  g5017358/z                                       (u)     in_0->z R     unmapped_complex2      1  1.0     0     9     260    (-,-) 
  g4956650/z                                       (u)     in_0->z R     unmapped_or2           1  1.0     0     9     269    (-,-) 
  g4956532/z                                       (u)     in_1->z R     unmapped_or2           1  1.0     0     9     278    (-,-) 
  ROUND[4].U_ROUND_U_SUB_ROM[10].ROM_dout_reg[1]/d -       -       R     unmapped_d_flop        1    -     -     0     278    (-,-) 
#-----------------------------------------------------------------------------------------------------------------------------------

(u) : Net has unmapped pin(s).



Path 47: VIOLATED (-26 ps) Setup Check with Pin ROUND[4].U_ROUND_U_SUB_ROM[15].ROM_dout_reg[5]/clk->d
          Group: clk
     Startpoint: (R) ROUND[3].U_ROUND_U_KEY_data_out_reg[127]/clk
          Clock: (R) clk
       Endpoint: (R) ROUND[4].U_ROUND_U_SUB_ROM[15].ROM_dout_reg[5]/d
          Clock: (R) clk

                     Capture       Launch     
        Clock Edge:+     260            0     
       Src Latency:+       0            0     
       Net Latency:+       0 (I)        0 (I) 
           Arrival:=     260            0     
                                              
             Setup:-       9                  
     Required Time:=     251                  
      Launch Clock:-       0                  
         Data Path:-     277                  
             Slack:=     -26                  

#-----------------------------------------------------------------------------------------------------------------------------------
#                  Timing Point                    Flags    Arc    Edge       Cell         Fanout Load Trans Delay Arrival Instance 
#                                                                                                 (fF)  (ps)  (ps)   (ps)  Location 
#-----------------------------------------------------------------------------------------------------------------------------------
  ROUND[3].U_ROUND_U_KEY_data_out_reg[127]/clk     -       -       R     (arrival)          10769    -     0     0       0    (-,-) 
  ROUND[3].U_ROUND_U_KEY_data_out_reg[127]/q       (u)     clk->q  F     unmapped_d_flop       41 41.0     0    92      92    (-,-) 
  g5006113/z                                       (u)     in_1->z F     unmapped_or2          16 16.0     0    30     122    (-,-) 
  g4998912/z                                       (u)     in_0->z F     unmapped_or2           3  3.0     0    15     137    (-,-) 
  g4987066/z                                       (u)     in_1->z F     unmapped_or2           3  3.0     0    15     153    (-,-) 
  g5013059/z                                       (u)     in_1->z F     unmapped_complex2      1  1.0     0     9     162    (-,-) 
  g4968155/z                                       (u)     in_1->z R     unmapped_nand2         1  1.0     0     9     170    (-,-) 
  g4964564/z                                       (u)     in_0->z R     unmapped_complex2      1  1.0     0     9     179    (-,-) 
  g4963306/z                                       (u)     in_0->z R     unmapped_or2           1  1.0     0     9     188    (-,-) 
  g5016503/z                                       (u)     in_0->z R     unmapped_complex2      1  1.0     0     9     197    (-,-) 
  g4959395/z                                       (u)     in_1->z R     unmapped_or2           1  1.0     0     9     206    (-,-) 
  g4958366/z                                       (u)     in_0->z R     unmapped_complex2      1  1.0     0     9     215    (-,-) 
  g4957868/z                                       (u)     in_0->z R     unmapped_or2           1  1.0     0     9     224    (-,-) 
  g4957208/z                                       (u)     in_0->z R     unmapped_complex2      1  1.0     0     9     233    (-,-) 
  g5017338/z                                       (u)     in_0->z R     unmapped_complex2      1  1.0     0     9     242    (-,-) 
  g4956668/z                                       (u)     in_1->z R     unmapped_or2           1  1.0     0     9     251    (-,-) 
  g4956641/z                                       (u)     in_1->z R     unmapped_or2           1  1.0     0     9     260    (-,-) 
  g4956528/z                                       (u)     in_1->z R     unmapped_or2           1  1.0     0     9     268    (-,-) 
  g4956413/z                                       (u)     in_1->z R     unmapped_or2           1  1.0     0     9     277    (-,-) 
  ROUND[4].U_ROUND_U_SUB_ROM[15].ROM_dout_reg[5]/d -       -       R     unmapped_d_flop        1    -     -     0     277    (-,-) 
#-----------------------------------------------------------------------------------------------------------------------------------

(u) : Net has unmapped pin(s).



Path 48: VIOLATED (-26 ps) Setup Check with Pin ROUND[4].U_ROUND_U_SUB_ROM[2].ROM_dout_reg[6]/clk->d
          Group: clk
     Startpoint: (R) ROUND[3].U_ROUND_U_KEY_data_out_reg[17]/clk
          Clock: (R) clk
       Endpoint: (R) ROUND[4].U_ROUND_U_SUB_ROM[2].ROM_dout_reg[6]/d
          Clock: (R) clk

                     Capture       Launch     
        Clock Edge:+     260            0     
       Src Latency:+       0            0     
       Net Latency:+       0 (I)        0 (I) 
           Arrival:=     260            0     
                                              
             Setup:-       9                  
     Required Time:=     251                  
      Launch Clock:-       0                  
         Data Path:-     277                  
             Slack:=     -26                  

#----------------------------------------------------------------------------------------------------------------------------------
#                  Timing Point                   Flags    Arc    Edge       Cell         Fanout Load Trans Delay Arrival Instance 
#                                                                                                (fF)  (ps)  (ps)   (ps)  Location 
#----------------------------------------------------------------------------------------------------------------------------------
  ROUND[3].U_ROUND_U_KEY_data_out_reg[17]/clk     -       -       R     (arrival)          10769    -     0     0       0    (-,-) 
  ROUND[3].U_ROUND_U_KEY_data_out_reg[17]/q       (u)     clk->q  R     unmapped_d_flop       42 42.0     0    92      92    (-,-) 
  g4872056/z                                      (u)     in_1->z F     unmapped_nand2        18 18.0     0    31     123    (-,-) 
  g5001690/z                                      (u)     in_0->z F     unmapped_complex2     15 15.0     0    30     153    (-,-) 
  g4985840/z                                      (u)     in_0->z F     unmapped_or2           1  1.0     0     9     162    (-,-) 
  g4983563/z                                      (u)     in_0->z R     unmapped_nand2         1  1.0     0     9     170    (-,-) 
  g4969964/z                                      (u)     in_0->z F     unmapped_nand2         1  1.0     0     9     179    (-,-) 
  g4963941/z                                      (u)     in_0->z R     unmapped_nand2         1  1.0     0     9     188    (-,-) 
  g4962302/z                                      (u)     in_0->z R     unmapped_complex2      1  1.0     0     9     197    (-,-) 
  g5016578/z                                      (u)     in_0->z R     unmapped_complex2      1  1.0     0     9     206    (-,-) 
  g4959212/z                                      (u)     in_1->z R     unmapped_or2           1  1.0     0     9     215    (-,-) 
  g4958648/z                                      (u)     in_0->z R     unmapped_complex2      1  1.0     0     9     224    (-,-) 
  g5017213/z                                      (u)     in_0->z R     unmapped_complex2      1  1.0     0     9     233    (-,-) 
  g4957119/z                                      (u)     in_1->z R     unmapped_or2           1  1.0     0     9     242    (-,-) 
  g5017353/z                                      (u)     in_0->z R     unmapped_complex2      1  1.0     0     9     251    (-,-) 
  g4956679/z                                      (u)     in_1->z R     unmapped_or2           1  1.0     0     9     260    (-,-) 
  g5017437/z                                      (u)     in_0->z R     unmapped_complex2      1  1.0     0     9     268    (-,-) 
  g4956486/z                                      (u)     in_0->z R     unmapped_or2           1  1.0     0     9     277    (-,-) 
  ROUND[4].U_ROUND_U_SUB_ROM[2].ROM_dout_reg[6]/d -       -       R     unmapped_d_flop        1    -     -     0     277    (-,-) 
#----------------------------------------------------------------------------------------------------------------------------------

(u) : Net has unmapped pin(s).



Path 49: VIOLATED (-26 ps) Setup Check with Pin ROUND[4].U_ROUND_U_SUB_ROM[2].ROM_dout_reg[0]/clk->d
          Group: clk
     Startpoint: (R) ROUND[3].U_ROUND_U_KEY_data_out_reg[17]/clk
          Clock: (R) clk
       Endpoint: (R) ROUND[4].U_ROUND_U_SUB_ROM[2].ROM_dout_reg[0]/d
          Clock: (R) clk

                     Capture       Launch     
        Clock Edge:+     260            0     
       Src Latency:+       0            0     
       Net Latency:+       0 (I)        0 (I) 
           Arrival:=     260            0     
                                              
             Setup:-       9                  
     Required Time:=     251                  
      Launch Clock:-       0                  
         Data Path:-     277                  
             Slack:=     -26                  

#----------------------------------------------------------------------------------------------------------------------------------
#                  Timing Point                   Flags    Arc    Edge       Cell         Fanout Load Trans Delay Arrival Instance 
#                                                                                                (fF)  (ps)  (ps)   (ps)  Location 
#----------------------------------------------------------------------------------------------------------------------------------
  ROUND[3].U_ROUND_U_KEY_data_out_reg[17]/clk     -       -       R     (arrival)          10769    -     0     0       0    (-,-) 
  ROUND[3].U_ROUND_U_KEY_data_out_reg[17]/q       (u)     clk->q  R     unmapped_d_flop       42 42.0     0    92      92    (-,-) 
  g4872056/z                                      (u)     in_1->z F     unmapped_nand2        18 18.0     0    31     123    (-,-) 
  g5001690/z                                      (u)     in_0->z F     unmapped_complex2     15 15.0     0    30     153    (-,-) 
  g4987298/z                                      (u)     in_0->z F     unmapped_or2           1  1.0     0     9     162    (-,-) 
  g4979618/z                                      (u)     in_1->z R     unmapped_nand2         1  1.0     0     9     170    (-,-) 
  g4968050/z                                      (u)     in_0->z F     unmapped_complex2      1  1.0     0     9     179    (-,-) 
  g4961687/z                                      (u)     in_1->z R     unmapped_nand2         1  1.0     0     9     188    (-,-) 
  g4960217/z                                      (u)     in_1->z R     unmapped_or2           1  1.0     0     9     197    (-,-) 
  g5016860/z                                      (u)     in_0->z R     unmapped_complex2      1  1.0     0     9     206    (-,-) 
  g4958548/z                                      (u)     in_1->z R     unmapped_complex2      1  1.0     0     9     215    (-,-) 
  g4957867/z                                      (u)     in_0->z R     unmapped_or2           1  1.0     0     9     224    (-,-) 
  g5017290/z                                      (u)     in_0->z R     unmapped_complex2      1  1.0     0     9     233    (-,-) 
  g4956928/z                                      (u)     in_1->z R     unmapped_complex2      1  1.0     0     9     242    (-,-) 
  g5017405/z                                      (u)     in_0->z R     unmapped_complex2      1  1.0     0     9     251    (-,-) 
  g4956575/z                                      (u)     in_0->z R     unmapped_or2           1  1.0     0     9     260    (-,-) 
  g4956513/z                                      (u)     in_1->z R     unmapped_or2           1  1.0     0     9     268    (-,-) 
  g4956430/z                                      (u)     in_1->z R     unmapped_or2           1  1.0     0     9     277    (-,-) 
  ROUND[4].U_ROUND_U_SUB_ROM[2].ROM_dout_reg[0]/d -       -       R     unmapped_d_flop        1    -     -     0     277    (-,-) 
#----------------------------------------------------------------------------------------------------------------------------------

(u) : Net has unmapped pin(s).



Path 50: VIOLATED (-26 ps) Setup Check with Pin ROUND[4].U_ROUND_U_SUB_ROM[13].ROM_dout_reg[3]/clk->d
          Group: clk
     Startpoint: (R) ROUND[3].U_ROUND_U_KEY_data_out_reg[105]/clk
          Clock: (R) clk
       Endpoint: (R) ROUND[4].U_ROUND_U_SUB_ROM[13].ROM_dout_reg[3]/d
          Clock: (R) clk

                     Capture       Launch     
        Clock Edge:+     260            0     
       Src Latency:+       0            0     
       Net Latency:+       0 (I)        0 (I) 
           Arrival:=     260            0     
                                              
             Setup:-       9                  
     Required Time:=     251                  
      Launch Clock:-       0                  
         Data Path:-     277                  
             Slack:=     -26                  

#-----------------------------------------------------------------------------------------------------------------------------------
#                  Timing Point                    Flags    Arc    Edge       Cell         Fanout Load Trans Delay Arrival Instance 
#                                                                                                 (fF)  (ps)  (ps)   (ps)  Location 
#-----------------------------------------------------------------------------------------------------------------------------------
  ROUND[3].U_ROUND_U_KEY_data_out_reg[105]/clk     -       -       R     (arrival)          10769    -     0     0       0    (-,-) 
  ROUND[3].U_ROUND_U_KEY_data_out_reg[105]/q       (u)     clk->q  F     unmapped_d_flop       37 37.0     0    91      91    (-,-) 
  g5005902/z                                       (u)     in_0->z F     unmapped_complex2     17 17.0     0    31     122    (-,-) 
  g4999961/z                                       (u)     in_0->z F     unmapped_complex2     12 12.0     0    27     149    (-,-) 
  g5012084/z                                       (u)     in_0->z F     unmapped_complex2      2  2.0     0    13     161    (-,-) 
  g4979160/z                                       (u)     in_0->z F     unmapped_or2           1  1.0     0     9     170    (-,-) 
  g4968416/z                                       (u)     in_1->z R     unmapped_nand2         1  1.0     0     9     179    (-,-) 
  g5014747/z                                       (u)     in_0->z R     unmapped_complex2      1  1.0     0     9     188    (-,-) 
  g4962902/z                                       (u)     in_1->z R     unmapped_complex2      1  1.0     0     9     197    (-,-) 
  g4959957/z                                       (u)     in_1->z R     unmapped_or2           1  1.0     0     9     206    (-,-) 
  g4959670/z                                       (u)     in_0->z R     unmapped_complex2      1  1.0     0     9     215    (-,-) 
  g4958156/z                                       (u)     in_0->z R     unmapped_or2           1  1.0     0     9     224    (-,-) 
  g5017210/z                                       (u)     in_0->z R     unmapped_complex2      1  1.0     0     9     233    (-,-) 
  g4957345/z                                       (u)     in_1->z R     unmapped_complex2      1  1.0     0     9     242    (-,-) 
  g4956979/z                                       (u)     in_0->z R     unmapped_or2           1  1.0     0     9     250    (-,-) 
  g4956741/z                                       (u)     in_0->z R     unmapped_or2           1  1.0     0     9     259    (-,-) 
  g4956560/z                                       (u)     in_1->z R     unmapped_or2           1  1.0     0     9     268    (-,-) 
  g4956478/z                                       (u)     in_1->z R     unmapped_or2           1  1.0     0     9     277    (-,-) 
  ROUND[4].U_ROUND_U_SUB_ROM[13].ROM_dout_reg[3]/d -       -       R     unmapped_d_flop        1    -     -     0     277    (-,-) 
#-----------------------------------------------------------------------------------------------------------------------------------

(u) : Net has unmapped pin(s).

