============================================================
  Generated by:           Genus(TM) Synthesis Solution 21.17-s066_1
  Generated on:           Jul 12 2025  04:37:57 pm
  Module:                 Top_PipelinedCipher
  Operating conditions:   PVT_0P7V_25C 
  Interconnect mode:      global
  Area mode:              physical library
============================================================


Path 1: VIOLATED (-16 ps) Setup Check with Pin ROUND[3].U_ROUND_U_SUB_ROM[12].ROM_dout_reg[3]/CLK->D
          Group: clk
     Startpoint: (R) ROUND[2].U_ROUND_U_KEY_valid_out_reg/CLK
          Clock: (R) clk
       Endpoint: (R) ROUND[3].U_ROUND_U_SUB_ROM[12].ROM_dout_reg[3]/D
          Clock: (R) clk

                     Capture       Launch     
        Clock Edge:+     260            0     
       Src Latency:+       0            0     
       Net Latency:+       0 (I)        0 (I) 
           Arrival:=     260            0     
                                              
             Setup:-      18                  
     Required Time:=     242                  
      Launch Clock:-       0                  
         Data Path:-     259                  
             Slack:=     -16                  

#-----------------------------------------------------------------------------------------------------------------------------------------
#                  Timing Point                    Flags    Arc    Edge          Cell            Fanout Load Trans Delay Arrival Instance 
#                                                                                                       (fF)  (ps)  (ps)   (ps)  Location 
#-----------------------------------------------------------------------------------------------------------------------------------------
  ROUND[2].U_ROUND_U_KEY_valid_out_reg/CLK         -       -       R     (arrival)                10769    -     0     0       0    (-,-) 
  ROUND[2].U_ROUND_U_KEY_valid_out_reg/QN          -       CLK->QN F     DFFASRHQNx1_ASAP7_75t_L      1  1.6    24    43      43    (-,-) 
  g5652732/Y                                       -       A->Y    F     BUFx6f_ASAP7_75t_L           3  5.5    10    20      63    (-,-) 
  g5648571/Y                                       -       A->Y    F     BUFx12f_ASAP7_75t_L         11 16.6    14    18      81    (-,-) 
  g5648542/Y                                       -       A->Y    F     BUFx6f_ASAP7_75t_L           5  5.6    10    17      98    (-,-) 
  g5640822/Y                                       -       B->Y    F     AND2x6_ASAP7_75t_L          11 13.7    20    25     123    (-,-) 
  g5631249/Y                                       -       B->Y    R     NAND2x1p5_ASAP7_75t_L        3  3.3    22    16     138    (-,-) 
  g5627122/Y                                       -       A->Y    R     BUFx4f_ASAP7_75t_L           8  6.0    15    20     159    (-,-) 
  g5456861/Y                                       -       B->Y    R     AO21x1_ASAP7_75t_L           1  0.9    12    14     173    (-,-) 
  g5447272/Y                                       -       C->Y    F     OAI321xp33_ASAP7_75t_L       1  0.9    33    16     190    (-,-) 
  g5441513/Y                                       -       C->Y    R     NOR5xp2_ASAP7_75t_L          1  0.9    56    33     223    (-,-) 
  g5440534/Y                                       -       B->Y    R     AND5x1_ASAP7_75t_L           1  1.0    17    36     259    (-,-) 
  ROUND[3].U_ROUND_U_SUB_ROM[12].ROM_dout_reg[3]/D -       -       R     DFFASRHQNx1_ASAP7_75t_L      1    -     -     0     259    (-,-) 
#-----------------------------------------------------------------------------------------------------------------------------------------



Path 2: VIOLATED (-16 ps) Setup Check with Pin ROUND[3].U_ROUND_U_SUB_ROM[13].ROM_dout_reg[3]/CLK->D
          Group: clk
     Startpoint: (R) ROUND[2].U_ROUND_U_KEY_valid_out_reg/CLK
          Clock: (R) clk
       Endpoint: (R) ROUND[3].U_ROUND_U_SUB_ROM[13].ROM_dout_reg[3]/D
          Clock: (R) clk

                     Capture       Launch     
        Clock Edge:+     260            0     
       Src Latency:+       0            0     
       Net Latency:+       0 (I)        0 (I) 
           Arrival:=     260            0     
                                              
             Setup:-      18                  
     Required Time:=     242                  
      Launch Clock:-       0                  
         Data Path:-     258                  
             Slack:=     -16                  

#-----------------------------------------------------------------------------------------------------------------------------------------
#                  Timing Point                    Flags    Arc    Edge          Cell            Fanout Load Trans Delay Arrival Instance 
#                                                                                                       (fF)  (ps)  (ps)   (ps)  Location 
#-----------------------------------------------------------------------------------------------------------------------------------------
  ROUND[2].U_ROUND_U_KEY_valid_out_reg/CLK         -       -       R     (arrival)                10769    -     0     0       0    (-,-) 
  ROUND[2].U_ROUND_U_KEY_valid_out_reg/QN          -       CLK->QN F     DFFASRHQNx1_ASAP7_75t_L      1  1.6    24    43      43    (-,-) 
  g5652732/Y                                       -       A->Y    F     BUFx6f_ASAP7_75t_L           3  5.5    10    20      63    (-,-) 
  g5648571/Y                                       -       A->Y    F     BUFx12f_ASAP7_75t_L         11 16.6    14    18      81    (-,-) 
  g5648521/Y                                       -       A->Y    R     INVx1_ASAP7_75t_L            2  2.3    21    14      94    (-,-) 
  g5641080/Y                                       -       B->Y    R     OR2x2_ASAP7_75t_L            4  5.0    23    25     120    (-,-) 
  g5639387/Y                                       -       A->Y    F     INVx2_ASAP7_75t_L            4  4.1    17    12     132    (-,-) 
  g5631989/Y                                       -       B->Y    F     AND2x4_ASAP7_75t_L           2  4.1    10    19     151    (-,-) 
  g5627989/Y                                       -       A->Y    R     INVx5_ASAP7_75t_L            9  6.7    13     9     161    (-,-) 
  g5619275/Y                                       -       A3->Y   F     OAI33xp33_ASAP7_75t_L        1  0.9    31    17     177    (-,-) 
  g5609823/Y                                       -       C->Y    R     AOI221xp5_ASAP7_75t_L        1  1.0    37    24     202    (-,-) 
  g5608110/Y                                       -       B->Y    R     OA21x2_ASAP7_75t_L           1  0.9     9    20     222    (-,-) 
  g5605029__5526/Y                                 -       A->Y    F     NAND5xp2_ASAP7_75t_L         1  1.4    50    23     245    (-,-) 
  g5604535__1881/Y                                 -       A->Y    R     NOR2x1_ASAP7_75t_L           1  1.0    18    13     258    (-,-) 
  ROUND[3].U_ROUND_U_SUB_ROM[13].ROM_dout_reg[3]/D -       -       R     DFFASRHQNx1_ASAP7_75t_L      1    -     -     0     258    (-,-) 
#-----------------------------------------------------------------------------------------------------------------------------------------



Path 3: VIOLATED (-16 ps) Setup Check with Pin ROUND[8].U_ROUND_U_SUB_ROM[0].ROM_dout_reg[5]/CLK->D
          Group: clk
     Startpoint: (R) ROUND[7].U_ROUND_U_KEY_valid_out_reg/CLK
          Clock: (R) clk
       Endpoint: (R) ROUND[8].U_ROUND_U_SUB_ROM[0].ROM_dout_reg[5]/D
          Clock: (R) clk

                     Capture       Launch     
        Clock Edge:+     260            0     
       Src Latency:+       0            0     
       Net Latency:+       0 (I)        0 (I) 
           Arrival:=     260            0     
                                              
             Setup:-      21                  
     Required Time:=     239                  
      Launch Clock:-       0                  
         Data Path:-     255                  
             Slack:=     -16                  

#----------------------------------------------------------------------------------------------------------------------------------------
#                  Timing Point                   Flags    Arc    Edge          Cell            Fanout Load Trans Delay Arrival Instance 
#                                                                                                      (fF)  (ps)  (ps)   (ps)  Location 
#----------------------------------------------------------------------------------------------------------------------------------------
  ROUND[7].U_ROUND_U_KEY_valid_out_reg/CLK        -       -       R     (arrival)                10769    -     0     0       0    (-,-) 
  ROUND[7].U_ROUND_U_KEY_valid_out_reg/QN         -       CLK->QN F     DFFASRHQNx1_ASAP7_75t_L      1  1.6    24    43      43    (-,-) 
  g5695310/Y                                      -       A->Y    F     BUFx6f_ASAP7_75t_L           4  8.7    13    21      64    (-,-) 
  g5683256/Y                                      -       A->Y    F     BUFx12f_ASAP7_75t_L         22 24.7    18    21      86    (-,-) 
  g5679124/Y                                      -       B->Y    F     AND2x4_ASAP7_75t_L           4  6.0    14    21     107    (-,-) 
  g5677978/Y                                      -       A->Y    R     INVx4_ASAP7_75t_L            2  2.8    10     8     115    (-,-) 
  g5672864/Y                                      -       A->Y    R     OR2x6_ASAP7_75t_L            7  6.6    14    20     134    (-,-) 
  g5669359/Y                                      -       A->Y    F     INVx1_ASAP7_75t_L            1  0.9     9     7     142    (-,-) 
  g5666366/Y                                      -       B->Y    F     AND2x2_ASAP7_75t_L           2  1.7    10    17     159    (-,-) 
  g5603856/Y                                      -       B2->Y   R     AOI22xp5_ASAP7_75t_L         1  0.9    24    14     172    (-,-) 
  g5600893/Y                                      -       C->Y    F     OAI321xp33_ASAP7_75t_L       1  0.9    29    18     191    (-,-) 
  g5599717/Y                                      -       B->Y    R     AOI211xp5_ASAP7_75t_L        1  0.9    34    22     213    (-,-) 
  g5598334/Y                                      -       C->Y    F     OAI211xp5_ASAP7_75t_L        1  1.9    41    22     235    (-,-) 
  g5597900/Y                                      -       C->Y    R     NOR4xp75_ASAP7_75t_L         1  1.0    31    21     255    (-,-) 
  ROUND[8].U_ROUND_U_SUB_ROM[0].ROM_dout_reg[5]/D -       -       R     DFFASRHQNx1_ASAP7_75t_L      1    -     -     0     255    (-,-) 
#----------------------------------------------------------------------------------------------------------------------------------------



Path 4: VIOLATED (-16 ps) Setup Check with Pin ROUND[6].U_ROUND_U_SUB_ROM[14].ROM_dout_reg[1]/CLK->D
          Group: clk
     Startpoint: (R) ROUND[5].U_ROUND_U_KEY_valid_out_reg/CLK
          Clock: (R) clk
       Endpoint: (R) ROUND[6].U_ROUND_U_SUB_ROM[14].ROM_dout_reg[1]/D
          Clock: (R) clk

                     Capture       Launch     
        Clock Edge:+     260            0     
       Src Latency:+       0            0     
       Net Latency:+       0 (I)        0 (I) 
           Arrival:=     260            0     
                                              
             Setup:-      17                  
     Required Time:=     243                  
      Launch Clock:-       0                  
         Data Path:-     259                  
             Slack:=     -16                  

#-----------------------------------------------------------------------------------------------------------------------------------------
#                  Timing Point                    Flags    Arc    Edge          Cell            Fanout Load Trans Delay Arrival Instance 
#                                                                                                       (fF)  (ps)  (ps)   (ps)  Location 
#-----------------------------------------------------------------------------------------------------------------------------------------
  ROUND[5].U_ROUND_U_KEY_valid_out_reg/CLK         -       -       R     (arrival)                10769    -     0     0       0    (-,-) 
  ROUND[5].U_ROUND_U_KEY_valid_out_reg/QN          -       CLK->QN F     DFFASRHQNx1_ASAP7_75t_L      1  1.6    24    43      43    (-,-) 
  fopt164/Y                                        -       A->Y    F     BUFx6f_ASAP7_75t_L           3  7.9    12    21      64    (-,-) 
  fopt163/Y                                        -       A->Y    R     INVx8_ASAP7_75t_L            3  9.1    13     9      73    (-,-) 
  fopt5695650/Y                                    -       A->Y    R     BUFx6f_ASAP7_75t_L           6  6.6    12    17      90    (-,-) 
  g5641072/Y                                       -       A->Y    R     OR2x6_ASAP7_75t_L           13 12.7    22    24     114    (-,-) 
  g5632236/Y                                       -       A->Y    R     OR2x6_ASAP7_75t_L            7  7.6    15    24     138    (-,-) 
  g5628411/Y                                       -       A->Y    R     BUFx6f_ASAP7_75t_L          13  9.3    16    19     157    (-,-) 
  g5452537/Y                                       -       B3->Y   R     OA33x2_ASAP7_75t_L           1  0.9    10    21     178    (-,-) 
  g5444312/Y                                       -       C->Y    F     OAI321xp33_ASAP7_75t_L       1  0.9    27    16     194    (-,-) 
  g5441038/Y                                       -       D->Y    R     NOR5xp2_ASAP7_75t_L          1  1.0    61    35     228    (-,-) 
  g5440208/Y                                       -       B->Y    R     AND4x1_ASAP7_75t_L           1  1.0    16    30     259    (-,-) 
  ROUND[6].U_ROUND_U_SUB_ROM[14].ROM_dout_reg[1]/D -       -       R     DFFASRHQNx1_ASAP7_75t_L      1    -     -     0     259    (-,-) 
#-----------------------------------------------------------------------------------------------------------------------------------------



Path 5: VIOLATED (-16 ps) Setup Check with Pin ROUND[3].U_ROUND_U_SUB_ROM[12].ROM_dout_reg[1]/CLK->D
          Group: clk
     Startpoint: (R) ROUND[2].U_ROUND_U_KEY_valid_out_reg/CLK
          Clock: (R) clk
       Endpoint: (R) ROUND[3].U_ROUND_U_SUB_ROM[12].ROM_dout_reg[1]/D
          Clock: (R) clk

                     Capture       Launch     
        Clock Edge:+     260            0     
       Src Latency:+       0            0     
       Net Latency:+       0 (I)        0 (I) 
           Arrival:=     260            0     
                                              
             Setup:-      17                  
     Required Time:=     243                  
      Launch Clock:-       0                  
         Data Path:-     259                  
             Slack:=     -16                  

#-----------------------------------------------------------------------------------------------------------------------------------------
#                  Timing Point                    Flags    Arc    Edge          Cell            Fanout Load Trans Delay Arrival Instance 
#                                                                                                       (fF)  (ps)  (ps)   (ps)  Location 
#-----------------------------------------------------------------------------------------------------------------------------------------
  ROUND[2].U_ROUND_U_KEY_valid_out_reg/CLK         -       -       R     (arrival)                10769    -     0     0       0    (-,-) 
  ROUND[2].U_ROUND_U_KEY_valid_out_reg/QN          -       CLK->QN F     DFFASRHQNx1_ASAP7_75t_L      1  1.6    24    43      43    (-,-) 
  g5652732/Y                                       -       A->Y    F     BUFx6f_ASAP7_75t_L           3  5.5    10    20      63    (-,-) 
  g5648571/Y                                       -       A->Y    F     BUFx12f_ASAP7_75t_L         11 16.6    14    18      81    (-,-) 
  g5648542/Y                                       -       A->Y    F     BUFx6f_ASAP7_75t_L           5  5.6    10    17      98    (-,-) 
  g5640822/Y                                       -       B->Y    F     AND2x6_ASAP7_75t_L          11 13.7    20    25     123    (-,-) 
  g5631074/Y                                       -       B->Y    R     NAND2x1p5_ASAP7_75t_L        4  3.6    28    16     139    (-,-) 
  g5626967/Y                                       -       A->Y    R     BUFx6f_ASAP7_75t_L          11  9.6    16    21     160    (-,-) 
  g5469334/Y                                       -       A->Y    F     INVx2_ASAP7_75t_L            1  1.7     9     7     167    (-,-) 
  g5445850/Y                                       -       A2->Y   R     AOI22x1_ASAP7_75t_L          1  0.8    23    11     178    (-,-) 
  g5441963/Y                                       -       C->Y    R     OA211x2_ASAP7_75t_L          1  1.0    11    22     200    (-,-) 
  g5441137/Y                                       -       C->Y    F     A2O1A1Ixp33_ASAP7_75t_L      1  1.3    32    17     217    (-,-) 
  g5440570/Y                                       -       B->Y    R     AOI211x1_ASAP7_75t_L         1  1.0    24    16     233    (-,-) 
  g5439902/Y                                       -       A->Y    R     AND4x1_ASAP7_75t_L           1  1.0    15    26     259    (-,-) 
  ROUND[3].U_ROUND_U_SUB_ROM[12].ROM_dout_reg[1]/D -       -       R     DFFASRHQNx1_ASAP7_75t_L      1    -     -     0     259    (-,-) 
#-----------------------------------------------------------------------------------------------------------------------------------------



Path 6: VIOLATED (-16 ps) Setup Check with Pin ROUND[6].U_ROUND_U_SUB_ROM[12].ROM_dout_reg[6]/CLK->D
          Group: clk
     Startpoint: (R) ROUND[5].U_ROUND_U_KEY_valid_out_reg/CLK
          Clock: (R) clk
       Endpoint: (R) ROUND[6].U_ROUND_U_SUB_ROM[12].ROM_dout_reg[6]/D
          Clock: (R) clk

                     Capture       Launch     
        Clock Edge:+     260            0     
       Src Latency:+       0            0     
       Net Latency:+       0 (I)        0 (I) 
           Arrival:=     260            0     
                                              
             Setup:-      22                  
     Required Time:=     238                  
      Launch Clock:-       0                  
         Data Path:-     254                  
             Slack:=     -16                  

#-----------------------------------------------------------------------------------------------------------------------------------------
#                  Timing Point                    Flags    Arc    Edge          Cell            Fanout Load Trans Delay Arrival Instance 
#                                                                                                       (fF)  (ps)  (ps)   (ps)  Location 
#-----------------------------------------------------------------------------------------------------------------------------------------
  ROUND[5].U_ROUND_U_KEY_valid_out_reg/CLK         -       -       R     (arrival)                10769    -     0     0       0    (-,-) 
  ROUND[5].U_ROUND_U_KEY_valid_out_reg/QN          -       CLK->QN F     DFFASRHQNx1_ASAP7_75t_L      1  1.6    24    43      43    (-,-) 
  fopt164/Y                                        -       A->Y    F     BUFx6f_ASAP7_75t_L           3  7.9    12    21      64    (-,-) 
  fopt163/Y                                        -       A->Y    R     INVx8_ASAP7_75t_L            3  9.1    13     9      73    (-,-) 
  fopt5695650/Y                                    -       A->Y    R     BUFx6f_ASAP7_75t_L           6  6.6    12    17      90    (-,-) 
  g5641029/Y                                       -       B->Y    R     OR2x6_ASAP7_75t_L            4  6.7    15    21     111    (-,-) 
  g5639222/Y                                       -       A->Y    F     INVx5_ASAP7_75t_L            3  3.2     8     6     117    (-,-) 
  g5632082/Y                                       -       B->Y    F     AND2x4_ASAP7_75t_L           3  3.5    10    16     134    (-,-) 
  g5628142/Y                                       -       A->Y    R     INVx3_ASAP7_75t_L           11  8.1    22    14     147    (-,-) 
  g5614490/Y                                       -       B3->Y   R     OA33x2_ASAP7_75t_L           1  1.0    10    23     170    (-,-) 
  g5607688/Y                                       -       C1->Y   R     OA331x1_ASAP7_75t_L          1  1.0    14    25     195    (-,-) 
  g5605544/Y                                       -       B->Y    R     AND4x1_ASAP7_75t_L           1  0.9    14    24     219    (-,-) 
  g5605429__8246/Y                                 -       A->Y    F     NAND3xp33_ASAP7_75t_L        1  0.9    24    13     232    (-,-) 
  g5604638__6783/Y                                 -       C->Y    R     AOI211xp5_ASAP7_75t_L        1  1.0    36    21     254    (-,-) 
  ROUND[6].U_ROUND_U_SUB_ROM[12].ROM_dout_reg[6]/D -       -       R     DFFASRHQNx1_ASAP7_75t_L      1    -     -     0     254    (-,-) 
#-----------------------------------------------------------------------------------------------------------------------------------------



Path 7: VIOLATED (-16 ps) Setup Check with Pin ROUND[7].U_ROUND_U_SUB_ROM[8].ROM_dout_reg[2]/CLK->D
          Group: clk
     Startpoint: (R) ROUND[6].U_ROUND_U_KEY_valid_out_reg/CLK
          Clock: (R) clk
       Endpoint: (R) ROUND[7].U_ROUND_U_SUB_ROM[8].ROM_dout_reg[2]/D
          Clock: (R) clk

                     Capture       Launch     
        Clock Edge:+     260            0     
       Src Latency:+       0            0     
       Net Latency:+       0 (I)        0 (I) 
           Arrival:=     260            0     
                                              
             Setup:-      17                  
     Required Time:=     243                  
      Launch Clock:-       0                  
         Data Path:-     259                  
             Slack:=     -16                  

#----------------------------------------------------------------------------------------------------------------------------------------
#                  Timing Point                   Flags    Arc    Edge          Cell            Fanout Load Trans Delay Arrival Instance 
#                                                                                                      (fF)  (ps)  (ps)   (ps)  Location 
#----------------------------------------------------------------------------------------------------------------------------------------
  ROUND[6].U_ROUND_U_KEY_valid_out_reg/CLK        -       -       R     (arrival)                10769    -     0     0       0    (-,-) 
  ROUND[6].U_ROUND_U_KEY_valid_out_reg/QN         -       CLK->QN F     DFFASRHQNx1_ASAP7_75t_L      1  1.6    24    43      43    (-,-) 
  fopt5695814/Y                                   -       A->Y    F     BUFx6f_ASAP7_75t_L           6  9.8    14    22      65    (-,-) 
  fopt5695763/Y                                   -       A->Y    F     BUFx6f_ASAP7_75t_L           8  9.5    14    19      84    (-,-) 
  fopt5695761/Y                                   -       A->Y    F     BUFx6f_ASAP7_75t_L           9  9.2    13    19     104    (-,-) 
  fopt5695759/Y                                   -       A->Y    R     INVx4_ASAP7_75t_L            3  4.0    11     9     112    (-,-) 
  fopt5695758/Y                                   -       A->Y    F     INVx3_ASAP7_75t_L            3  4.4    12     8     121    (-,-) 
  g5623624/Y                                      -       A->Y    R     NAND2x1p5_ASAP7_75t_L        4  3.2    21    14     135    (-,-) 
  g5666095/Y                                      -       B->Y    R     OA21x2_ASAP7_75t_L           1  1.0     9    19     154    (-,-) 
  g5603494/Y                                      -       C1->Y   R     OA332x1_ASAP7_75t_L          1  0.9    14    25     179    (-,-) 
  g5600817/Y                                      -       C->Y    F     OAI221xp5_ASAP7_75t_L        1  1.0    27    16     195    (-,-) 
  g5600375/Y                                      -       A->Y    R     INVx1_ASAP7_75t_L            1  0.9    14    11     206    (-,-) 
  g5599266/Y                                      -       C->Y    F     OAI221xp5_ASAP7_75t_L        1  1.0    31    16     221    (-,-) 
  g5598990/Y                                      -       A->Y    R     INVx1_ASAP7_75t_L            1  1.0    16    12     234    (-,-) 
  g5598179/Y                                      -       D->Y    R     AND4x1_ASAP7_75t_L           1  1.0    15    25     259    (-,-) 
  ROUND[7].U_ROUND_U_SUB_ROM[8].ROM_dout_reg[2]/D -       -       R     DFFASRHQNx1_ASAP7_75t_L      1    -     -     0     259    (-,-) 
#----------------------------------------------------------------------------------------------------------------------------------------



Path 8: VIOLATED (-16 ps) Setup Check with Pin ROUND[3].U_ROUND_U_SUB_ROM[14].ROM_dout_reg[4]/CLK->D
          Group: clk
     Startpoint: (R) ROUND[2].U_ROUND_U_KEY_valid_out_reg/CLK
          Clock: (R) clk
       Endpoint: (R) ROUND[3].U_ROUND_U_SUB_ROM[14].ROM_dout_reg[4]/D
          Clock: (R) clk

                     Capture       Launch     
        Clock Edge:+     260            0     
       Src Latency:+       0            0     
       Net Latency:+       0 (I)        0 (I) 
           Arrival:=     260            0     
                                              
             Setup:-      18                  
     Required Time:=     242                  
      Launch Clock:-       0                  
         Data Path:-     258                  
             Slack:=     -16                  

#-----------------------------------------------------------------------------------------------------------------------------------------
#                  Timing Point                    Flags    Arc    Edge          Cell            Fanout Load Trans Delay Arrival Instance 
#                                                                                                       (fF)  (ps)  (ps)   (ps)  Location 
#-----------------------------------------------------------------------------------------------------------------------------------------
  ROUND[2].U_ROUND_U_KEY_valid_out_reg/CLK         -       -       R     (arrival)                10769    -     0     0       0    (-,-) 
  ROUND[2].U_ROUND_U_KEY_valid_out_reg/QN          -       CLK->QN F     DFFASRHQNx1_ASAP7_75t_L      1  1.6    24    43      43    (-,-) 
  g5652732/Y                                       -       A->Y    F     BUFx6f_ASAP7_75t_L           3  5.5    10    20      63    (-,-) 
  g5648571/Y                                       -       A->Y    F     BUFx12f_ASAP7_75t_L         11 16.6    14    18      81    (-,-) 
  g5648521/Y                                       -       A->Y    R     INVx1_ASAP7_75t_L            2  2.3    21    14      94    (-,-) 
  g5648520/Y                                       -       A->Y    F     INVx2_ASAP7_75t_L            4  3.5    15    11     106    (-,-) 
  g5640472/Y                                       -       B->Y    F     AND2x2_ASAP7_75t_L           3  4.2    17    23     129    (-,-) 
  fopt5696503/Y                                    -       A->Y    F     BUFx3_ASAP7_75t_L            3  4.8    14    21     149    (-,-) 
  fopt5696501/Y                                    -       A->Y    R     INVx4_ASAP7_75t_L            3  3.0    10     8     157    (-,-) 
  fopt5696500/Y                                    -       A->Y    F     INVx2_ASAP7_75t_L            3  3.0    11     8     165    (-,-) 
  fopt5696499/Y                                    -       A->Y    R     INVx2_ASAP7_75t_L            2  1.5     9     7     172    (-,-) 
  g5458449/Y                                       -       A1->Y   R     AO22x1_ASAP7_75t_L           1  1.0    14    19     191    (-,-) 
  g5446951/Y                                       -       B->Y    F     O2A1O1Ixp33_ASAP7_75t_L      1  0.9    28    12     204    (-,-) 
  g5441157/Y                                       -       C->Y    R     AOI211xp5_ASAP7_75t_L        1  0.9    35    21     224    (-,-) 
  g5439887/Y                                       -       D->Y    R     AND5x1_ASAP7_75t_L           1  1.0    17    34     258    (-,-) 
  ROUND[3].U_ROUND_U_SUB_ROM[14].ROM_dout_reg[4]/D -       -       R     DFFASRHQNx1_ASAP7_75t_L      1    -     -     0     258    (-,-) 
#-----------------------------------------------------------------------------------------------------------------------------------------



Path 9: VIOLATED (-16 ps) Setup Check with Pin ROUND[3].U_ROUND_U_SUB_ROM[12].ROM_dout_reg[5]/CLK->D
          Group: clk
     Startpoint: (R) ROUND[2].U_ROUND_U_KEY_valid_out_reg/CLK
          Clock: (R) clk
       Endpoint: (R) ROUND[3].U_ROUND_U_SUB_ROM[12].ROM_dout_reg[5]/D
          Clock: (R) clk

                     Capture       Launch     
        Clock Edge:+     260            0     
       Src Latency:+       0            0     
       Net Latency:+       0 (I)        0 (I) 
           Arrival:=     260            0     
                                              
             Setup:-      17                  
     Required Time:=     243                  
      Launch Clock:-       0                  
         Data Path:-     259                  
             Slack:=     -16                  

#-----------------------------------------------------------------------------------------------------------------------------------------
#                  Timing Point                    Flags    Arc    Edge          Cell            Fanout Load Trans Delay Arrival Instance 
#                                                                                                       (fF)  (ps)  (ps)   (ps)  Location 
#-----------------------------------------------------------------------------------------------------------------------------------------
  ROUND[2].U_ROUND_U_KEY_valid_out_reg/CLK         -       -       R     (arrival)                10769    -     0     0       0    (-,-) 
  ROUND[2].U_ROUND_U_KEY_valid_out_reg/QN          -       CLK->QN F     DFFASRHQNx1_ASAP7_75t_L      1  1.6    24    43      43    (-,-) 
  g5652732/Y                                       -       A->Y    F     BUFx6f_ASAP7_75t_L           3  5.5    10    20      63    (-,-) 
  g5648571/Y                                       -       A->Y    F     BUFx12f_ASAP7_75t_L         11 16.6    14    18      81    (-,-) 
  g5648542/Y                                       -       A->Y    F     BUFx6f_ASAP7_75t_L           5  5.6    10    17      98    (-,-) 
  g5640822/Y                                       -       B->Y    F     AND2x6_ASAP7_75t_L          11 13.7    20    25     123    (-,-) 
  g5631249/Y                                       -       B->Y    R     NAND2x1p5_ASAP7_75t_L        3  3.3    22    16     138    (-,-) 
  g5622771/Y                                       -       A->Y    R     OR2x6_ASAP7_75t_L            8  6.1    14    23     161    (-,-) 
  g5471493/Y                                       -       A->Y    R     BUFx2_ASAP7_75t_L            2  2.2    12    18     179    (-,-) 
  g5446607/Y                                       -       B1->Y   F     OAI22x1_ASAP7_75t_L          1  0.9    17     9     188    (-,-) 
  g5441215/Y                                       -       E->Y    F     OR5x1_ASAP7_75t_L            1  1.7    20    40     229    (-,-) 
  g5440600/Y                                       -       C->Y    R     NOR3x1_ASAP7_75t_L           1  0.9    20    12     241    (-,-) 
  g5440173/Y                                       -       B->Y    R     AND2x2_ASAP7_75t_L           1  1.0    10    18     259    (-,-) 
  ROUND[3].U_ROUND_U_SUB_ROM[12].ROM_dout_reg[5]/D -       -       R     DFFASRHQNx1_ASAP7_75t_L      1    -     -     0     259    (-,-) 
#-----------------------------------------------------------------------------------------------------------------------------------------



Path 10: VIOLATED (-16 ps) Setup Check with Pin ROUND[8].U_ROUND_U_SUB_ROM[7].ROM_dout_reg[2]/CLK->D
          Group: clk
     Startpoint: (R) ROUND[7].U_ROUND_U_KEY_valid_out_reg/CLK
          Clock: (R) clk
       Endpoint: (F) ROUND[8].U_ROUND_U_SUB_ROM[7].ROM_dout_reg[2]/D
          Clock: (R) clk

                     Capture       Launch     
        Clock Edge:+     260            0     
       Src Latency:+       0            0     
       Net Latency:+       0 (I)        0 (I) 
           Arrival:=     260            0     
                                              
             Setup:-      10                  
     Required Time:=     250                  
      Launch Clock:-       0                  
         Data Path:-     266                  
             Slack:=     -16                  

#----------------------------------------------------------------------------------------------------------------------------------------
#                  Timing Point                   Flags    Arc    Edge          Cell            Fanout Load Trans Delay Arrival Instance 
#                                                                                                      (fF)  (ps)  (ps)   (ps)  Location 
#----------------------------------------------------------------------------------------------------------------------------------------
  ROUND[7].U_ROUND_U_KEY_valid_out_reg/CLK        -       -       R     (arrival)                10769    -     0     0       0    (-,-) 
  ROUND[7].U_ROUND_U_KEY_valid_out_reg/QN         -       CLK->QN R     DFFASRHQNx1_ASAP7_75t_L      1  1.6    23    44      44    (-,-) 
  g5695310/Y                                      -       A->Y    R     BUFx6f_ASAP7_75t_L           4  8.7    15    20      64    (-,-) 
  g5653386/Y                                      -       A->Y    R     BUFx12f_ASAP7_75t_L         17 22.2    20    21      84    (-,-) 
  g5652430/Y                                      -       A->Y    F     INVx2_ASAP7_75t_L            2  2.3    12     9      93    (-,-) 
  g5652429/Y                                      -       A->Y    R     INVx2_ASAP7_75t_L            3  3.2    15    10     104    (-,-) 
  g5640638/Y                                      -       B->Y    R     AND2x4_ASAP7_75t_L           5  5.4    15    20     124    (-,-) 
  g5631594/Y                                      -       B->Y    R     AND2x4_ASAP7_75t_L           2  2.9    10    17     141    (-,-) 
  g5625034/Y                                      -       B->Y    F     NAND2x1p5_ASAP7_75t_L        2  1.7    12     8     149    (-,-) 
  g5616545/Y                                      -       B->Y    F     AND2x2_ASAP7_75t_L           1  1.0     8    16     165    (-,-) 
  g5609752/Y                                      -       A2->Y   F     OA21x2_ASAP7_75t_L           1  1.3    10    19     184    (-,-) 
  g5607995/Y                                      -       C->Y    F     OA221x2_ASAP7_75t_L          1  0.9    11    20     204    (-,-) 
  g5606432/Y                                      -       C->Y    R     OAI221xp5_ASAP7_75t_L        1  1.5    52    16     220    (-,-) 
  g5605501/Y                                      -       B->Y    F     NOR2x1_ASAP7_75t_L           1  1.7    22    17     237    (-,-) 
  g5605407__4733/Y                                -       A->Y    R     NAND3x1_ASAP7_75t_L          1  1.8    29    17     254    (-,-) 
  g5604947__3680/Y                                -       A->Y    F     NOR3x1_ASAP7_75t_L           1  1.0    26    13     266    (-,-) 
  ROUND[8].U_ROUND_U_SUB_ROM[7].ROM_dout_reg[2]/D -       -       F     DFFASRHQNx1_ASAP7_75t_L      1    -     -     0     266    (-,-) 
#----------------------------------------------------------------------------------------------------------------------------------------



Path 11: VIOLATED (-16 ps) Setup Check with Pin ROUND[6].U_ROUND_U_SUB_ROM[5].ROM_dout_reg[2]/CLK->D
          Group: clk
     Startpoint: (R) ROUND[5].U_ROUND_U_KEY_valid_out_reg/CLK
          Clock: (R) clk
       Endpoint: (R) ROUND[6].U_ROUND_U_SUB_ROM[5].ROM_dout_reg[2]/D
          Clock: (R) clk

                     Capture       Launch     
        Clock Edge:+     260            0     
       Src Latency:+       0            0     
       Net Latency:+       0 (I)        0 (I) 
           Arrival:=     260            0     
                                              
             Setup:-      17                  
     Required Time:=     243                  
      Launch Clock:-       0                  
         Data Path:-     258                  
             Slack:=     -16                  

#----------------------------------------------------------------------------------------------------------------------------------------
#                  Timing Point                   Flags    Arc    Edge          Cell            Fanout Load Trans Delay Arrival Instance 
#                                                                                                      (fF)  (ps)  (ps)   (ps)  Location 
#----------------------------------------------------------------------------------------------------------------------------------------
  ROUND[5].U_ROUND_U_KEY_valid_out_reg/CLK        -       -       R     (arrival)                10769    -     0     0       0    (-,-) 
  ROUND[5].U_ROUND_U_KEY_valid_out_reg/QN         -       CLK->QN F     DFFASRHQNx1_ASAP7_75t_L      1  1.6    24    43      43    (-,-) 
  fopt164/Y                                       -       A->Y    F     BUFx6f_ASAP7_75t_L           3  7.9    12    21      64    (-,-) 
  fopt5695588/Y                                   -       A->Y    F     BUFx6f_ASAP7_75t_L           7 10.6    15    20      84    (-,-) 
  fopt5695582/Y                                   -       A->Y    R     INVx1_ASAP7_75t_L            1  0.9    11     9      92    (-,-) 
  g5641173/Y                                      -       B->Y    R     OR2x2_ASAP7_75t_L            2  2.4    13    18     111    (-,-) 
  g5639694/Y                                      -       A->Y    R     BUFx3_ASAP7_75t_L            5  4.4    15    18     129    (-,-) 
  g5631937/Y                                      -       A->Y    R     OR2x6_ASAP7_75t_L            7  7.1    14    22     151    (-,-) 
  g5627924/Y                                      -       A->Y    F     INVx4_ASAP7_75t_L            4  4.1    10     8     158    (-,-) 
  g5621870/Y                                      -       B->Y    R     NAND2x1p5_ASAP7_75t_L        2  1.8    15    10     168    (-,-) 
  g5612576/Y                                      -       C1->Y   R     OA331x1_ASAP7_75t_L          1  0.9    14    26     194    (-,-) 
  g5607805/Y                                      -       C->Y    F     OAI211xp5_ASAP7_75t_L        1  0.9    26    14     207    (-,-) 
  g5606434/Y                                      -       B->Y    R     AOI311xp33_ASAP7_75t_L       1  1.0    39    24     232    (-,-) 
  g5604868__8246/Y                                -       C->Y    R     AND4x1_ASAP7_75t_L           1  1.0    15    27     258    (-,-) 
  ROUND[6].U_ROUND_U_SUB_ROM[5].ROM_dout_reg[2]/D -       -       R     DFFASRHQNx1_ASAP7_75t_L      1    -     -     0     258    (-,-) 
#----------------------------------------------------------------------------------------------------------------------------------------



Path 12: VIOLATED (-16 ps) Setup Check with Pin ROUND[3].U_ROUND_U_SUB_ROM[11].ROM_dout_reg[3]/CLK->D
          Group: clk
     Startpoint: (R) ROUND[2].U_ROUND_U_KEY_valid_out_reg/CLK
          Clock: (R) clk
       Endpoint: (R) ROUND[3].U_ROUND_U_SUB_ROM[11].ROM_dout_reg[3]/D
          Clock: (R) clk

                     Capture       Launch     
        Clock Edge:+     260            0     
       Src Latency:+       0            0     
       Net Latency:+       0 (I)        0 (I) 
           Arrival:=     260            0     
                                              
             Setup:-      21                  
     Required Time:=     239                  
      Launch Clock:-       0                  
         Data Path:-     255                  
             Slack:=     -16                  

#-----------------------------------------------------------------------------------------------------------------------------------------
#                  Timing Point                    Flags    Arc    Edge          Cell            Fanout Load Trans Delay Arrival Instance 
#                                                                                                       (fF)  (ps)  (ps)   (ps)  Location 
#-----------------------------------------------------------------------------------------------------------------------------------------
  ROUND[2].U_ROUND_U_KEY_valid_out_reg/CLK         -       -       R     (arrival)                10769    -     0     0       0    (-,-) 
  ROUND[2].U_ROUND_U_KEY_valid_out_reg/QN          -       CLK->QN F     DFFASRHQNx1_ASAP7_75t_L      1  1.6    24    43      43    (-,-) 
  g5652732/Y                                       -       A->Y    F     BUFx6f_ASAP7_75t_L           3  5.5    10    20      63    (-,-) 
  g5648571/Y                                       -       A->Y    F     BUFx12f_ASAP7_75t_L         11 16.6    14    18      81    (-,-) 
  g5648542/Y                                       -       A->Y    F     BUFx6f_ASAP7_75t_L           5  5.6    10    17      98    (-,-) 
  g5640950/Y                                       -       B->Y    F     AND2x4_ASAP7_75t_L           5  7.7    16    20     118    (-,-) 
  g5631790/Y                                       -       B->Y    R     NAND2x1p5_ASAP7_75t_L        5  5.1    31    18     136    (-,-) 
  fopt5696669/Y                                    -       A->Y    F     INVx1_ASAP7_75t_L            4  3.1    25    18     154    (-,-) 
  g5621399/Y                                       -       B->Y    R     NAND2xp5_ASAP7_75t_L         2  1.6    25    18     172    (-,-) 
  g5608517/Y                                       -       C1->Y   F     OAI322xp33_ASAP7_75t_L       1  0.9    33    19     192    (-,-) 
  g5606484/Y                                       -       B->Y    R     AOI211xp5_ASAP7_75t_L        1  0.9    38    23     214    (-,-) 
  g5605609/Y                                       -       C->Y    F     OAI211xp5_ASAP7_75t_L        1  1.9    40    22     237    (-,-) 
  g5604623__6161/Y                                 -       A->Y    R     NOR4xp75_ASAP7_75t_L         1  1.0    31    18     255    (-,-) 
  ROUND[3].U_ROUND_U_SUB_ROM[11].ROM_dout_reg[3]/D -       -       R     DFFASRHQNx1_ASAP7_75t_L      1    -     -     0     255    (-,-) 
#-----------------------------------------------------------------------------------------------------------------------------------------



Path 13: VIOLATED (-16 ps) Setup Check with Pin ROUND[8].U_ROUND_U_SUB_ROM[14].ROM_dout_reg[6]/CLK->D
          Group: clk
     Startpoint: (R) ROUND[7].U_ROUND_U_KEY_valid_out_reg/CLK
          Clock: (R) clk
       Endpoint: (F) ROUND[8].U_ROUND_U_SUB_ROM[14].ROM_dout_reg[6]/D
          Clock: (R) clk

                     Capture       Launch     
        Clock Edge:+     260            0     
       Src Latency:+       0            0     
       Net Latency:+       0 (I)        0 (I) 
           Arrival:=     260            0     
                                              
             Setup:-       7                  
     Required Time:=     253                  
      Launch Clock:-       0                  
         Data Path:-     269                  
             Slack:=     -16                  

#-----------------------------------------------------------------------------------------------------------------------------------------
#                  Timing Point                    Flags    Arc    Edge          Cell            Fanout Load Trans Delay Arrival Instance 
#                                                                                                       (fF)  (ps)  (ps)   (ps)  Location 
#-----------------------------------------------------------------------------------------------------------------------------------------
  ROUND[7].U_ROUND_U_KEY_valid_out_reg/CLK         -       -       R     (arrival)                10769    -     0     0       0    (-,-) 
  ROUND[7].U_ROUND_U_KEY_valid_out_reg/QN          -       CLK->QN R     DFFASRHQNx1_ASAP7_75t_L      1  1.6    23    44      44    (-,-) 
  g5695310/Y                                       -       A->Y    R     BUFx6f_ASAP7_75t_L           4  8.7    15    20      64    (-,-) 
  g5683256/Y                                       -       A->Y    R     BUFx12f_ASAP7_75t_L         22 24.7    22    22      85    (-,-) 
  g5683255/Y                                       -       A->Y    F     INVx2_ASAP7_75t_L            1  1.5    10     7      92    (-,-) 
  g5679051/Y                                       -       A->Y    F     OR2x6_ASAP7_75t_L           11 11.5    19    27     119    (-,-) 
  g5676583/Y                                       -       A->Y    F     OR2x6_ASAP7_75t_L            9 10.1    17    28     148    (-,-) 
  g5673626/Y                                       -       A->Y    R     INVx6_ASAP7_75t_L            4  7.3    14    11     158    (-,-) 
  g5664400/Y                                       -       B->Y    F     NAND2x1p5_ASAP7_75t_L        4  2.9    15    11     169    (-,-) 
  g5603730/Y                                       -       B1->Y   R     OAI321xp33_ASAP7_75t_L       1  1.0    42    20     190    (-,-) 
  g5600754/Y                                       -       C->Y    F     O2A1O1Ixp33_ASAP7_75t_L      1  0.8    24    16     205    (-,-) 
  g5599252/Y                                       -       B->Y    F     OA211x2_ASAP7_75t_L          1  0.9    12    33     238    (-,-) 
  g5598007/Y                                       -       B->Y    R     OAI211xp5_ASAP7_75t_L        1  1.4    44    16     254    (-,-) 
  g5597815/Y                                       -       A->Y    F     NOR2x1_ASAP7_75t_L           1  1.0    19    15     269    (-,-) 
  ROUND[8].U_ROUND_U_SUB_ROM[14].ROM_dout_reg[6]/D -       -       F     DFFASRHQNx1_ASAP7_75t_L      1    -     -     0     269    (-,-) 
#-----------------------------------------------------------------------------------------------------------------------------------------



Path 14: VIOLATED (-16 ps) Setup Check with Pin ROUND[7].U_ROUND_U_SUB_ROM[11].ROM_dout_reg[1]/CLK->D
          Group: clk
     Startpoint: (R) ROUND[6].U_ROUND_U_KEY_valid_out_reg/CLK
          Clock: (R) clk
       Endpoint: (R) ROUND[7].U_ROUND_U_SUB_ROM[11].ROM_dout_reg[1]/D
          Clock: (R) clk

                     Capture       Launch     
        Clock Edge:+     260            0     
       Src Latency:+       0            0     
       Net Latency:+       0 (I)        0 (I) 
           Arrival:=     260            0     
                                              
             Setup:-      17                  
     Required Time:=     243                  
      Launch Clock:-       0                  
         Data Path:-     258                  
             Slack:=     -16                  

#-----------------------------------------------------------------------------------------------------------------------------------------
#                  Timing Point                    Flags    Arc    Edge          Cell            Fanout Load Trans Delay Arrival Instance 
#                                                                                                       (fF)  (ps)  (ps)   (ps)  Location 
#-----------------------------------------------------------------------------------------------------------------------------------------
  ROUND[6].U_ROUND_U_KEY_valid_out_reg/CLK         -       -       R     (arrival)                10769    -     0     0       0    (-,-) 
  ROUND[6].U_ROUND_U_KEY_valid_out_reg/QN          -       CLK->QN F     DFFASRHQNx1_ASAP7_75t_L      1  1.6    24    43      43    (-,-) 
  fopt5695814/Y                                    -       A->Y    F     BUFx6f_ASAP7_75t_L           6  9.8    14    22      65    (-,-) 
  fopt5695763/Y                                    -       A->Y    F     BUFx6f_ASAP7_75t_L           8  9.5    14    19      84    (-,-) 
  fopt5695761/Y                                    -       A->Y    F     BUFx6f_ASAP7_75t_L           9  9.2    13    19     104    (-,-) 
  fopt5695755/Y                                    -       A->Y    F     BUFx3_ASAP7_75t_L            2  3.5    11    18     122    (-,-) 
  g5631716/Y                                       -       A->Y    F     AND2x4_ASAP7_75t_L           6  7.7    16    22     144    (-,-) 
  g5622032/Y                                       -       B->Y    R     NAND2x1p5_ASAP7_75t_L        3  2.2    21    12     155    (-,-) 
  g5457202/Y                                       -       B->Y    R     AO21x1_ASAP7_75t_L           1  1.0    12    16     171    (-,-) 
  g5453894/Y                                       -       B->Y    R     OA21x2_ASAP7_75t_L           1  0.9     9    17     188    (-,-) 
  g5446632/Y                                       -       C->Y    F     OAI321xp33_ASAP7_75t_L       1  0.9    31    16     204    (-,-) 
  g5441895/Y                                       -       A->Y    R     NOR5xp2_ASAP7_75t_L          1  1.0    60    32     236    (-,-) 
  g5440413/Y                                       -       C->Y    R     AND3x1_ASAP7_75t_L           1  1.0    14    23     258    (-,-) 
  ROUND[7].U_ROUND_U_SUB_ROM[11].ROM_dout_reg[1]/D -       -       R     DFFASRHQNx1_ASAP7_75t_L      1    -     -     0     258    (-,-) 
#-----------------------------------------------------------------------------------------------------------------------------------------



Path 15: VIOLATED (-16 ps) Setup Check with Pin ROUND[6].U_ROUND_U_SUB_ROM[7].ROM_dout_reg[6]/CLK->D
          Group: clk
     Startpoint: (R) ROUND[5].U_ROUND_U_KEY_valid_out_reg/CLK
          Clock: (R) clk
       Endpoint: (R) ROUND[6].U_ROUND_U_SUB_ROM[7].ROM_dout_reg[6]/D
          Clock: (R) clk

                     Capture       Launch     
        Clock Edge:+     260            0     
       Src Latency:+       0            0     
       Net Latency:+       0 (I)        0 (I) 
           Arrival:=     260            0     
                                              
             Setup:-      20                  
     Required Time:=     240                  
      Launch Clock:-       0                  
         Data Path:-     256                  
             Slack:=     -16                  

#----------------------------------------------------------------------------------------------------------------------------------------
#                  Timing Point                   Flags    Arc    Edge          Cell            Fanout Load Trans Delay Arrival Instance 
#                                                                                                      (fF)  (ps)  (ps)   (ps)  Location 
#----------------------------------------------------------------------------------------------------------------------------------------
  ROUND[5].U_ROUND_U_KEY_valid_out_reg/CLK        -       -       R     (arrival)                10769    -     0     0       0    (-,-) 
  ROUND[5].U_ROUND_U_KEY_valid_out_reg/QN         -       CLK->QN F     DFFASRHQNx1_ASAP7_75t_L      1  1.6    24    43      43    (-,-) 
  fopt164/Y                                       -       A->Y    F     BUFx6f_ASAP7_75t_L           3  7.9    12    21      64    (-,-) 
  fopt5695588/Y                                   -       A->Y    F     BUFx6f_ASAP7_75t_L           7 10.6    15    20      84    (-,-) 
  fopt5695587/Y                                   -       A->Y    R     INVx5_ASAP7_75t_L            3  4.1    11     8      92    (-,-) 
  g5678593/Y                                      -       B->Y    R     OR2x6_ASAP7_75t_L            3  4.7    12    19     111    (-,-) 
  g5677160/Y                                      -       A->Y    F     INVx4_ASAP7_75t_L            6  6.0    12     9     120    (-,-) 
  g5672742/Y                                      -       B->Y    F     AND2x4_ASAP7_75t_L           4  5.9    14    19     139    (-,-) 
  g5669201/Y                                      -       A->Y    R     INVx5_ASAP7_75t_L            7  5.7    13    10     149    (-,-) 
  g5669200/Y                                      -       A->Y    R     BUFx8_ASAP7_75t_L            8  6.1    12    21     170    (-,-) 
  g5656060/Y                                      -       A3->Y   R     OA33x2_ASAP7_75t_L           1  0.9    10    20     190    (-,-) 
  g5601026/Y                                      -       C->Y    F     OAI211xp5_ASAP7_75t_L        1  0.9    26    14     203    (-,-) 
  g5598504/Y                                      -       A->Y    F     OR5x1_ASAP7_75t_L            1  1.9    21    37     240    (-,-) 
  g5597770/Y                                      -       A->Y    R     NOR4xp75_ASAP7_75t_L         1  1.0    29    15     256    (-,-) 
  ROUND[6].U_ROUND_U_SUB_ROM[7].ROM_dout_reg[6]/D -       -       R     DFFASRHQNx1_ASAP7_75t_L      1    -     -     0     256    (-,-) 
#----------------------------------------------------------------------------------------------------------------------------------------



Path 16: VIOLATED (-16 ps) Setup Check with Pin ROUND[3].U_ROUND_U_SUB_ROM[2].ROM_dout_reg[1]/CLK->D
          Group: clk
     Startpoint: (R) ROUND[2].U_ROUND_U_KEY_valid_out_reg/CLK
          Clock: (R) clk
       Endpoint: (R) ROUND[3].U_ROUND_U_SUB_ROM[2].ROM_dout_reg[1]/D
          Clock: (R) clk

                     Capture       Launch     
        Clock Edge:+     260            0     
       Src Latency:+       0            0     
       Net Latency:+       0 (I)        0 (I) 
           Arrival:=     260            0     
                                              
             Setup:-      17                  
     Required Time:=     243                  
      Launch Clock:-       0                  
         Data Path:-     258                  
             Slack:=     -16                  

#----------------------------------------------------------------------------------------------------------------------------------------
#                  Timing Point                   Flags    Arc    Edge          Cell            Fanout Load Trans Delay Arrival Instance 
#                                                                                                      (fF)  (ps)  (ps)   (ps)  Location 
#----------------------------------------------------------------------------------------------------------------------------------------
  ROUND[2].U_ROUND_U_KEY_valid_out_reg/CLK        -       -       R     (arrival)                10769    -     0     0       0    (-,-) 
  ROUND[2].U_ROUND_U_KEY_valid_out_reg/QN         -       CLK->QN F     DFFASRHQNx1_ASAP7_75t_L      1  1.6    24    43      43    (-,-) 
  g5652732/Y                                      -       A->Y    F     BUFx6f_ASAP7_75t_L           3  5.5    10    20      63    (-,-) 
  g5648571/Y                                      -       A->Y    F     BUFx12f_ASAP7_75t_L         11 16.6    14    18      81    (-,-) 
  g5648542/Y                                      -       A->Y    F     BUFx6f_ASAP7_75t_L           5  5.6    10    17      98    (-,-) 
  g5641079/Y                                      -       B->Y    F     AND2x4_ASAP7_75t_L          14 11.7    21    23     121    (-,-) 
  g5631626/Y                                      -       B->Y    F     AND2x4_ASAP7_75t_L           4  5.4    13    22     143    (-,-) 
  g5627488/Y                                      -       A->Y    R     INVx3_ASAP7_75t_L            6  4.6    15    10     154    (-,-) 
  g5465836/Y                                      -       B->Y    R     OR2x2_ASAP7_75t_L            2  1.8    11    18     171    (-,-) 
  g5456060/Y                                      -       B->Y    F     OAI21xp5_ASAP7_75t_L         1  1.0    21    11     182    (-,-) 
  g5446140/Y                                      -       A2->Y   F     AO21x1_ASAP7_75t_L           1  0.9    10    19     202    (-,-) 
  g5441384/Y                                      -       A->Y    R     NOR5xp2_ASAP7_75t_L          1  1.0    59    27     228    (-,-) 
  g5440170/Y                                      -       B->Y    R     AND4x1_ASAP7_75t_L           1  1.0    16    30     258    (-,-) 
  ROUND[3].U_ROUND_U_SUB_ROM[2].ROM_dout_reg[1]/D -       -       R     DFFASRHQNx1_ASAP7_75t_L      1    -     -     0     258    (-,-) 
#----------------------------------------------------------------------------------------------------------------------------------------



Path 17: VIOLATED (-16 ps) Setup Check with Pin ROUND[3].U_ROUND_U_SUB_ROM[15].ROM_dout_reg[6]/CLK->D
          Group: clk
     Startpoint: (R) ROUND[2].U_ROUND_U_KEY_valid_out_reg/CLK
          Clock: (R) clk
       Endpoint: (R) ROUND[3].U_ROUND_U_SUB_ROM[15].ROM_dout_reg[6]/D
          Clock: (R) clk

                     Capture       Launch     
        Clock Edge:+     260            0     
       Src Latency:+       0            0     
       Net Latency:+       0 (I)        0 (I) 
           Arrival:=     260            0     
                                              
             Setup:-      17                  
     Required Time:=     243                  
      Launch Clock:-       0                  
         Data Path:-     258                  
             Slack:=     -16                  

#-----------------------------------------------------------------------------------------------------------------------------------------
#                  Timing Point                    Flags    Arc    Edge          Cell            Fanout Load Trans Delay Arrival Instance 
#                                                                                                       (fF)  (ps)  (ps)   (ps)  Location 
#-----------------------------------------------------------------------------------------------------------------------------------------
  ROUND[2].U_ROUND_U_KEY_valid_out_reg/CLK         -       -       R     (arrival)                10769    -     0     0       0    (-,-) 
  ROUND[2].U_ROUND_U_KEY_valid_out_reg/QN          -       CLK->QN F     DFFASRHQNx1_ASAP7_75t_L      1  1.6    24    43      43    (-,-) 
  g5652732/Y                                       -       A->Y    F     BUFx6f_ASAP7_75t_L           3  5.5    10    20      63    (-,-) 
  g5648571/Y                                       -       A->Y    F     BUFx12f_ASAP7_75t_L         11 16.6    14    18      81    (-,-) 
  g5648541/Y                                       -       A->Y    R     INVx4_ASAP7_75t_L            2  2.9    10     8      88    (-,-) 
  g5648540/Y                                       -       A->Y    F     INVx2_ASAP7_75t_L            2  3.4    12     9      97    (-,-) 
  g5648539/Y                                       -       A->Y    R     INVx3_ASAP7_75t_L            3  3.5    12     9     106    (-,-) 
  g5648538/Y                                       -       A->Y    F     INVx3_ASAP7_75t_L            3  3.4    10     8     114    (-,-) 
  g5640551/Y                                       -       B->Y    F     AND2x4_ASAP7_75t_L           5  4.8    12    18     132    (-,-) 
  g5630879/Y                                       -       B->Y    F     AND2x4_ASAP7_75t_L           3  2.8     9    17     148    (-,-) 
  g5621354/Y                                       -       B->Y    R     NAND2x1_ASAP7_75t_L          2  1.6    22    11     160    (-,-) 
  g5614010/Y                                       -       B1->Y   F     OAI32xp33_ASAP7_75t_L        1  0.9    28    19     179    (-,-) 
  g5610150/Y                                       -       A->Y    R     NOR3xp33_ASAP7_75t_L         1  0.9    32    20     199    (-,-) 
  g5606657/Y                                       -       C->Y    F     OAI211xp5_ASAP7_75t_L        1  1.8    37    21     220    (-,-) 
  g5605236__5115/Y                                 -       A->Y    R     NOR3x1_ASAP7_75t_L           1  1.0    21    13     233    (-,-) 
  g5604780__1617/Y                                 -       A->Y    R     AND4x1_ASAP7_75t_L           1  1.0    16    25     258    (-,-) 
  ROUND[3].U_ROUND_U_SUB_ROM[15].ROM_dout_reg[6]/D -       -       R     DFFASRHQNx1_ASAP7_75t_L      1    -     -     0     258    (-,-) 
#-----------------------------------------------------------------------------------------------------------------------------------------



Path 18: VIOLATED (-16 ps) Setup Check with Pin ROUND[2].U_ROUND_U_SUB_ROM[4].ROM_dout_reg[6]/CLK->D
          Group: clk
     Startpoint: (R) ROUND[1].U_ROUND_U_KEY_valid_out_reg/CLK
          Clock: (R) clk
       Endpoint: (R) ROUND[2].U_ROUND_U_SUB_ROM[4].ROM_dout_reg[6]/D
          Clock: (R) clk

                     Capture       Launch     
        Clock Edge:+     260            0     
       Src Latency:+       0            0     
       Net Latency:+       0 (I)        0 (I) 
           Arrival:=     260            0     
                                              
             Setup:-      17                  
     Required Time:=     243                  
      Launch Clock:-       0                  
         Data Path:-     258                  
             Slack:=     -16                  

#----------------------------------------------------------------------------------------------------------------------------------------
#                  Timing Point                   Flags    Arc    Edge          Cell            Fanout Load Trans Delay Arrival Instance 
#                                                                                                      (fF)  (ps)  (ps)   (ps)  Location 
#----------------------------------------------------------------------------------------------------------------------------------------
  ROUND[1].U_ROUND_U_KEY_valid_out_reg/CLK        -       -       R     (arrival)                10769    -     0     0       0    (-,-) 
  ROUND[1].U_ROUND_U_KEY_valid_out_reg/QN         -       CLK->QN F     DFFASRHQNx1_ASAP7_75t_L      1  1.6    24    43      43    (-,-) 
  fopt5696309/Y                                   -       A->Y    F     BUFx6f_ASAP7_75t_L           6 13.8    18    24      67    (-,-) 
  fopt5696249/Y                                   -       A->Y    R     INVx6_ASAP7_75t_L            4  6.8    14    10      78    (-,-) 
  fopt5696218/Y                                   -       A->Y    R     BUFx6f_ASAP7_75t_L           5  5.7    11    16      94    (-,-) 
  fopt5696217/Y                                   -       A->Y    F     INVx4_ASAP7_75t_L           11 11.4    19    12     106    (-,-) 
  g5640200/Y                                      -       B->Y    F     AND2x2_ASAP7_75t_L           3  3.1    14    22     129    (-,-) 
  g5637268/Y                                      -       A->Y    R     INVx1_ASAP7_75t_L            1  0.9    11     9     137    (-,-) 
  g5630369/Y                                      -       A->Y    R     OR2x2_ASAP7_75t_L            4  3.2    16    20     158    (-,-) 
  g5616512/Y                                      -       B->Y    R     OA21x2_ASAP7_75t_L           1  0.8     9    18     175    (-,-) 
  g5609069/Y                                      -       B1->Y   F     OAI32xp33_ASAP7_75t_L        1  0.9    27    16     191    (-,-) 
  g5606338/Y                                      -       C->Y    R     NOR3xp33_ASAP7_75t_L         1  1.0    35    20     211    (-,-) 
  g5605099__6161/Y                                -       A->Y    R     AND3x1_ASAP7_75t_L           1  1.0    14    24     235    (-,-) 
  g5604645__7098/Y                                -       A->Y    R     AND4x1_ASAP7_75t_L           1  1.0    15    24     258    (-,-) 
  ROUND[2].U_ROUND_U_SUB_ROM[4].ROM_dout_reg[6]/D -       -       R     DFFASRHQNx1_ASAP7_75t_L      1    -     -     0     258    (-,-) 
#----------------------------------------------------------------------------------------------------------------------------------------



Path 19: VIOLATED (-16 ps) Setup Check with Pin ROUND[8].U_ROUND_U_SUB_ROM[10].ROM_dout_reg[5]/CLK->D
          Group: clk
     Startpoint: (R) ROUND[7].U_ROUND_U_KEY_valid_out_reg/CLK
          Clock: (R) clk
       Endpoint: (R) ROUND[8].U_ROUND_U_SUB_ROM[10].ROM_dout_reg[5]/D
          Clock: (R) clk

                     Capture       Launch     
        Clock Edge:+     260            0     
       Src Latency:+       0            0     
       Net Latency:+       0 (I)        0 (I) 
           Arrival:=     260            0     
                                              
             Setup:-      17                  
     Required Time:=     243                  
      Launch Clock:-       0                  
         Data Path:-     259                  
             Slack:=     -16                  

#-----------------------------------------------------------------------------------------------------------------------------------------
#                  Timing Point                    Flags    Arc    Edge          Cell            Fanout Load Trans Delay Arrival Instance 
#                                                                                                       (fF)  (ps)  (ps)   (ps)  Location 
#-----------------------------------------------------------------------------------------------------------------------------------------
  ROUND[7].U_ROUND_U_KEY_valid_out_reg/CLK         -       -       R     (arrival)                10769    -     0     0       0    (-,-) 
  ROUND[7].U_ROUND_U_KEY_valid_out_reg/QN          -       CLK->QN F     DFFASRHQNx1_ASAP7_75t_L      1  1.6    24    43      43    (-,-) 
  g5695310/Y                                       -       A->Y    F     BUFx6f_ASAP7_75t_L           4  8.7    13    21      64    (-,-) 
  g5683256/Y                                       -       A->Y    F     BUFx12f_ASAP7_75t_L         22 24.7    18    21      86    (-,-) 
  g5645351/Y                                       -       A->Y    R     INVx3_ASAP7_75t_L            2  2.2    11     8      94    (-,-) 
  g5679009/Y                                       -       A->Y    R     OR2x6_ASAP7_75t_L            7  8.2    16    21     116    (-,-) 
  g5677802/Y                                       -       A->Y    F     INVx3_ASAP7_75t_L           10  8.6    20    14     129    (-,-) 
  g5627644/Y                                       -       B->Y    R     NAND2xp5_ASAP7_75t_L         4  3.0    38    24     153    (-,-) 
  g5685150/Y                                       -       B1->Y   F     OAI32xp33_ASAP7_75t_L        1  0.9    32    22     176    (-,-) 
  g5433241/Y                                       -       A->Y    R     NOR3xp33_ASAP7_75t_L         1  0.9    33    21     197    (-,-) 
  g5431503/Y                                       -       C->Y    F     OAI221xp5_ASAP7_75t_L        1  0.9    27    17     214    (-,-) 
  g5430155/Y                                       -       B->Y    R     NOR4xp25_ASAP7_75t_L         1  0.9    45    26     240    (-,-) 
  g5429485/Y                                       -       A->Y    R     AND2x2_ASAP7_75t_L           1  1.0    10    19     259    (-,-) 
  ROUND[8].U_ROUND_U_SUB_ROM[10].ROM_dout_reg[5]/D -       -       R     DFFASRHQNx1_ASAP7_75t_L      1    -     -     0     259    (-,-) 
#-----------------------------------------------------------------------------------------------------------------------------------------



Path 20: VIOLATED (-16 ps) Setup Check with Pin ROUND[8].U_ROUND_U_SUB_ROM[3].ROM_dout_reg[5]/CLK->D
          Group: clk
     Startpoint: (R) ROUND[7].U_ROUND_U_KEY_valid_out_reg/CLK
          Clock: (R) clk
       Endpoint: (R) ROUND[8].U_ROUND_U_SUB_ROM[3].ROM_dout_reg[5]/D
          Clock: (R) clk

                     Capture       Launch     
        Clock Edge:+     260            0     
       Src Latency:+       0            0     
       Net Latency:+       0 (I)        0 (I) 
           Arrival:=     260            0     
                                              
             Setup:-      20                  
     Required Time:=     240                  
      Launch Clock:-       0                  
         Data Path:-     256                  
             Slack:=     -16                  

#----------------------------------------------------------------------------------------------------------------------------------------
#                  Timing Point                   Flags    Arc    Edge          Cell            Fanout Load Trans Delay Arrival Instance 
#                                                                                                      (fF)  (ps)  (ps)   (ps)  Location 
#----------------------------------------------------------------------------------------------------------------------------------------
  ROUND[7].U_ROUND_U_KEY_valid_out_reg/CLK        -       -       R     (arrival)                10769    -     0     0       0    (-,-) 
  ROUND[7].U_ROUND_U_KEY_valid_out_reg/QN         -       CLK->QN F     DFFASRHQNx1_ASAP7_75t_L      1  1.6    24    43      43    (-,-) 
  g5695310/Y                                      -       A->Y    F     BUFx6f_ASAP7_75t_L           4  8.7    13    21      64    (-,-) 
  g5653386/Y                                      -       A->Y    F     BUFx12f_ASAP7_75t_L         17 22.2    17    21      85    (-,-) 
  g5652455/Y                                      -       A->Y    F     BUFx6f_ASAP7_75t_L           7  7.9    12    19     104    (-,-) 
  g5640388/Y                                      -       B->Y    F     AND2x2_ASAP7_75t_L           3  3.5    15    21     125    (-,-) 
  g5634772/Y                                      -       B->Y    R     NAND2xp5_ASAP7_75t_L         2  1.7    27    16     141    (-,-) 
  g5618743/Y                                      -       A1->Y   F     OAI22xp5_ASAP7_75t_L         1  1.0    21    15     156    (-,-) 
  g5614797/Y                                      -       B->Y    R     AOI21xp5_ASAP7_75t_L         1  1.0    23    17     173    (-,-) 
  g5609841/Y                                      -       C1->Y   R     OA331x1_ASAP7_75t_L          1  1.0    14    28     201    (-,-) 
  g5606473/Y                                      -       A->Y    R     AND3x1_ASAP7_75t_L           1  1.9    20    24     225    (-,-) 
  g5605022__6417/Y                                -       A->Y    F     NAND4xp75_ASAP7_75t_L        1  1.9    26    14     240    (-,-) 
  g5604579__4319/Y                                -       A->Y    R     NOR4xp75_ASAP7_75t_L         1  1.0    28    16     256    (-,-) 
  ROUND[8].U_ROUND_U_SUB_ROM[3].ROM_dout_reg[5]/D -       -       R     DFFASRHQNx1_ASAP7_75t_L      1    -     -     0     256    (-,-) 
#----------------------------------------------------------------------------------------------------------------------------------------



Path 21: VIOLATED (-16 ps) Setup Check with Pin ROUND[6].U_ROUND_U_SUB_ROM[12].ROM_dout_reg[1]/CLK->D
          Group: clk
     Startpoint: (R) ROUND[5].U_ROUND_U_KEY_valid_out_reg/CLK
          Clock: (R) clk
       Endpoint: (R) ROUND[6].U_ROUND_U_SUB_ROM[12].ROM_dout_reg[1]/D
          Clock: (R) clk

                     Capture       Launch     
        Clock Edge:+     260            0     
       Src Latency:+       0            0     
       Net Latency:+       0 (I)        0 (I) 
           Arrival:=     260            0     
                                              
             Setup:-      17                  
     Required Time:=     243                  
      Launch Clock:-       0                  
         Data Path:-     258                  
             Slack:=     -16                  

#-----------------------------------------------------------------------------------------------------------------------------------------
#                  Timing Point                    Flags    Arc    Edge          Cell            Fanout Load Trans Delay Arrival Instance 
#                                                                                                       (fF)  (ps)  (ps)   (ps)  Location 
#-----------------------------------------------------------------------------------------------------------------------------------------
  ROUND[5].U_ROUND_U_KEY_valid_out_reg/CLK         -       -       R     (arrival)                10769    -     0     0       0    (-,-) 
  ROUND[5].U_ROUND_U_KEY_valid_out_reg/QN          -       CLK->QN F     DFFASRHQNx1_ASAP7_75t_L      1  1.6    24    43      43    (-,-) 
  fopt164/Y                                        -       A->Y    F     BUFx6f_ASAP7_75t_L           3  7.9    12    21      64    (-,-) 
  fopt5695588/Y                                    -       A->Y    F     BUFx6f_ASAP7_75t_L           7 10.6    15    20      84    (-,-) 
  fopt5695587/Y                                    -       A->Y    R     INVx5_ASAP7_75t_L            3  4.1    11     8      92    (-,-) 
  fopt5695586/Y                                    -       A->Y    F     INVx2_ASAP7_75t_L            2  2.3     9     7      99    (-,-) 
  g5640772/Y                                       -       B->Y    F     AND2x2_ASAP7_75t_L           5  3.7    16    20     120    (-,-) 
  g5630792/Y                                       -       B->Y    F     AND2x2_ASAP7_75t_L           3  2.4    12    20     140    (-,-) 
  g5618459/Y                                       -       A2->Y   R     AOI22xp5_ASAP7_75t_L         1  1.0    26    15     154    (-,-) 
  g5613211/Y                                       -       B->Y    R     OA21x2_ASAP7_75t_L           1  1.0    10    19     174    (-,-) 
  g5609056/Y                                       -       A->Y    R     AND3x1_ASAP7_75t_L           1  0.8    12    19     192    (-,-) 
  g5606900/Y                                       -       B->Y    R     OA211x2_ASAP7_75t_L          1  1.0    11    21     214    (-,-) 
  g5604863__3680/Y                                 -       B->Y    R     AND4x1_ASAP7_75t_L           1  1.0    15    24     238    (-,-) 
  g5604513__9945/Y                                 -       A->Y    R     AND3x1_ASAP7_75t_L           1  1.0    14    21     258    (-,-) 
  ROUND[6].U_ROUND_U_SUB_ROM[12].ROM_dout_reg[1]/D -       -       R     DFFASRHQNx1_ASAP7_75t_L      1    -     -     0     258    (-,-) 
#-----------------------------------------------------------------------------------------------------------------------------------------



Path 22: VIOLATED (-16 ps) Setup Check with Pin ROUND[6].U_ROUND_U_SUB_ROM[5].ROM_dout_reg[3]/CLK->D
          Group: clk
     Startpoint: (R) ROUND[5].U_ROUND_U_KEY_valid_out_reg/CLK
          Clock: (R) clk
       Endpoint: (R) ROUND[6].U_ROUND_U_SUB_ROM[5].ROM_dout_reg[3]/D
          Clock: (R) clk

                     Capture       Launch     
        Clock Edge:+     260            0     
       Src Latency:+       0            0     
       Net Latency:+       0 (I)        0 (I) 
           Arrival:=     260            0     
                                              
             Setup:-      18                  
     Required Time:=     242                  
      Launch Clock:-       0                  
         Data Path:-     257                  
             Slack:=     -16                  

#----------------------------------------------------------------------------------------------------------------------------------------
#                  Timing Point                   Flags    Arc    Edge          Cell            Fanout Load Trans Delay Arrival Instance 
#                                                                                                      (fF)  (ps)  (ps)   (ps)  Location 
#----------------------------------------------------------------------------------------------------------------------------------------
  ROUND[5].U_ROUND_U_KEY_valid_out_reg/CLK        -       -       R     (arrival)                10769    -     0     0       0    (-,-) 
  ROUND[5].U_ROUND_U_KEY_valid_out_reg/QN         -       CLK->QN F     DFFASRHQNx1_ASAP7_75t_L      1  1.6    24    43      43    (-,-) 
  fopt164/Y                                       -       A->Y    F     BUFx6f_ASAP7_75t_L           3  7.9    12    21      64    (-,-) 
  fopt5695588/Y                                   -       A->Y    F     BUFx6f_ASAP7_75t_L           7 10.6    15    20      84    (-,-) 
  fopt5695582/Y                                   -       A->Y    R     INVx1_ASAP7_75t_L            1  0.9    11     9      92    (-,-) 
  g5641173/Y                                      -       B->Y    R     OR2x2_ASAP7_75t_L            2  2.4    13    18     111    (-,-) 
  g5639694/Y                                      -       A->Y    R     BUFx3_ASAP7_75t_L            5  4.4    15    18     129    (-,-) 
  g5631937/Y                                      -       A->Y    R     OR2x6_ASAP7_75t_L            7  7.1    14    22     151    (-,-) 
  g5627924/Y                                      -       A->Y    F     INVx4_ASAP7_75t_L            4  4.1    10     8     158    (-,-) 
  g5621870/Y                                      -       B->Y    R     NAND2x1p5_ASAP7_75t_L        2  1.8    15    10     168    (-,-) 
  g5612068/Y                                      -       C1->Y   F     OAI331xp33_ASAP7_75t_L       1  0.9    31    19     186    (-,-) 
  g5606667/Y                                      -       A->Y    R     NOR4xp25_ASAP7_75t_L         1  0.9    46    26     212    (-,-) 
  g5604955__1881/Y                                -       B->Y    F     NAND5xp2_ASAP7_75t_L         1  1.4    54    31     243    (-,-) 
  g5604633__5107/Y                                -       B->Y    R     NOR2x1_ASAP7_75t_L           1  1.0    22    14     257    (-,-) 
  ROUND[6].U_ROUND_U_SUB_ROM[5].ROM_dout_reg[3]/D -       -       R     DFFASRHQNx1_ASAP7_75t_L      1    -     -     0     257    (-,-) 
#----------------------------------------------------------------------------------------------------------------------------------------



Path 23: VIOLATED (-16 ps) Setup Check with Pin ROUND[0].U_ROUND_U_SUB_ROM[8].ROM_dout_reg[1]/CLK->D
          Group: clk
     Startpoint: (R) U0_ARK_valid_out_reg/CLK
          Clock: (R) clk
       Endpoint: (R) ROUND[0].U_ROUND_U_SUB_ROM[8].ROM_dout_reg[1]/D
          Clock: (R) clk

                     Capture       Launch     
        Clock Edge:+     260            0     
       Src Latency:+       0            0     
       Net Latency:+       0 (I)        0 (I) 
           Arrival:=     260            0     
                                              
             Setup:-      22                  
     Required Time:=     238                  
      Launch Clock:-       0                  
         Data Path:-     253                  
             Slack:=     -16                  

#----------------------------------------------------------------------------------------------------------------------------------------
#                  Timing Point                   Flags    Arc    Edge          Cell            Fanout Load Trans Delay Arrival Instance 
#                                                                                                      (fF)  (ps)  (ps)   (ps)  Location 
#----------------------------------------------------------------------------------------------------------------------------------------
  U0_ARK_valid_out_reg/CLK                        -       -       R     (arrival)                10769    -     0     0       0    (-,-) 
  U0_ARK_valid_out_reg/QN                         -       CLK->QN F     DFFASRHQNx1_ASAP7_75t_L      1  1.6    24    43      43    (-,-) 
  fopt5695475/Y                                   -       A->Y    F     BUFx6f_ASAP7_75t_L           8 11.9    16    23      66    (-,-) 
  fopt5695474/Y                                   -       A->Y    R     INVx8_ASAP7_75t_L            3  8.5    13    10      76    (-,-) 
  fopt5695423/Y                                   -       A->Y    F     INVx3_ASAP7_75t_L            6  7.3    17    12      88    (-,-) 
  g5640702/Y                                      -       B->Y    F     AND2x4_ASAP7_75t_L           3  4.3    11    20     107    (-,-) 
  g5632272/Y                                      -       B->Y    R     NAND2x1p5_ASAP7_75t_L        3  3.9    26    14     121    (-,-) 
  g5622253/Y                                      -       B->Y    F     NOR2x1_ASAP7_75t_L           2  1.7    20    14     135    (-,-) 
  g5615968/Y                                      -       A->Y    R     NAND3xp33_ASAP7_75t_L        1  0.8    18    13     148    (-,-) 
  g5610577/Y                                      -       B->Y    R     OA211x2_ASAP7_75t_L          1  0.8    10    22     170    (-,-) 
  g5607695/Y                                      -       B->Y    R     OA211x2_ASAP7_75t_L          1  0.8    11    21     190    (-,-) 
  g5606543/Y                                      -       B->Y    R     OA211x2_ASAP7_75t_L          1  0.9    11    21     211    (-,-) 
  g5605408__6161/Y                                -       A->Y    F     NAND5xp2_ASAP7_75t_L         1  0.9    41    18     230    (-,-) 
  g5604841__7098/Y                                -       C->Y    R     AOI211xp5_ASAP7_75t_L        1  1.0    37    23     253    (-,-) 
  ROUND[0].U_ROUND_U_SUB_ROM[8].ROM_dout_reg[1]/D -       -       R     DFFASRHQNx1_ASAP7_75t_L      1    -     -     0     253    (-,-) 
#----------------------------------------------------------------------------------------------------------------------------------------



Path 24: VIOLATED (-16 ps) Setup Check with Pin ROUND[2].U_ROUND_U_SUB_ROM[14].ROM_dout_reg[7]/CLK->D
          Group: clk
     Startpoint: (R) ROUND[1].U_ROUND_U_KEY_valid_out_reg/CLK
          Clock: (R) clk
       Endpoint: (R) ROUND[2].U_ROUND_U_SUB_ROM[14].ROM_dout_reg[7]/D
          Clock: (R) clk

                     Capture       Launch     
        Clock Edge:+     260            0     
       Src Latency:+       0            0     
       Net Latency:+       0 (I)        0 (I) 
           Arrival:=     260            0     
                                              
             Setup:-      20                  
     Required Time:=     240                  
      Launch Clock:-       0                  
         Data Path:-     256                  
             Slack:=     -16                  

#-----------------------------------------------------------------------------------------------------------------------------------------
#                  Timing Point                    Flags    Arc    Edge          Cell            Fanout Load Trans Delay Arrival Instance 
#                                                                                                       (fF)  (ps)  (ps)   (ps)  Location 
#-----------------------------------------------------------------------------------------------------------------------------------------
  ROUND[1].U_ROUND_U_KEY_valid_out_reg/CLK         -       -       R     (arrival)                10769    -     0     0       0    (-,-) 
  ROUND[1].U_ROUND_U_KEY_valid_out_reg/QN          -       CLK->QN F     DFFASRHQNx1_ASAP7_75t_L      1  1.6    24    43      43    (-,-) 
  fopt5696309/Y                                    -       A->Y    F     BUFx6f_ASAP7_75t_L           6 13.8    18    24      67    (-,-) 
  fopt5696308/Y                                    -       A->Y    R     INVx8_ASAP7_75t_L           10 14.3    19    13      80    (-,-) 
  fopt5696295/Y                                    -       A->Y    F     INVx1_ASAP7_75t_L            3  2.7    20    14      94    (-,-) 
  g5640714/Y                                       -       B->Y    F     AND2x4_ASAP7_75t_L           3  3.9    10    20     114    (-,-) 
  g5632199/Y                                       -       B->Y    F     AND2x4_ASAP7_75t_L           9  9.4    18    22     136    (-,-) 
  g5623249/Y                                       -       B->Y    F     AND2x2_ASAP7_75t_L           3  3.5    16    23     159    (-,-) 
  g5620668/Y                                       -       A->Y    R     INVx3_ASAP7_75t_L            8  6.0    19    13     172    (-,-) 
  g5456750/Y                                       -       A2->Y   R     AO21x1_ASAP7_75t_L           1  0.9    11    17     189    (-,-) 
  g5442542/Y                                       -       C1->Y   F     OAI311xp33_ASAP7_75t_L       1  0.9    26    15     204    (-,-) 
  g5441563/Y                                       -       A->Y    F     OR5x1_ASAP7_75t_L            1  1.9    21    37     241    (-,-) 
  g5440256/Y                                       -       A->Y    R     NOR4xp75_ASAP7_75t_L         1  1.0    27    15     256    (-,-) 
  ROUND[2].U_ROUND_U_SUB_ROM[14].ROM_dout_reg[7]/D -       -       R     DFFASRHQNx1_ASAP7_75t_L      1    -     -     0     256    (-,-) 
#-----------------------------------------------------------------------------------------------------------------------------------------



Path 25: VIOLATED (-15 ps) Setup Check with Pin ROUND[8].U_ROUND_U_SUB_ROM[15].ROM_dout_reg[3]/CLK->D
          Group: clk
     Startpoint: (R) ROUND[7].U_ROUND_U_KEY_valid_out_reg/CLK
          Clock: (R) clk
       Endpoint: (R) ROUND[8].U_ROUND_U_SUB_ROM[15].ROM_dout_reg[3]/D
          Clock: (R) clk

                     Capture       Launch     
        Clock Edge:+     260            0     
       Src Latency:+       0            0     
       Net Latency:+       0 (I)        0 (I) 
           Arrival:=     260            0     
                                              
             Setup:-      21                  
     Required Time:=     239                  
      Launch Clock:-       0                  
         Data Path:-     255                  
             Slack:=     -15                  

#-----------------------------------------------------------------------------------------------------------------------------------------
#                  Timing Point                    Flags    Arc    Edge          Cell            Fanout Load Trans Delay Arrival Instance 
#                                                                                                       (fF)  (ps)  (ps)   (ps)  Location 
#-----------------------------------------------------------------------------------------------------------------------------------------
  ROUND[7].U_ROUND_U_KEY_valid_out_reg/CLK         -       -       R     (arrival)                10769    -     0     0       0    (-,-) 
  ROUND[7].U_ROUND_U_KEY_valid_out_reg/QN          -       CLK->QN F     DFFASRHQNx1_ASAP7_75t_L      1  1.6    24    43      43    (-,-) 
  g5695310/Y                                       -       A->Y    F     BUFx6f_ASAP7_75t_L           4  8.7    13    21      64    (-,-) 
  g5645398/Y                                       -       A->Y    F     BUFx12f_ASAP7_75t_L         10 12.5    12    18      82    (-,-) 
  g5645397/Y                                       -       A->Y    F     BUFx12f_ASAP7_75t_L         11 15.8    13    18     101    (-,-) 
  g5678957/Y                                       -       B->Y    F     AND2x4_ASAP7_75t_L           4  5.9    13    20     120    (-,-) 
  g5677716/Y                                       -       A->Y    F     BUFx6f_ASAP7_75t_L           8  9.1    13    19     139    (-,-) 
  g5677715/Y                                       -       A->Y    R     INVx3_ASAP7_75t_L            4  2.9    11     9     148    (-,-) 
  g5626679/Y                                       -       B->Y    R     OR2x2_ASAP7_75t_L            1  1.0     9    16     164    (-,-) 
  g5661026/Y                                       -       B2->Y   R     OA22x2_ASAP7_75t_L           1  0.9     9    17     180    (-,-) 
  g5602518/Y                                       -       B->Y    R     AND2x2_ASAP7_75t_L           1  0.8     8    15     196    (-,-) 
  g5599705/Y                                       -       C->Y    R     OA211x2_ASAP7_75t_L          1  0.9    11    21     216    (-,-) 
  g5598388/Y                                       -       C->Y    F     OAI211xp5_ASAP7_75t_L        1  1.9    38    20     236    (-,-) 
  g5597682/Y                                       -       A->Y    R     NOR4xp75_ASAP7_75t_L         1  1.0    31    18     255    (-,-) 
  ROUND[8].U_ROUND_U_SUB_ROM[15].ROM_dout_reg[3]/D -       -       R     DFFASRHQNx1_ASAP7_75t_L      1    -     -     0     255    (-,-) 
#-----------------------------------------------------------------------------------------------------------------------------------------



Path 26: VIOLATED (-15 ps) Setup Check with Pin ROUND[3].U_ROUND_U_SUB_ROM[11].ROM_dout_reg[5]/CLK->D
          Group: clk
     Startpoint: (R) ROUND[2].U_ROUND_U_KEY_valid_out_reg/CLK
          Clock: (R) clk
       Endpoint: (R) ROUND[3].U_ROUND_U_SUB_ROM[11].ROM_dout_reg[5]/D
          Clock: (R) clk

                     Capture       Launch     
        Clock Edge:+     260            0     
       Src Latency:+       0            0     
       Net Latency:+       0 (I)        0 (I) 
           Arrival:=     260            0     
                                              
             Setup:-      18                  
     Required Time:=     242                  
      Launch Clock:-       0                  
         Data Path:-     258                  
             Slack:=     -15                  

#-----------------------------------------------------------------------------------------------------------------------------------------
#                  Timing Point                    Flags    Arc    Edge          Cell            Fanout Load Trans Delay Arrival Instance 
#                                                                                                       (fF)  (ps)  (ps)   (ps)  Location 
#-----------------------------------------------------------------------------------------------------------------------------------------
  ROUND[2].U_ROUND_U_KEY_valid_out_reg/CLK         -       -       R     (arrival)                10769    -     0     0       0    (-,-) 
  ROUND[2].U_ROUND_U_KEY_valid_out_reg/QN          -       CLK->QN F     DFFASRHQNx1_ASAP7_75t_L      1  1.6    24    43      43    (-,-) 
  g5652732/Y                                       -       A->Y    F     BUFx6f_ASAP7_75t_L           3  5.5    10    20      63    (-,-) 
  g5648571/Y                                       -       A->Y    F     BUFx12f_ASAP7_75t_L         11 16.6    14    18      81    (-,-) 
  g5648542/Y                                       -       A->Y    F     BUFx6f_ASAP7_75t_L           5  5.6    10    17      98    (-,-) 
  g5640950/Y                                       -       B->Y    F     AND2x4_ASAP7_75t_L           5  7.7    16    20     118    (-,-) 
  g5638951/Y                                       -       A->Y    R     INVx4_ASAP7_75t_L            2  2.9    10     8     126    (-,-) 
  g5638950/Y                                       -       A->Y    F     INVx2_ASAP7_75t_L            1  2.5    10     8     134    (-,-) 
  g5630891/Y                                       -       B->Y    R     NAND2x2_ASAP7_75t_L          5  4.1    24    13     147    (-,-) 
  g5447735/Y                                       -       A2->Y   F     OAI22xp5_ASAP7_75t_L         1  1.0    23    14     161    (-,-) 
  g5445610/Y                                       -       B->Y    R     AOI21xp5_ASAP7_75t_L         1  0.9    22    16     177    (-,-) 
  g5443312/Y                                       -       C->Y    F     OAI221xp5_ASAP7_75t_L        1  1.0    31    17     194    (-,-) 
  g5442740/Y                                       -       A->Y    F     OR3x1_ASAP7_75t_L            1  1.8    17    30     224    (-,-) 
  g5441343/Y                                       -       A->Y    R     NOR3x1_ASAP7_75t_L           1  0.9    19    10     234    (-,-) 
  g5441111/Y                                       -       A->Y    F     NAND2xp5_ASAP7_75t_L         1  1.4    22    12     247    (-,-) 
  g5440182/Y                                       -       B->Y    R     NOR2x1_ASAP7_75t_L           1  1.0    18    11     258    (-,-) 
  ROUND[3].U_ROUND_U_SUB_ROM[11].ROM_dout_reg[5]/D -       -       R     DFFASRHQNx1_ASAP7_75t_L      1    -     -     0     258    (-,-) 
#-----------------------------------------------------------------------------------------------------------------------------------------



Path 27: VIOLATED (-15 ps) Setup Check with Pin ROUND[3].U_ROUND_U_SUB_ROM[11].ROM_dout_reg[1]/CLK->D
          Group: clk
     Startpoint: (R) ROUND[2].U_ROUND_U_KEY_valid_out_reg/CLK
          Clock: (R) clk
       Endpoint: (R) ROUND[3].U_ROUND_U_SUB_ROM[11].ROM_dout_reg[1]/D
          Clock: (R) clk

                     Capture       Launch     
        Clock Edge:+     260            0     
       Src Latency:+       0            0     
       Net Latency:+       0 (I)        0 (I) 
           Arrival:=     260            0     
                                              
             Setup:-      17                  
     Required Time:=     243                  
      Launch Clock:-       0                  
         Data Path:-     258                  
             Slack:=     -15                  

#-----------------------------------------------------------------------------------------------------------------------------------------
#                  Timing Point                    Flags    Arc    Edge          Cell            Fanout Load Trans Delay Arrival Instance 
#                                                                                                       (fF)  (ps)  (ps)   (ps)  Location 
#-----------------------------------------------------------------------------------------------------------------------------------------
  ROUND[2].U_ROUND_U_KEY_valid_out_reg/CLK         -       -       R     (arrival)                10769    -     0     0       0    (-,-) 
  ROUND[2].U_ROUND_U_KEY_valid_out_reg/QN          -       CLK->QN F     DFFASRHQNx1_ASAP7_75t_L      1  1.6    24    43      43    (-,-) 
  g5652732/Y                                       -       A->Y    F     BUFx6f_ASAP7_75t_L           3  5.5    10    20      63    (-,-) 
  g5648571/Y                                       -       A->Y    F     BUFx12f_ASAP7_75t_L         11 16.6    14    18      81    (-,-) 
  g5648542/Y                                       -       A->Y    F     BUFx6f_ASAP7_75t_L           5  5.6    10    17      98    (-,-) 
  g5640950/Y                                       -       B->Y    F     AND2x4_ASAP7_75t_L           5  7.7    16    20     118    (-,-) 
  g5631790/Y                                       -       B->Y    R     NAND2x1p5_ASAP7_75t_L        5  5.1    31    18     136    (-,-) 
  fopt5696669/Y                                    -       A->Y    F     INVx1_ASAP7_75t_L            4  3.1    25    18     154    (-,-) 
  fopt5696667/Y                                    -       A->Y    R     INVx1_ASAP7_75t_L            3  2.4    24    17     171    (-,-) 
  g5447000/Y                                       -       B->Y    R     AO21x1_ASAP7_75t_L           1  0.9    11    16     187    (-,-) 
  g5443609/Y                                       -       C->Y    F     OAI221xp5_ASAP7_75t_L        1  0.9    32    14     201    (-,-) 
  g5440975/Y                                       -       D->Y    R     NOR4xp25_ASAP7_75t_L         1  1.0    47    28     229    (-,-) 
  g5440219/Y                                       -       B->Y    R     AND4x1_ASAP7_75t_L           1  1.0    15    29     258    (-,-) 
  ROUND[3].U_ROUND_U_SUB_ROM[11].ROM_dout_reg[1]/D -       -       R     DFFASRHQNx1_ASAP7_75t_L      1    -     -     0     258    (-,-) 
#-----------------------------------------------------------------------------------------------------------------------------------------



Path 28: VIOLATED (-15 ps) Setup Check with Pin ROUND[3].U_ROUND_U_SUB_ROM[2].ROM_dout_reg[5]/CLK->D
          Group: clk
     Startpoint: (R) ROUND[2].U_ROUND_U_KEY_valid_out_reg/CLK
          Clock: (R) clk
       Endpoint: (R) ROUND[3].U_ROUND_U_SUB_ROM[2].ROM_dout_reg[5]/D
          Clock: (R) clk

                     Capture       Launch     
        Clock Edge:+     260            0     
       Src Latency:+       0            0     
       Net Latency:+       0 (I)        0 (I) 
           Arrival:=     260            0     
                                              
             Setup:-      20                  
     Required Time:=     240                  
      Launch Clock:-       0                  
         Data Path:-     256                  
             Slack:=     -15                  

#----------------------------------------------------------------------------------------------------------------------------------------
#                  Timing Point                   Flags    Arc    Edge          Cell            Fanout Load Trans Delay Arrival Instance 
#                                                                                                      (fF)  (ps)  (ps)   (ps)  Location 
#----------------------------------------------------------------------------------------------------------------------------------------
  ROUND[2].U_ROUND_U_KEY_valid_out_reg/CLK        -       -       R     (arrival)                10769    -     0     0       0    (-,-) 
  ROUND[2].U_ROUND_U_KEY_valid_out_reg/QN         -       CLK->QN F     DFFASRHQNx1_ASAP7_75t_L      1  1.6    24    43      43    (-,-) 
  g5652732/Y                                      -       A->Y    F     BUFx6f_ASAP7_75t_L           3  5.5    10    20      63    (-,-) 
  g5648571/Y                                      -       A->Y    F     BUFx12f_ASAP7_75t_L         11 16.6    14    18      81    (-,-) 
  g5648542/Y                                      -       A->Y    F     BUFx6f_ASAP7_75t_L           5  5.6    10    17      98    (-,-) 
  g5641079/Y                                      -       B->Y    F     AND2x4_ASAP7_75t_L          14 11.7    21    23     121    (-,-) 
  g5632209/Y                                      -       B->Y    F     AND2x4_ASAP7_75t_L           5  6.2    14    22     144    (-,-) 
  g5628351/Y                                      -       A->Y    R     INVx5_ASAP7_75t_L           15 12.0    22    14     158    (-,-) 
  g5471489/Y                                      -       A->Y    F     INVx1_ASAP7_75t_L            2  1.8    16    12     170    (-,-) 
  g5443756/Y                                      -       A1->Y   F     AO21x1_ASAP7_75t_L           1  0.9    10    19     189    (-,-) 
  g5442391/Y                                      -       A->Y    R     NOR3xp33_ASAP7_75t_L         1  0.8    30    15     204    (-,-) 
  g5441605/Y                                      -       B->Y    R     OA211x2_ASAP7_75t_L          1  1.4    12    25     229    (-,-) 
  g5441104/Y                                      -       B->Y    F     NAND2x1_ASAP7_75t_L          1  1.9    18    10     239    (-,-) 
  g5440437/Y                                      -       B->Y    R     NOR4xp75_ASAP7_75t_L         1  1.0    27    17     256    (-,-) 
  ROUND[3].U_ROUND_U_SUB_ROM[2].ROM_dout_reg[5]/D -       -       R     DFFASRHQNx1_ASAP7_75t_L      1    -     -     0     256    (-,-) 
#----------------------------------------------------------------------------------------------------------------------------------------



Path 29: VIOLATED (-15 ps) Setup Check with Pin ROUND[3].U_ROUND_U_SUB_ROM[5].ROM_dout_reg[0]/CLK->D
          Group: clk
     Startpoint: (R) ROUND[2].U_ROUND_U_KEY_valid_out_reg/CLK
          Clock: (R) clk
       Endpoint: (R) ROUND[3].U_ROUND_U_SUB_ROM[5].ROM_dout_reg[0]/D
          Clock: (R) clk

                     Capture       Launch     
        Clock Edge:+     260            0     
       Src Latency:+       0            0     
       Net Latency:+       0 (I)        0 (I) 
           Arrival:=     260            0     
                                              
             Setup:-      17                  
     Required Time:=     243                  
      Launch Clock:-       0                  
         Data Path:-     258                  
             Slack:=     -15                  

#----------------------------------------------------------------------------------------------------------------------------------------
#                  Timing Point                   Flags    Arc    Edge          Cell            Fanout Load Trans Delay Arrival Instance 
#                                                                                                      (fF)  (ps)  (ps)   (ps)  Location 
#----------------------------------------------------------------------------------------------------------------------------------------
  ROUND[2].U_ROUND_U_KEY_valid_out_reg/CLK        -       -       R     (arrival)                10769    -     0     0       0    (-,-) 
  ROUND[2].U_ROUND_U_KEY_valid_out_reg/QN         -       CLK->QN F     DFFASRHQNx1_ASAP7_75t_L      1  1.6    24    43      43    (-,-) 
  g5652732/Y                                      -       A->Y    F     BUFx6f_ASAP7_75t_L           3  5.5    10    20      63    (-,-) 
  g5648571/Y                                      -       A->Y    F     BUFx12f_ASAP7_75t_L         11 16.6    14    18      81    (-,-) 
  g5648542/Y                                      -       A->Y    F     BUFx6f_ASAP7_75t_L           5  5.6    10    17      98    (-,-) 
  g5641036/Y                                      -       B->Y    F     AND2x4_ASAP7_75t_L           7  8.5    17    21     119    (-,-) 
  g5632123/Y                                      -       B->Y    F     AND2x4_ASAP7_75t_L           8  8.6    17    23     142    (-,-) 
  g5623343/Y                                      -       B->Y    F     AND2x4_ASAP7_75t_L           7  7.0    15    22     164    (-,-) 
  g5620766/Y                                      -       A->Y    R     INVx4_ASAP7_75t_L            7  5.5    14    10     174    (-,-) 
  g5454383/Y                                      -       B1->Y   F     OAI32xp33_ASAP7_75t_L        1  0.9    28    17     191    (-,-) 
  g5444031/Y                                      -       A->Y    F     OR5x1_ASAP7_75t_L            1  1.4    18    36     226    (-,-) 
  g5440939/Y                                      -       B->Y    R     NOR2x1_ASAP7_75t_L           1  1.0    18    10     237    (-,-) 
  g5440186/Y                                      -       B->Y    R     AND3x1_ASAP7_75t_L           1  1.0    13    21     258    (-,-) 
  ROUND[3].U_ROUND_U_SUB_ROM[5].ROM_dout_reg[0]/D -       -       R     DFFASRHQNx1_ASAP7_75t_L      1    -     -     0     258    (-,-) 
#----------------------------------------------------------------------------------------------------------------------------------------



Path 30: VIOLATED (-15 ps) Setup Check with Pin ROUND[6].U_ROUND_U_SUB_ROM[5].ROM_dout_reg[5]/CLK->D
          Group: clk
     Startpoint: (R) ROUND[5].U_ROUND_U_KEY_valid_out_reg/CLK
          Clock: (R) clk
       Endpoint: (R) ROUND[6].U_ROUND_U_SUB_ROM[5].ROM_dout_reg[5]/D
          Clock: (R) clk

                     Capture       Launch     
        Clock Edge:+     260            0     
       Src Latency:+       0            0     
       Net Latency:+       0 (I)        0 (I) 
           Arrival:=     260            0     
                                              
             Setup:-      18                  
     Required Time:=     242                  
      Launch Clock:-       0                  
         Data Path:-     258                  
             Slack:=     -15                  

#----------------------------------------------------------------------------------------------------------------------------------------
#                  Timing Point                   Flags    Arc    Edge          Cell            Fanout Load Trans Delay Arrival Instance 
#                                                                                                      (fF)  (ps)  (ps)   (ps)  Location 
#----------------------------------------------------------------------------------------------------------------------------------------
  ROUND[5].U_ROUND_U_KEY_valid_out_reg/CLK        -       -       R     (arrival)                10769    -     0     0       0    (-,-) 
  ROUND[5].U_ROUND_U_KEY_valid_out_reg/QN         -       CLK->QN F     DFFASRHQNx1_ASAP7_75t_L      1  1.6    24    43      43    (-,-) 
  fopt164/Y                                       -       A->Y    F     BUFx6f_ASAP7_75t_L           3  7.9    12    21      64    (-,-) 
  fopt5695588/Y                                   -       A->Y    F     BUFx6f_ASAP7_75t_L           7 10.6    15    20      84    (-,-) 
  fopt5695582/Y                                   -       A->Y    R     INVx1_ASAP7_75t_L            1  0.9    11     9      92    (-,-) 
  g5641173/Y                                      -       B->Y    R     OR2x2_ASAP7_75t_L            2  2.4    13    18     111    (-,-) 
  g5639694/Y                                      -       A->Y    R     BUFx3_ASAP7_75t_L            5  4.4    15    18     129    (-,-) 
  g5631937/Y                                      -       A->Y    R     OR2x6_ASAP7_75t_L            7  7.1    14    22     151    (-,-) 
  g5619482/Y                                      -       A2->Y   F     OAI22xp5_ASAP7_75t_L         2  1.7    26    16     166    (-,-) 
  g5610542/Y                                      -       A2->Y   R     AOI22xp5_ASAP7_75t_L         1  1.0    25    17     183    (-,-) 
  g5608334/Y                                      -       B->Y    R     OA21x2_ASAP7_75t_L           1  1.0     9    19     203    (-,-) 
  g5606559/Y                                      -       B->Y    R     OA21x2_ASAP7_75t_L           1  0.9     9    17     219    (-,-) 
  g5605004__1617/Y                                -       B->Y    F     NAND5xp2_ASAP7_75t_L         1  1.4    51    25     244    (-,-) 
  g5604764__9315/Y                                -       A->Y    R     NOR2x1_ASAP7_75t_L           1  1.0    18    13     258    (-,-) 
  ROUND[6].U_ROUND_U_SUB_ROM[5].ROM_dout_reg[5]/D -       -       R     DFFASRHQNx1_ASAP7_75t_L      1    -     -     0     258    (-,-) 
#----------------------------------------------------------------------------------------------------------------------------------------



Path 31: VIOLATED (-15 ps) Setup Check with Pin ROUND[2].U_ROUND_U_SUB_ROM[1].ROM_dout_reg[1]/CLK->D
          Group: clk
     Startpoint: (R) ROUND[1].U_ROUND_U_KEY_valid_out_reg/CLK
          Clock: (R) clk
       Endpoint: (R) ROUND[2].U_ROUND_U_SUB_ROM[1].ROM_dout_reg[1]/D
          Clock: (R) clk

                     Capture       Launch     
        Clock Edge:+     260            0     
       Src Latency:+       0            0     
       Net Latency:+       0 (I)        0 (I) 
           Arrival:=     260            0     
                                              
             Setup:-      21                  
     Required Time:=     239                  
      Launch Clock:-       0                  
         Data Path:-     254                  
             Slack:=     -15                  

#----------------------------------------------------------------------------------------------------------------------------------------
#                  Timing Point                   Flags    Arc    Edge          Cell            Fanout Load Trans Delay Arrival Instance 
#                                                                                                      (fF)  (ps)  (ps)   (ps)  Location 
#----------------------------------------------------------------------------------------------------------------------------------------
  ROUND[1].U_ROUND_U_KEY_valid_out_reg/CLK        -       -       R     (arrival)                10769    -     0     0       0    (-,-) 
  ROUND[1].U_ROUND_U_KEY_valid_out_reg/QN         -       CLK->QN F     DFFASRHQNx1_ASAP7_75t_L      1  1.6    24    43      43    (-,-) 
  fopt5696309/Y                                   -       A->Y    F     BUFx6f_ASAP7_75t_L           6 13.8    18    24      67    (-,-) 
  fopt5696308/Y                                   -       A->Y    R     INVx8_ASAP7_75t_L           10 14.3    19    13      80    (-,-) 
  fopt5696296/Y                                   -       A->Y    F     INVx3_ASAP7_75t_L            4  4.9    14    11      91    (-,-) 
  g5640657/Y                                      -       B->Y    F     AND2x4_ASAP7_75t_L           9  8.9    17    22     113    (-,-) 
  g5632222/Y                                      -       B->Y    F     AND2x4_ASAP7_75t_L           3  3.6    10    19     132    (-,-) 
  g5628383/Y                                      -       A->Y    R     INVx2_ASAP7_75t_L            4  3.6    16    10     143    (-,-) 
  g5628380/Y                                      -       A->Y    R     BUFx4f_ASAP7_75t_L           8  6.7    16    20     162    (-,-) 
  g5619893/Y                                      -       A1->Y   F     OAI21x1_ASAP7_75t_L          3  2.4    20    12     174    (-,-) 
  g5617811/Y                                      -       A->Y    R     INVx1_ASAP7_75t_L            1  0.9    13    10     184    (-,-) 
  g5608677/Y                                      -       A1->Y   F     OAI221xp5_ASAP7_75t_L        1  0.9    26    14     198    (-,-) 
  g5605299__2883/Y                                -       B->Y    F     OR5x1_ASAP7_75t_L            1  1.9    21    39     237    (-,-) 
  g5604772__2398/Y                                -       B->Y    R     NOR4xp75_ASAP7_75t_L         1  1.0    30    18     254    (-,-) 
  ROUND[2].U_ROUND_U_SUB_ROM[1].ROM_dout_reg[1]/D -       -       R     DFFASRHQNx1_ASAP7_75t_L      1    -     -     0     254    (-,-) 
#----------------------------------------------------------------------------------------------------------------------------------------



Path 32: VIOLATED (-15 ps) Setup Check with Pin ROUND[8].U_ROUND_U_SUB_ROM[15].ROM_dout_reg[7]/CLK->D
          Group: clk
     Startpoint: (R) ROUND[7].U_ROUND_U_KEY_valid_out_reg/CLK
          Clock: (R) clk
       Endpoint: (R) ROUND[8].U_ROUND_U_SUB_ROM[15].ROM_dout_reg[7]/D
          Clock: (R) clk

                     Capture       Launch     
        Clock Edge:+     260            0     
       Src Latency:+       0            0     
       Net Latency:+       0 (I)        0 (I) 
           Arrival:=     260            0     
                                              
             Setup:-      17                  
     Required Time:=     243                  
      Launch Clock:-       0                  
         Data Path:-     258                  
             Slack:=     -15                  

#-----------------------------------------------------------------------------------------------------------------------------------------
#                  Timing Point                    Flags    Arc    Edge          Cell            Fanout Load Trans Delay Arrival Instance 
#                                                                                                       (fF)  (ps)  (ps)   (ps)  Location 
#-----------------------------------------------------------------------------------------------------------------------------------------
  ROUND[7].U_ROUND_U_KEY_valid_out_reg/CLK         -       -       R     (arrival)                10769    -     0     0       0    (-,-) 
  ROUND[7].U_ROUND_U_KEY_valid_out_reg/QN          -       CLK->QN F     DFFASRHQNx1_ASAP7_75t_L      1  1.6    24    43      43    (-,-) 
  g5695310/Y                                       -       A->Y    F     BUFx6f_ASAP7_75t_L           4  8.7    13    21      64    (-,-) 
  g5645398/Y                                       -       A->Y    F     BUFx12f_ASAP7_75t_L         10 12.5    12    18      82    (-,-) 
  g5645397/Y                                       -       A->Y    F     BUFx12f_ASAP7_75t_L         11 15.8    13    18     101    (-,-) 
  g5678957/Y                                       -       B->Y    F     AND2x4_ASAP7_75t_L           4  5.9    13    20     120    (-,-) 
  g5672544/Y                                       -       B->Y    F     AND2x4_ASAP7_75t_L           4  4.2    11    18     139    (-,-) 
  g5664000/Y                                       -       B->Y    R     NAND2xp5_ASAP7_75t_L         2  1.9    29    16     154    (-,-) 
  g5662105/Y                                       -       A->Y    R     BUFx3_ASAP7_75t_L            6  4.7    16    22     176    (-,-) 
  g5688883/Y                                       -       A1->Y   F     OAI21xp5_ASAP7_75t_L         2  1.6    24    15     191    (-,-) 
  g5434501/Y                                       -       A->Y    R     NOR3xp33_ASAP7_75t_L         1  0.8    29    18     210    (-,-) 
  g5430066/Y                                       -       B->Y    R     OA211x2_ASAP7_75t_L          1  1.0    12    24     234    (-,-) 
  g5429194/Y                                       -       B->Y    R     AND4x1_ASAP7_75t_L           1  1.0    15    24     258    (-,-) 
  ROUND[8].U_ROUND_U_SUB_ROM[15].ROM_dout_reg[7]/D -       -       R     DFFASRHQNx1_ASAP7_75t_L      1    -     -     0     258    (-,-) 
#-----------------------------------------------------------------------------------------------------------------------------------------



Path 33: VIOLATED (-15 ps) Setup Check with Pin ROUND[8].U_ROUND_U_SUB_ROM[15].ROM_dout_reg[6]/CLK->D
          Group: clk
     Startpoint: (R) ROUND[7].U_ROUND_U_KEY_valid_out_reg/CLK
          Clock: (R) clk
       Endpoint: (R) ROUND[8].U_ROUND_U_SUB_ROM[15].ROM_dout_reg[6]/D
          Clock: (R) clk

                     Capture       Launch     
        Clock Edge:+     260            0     
       Src Latency:+       0            0     
       Net Latency:+       0 (I)        0 (I) 
           Arrival:=     260            0     
                                              
             Setup:-      17                  
     Required Time:=     243                  
      Launch Clock:-       0                  
         Data Path:-     258                  
             Slack:=     -15                  

#-----------------------------------------------------------------------------------------------------------------------------------------
#                  Timing Point                    Flags    Arc    Edge          Cell            Fanout Load Trans Delay Arrival Instance 
#                                                                                                       (fF)  (ps)  (ps)   (ps)  Location 
#-----------------------------------------------------------------------------------------------------------------------------------------
  ROUND[7].U_ROUND_U_KEY_valid_out_reg/CLK         -       -       R     (arrival)                10769    -     0     0       0    (-,-) 
  ROUND[7].U_ROUND_U_KEY_valid_out_reg/QN          -       CLK->QN F     DFFASRHQNx1_ASAP7_75t_L      1  1.6    24    43      43    (-,-) 
  g5695310/Y                                       -       A->Y    F     BUFx6f_ASAP7_75t_L           4  8.7    13    21      64    (-,-) 
  g5645398/Y                                       -       A->Y    F     BUFx12f_ASAP7_75t_L         10 12.5    12    18      82    (-,-) 
  g5645397/Y                                       -       A->Y    F     BUFx12f_ASAP7_75t_L         11 15.8    13    18     101    (-,-) 
  g5678957/Y                                       -       B->Y    F     AND2x4_ASAP7_75t_L           4  5.9    13    20     120    (-,-) 
  g5677717/Y                                       -       A->Y    F     BUFx6f_ASAP7_75t_L           4  6.6    11    18     138    (-,-) 
  g5672269/Y                                       -       B->Y    R     NAND2x2_ASAP7_75t_L          6  5.8    31    16     154    (-,-) 
  fopt5697037/Y                                    -       A->Y    F     INVx3_ASAP7_75t_L            2  2.3    12     8     162    (-,-) 
  fopt5697036/Y                                    -       A->Y    R     INVx2_ASAP7_75t_L            3  2.4    12     9     171    (-,-) 
  g5437591/Y                                       -       A1->Y   F     OAI332xp33_ASAP7_75t_L       1  0.9    32    19     190    (-,-) 
  g5430477/Y                                       -       C->Y    F     OR5x1_ASAP7_75t_L            1  1.8    21    41     231    (-,-) 
  g5430065/Y                                       -       A->Y    R     NOR3x1_ASAP7_75t_L           1  0.9    17    11     242    (-,-) 
  g5429487/Y                                       -       A->Y    R     AND2x2_ASAP7_75t_L           1  1.0     9    16     258    (-,-) 
  ROUND[8].U_ROUND_U_SUB_ROM[15].ROM_dout_reg[6]/D -       -       R     DFFASRHQNx1_ASAP7_75t_L      1    -     -     0     258    (-,-) 
#-----------------------------------------------------------------------------------------------------------------------------------------



Path 34: VIOLATED (-15 ps) Setup Check with Pin ROUND[3].U_ROUND_U_SUB_ROM[6].ROM_dout_reg[0]/CLK->D
          Group: clk
     Startpoint: (R) ROUND[2].U_ROUND_U_KEY_valid_out_reg/CLK
          Clock: (R) clk
       Endpoint: (R) ROUND[3].U_ROUND_U_SUB_ROM[6].ROM_dout_reg[0]/D
          Clock: (R) clk

                     Capture       Launch     
        Clock Edge:+     260            0     
       Src Latency:+       0            0     
       Net Latency:+       0 (I)        0 (I) 
           Arrival:=     260            0     
                                              
             Setup:-      17                  
     Required Time:=     243                  
      Launch Clock:-       0                  
         Data Path:-     258                  
             Slack:=     -15                  

#----------------------------------------------------------------------------------------------------------------------------------------
#                  Timing Point                   Flags    Arc    Edge          Cell            Fanout Load Trans Delay Arrival Instance 
#                                                                                                      (fF)  (ps)  (ps)   (ps)  Location 
#----------------------------------------------------------------------------------------------------------------------------------------
  ROUND[2].U_ROUND_U_KEY_valid_out_reg/CLK        -       -       R     (arrival)                10769    -     0     0       0    (-,-) 
  ROUND[2].U_ROUND_U_KEY_valid_out_reg/QN         -       CLK->QN F     DFFASRHQNx1_ASAP7_75t_L      1  1.6    24    43      43    (-,-) 
  g5652732/Y                                      -       A->Y    F     BUFx6f_ASAP7_75t_L           3  5.5    10    20      63    (-,-) 
  g5071543_0/Y                                    -       A->Y    F     BUFx6f_ASAP7_75t_L          11 14.0    18    21      83    (-,-) 
  g5678916/Y                                      -       B->Y    F     AND2x2_ASAP7_75t_L           1  3.4    15    22     106    (-,-) 
  fopt5696320/Y                                   -       A->Y    R     INVx5_ASAP7_75t_L            4  5.4    12     9     115    (-,-) 
  fopt5696317/Y                                   -       A->Y    F     INVx2_ASAP7_75t_L            2  3.4    13     9     124    (-,-) 
  fopt5696316/Y                                   -       A->Y    R     INVx3_ASAP7_75t_L            4  3.2    12     9     133    (-,-) 
  g5690400/Y                                      -       B->Y    R     OR2x2_ASAP7_75t_L            2  1.8    12    17     151    (-,-) 
  g5437380/Y                                      -       C1->Y   R     OA332x1_ASAP7_75t_L          1  0.9    14    26     176    (-,-) 
  g5432223/Y                                      -       C->Y    F     OAI211xp5_ASAP7_75t_L        1  1.0    29    15     191    (-,-) 
  g5430776/Y                                      -       A->Y    F     OR4x1_ASAP7_75t_L            1  1.4    17    32     224    (-,-) 
  g5429732/Y                                      -       B->Y    R     NOR2x1_ASAP7_75t_L           1  1.0    16    10     234    (-,-) 
  g5429256/Y                                      -       A->Y    R     AND4x1_ASAP7_75t_L           1  1.0    15    24     258    (-,-) 
  ROUND[3].U_ROUND_U_SUB_ROM[6].ROM_dout_reg[0]/D -       -       R     DFFASRHQNx1_ASAP7_75t_L      1    -     -     0     258    (-,-) 
#----------------------------------------------------------------------------------------------------------------------------------------



Path 35: VIOLATED (-15 ps) Setup Check with Pin ROUND[3].U_ROUND_U_SUB_ROM[5].ROM_dout_reg[1]/CLK->D
          Group: clk
     Startpoint: (R) ROUND[2].U_ROUND_U_KEY_valid_out_reg/CLK
          Clock: (R) clk
       Endpoint: (R) ROUND[3].U_ROUND_U_SUB_ROM[5].ROM_dout_reg[1]/D
          Clock: (R) clk

                     Capture       Launch     
        Clock Edge:+     260            0     
       Src Latency:+       0            0     
       Net Latency:+       0 (I)        0 (I) 
           Arrival:=     260            0     
                                              
             Setup:-      17                  
     Required Time:=     243                  
      Launch Clock:-       0                  
         Data Path:-     258                  
             Slack:=     -15                  

#----------------------------------------------------------------------------------------------------------------------------------------
#                  Timing Point                   Flags    Arc    Edge          Cell            Fanout Load Trans Delay Arrival Instance 
#                                                                                                      (fF)  (ps)  (ps)   (ps)  Location 
#----------------------------------------------------------------------------------------------------------------------------------------
  ROUND[2].U_ROUND_U_KEY_valid_out_reg/CLK        -       -       R     (arrival)                10769    -     0     0       0    (-,-) 
  ROUND[2].U_ROUND_U_KEY_valid_out_reg/QN         -       CLK->QN F     DFFASRHQNx1_ASAP7_75t_L      1  1.6    24    43      43    (-,-) 
  g5652732/Y                                      -       A->Y    F     BUFx6f_ASAP7_75t_L           3  5.5    10    20      63    (-,-) 
  g5648571/Y                                      -       A->Y    F     BUFx12f_ASAP7_75t_L         11 16.6    14    18      81    (-,-) 
  g5648542/Y                                      -       A->Y    F     BUFx6f_ASAP7_75t_L           5  5.6    10    17      98    (-,-) 
  g5641036/Y                                      -       B->Y    F     AND2x4_ASAP7_75t_L           7  8.5    17    21     119    (-,-) 
  g5632123/Y                                      -       B->Y    F     AND2x4_ASAP7_75t_L           8  8.6    17    23     142    (-,-) 
  g5625583/Y                                      -       B->Y    R     NAND2x1_ASAP7_75t_L          2  1.8    24    14     156    (-,-) 
  g5623444/Y                                      -       A->Y    R     BUFx2_ASAP7_75t_L            3  2.4    13    20     176    (-,-) 
  g5613478/Y                                      -       B->Y    F     OAI21xp5_ASAP7_75t_L         2  2.1    29    16     193    (-,-) 
  g5607616/Y                                      -       B->Y    R     A2O1A1Ixp33_ASAP7_75t_L      1  1.0    27    19     212    (-,-) 
  g5605142__6783/Y                                -       B->Y    R     AND3x1_ASAP7_75t_L           1  1.0    14    22     234    (-,-) 
  g5604520__2398/Y                                -       A->Y    R     AND4x1_ASAP7_75t_L           1  1.0    15    24     258    (-,-) 
  ROUND[3].U_ROUND_U_SUB_ROM[5].ROM_dout_reg[1]/D -       -       R     DFFASRHQNx1_ASAP7_75t_L      1    -     -     0     258    (-,-) 
#----------------------------------------------------------------------------------------------------------------------------------------



Path 36: VIOLATED (-15 ps) Setup Check with Pin ROUND[3].U_ROUND_U_SUB_ROM[15].ROM_dout_reg[5]/CLK->D
          Group: clk
     Startpoint: (R) ROUND[2].U_ROUND_U_KEY_valid_out_reg/CLK
          Clock: (R) clk
       Endpoint: (R) ROUND[3].U_ROUND_U_SUB_ROM[15].ROM_dout_reg[5]/D
          Clock: (R) clk

                     Capture       Launch     
        Clock Edge:+     260            0     
       Src Latency:+       0            0     
       Net Latency:+       0 (I)        0 (I) 
           Arrival:=     260            0     
                                              
             Setup:-      18                  
     Required Time:=     242                  
      Launch Clock:-       0                  
         Data Path:-     257                  
             Slack:=     -15                  

#-----------------------------------------------------------------------------------------------------------------------------------------
#                  Timing Point                    Flags    Arc    Edge          Cell            Fanout Load Trans Delay Arrival Instance 
#                                                                                                       (fF)  (ps)  (ps)   (ps)  Location 
#-----------------------------------------------------------------------------------------------------------------------------------------
  ROUND[2].U_ROUND_U_KEY_valid_out_reg/CLK         -       -       R     (arrival)                10769    -     0     0       0    (-,-) 
  ROUND[2].U_ROUND_U_KEY_valid_out_reg/QN          -       CLK->QN F     DFFASRHQNx1_ASAP7_75t_L      1  1.6    24    43      43    (-,-) 
  g5652732/Y                                       -       A->Y    F     BUFx6f_ASAP7_75t_L           3  5.5    10    20      63    (-,-) 
  g5648571/Y                                       -       A->Y    F     BUFx12f_ASAP7_75t_L         11 16.6    14    18      81    (-,-) 
  g5648541/Y                                       -       A->Y    R     INVx4_ASAP7_75t_L            2  2.9    10     8      88    (-,-) 
  g5648540/Y                                       -       A->Y    F     INVx2_ASAP7_75t_L            2  3.4    12     9      97    (-,-) 
  g5640991/Y                                       -       B->Y    F     AND2x4_ASAP7_75t_L           5  8.7    17    22     119    (-,-) 
  fopt5696442/Y                                    -       A->Y    R     INVx4_ASAP7_75t_L            5  7.0    17    12     131    (-,-) 
  fopt5696439/Y                                    -       A->Y    F     INVx2_ASAP7_75t_L            1  0.9     7     6     137    (-,-) 
  g5636257/Y                                       -       B->Y    F     AND2x2_ASAP7_75t_L           3  2.4    12    18     155    (-,-) 
  g5632711/Y                                       -       A->Y    R     INVx1_ASAP7_75t_L            3  2.9    24    15     170    (-,-) 
  g5457806/Y                                       -       A1->Y   F     OAI22x1_ASAP7_75t_L          1  0.9    17    12     181    (-,-) 
  g5442699/Y                                       -       D->Y    F     OR5x1_ASAP7_75t_L            1  1.0    16    37     218    (-,-) 
  g5440734/Y                                       -       B->Y    F     OR3x1_ASAP7_75t_L            1  1.7    16    27     245    (-,-) 
  g5440268/Y                                       -       C->Y    R     NOR3x1_ASAP7_75t_L           1  1.0    20    12     257    (-,-) 
  ROUND[3].U_ROUND_U_SUB_ROM[15].ROM_dout_reg[5]/D -       -       R     DFFASRHQNx1_ASAP7_75t_L      1    -     -     0     257    (-,-) 
#-----------------------------------------------------------------------------------------------------------------------------------------



Path 37: VIOLATED (-15 ps) Setup Check with Pin ROUND[3].U_ROUND_U_SUB_ROM[13].ROM_dout_reg[4]/CLK->D
          Group: clk
     Startpoint: (R) ROUND[2].U_ROUND_U_KEY_valid_out_reg/CLK
          Clock: (R) clk
       Endpoint: (R) ROUND[3].U_ROUND_U_SUB_ROM[13].ROM_dout_reg[4]/D
          Clock: (R) clk

                     Capture       Launch     
        Clock Edge:+     260            0     
       Src Latency:+       0            0     
       Net Latency:+       0 (I)        0 (I) 
           Arrival:=     260            0     
                                              
             Setup:-      21                  
     Required Time:=     239                  
      Launch Clock:-       0                  
         Data Path:-     254                  
             Slack:=     -15                  

#-----------------------------------------------------------------------------------------------------------------------------------------
#                  Timing Point                    Flags    Arc    Edge          Cell            Fanout Load Trans Delay Arrival Instance 
#                                                                                                       (fF)  (ps)  (ps)   (ps)  Location 
#-----------------------------------------------------------------------------------------------------------------------------------------
  ROUND[2].U_ROUND_U_KEY_valid_out_reg/CLK         -       -       R     (arrival)                10769    -     0     0       0    (-,-) 
  ROUND[2].U_ROUND_U_KEY_valid_out_reg/QN          -       CLK->QN F     DFFASRHQNx1_ASAP7_75t_L      1  1.6    24    43      43    (-,-) 
  g5652732/Y                                       -       A->Y    F     BUFx6f_ASAP7_75t_L           3  5.5    10    20      63    (-,-) 
  g5648571/Y                                       -       A->Y    F     BUFx12f_ASAP7_75t_L         11 16.6    14    18      81    (-,-) 
  g5648521/Y                                       -       A->Y    R     INVx1_ASAP7_75t_L            2  2.3    21    14      94    (-,-) 
  g5641080/Y                                       -       B->Y    R     OR2x2_ASAP7_75t_L            4  5.0    23    25     120    (-,-) 
  g5637150/Y                                       -       A->Y    R     OR2x6_ASAP7_75t_L           10  9.0    17    25     144    (-,-) 
  g5623352/Y                                       -       A->Y    R     OR2x6_ASAP7_75t_L            9  7.2    14    22     166    (-,-) 
  g5471075/Y                                       -       A->Y    R     BUFx2_ASAP7_75t_L            3  2.5    13    18     185    (-,-) 
  g5454243/Y                                       -       A1->Y   F     OAI322xp33_ASAP7_75t_L       1  0.9    29    16     201    (-,-) 
  g5443611/Y                                       -       A1->Y   R     AOI211xp5_ASAP7_75t_L        1  1.4    44    27     228    (-,-) 
  g5441284/Y                                       -       A->Y    F     NAND2x1_ASAP7_75t_L          1  1.9    18    12     240    (-,-) 
  g5440431/Y                                       -       A->Y    R     NOR4xp75_ASAP7_75t_L         1  1.0    30    14     254    (-,-) 
  ROUND[3].U_ROUND_U_SUB_ROM[13].ROM_dout_reg[4]/D -       -       R     DFFASRHQNx1_ASAP7_75t_L      1    -     -     0     254    (-,-) 
#-----------------------------------------------------------------------------------------------------------------------------------------



Path 38: VIOLATED (-15 ps) Setup Check with Pin ROUND[8].U_ROUND_U_SUB_ROM[14].ROM_dout_reg[0]/CLK->D
          Group: clk
     Startpoint: (R) ROUND[7].U_ROUND_U_KEY_valid_out_reg/CLK
          Clock: (R) clk
       Endpoint: (R) ROUND[8].U_ROUND_U_SUB_ROM[14].ROM_dout_reg[0]/D
          Clock: (R) clk

                     Capture       Launch     
        Clock Edge:+     260            0     
       Src Latency:+       0            0     
       Net Latency:+       0 (I)        0 (I) 
           Arrival:=     260            0     
                                              
             Setup:-      17                  
     Required Time:=     243                  
      Launch Clock:-       0                  
         Data Path:-     258                  
             Slack:=     -15                  

#-----------------------------------------------------------------------------------------------------------------------------------------
#                  Timing Point                    Flags    Arc    Edge          Cell            Fanout Load Trans Delay Arrival Instance 
#                                                                                                       (fF)  (ps)  (ps)   (ps)  Location 
#-----------------------------------------------------------------------------------------------------------------------------------------
  ROUND[7].U_ROUND_U_KEY_valid_out_reg/CLK         -       -       R     (arrival)                10769    -     0     0       0    (-,-) 
  ROUND[7].U_ROUND_U_KEY_valid_out_reg/QN          -       CLK->QN R     DFFASRHQNx1_ASAP7_75t_L      1  1.6    23    44      44    (-,-) 
  g5695310/Y                                       -       A->Y    R     BUFx6f_ASAP7_75t_L           4  8.7    15    20      64    (-,-) 
  g5653386/Y                                       -       A->Y    R     BUFx12f_ASAP7_75t_L         17 22.2    20    21      84    (-,-) 
  g5653226/Y                                       -       A->Y    R     BUFx12f_ASAP7_75t_L         18 20.1    18    21     106    (-,-) 
  g5693397/Y                                       -       A->Y    F     INVx13_ASAP7_75t_L          62 43.8    28    17     123    (-,-) 
  g5452320/Y                                       -       B->Y    R     NAND2xp5_ASAP7_75t_L         1  1.0    20    15     138    (-,-) 
  g5437584/Y                                       -       C1->Y   R     OA331x1_ASAP7_75t_L          1  0.9    14    27     165    (-,-) 
  g5433471/Y                                       -       C->Y    F     OAI221xp5_ASAP7_75t_L        1  0.9    27    15     180    (-,-) 
  g5431785/Y                                       -       A->Y    R     NOR5xp2_ASAP7_75t_L          1  1.0    59    31     211    (-,-) 
  g5429736/Y                                       -       A->Y    R     AND3x1_ASAP7_75t_L           1  1.0    14    27     238    (-,-) 
  g5429173/Y                                       -       C->Y    R     AND3x1_ASAP7_75t_L           1  1.0    14    20     258    (-,-) 
  ROUND[8].U_ROUND_U_SUB_ROM[14].ROM_dout_reg[0]/D -       -       R     DFFASRHQNx1_ASAP7_75t_L      1    -     -     0     258    (-,-) 
#-----------------------------------------------------------------------------------------------------------------------------------------



Path 39: VIOLATED (-15 ps) Setup Check with Pin ROUND[8].U_ROUND_U_SUB_ROM[6].ROM_dout_reg[2]/CLK->D
          Group: clk
     Startpoint: (R) ROUND[7].U_ROUND_U_KEY_valid_out_reg/CLK
          Clock: (R) clk
       Endpoint: (R) ROUND[8].U_ROUND_U_SUB_ROM[6].ROM_dout_reg[2]/D
          Clock: (R) clk

                     Capture       Launch     
        Clock Edge:+     260            0     
       Src Latency:+       0            0     
       Net Latency:+       0 (I)        0 (I) 
           Arrival:=     260            0     
                                              
             Setup:-      17                  
     Required Time:=     243                  
      Launch Clock:-       0                  
         Data Path:-     258                  
             Slack:=     -15                  

#----------------------------------------------------------------------------------------------------------------------------------------
#                  Timing Point                   Flags    Arc    Edge          Cell            Fanout Load Trans Delay Arrival Instance 
#                                                                                                      (fF)  (ps)  (ps)   (ps)  Location 
#----------------------------------------------------------------------------------------------------------------------------------------
  ROUND[7].U_ROUND_U_KEY_valid_out_reg/CLK        -       -       R     (arrival)                10769    -     0     0       0    (-,-) 
  ROUND[7].U_ROUND_U_KEY_valid_out_reg/QN         -       CLK->QN R     DFFASRHQNx1_ASAP7_75t_L      1  1.6    23    44      44    (-,-) 
  g5695310/Y                                      -       A->Y    R     BUFx6f_ASAP7_75t_L           4  8.7    15    20      64    (-,-) 
  g5653386/Y                                      -       A->Y    R     BUFx12f_ASAP7_75t_L         17 22.2    20    21      84    (-,-) 
  g5653226/Y                                      -       A->Y    R     BUFx12f_ASAP7_75t_L         18 20.1    18    21     106    (-,-) 
  g5693397/Y                                      -       A->Y    F     INVx13_ASAP7_75t_L          62 43.8    28    17     123    (-,-) 
  g5452344/Y                                      -       B->Y    R     NAND2xp5_ASAP7_75t_L         1  0.9    19    14     137    (-,-) 
  g5685224/Y                                      -       B->Y    F     OAI31xp33_ASAP7_75t_L        1  0.9    26    17     154    (-,-) 
  g5434282/Y                                      -       C->Y    R     AOI211xp5_ASAP7_75t_L        1  1.0    35    22     176    (-,-) 
  g5432098/Y                                      -       C->Y    F     A2O1A1Ixp33_ASAP7_75t_L      1  0.9    29    20     195    (-,-) 
  g5430604/Y                                      -       A->Y    R     NOR5xp2_ASAP7_75t_L          1  1.0    60    31     226    (-,-) 
  g5429575/Y                                      -       A->Y    R     AND4x1_ASAP7_75t_L           1  1.0    15    31     258    (-,-) 
  ROUND[8].U_ROUND_U_SUB_ROM[6].ROM_dout_reg[2]/D -       -       R     DFFASRHQNx1_ASAP7_75t_L      1    -     -     0     258    (-,-) 
#----------------------------------------------------------------------------------------------------------------------------------------



Path 40: VIOLATED (-15 ps) Setup Check with Pin ROUND[3].U_ROUND_U_SUB_ROM[12].ROM_dout_reg[6]/CLK->D
          Group: clk
     Startpoint: (R) ROUND[2].U_ROUND_U_KEY_valid_out_reg/CLK
          Clock: (R) clk
       Endpoint: (R) ROUND[3].U_ROUND_U_SUB_ROM[12].ROM_dout_reg[6]/D
          Clock: (R) clk

                     Capture       Launch     
        Clock Edge:+     260            0     
       Src Latency:+       0            0     
       Net Latency:+       0 (I)        0 (I) 
           Arrival:=     260            0     
                                              
             Setup:-      17                  
     Required Time:=     243                  
      Launch Clock:-       0                  
         Data Path:-     258                  
             Slack:=     -15                  

#-----------------------------------------------------------------------------------------------------------------------------------------
#                  Timing Point                    Flags    Arc    Edge          Cell            Fanout Load Trans Delay Arrival Instance 
#                                                                                                       (fF)  (ps)  (ps)   (ps)  Location 
#-----------------------------------------------------------------------------------------------------------------------------------------
  ROUND[2].U_ROUND_U_KEY_valid_out_reg/CLK         -       -       R     (arrival)                10769    -     0     0       0    (-,-) 
  ROUND[2].U_ROUND_U_KEY_valid_out_reg/QN          -       CLK->QN F     DFFASRHQNx1_ASAP7_75t_L      1  1.6    24    43      43    (-,-) 
  g5652732/Y                                       -       A->Y    F     BUFx6f_ASAP7_75t_L           3  5.5    10    20      63    (-,-) 
  g5648571/Y                                       -       A->Y    F     BUFx12f_ASAP7_75t_L         11 16.6    14    18      81    (-,-) 
  g5648542/Y                                       -       A->Y    F     BUFx6f_ASAP7_75t_L           5  5.6    10    17      98    (-,-) 
  g5640822/Y                                       -       B->Y    F     AND2x6_ASAP7_75t_L          11 13.7    20    25     123    (-,-) 
  g5632100/Y                                       -       B->Y    F     AND2x4_ASAP7_75t_L           7  6.6    14    22     145    (-,-) 
  g5622250/Y                                       -       B->Y    R     NAND2x1p5_ASAP7_75t_L        4  3.0    20    13     158    (-,-) 
  g5452729/Y                                       -       B1->Y   F     OAI32xp33_ASAP7_75t_L        1  1.0    30    19     178    (-,-) 
  g5448292/Y                                       -       B->Y    R     AOI21xp5_ASAP7_75t_L         1  0.9    24    18     195    (-,-) 
  g5444383/Y                                       -       C->Y    F     OAI321xp33_ASAP7_75t_L       1  1.7    40    24     219    (-,-) 
  g5441283/Y                                       -       C->Y    R     NOR3x1_ASAP7_75t_L           1  1.0    18    14     233    (-,-) 
  g5440595/Y                                       -       A->Y    R     AND4x1_ASAP7_75t_L           1  1.0    15    24     258    (-,-) 
  ROUND[3].U_ROUND_U_SUB_ROM[12].ROM_dout_reg[6]/D -       -       R     DFFASRHQNx1_ASAP7_75t_L      1    -     -     0     258    (-,-) 
#-----------------------------------------------------------------------------------------------------------------------------------------



Path 41: VIOLATED (-15 ps) Setup Check with Pin ROUND[8].U_ROUND_U_SUB_ROM[6].ROM_dout_reg[5]/CLK->D
          Group: clk
     Startpoint: (R) ROUND[7].U_ROUND_U_KEY_valid_out_reg/CLK
          Clock: (R) clk
       Endpoint: (R) ROUND[8].U_ROUND_U_SUB_ROM[6].ROM_dout_reg[5]/D
          Clock: (R) clk

                     Capture       Launch     
        Clock Edge:+     260            0     
       Src Latency:+       0            0     
       Net Latency:+       0 (I)        0 (I) 
           Arrival:=     260            0     
                                              
             Setup:-      17                  
     Required Time:=     243                  
      Launch Clock:-       0                  
         Data Path:-     258                  
             Slack:=     -15                  

#----------------------------------------------------------------------------------------------------------------------------------------
#                  Timing Point                   Flags    Arc    Edge          Cell            Fanout Load Trans Delay Arrival Instance 
#                                                                                                      (fF)  (ps)  (ps)   (ps)  Location 
#----------------------------------------------------------------------------------------------------------------------------------------
  ROUND[7].U_ROUND_U_KEY_valid_out_reg/CLK        -       -       R     (arrival)                10769    -     0     0       0    (-,-) 
  ROUND[7].U_ROUND_U_KEY_valid_out_reg/QN         -       CLK->QN F     DFFASRHQNx1_ASAP7_75t_L      1  1.6    24    43      43    (-,-) 
  g5695310/Y                                      -       A->Y    F     BUFx6f_ASAP7_75t_L           4  8.7    13    21      64    (-,-) 
  g5683256/Y                                      -       A->Y    F     BUFx12f_ASAP7_75t_L         22 24.7    18    21      86    (-,-) 
  g5678757/Y                                      -       B->Y    F     AND2x4_ASAP7_75t_L          10  9.6    18    24     110    (-,-) 
  g5672184/Y                                      -       B->Y    F     AND2x4_ASAP7_75t_L           5  6.0    13    21     131    (-,-) 
  g5668635/Y                                      -       A->Y    R     INVx4_ASAP7_75t_L            6  4.7    12     9     140    (-,-) 
  g5694553/Y                                      -       A->Y    R     BUFx3_ASAP7_75t_L            5  3.8    13    18     158    (-,-) 
  g5688992/Y                                      -       A->Y    R     OR3x2_ASAP7_75t_L            3  2.5    14    17     175    (-,-) 
  g5436715/Y                                      -       A2->Y   R     OA22x2_ASAP7_75t_L           1  0.9    10    18     193    (-,-) 
  g5433477/Y                                      -       C->Y    F     OAI221xp5_ASAP7_75t_L        1  1.9    43    21     214    (-,-) 
  g5430075/Y                                      -       C->Y    R     NOR4xp75_ASAP7_75t_L         1  1.0    29    21     235    (-,-) 
  g5429209/Y                                      -       A->Y    R     AND3x1_ASAP7_75t_L           1  1.0    14    23     258    (-,-) 
  ROUND[8].U_ROUND_U_SUB_ROM[6].ROM_dout_reg[5]/D -       -       R     DFFASRHQNx1_ASAP7_75t_L      1    -     -     0     258    (-,-) 
#----------------------------------------------------------------------------------------------------------------------------------------



Path 42: VIOLATED (-15 ps) Setup Check with Pin ROUND[8].U_ROUND_U_SUB_ROM[2].ROM_dout_reg[3]/CLK->D
          Group: clk
     Startpoint: (R) ROUND[7].U_ROUND_U_KEY_valid_out_reg/CLK
          Clock: (R) clk
       Endpoint: (R) ROUND[8].U_ROUND_U_SUB_ROM[2].ROM_dout_reg[3]/D
          Clock: (R) clk

                     Capture       Launch     
        Clock Edge:+     260            0     
       Src Latency:+       0            0     
       Net Latency:+       0 (I)        0 (I) 
           Arrival:=     260            0     
                                              
             Setup:-      17                  
     Required Time:=     243                  
      Launch Clock:-       0                  
         Data Path:-     258                  
             Slack:=     -15                  

#----------------------------------------------------------------------------------------------------------------------------------------
#                  Timing Point                   Flags    Arc    Edge          Cell            Fanout Load Trans Delay Arrival Instance 
#                                                                                                      (fF)  (ps)  (ps)   (ps)  Location 
#----------------------------------------------------------------------------------------------------------------------------------------
  ROUND[7].U_ROUND_U_KEY_valid_out_reg/CLK        -       -       R     (arrival)                10769    -     0     0       0    (-,-) 
  ROUND[7].U_ROUND_U_KEY_valid_out_reg/QN         -       CLK->QN F     DFFASRHQNx1_ASAP7_75t_L      1  1.6    24    43      43    (-,-) 
  g5695310/Y                                      -       A->Y    F     BUFx6f_ASAP7_75t_L           4  8.7    13    21      64    (-,-) 
  g5683256/Y                                      -       A->Y    F     BUFx12f_ASAP7_75t_L         22 24.7    18    21      86    (-,-) 
  g5678946/Y                                      -       B->Y    R     NAND2x1p5_ASAP7_75t_L        3  2.9    21    14     100    (-,-) 
  g5677697/Y                                      -       A->Y    F     INVx2_ASAP7_75t_L            4  4.8    18    13     114    (-,-) 
  g5677695/Y                                      -       A->Y    F     BUFx6f_ASAP7_75t_L           6  6.1    10    19     132    (-,-) 
  g5672275/Y                                      -       B->Y    F     AND2x4_ASAP7_75t_L           5  5.5    13    19     151    (-,-) 
  g5620601/Y                                      -       A->Y    R     INVx2_ASAP7_75t_L            5  3.8    17    12     162    (-,-) 
  g5435428/Y                                      -       A1->Y   F     OAI321xp33_ASAP7_75t_L       1  0.9    28    15     178    (-,-) 
  g5431950/Y                                      -       B->Y    R     NOR3xp33_ASAP7_75t_L         1  0.9    31    20     198    (-,-) 
  g5431784/Y                                      -       B->Y    F     OAI211xp5_ASAP7_75t_L        1  0.9    26    16     214    (-,-) 
  g5430201/Y                                      -       C->Y    R     AOI211xp5_ASAP7_75t_L        1  1.0    36    22     236    (-,-) 
  g5429998/Y                                      -       C->Y    R     AND3x1_ASAP7_75t_L           1  1.0    14    22     258    (-,-) 
  ROUND[8].U_ROUND_U_SUB_ROM[2].ROM_dout_reg[3]/D -       -       R     DFFASRHQNx1_ASAP7_75t_L      1    -     -     0     258    (-,-) 
#----------------------------------------------------------------------------------------------------------------------------------------



Path 43: VIOLATED (-15 ps) Setup Check with Pin ROUND[4].U_ROUND_U_SUB_ROM[8].ROM_dout_reg[1]/CLK->D
          Group: clk
     Startpoint: (R) ROUND[3].U_ROUND_U_KEY_valid_out_reg/CLK
          Clock: (R) clk
       Endpoint: (R) ROUND[4].U_ROUND_U_SUB_ROM[8].ROM_dout_reg[1]/D
          Clock: (R) clk

                     Capture       Launch     
        Clock Edge:+     260            0     
       Src Latency:+       0            0     
       Net Latency:+       0 (I)        0 (I) 
           Arrival:=     260            0     
                                              
             Setup:-      19                  
     Required Time:=     241                  
      Launch Clock:-       0                  
         Data Path:-     256                  
             Slack:=     -15                  

#----------------------------------------------------------------------------------------------------------------------------------------
#                  Timing Point                   Flags    Arc    Edge          Cell            Fanout Load Trans Delay Arrival Instance 
#                                                                                                      (fF)  (ps)  (ps)   (ps)  Location 
#----------------------------------------------------------------------------------------------------------------------------------------
  ROUND[3].U_ROUND_U_KEY_valid_out_reg/CLK        -       -       R     (arrival)                10769    -     0     0       0    (-,-) 
  ROUND[3].U_ROUND_U_KEY_valid_out_reg/QN         -       CLK->QN F     DFFASRHQNx1_ASAP7_75t_L      1  1.6    24    43      43    (-,-) 
  fopt273/Y                                       -       A->Y    F     BUFx6f_ASAP7_75t_L           7 10.3    15    22      65    (-,-) 
  fopt230/Y                                       -       A->Y    F     BUFx6f_ASAP7_75t_L           9  9.7    14    20      85    (-,-) 
  g5678630/Y                                      -       B->Y    F     AND2x4_ASAP7_75t_L           4  8.7    18    22     107    (-,-) 
  g5670734/Y                                      -       B->Y    R     NAND2x1p5_ASAP7_75t_L        3  3.1    20    14     122    (-,-) 
  g5694211/Y                                      -       A->Y    F     INVx2_ASAP7_75t_L            2  1.6    10     7     129    (-,-) 
  g5685608/Y                                      -       A2->Y   F     AO22x1_ASAP7_75t_L           1  1.0    12    21     150    (-,-) 
  g5435728/Y                                      -       C->Y    R     O2A1O1Ixp5_ASAP7_75t_L       1  0.9    25    14     165    (-,-) 
  g5432038/Y                                      -       C->Y    F     OAI221xp5_ASAP7_75t_L        1  1.0    28    17     182    (-,-) 
  g5431444/Y                                      -       B->Y    F     AO21x1_ASAP7_75t_L           1  1.3    12    22     204    (-,-) 
  g5430221/Y                                      -       C->Y    R     AOI221x1_ASAP7_75t_L         1  0.9    21    13     217    (-,-) 
  g5429401/Y                                      -       A->Y    F     NAND5xp2_ASAP7_75t_L         1  1.1    46    23     239    (-,-) 
  g5429159/Y                                      -       B->Y    R     NOR2xp67_ASAP7_75t_L         1  1.0    24    16     256    (-,-) 
  ROUND[4].U_ROUND_U_SUB_ROM[8].ROM_dout_reg[1]/D -       -       R     DFFASRHQNx1_ASAP7_75t_L      1    -     -     0     256    (-,-) 
#----------------------------------------------------------------------------------------------------------------------------------------



Path 44: VIOLATED (-15 ps) Setup Check with Pin ROUND[8].U_ROUND_U_SUB_ROM[15].ROM_dout_reg[5]/CLK->D
          Group: clk
     Startpoint: (R) ROUND[7].U_ROUND_U_KEY_valid_out_reg/CLK
          Clock: (R) clk
       Endpoint: (R) ROUND[8].U_ROUND_U_SUB_ROM[15].ROM_dout_reg[5]/D
          Clock: (R) clk

                     Capture       Launch     
        Clock Edge:+     260            0     
       Src Latency:+       0            0     
       Net Latency:+       0 (I)        0 (I) 
           Arrival:=     260            0     
                                              
             Setup:-      18                  
     Required Time:=     242                  
      Launch Clock:-       0                  
         Data Path:-     257                  
             Slack:=     -15                  

#-----------------------------------------------------------------------------------------------------------------------------------------
#                  Timing Point                    Flags    Arc    Edge          Cell            Fanout Load Trans Delay Arrival Instance 
#                                                                                                       (fF)  (ps)  (ps)   (ps)  Location 
#-----------------------------------------------------------------------------------------------------------------------------------------
  ROUND[7].U_ROUND_U_KEY_valid_out_reg/CLK         -       -       R     (arrival)                10769    -     0     0       0    (-,-) 
  ROUND[7].U_ROUND_U_KEY_valid_out_reg/QN          -       CLK->QN F     DFFASRHQNx1_ASAP7_75t_L      1  1.6    24    43      43    (-,-) 
  g5695310/Y                                       -       A->Y    F     BUFx6f_ASAP7_75t_L           4  8.7    13    21      64    (-,-) 
  g5645398/Y                                       -       A->Y    F     BUFx12f_ASAP7_75t_L         10 12.5    12    18      82    (-,-) 
  g5645397/Y                                       -       A->Y    F     BUFx12f_ASAP7_75t_L         11 15.8    13    18     101    (-,-) 
  g5678957/Y                                       -       B->Y    F     AND2x4_ASAP7_75t_L           4  5.9    13    20     120    (-,-) 
  g5677717/Y                                       -       A->Y    F     BUFx6f_ASAP7_75t_L           4  6.6    11    18     138    (-,-) 
  g5676067/Y                                       -       B->Y    R     NAND2x1_ASAP7_75t_L          3  2.4    26    14     152    (-,-) 
  g5673252/Y                                       -       A->Y    F     INVx1_ASAP7_75t_L            1  0.9    12     9     161    (-,-) 
  g5666116/Y                                       -       A->Y    R     NAND3xp33_ASAP7_75t_L        1  1.0    22    12     173    (-,-) 
  g5660631/Y                                       -       B->Y    R     OA21x2_ASAP7_75t_L           1  0.8     9    18     192    (-,-) 
  g5603097/Y                                       -       B->Y    R     OA211x2_ASAP7_75t_L          1  1.0    11    21     212    (-,-) 
  g5599310/Y                                       -       B->Y    R     AND3x1_ASAP7_75t_L           1  1.7    19    23     235    (-,-) 
  g5598385/Y                                       -       A->Y    F     NAND3x1_ASAP7_75t_L          1  1.8    18    11     246    (-,-) 
  g5597688/Y                                       -       A->Y    R     NOR3x1_ASAP7_75t_L           1  1.0    21    11     257    (-,-) 
  ROUND[8].U_ROUND_U_SUB_ROM[15].ROM_dout_reg[5]/D -       -       R     DFFASRHQNx1_ASAP7_75t_L      1    -     -     0     257    (-,-) 
#-----------------------------------------------------------------------------------------------------------------------------------------



Path 45: VIOLATED (-15 ps) Setup Check with Pin ROUND[7].U_ROUND_U_SUB_ROM[15].ROM_dout_reg[0]/CLK->D
          Group: clk
     Startpoint: (R) ROUND[6].U_ROUND_U_KEY_valid_out_reg/CLK
          Clock: (R) clk
       Endpoint: (R) ROUND[7].U_ROUND_U_SUB_ROM[15].ROM_dout_reg[0]/D
          Clock: (R) clk

                     Capture       Launch     
        Clock Edge:+     260            0     
       Src Latency:+       0            0     
       Net Latency:+       0 (I)        0 (I) 
           Arrival:=     260            0     
                                              
             Setup:-      17                  
     Required Time:=     243                  
      Launch Clock:-       0                  
         Data Path:-     258                  
             Slack:=     -15                  

#-----------------------------------------------------------------------------------------------------------------------------------------
#                  Timing Point                    Flags    Arc    Edge          Cell            Fanout Load Trans Delay Arrival Instance 
#                                                                                                       (fF)  (ps)  (ps)   (ps)  Location 
#-----------------------------------------------------------------------------------------------------------------------------------------
  ROUND[6].U_ROUND_U_KEY_valid_out_reg/CLK         -       -       R     (arrival)                10769    -     0     0       0    (-,-) 
  ROUND[6].U_ROUND_U_KEY_valid_out_reg/QN          -       CLK->QN F     DFFASRHQNx1_ASAP7_75t_L      1  1.6    24    43      43    (-,-) 
  fopt5695814/Y                                    -       A->Y    F     BUFx6f_ASAP7_75t_L           6  9.8    14    22      65    (-,-) 
  fopt5695750/Y                                    -       A->Y    F     BUFx12f_ASAP7_75t_L         16 19.6    16    20      85    (-,-) 
  fopt5695738/Y                                    -       A->Y    R     INVx4_ASAP7_75t_L            3  3.0    10     8      93    (-,-) 
  fopt5695736/Y                                    -       A->Y    F     INVx1_ASAP7_75t_L            1  1.4    11     8     102    (-,-) 
  g5640890/Y                                       -       B->Y    F     AND2x4_ASAP7_75t_L           8  7.7    16    21     122    (-,-) 
  g5632148/Y                                       -       B->Y    F     AND2x4_ASAP7_75t_L           7  6.9    14    21     144    (-,-) 
  g5628263/Y                                       -       A->Y    R     INVx4_ASAP7_75t_L           10  7.7    18    12     156    (-,-) 
  g5448681/Y                                       -       A1->Y   R     OA332x1_ASAP7_75t_L          1  0.8    13    26     182    (-,-) 
  g5443283/Y                                       -       B->Y    R     OA211x2_ASAP7_75t_L          1  0.9    11    21     204    (-,-) 
  g5442478/Y                                       -       B->Y    F     OAI211xp5_ASAP7_75t_L        1  0.9    32    14     217    (-,-) 
  g5440743/Y                                       -       B->Y    R     NOR3xp33_ASAP7_75t_L         1  0.9    32    21     238    (-,-) 
  g5440620/Y                                       -       B->Y    R     AND2x2_ASAP7_75t_L           1  1.0    10    20     258    (-,-) 
  ROUND[7].U_ROUND_U_SUB_ROM[15].ROM_dout_reg[0]/D -       -       R     DFFASRHQNx1_ASAP7_75t_L      1    -     -     0     258    (-,-) 
#-----------------------------------------------------------------------------------------------------------------------------------------



Path 46: VIOLATED (-15 ps) Setup Check with Pin ROUND[3].U_ROUND_U_SUB_ROM[14].ROM_dout_reg[6]/CLK->D
          Group: clk
     Startpoint: (R) ROUND[2].U_ROUND_U_KEY_valid_out_reg/CLK
          Clock: (R) clk
       Endpoint: (R) ROUND[3].U_ROUND_U_SUB_ROM[14].ROM_dout_reg[6]/D
          Clock: (R) clk

                     Capture       Launch     
        Clock Edge:+     260            0     
       Src Latency:+       0            0     
       Net Latency:+       0 (I)        0 (I) 
           Arrival:=     260            0     
                                              
             Setup:-      18                  
     Required Time:=     242                  
      Launch Clock:-       0                  
         Data Path:-     257                  
             Slack:=     -15                  

#-----------------------------------------------------------------------------------------------------------------------------------------
#                  Timing Point                    Flags    Arc    Edge          Cell            Fanout Load Trans Delay Arrival Instance 
#                                                                                                       (fF)  (ps)  (ps)   (ps)  Location 
#-----------------------------------------------------------------------------------------------------------------------------------------
  ROUND[2].U_ROUND_U_KEY_valid_out_reg/CLK         -       -       R     (arrival)                10769    -     0     0       0    (-,-) 
  ROUND[2].U_ROUND_U_KEY_valid_out_reg/QN          -       CLK->QN F     DFFASRHQNx1_ASAP7_75t_L      1  1.6    24    43      43    (-,-) 
  g5652732/Y                                       -       A->Y    F     BUFx6f_ASAP7_75t_L           3  5.5    10    20      63    (-,-) 
  g5648571/Y                                       -       A->Y    F     BUFx12f_ASAP7_75t_L         11 16.6    14    18      81    (-,-) 
  g5648570/Y                                       -       A->Y    R     INVx4_ASAP7_75t_L            3  3.4    10     8      89    (-,-) 
  g5640734/Y                                       -       B->Y    R     OR2x6_ASAP7_75t_L            5  6.7    14    21     110    (-,-) 
  g5638301/Y                                       -       A->Y    F     INVx5_ASAP7_75t_L            4  6.9    12     9     119    (-,-) 
  g5631853/Y                                       -       B->Y    F     AND2x4_ASAP7_75t_L           2  3.6    10    17     136    (-,-) 
  g5627784/Y                                       -       A->Y    R     INVx4_ASAP7_75t_L           17 12.5    26    15     151    (-,-) 
  g5464305/Y                                       -       B->Y    R     OR2x2_ASAP7_75t_L            2  1.8    11    20     171    (-,-) 
  g5453658/Y                                       -       B->Y    F     O2A1O1Ixp33_ASAP7_75t_L      1  1.0    26    13     184    (-,-) 
  g5441580/Y                                       -       C->Y    F     OR4x1_ASAP7_75t_L            1  1.4    16    33     217    (-,-) 
  g5440942/Y                                       -       B->Y    R     NOR2x1_ASAP7_75t_L           1  0.9    14    10     227    (-,-) 
  g5440236/Y                                       -       B->Y    R     AND5x1_ASAP7_75t_L           1  1.0    17    31     257    (-,-) 
  ROUND[3].U_ROUND_U_SUB_ROM[14].ROM_dout_reg[6]/D -       -       R     DFFASRHQNx1_ASAP7_75t_L      1    -     -     0     257    (-,-) 
#-----------------------------------------------------------------------------------------------------------------------------------------



Path 47: VIOLATED (-15 ps) Setup Check with Pin ROUND[3].U_ROUND_U_SUB_ROM[5].ROM_dout_reg[5]/CLK->D
          Group: clk
     Startpoint: (R) ROUND[2].U_ROUND_U_KEY_valid_out_reg/CLK
          Clock: (R) clk
       Endpoint: (R) ROUND[3].U_ROUND_U_SUB_ROM[5].ROM_dout_reg[5]/D
          Clock: (R) clk

                     Capture       Launch     
        Clock Edge:+     260            0     
       Src Latency:+       0            0     
       Net Latency:+       0 (I)        0 (I) 
           Arrival:=     260            0     
                                              
             Setup:-      17                  
     Required Time:=     243                  
      Launch Clock:-       0                  
         Data Path:-     258                  
             Slack:=     -15                  

#----------------------------------------------------------------------------------------------------------------------------------------
#                  Timing Point                   Flags    Arc    Edge          Cell            Fanout Load Trans Delay Arrival Instance 
#                                                                                                      (fF)  (ps)  (ps)   (ps)  Location 
#----------------------------------------------------------------------------------------------------------------------------------------
  ROUND[2].U_ROUND_U_KEY_valid_out_reg/CLK        -       -       R     (arrival)                10769    -     0     0       0    (-,-) 
  ROUND[2].U_ROUND_U_KEY_valid_out_reg/QN         -       CLK->QN F     DFFASRHQNx1_ASAP7_75t_L      1  1.6    24    43      43    (-,-) 
  g5652732/Y                                      -       A->Y    F     BUFx6f_ASAP7_75t_L           3  5.5    10    20      63    (-,-) 
  g5648571/Y                                      -       A->Y    F     BUFx12f_ASAP7_75t_L         11 16.6    14    18      81    (-,-) 
  g5648541/Y                                      -       A->Y    R     INVx4_ASAP7_75t_L            2  2.9    10     8      88    (-,-) 
  g5641097/Y                                      -       A->Y    R     OR2x6_ASAP7_75t_L            3  6.6    14    20     108    (-,-) 
  g5639446/Y                                      -       A->Y    F     INVx5_ASAP7_75t_L            4  5.0    10     8     116    (-,-) 
  g5632032/Y                                      -       B->Y    F     AND2x2_ASAP7_75t_L           5  6.5    23    25     141    (-,-) 
  g5628070/Y                                      -       A->Y    R     INVx3_ASAP7_75t_L            9  7.7    24    17     158    (-,-) 
  g5448500/Y                                      -       C1->Y   R     OA333x1_ASAP7_75t_L          1  0.9    15    30     187    (-,-) 
  g5442851/Y                                      -       B->Y    R     AND2x2_ASAP7_75t_L           1  0.9     9    17     204    (-,-) 
  g5441281/Y                                      -       B->Y    F     OAI211xp5_ASAP7_75t_L        1  1.3    30    16     220    (-,-) 
  g5440438/Y                                      -       B->Y    R     AOI211x1_ASAP7_75t_L         1  1.0    25    15     236    (-,-) 
  g5440171/Y                                      -       B->Y    R     AND3x1_ASAP7_75t_L           1  1.0    14    22     258    (-,-) 
  ROUND[3].U_ROUND_U_SUB_ROM[5].ROM_dout_reg[5]/D -       -       R     DFFASRHQNx1_ASAP7_75t_L      1    -     -     0     258    (-,-) 
#----------------------------------------------------------------------------------------------------------------------------------------



Path 48: VIOLATED (-15 ps) Setup Check with Pin ROUND[8].U_ROUND_U_SUB_ROM[9].ROM_dout_reg[4]/CLK->D
          Group: clk
     Startpoint: (R) ROUND[7].U_ROUND_U_KEY_valid_out_reg/CLK
          Clock: (R) clk
       Endpoint: (R) ROUND[8].U_ROUND_U_SUB_ROM[9].ROM_dout_reg[4]/D
          Clock: (R) clk

                     Capture       Launch     
        Clock Edge:+     260            0     
       Src Latency:+       0            0     
       Net Latency:+       0 (I)        0 (I) 
           Arrival:=     260            0     
                                              
             Setup:-      21                  
     Required Time:=     239                  
      Launch Clock:-       0                  
         Data Path:-     254                  
             Slack:=     -15                  

#----------------------------------------------------------------------------------------------------------------------------------------
#                  Timing Point                   Flags    Arc    Edge          Cell            Fanout Load Trans Delay Arrival Instance 
#                                                                                                      (fF)  (ps)  (ps)   (ps)  Location 
#----------------------------------------------------------------------------------------------------------------------------------------
  ROUND[7].U_ROUND_U_KEY_valid_out_reg/CLK        -       -       R     (arrival)                10769    -     0     0       0    (-,-) 
  ROUND[7].U_ROUND_U_KEY_valid_out_reg/QN         -       CLK->QN F     DFFASRHQNx1_ASAP7_75t_L      1  1.6    24    43      43    (-,-) 
  g5695310/Y                                      -       A->Y    F     BUFx6f_ASAP7_75t_L           4  8.7    13    21      64    (-,-) 
  g5653386/Y                                      -       A->Y    F     BUFx12f_ASAP7_75t_L         17 22.2    17    21      85    (-,-) 
  g5652455/Y                                      -       A->Y    F     BUFx6f_ASAP7_75t_L           7  7.9    12    19     104    (-,-) 
  g5652454/Y                                      -       A->Y    R     INVx4_ASAP7_75t_L            5  6.7    16    11     115    (-,-) 
  g5652453/Y                                      -       A->Y    F     INVx4_ASAP7_75t_L            4  3.5     9     7     122    (-,-) 
  g5631798/Y                                      -       A->Y    F     AND2x4_ASAP7_75t_L           4  4.9    12    19     141    (-,-) 
  g5627697/Y                                      -       A->Y    R     INVx4_ASAP7_75t_L            5  4.3    11     8     150    (-,-) 
  g5625809/Y                                      -       B->Y    R     OR2x2_ASAP7_75t_L            3  2.1    12    18     168    (-,-) 
  g5615036/Y                                      -       B1->Y   F     OAI32xp33_ASAP7_75t_L        1  0.9    28    16     184    (-,-) 
  g5608021/Y                                      -       C->Y    R     AOI221xp5_ASAP7_75t_L        1  0.9    35    23     207    (-,-) 
  g5605763/Y                                      -       C->Y    F     OAI321xp33_ASAP7_75t_L       1  1.9    44    27     233    (-,-) 
  g5604521__5107/Y                                -       C->Y    R     NOR4xp75_ASAP7_75t_L         1  1.0    30    21     254    (-,-) 
  ROUND[8].U_ROUND_U_SUB_ROM[9].ROM_dout_reg[4]/D -       -       R     DFFASRHQNx1_ASAP7_75t_L      1    -     -     0     254    (-,-) 
#----------------------------------------------------------------------------------------------------------------------------------------



Path 49: VIOLATED (-15 ps) Setup Check with Pin ROUND[4].U_ROUND_U_SUB_ROM[7].ROM_dout_reg[1]/CLK->D
          Group: clk
     Startpoint: (R) ROUND[3].U_ROUND_U_KEY_valid_out_reg/CLK
          Clock: (R) clk
       Endpoint: (R) ROUND[4].U_ROUND_U_SUB_ROM[7].ROM_dout_reg[1]/D
          Clock: (R) clk

                     Capture       Launch     
        Clock Edge:+     260            0     
       Src Latency:+       0            0     
       Net Latency:+       0 (I)        0 (I) 
           Arrival:=     260            0     
                                              
             Setup:-      22                  
     Required Time:=     238                  
      Launch Clock:-       0                  
         Data Path:-     253                  
             Slack:=     -15                  

#----------------------------------------------------------------------------------------------------------------------------------------
#                  Timing Point                   Flags    Arc    Edge          Cell            Fanout Load Trans Delay Arrival Instance 
#                                                                                                      (fF)  (ps)  (ps)   (ps)  Location 
#----------------------------------------------------------------------------------------------------------------------------------------
  ROUND[3].U_ROUND_U_KEY_valid_out_reg/CLK        -       -       R     (arrival)                10769    -     0     0       0    (-,-) 
  ROUND[3].U_ROUND_U_KEY_valid_out_reg/QN         -       CLK->QN F     DFFASRHQNx1_ASAP7_75t_L      1  1.6    24    43      43    (-,-) 
  fopt273/Y                                       -       A->Y    F     BUFx6f_ASAP7_75t_L           7 10.3    15    22      65    (-,-) 
  fopt180/Y                                       -       A->Y    F     BUFx6f_ASAP7_75t_L          11 13.0    17    21      87    (-,-) 
  fopt168/Y                                       -       A->Y    F     BUFx6f_ASAP7_75t_L           9  8.9    13    20     107    (-,-) 
  g5672193/Y                                      -       B->Y    F     AND2x2_ASAP7_75t_L           4  3.7    15    22     128    (-,-) 
  g5620497/Y                                      -       A->Y    R     INVx2_ASAP7_75t_L            4  3.5    17    12     140    (-,-) 
  g5663036/Y                                      -       B->Y    R     OR2x2_ASAP7_75t_L            4  2.8    16    20     160    (-,-) 
  g5690909/Y                                      -       B->Y    F     NOR2xp33_ASAP7_75t_L         1  0.9    25    15     176    (-,-) 
  g5436294/Y                                      -       C->Y    R     AOI221xp5_ASAP7_75t_L        1  0.8    33    21     197    (-,-) 
  g5432263/Y                                      -       C->Y    R     OA211x2_ASAP7_75t_L          1  0.9    11    23     219    (-,-) 
  g5430226/Y                                      -       B->Y    F     OAI211xp5_ASAP7_75t_L        1  0.9    26    14     233    (-,-) 
  g5429398/Y                                      -       C->Y    R     NOR3xp33_ASAP7_75t_L         1  1.0    33    20     253    (-,-) 
  ROUND[4].U_ROUND_U_SUB_ROM[7].ROM_dout_reg[1]/D -       -       R     DFFASRHQNx1_ASAP7_75t_L      1    -     -     0     253    (-,-) 
#----------------------------------------------------------------------------------------------------------------------------------------



Path 50: VIOLATED (-15 ps) Setup Check with Pin ROUND[3].U_ROUND_U_SUB_ROM[14].ROM_dout_reg[7]/CLK->D
          Group: clk
     Startpoint: (R) ROUND[2].U_ROUND_U_KEY_valid_out_reg/CLK
          Clock: (R) clk
       Endpoint: (R) ROUND[3].U_ROUND_U_SUB_ROM[14].ROM_dout_reg[7]/D
          Clock: (R) clk

                     Capture       Launch     
        Clock Edge:+     260            0     
       Src Latency:+       0            0     
       Net Latency:+       0 (I)        0 (I) 
           Arrival:=     260            0     
                                              
             Setup:-      18                  
     Required Time:=     242                  
      Launch Clock:-       0                  
         Data Path:-     257                  
             Slack:=     -15                  

#-----------------------------------------------------------------------------------------------------------------------------------------
#                  Timing Point                    Flags    Arc    Edge          Cell            Fanout Load Trans Delay Arrival Instance 
#                                                                                                       (fF)  (ps)  (ps)   (ps)  Location 
#-----------------------------------------------------------------------------------------------------------------------------------------
  ROUND[2].U_ROUND_U_KEY_valid_out_reg/CLK         -       -       R     (arrival)                10769    -     0     0       0    (-,-) 
  ROUND[2].U_ROUND_U_KEY_valid_out_reg/QN          -       CLK->QN F     DFFASRHQNx1_ASAP7_75t_L      1  1.6    24    43      43    (-,-) 
  g5652732/Y                                       -       A->Y    F     BUFx6f_ASAP7_75t_L           3  5.5    10    20      63    (-,-) 
  g5648571/Y                                       -       A->Y    F     BUFx12f_ASAP7_75t_L         11 16.6    14    18      81    (-,-) 
  g5648570/Y                                       -       A->Y    R     INVx4_ASAP7_75t_L            3  3.4    10     8      89    (-,-) 
  g5640931/Y                                       -       B->Y    R     OR2x2_ASAP7_75t_L            2  3.5    17    20     109    (-,-) 
  fopt5696681/Y                                    -       A->Y    F     INVx3_ASAP7_75t_L            3  4.7    13    10     119    (-,-) 
  fopt5696680/Y                                    -       A->Y    F     BUFx6f_ASAP7_75t_L           5  7.0    11    18     137    (-,-) 
  g5631114/Y                                       -       B->Y    R     NAND2x2_ASAP7_75t_L          4  4.4    25    14     151    (-,-) 
  g5621465/Y                                       -       B->Y    R     OR2x2_ASAP7_75t_L            6  4.6    21    25     176    (-,-) 
  g5614213/Y                                       -       A2->Y   F     OAI22xp5_ASAP7_75t_L         1  0.9    22    13     189    (-,-) 
  g5606561/Y                                       -       C->Y    R     NOR5xp2_ASAP7_75t_L          1  0.9    56    32     221    (-,-) 
  g5604881__7410/Y                                 -       B->Y    R     AND5x1_ASAP7_75t_L           1  1.0    17    36     257    (-,-) 
  ROUND[3].U_ROUND_U_SUB_ROM[14].ROM_dout_reg[7]/D -       -       R     DFFASRHQNx1_ASAP7_75t_L      1    -     -     0     257    (-,-) 
#-----------------------------------------------------------------------------------------------------------------------------------------

